meeting_key,session_key,driver_number,full_name,name_acronym,first_name,last_name,team_name,team_colour,headshot_url
1254,9686,1,Max VERSTAPPEN,VER,Max,Verstappen,Red Bull Racing,3671C6,https://media.formula1.com/d_driver_fallback_image.png/content/dam/fom-website/drivers/M/MAXVER01_Max_Verstappen/maxver01.png.transform/1col/image.png
1254,9686,4,Lando NORRIS,NOR,Lando,Norris,McLaren,FF8000,https://media.formula1.com/d_driver_fallback_image.png/content/dam/fom-website/drivers/L/LANNOR01_Lando_Norris/lannor01.png.transform/1col/image.png
1254,9686,5,Gabriel BORTOLETO,BOR,Gabriel,Bortoleto,Kick Sauber,52E252,https://media.formula1.com/d_driver_fallback_image.png/content/dam/fom-website/drivers/G/GABBOR01_Gabriel_Bortoleto/gabbor01.png.transform/1col/image.png
1254,9686,6,Isack HADJAR,HAD,Isack,Hadjar,Racing Bulls,6692FF,https://media.formula1.com/d_driver_fallback_image.png/content/dam/fom-website/drivers/I/ISAHAD01_Isack_Hadjar/isahad01.png.transform/1col/image.png
1254,9686,7,Jack DOOHAN,DOO,Jack,Doohan,Alpine,0093CC,https://media.formula1.com/d_driver_fallback_image.png/content/dam/fom-website/drivers/J/JACDOO01_Jack_Doohan/jacdoo01.png.transform/1col/image.png
1254,9686,10,Pierre GASLY,GAS,Pierre,Gasly,Alpine,0093CC,https://media.formula1.com/d_driver_fallback_image.png/content/dam/fom-website/drivers/P/PIEGAS01_Pierre_Gasly/piegas01.png.transform/1col/image.png
1254,9686,12,Kimi ANTONELLI,ANT,Kimi,Antonelli,Mercedes,27F4D2,https://media.formula1.com/d_driver_fallback_image.png/content/dam/fom-website/drivers/A/ANDANT01_Andrea%20Kimi_Antonelli/andant01.png.transform/1col/image.png
1254,9686,14,Fernando ALONSO,ALO,Fernando,Alonso,Aston Martin,229971,https://media.formula1.com/d_driver_fallback_image.png/content/dam/fom-website/drivers/F/FERALO01_Fernando_Alonso/feralo01.png.transform/1col/image.png
1254,9686,16,Charles LECLERC,LEC,Charles,Leclerc,Ferrari,E80020,https://media.formula1.com/d_driver_fallback_image.png/content/dam/fom-website/drivers/C/CHALEC01_Charles_Leclerc/chalec01.png.transform/1col/image.png
1254,9686,18,Lance STROLL,STR,Lance,Stroll,Aston Martin,229971,https://media.formula1.com/d_driver_fallback_image.png/content/dam/fom-website/drivers/L/LANSTR01_Lance_Stroll/lanstr01.png.transform/1col/image.png
1254,9686,22,Yuki TSUNODA,TSU,Yuki,Tsunoda,Racing Bulls,6692FF,https://media.formula1.com/d_driver_fallback_image.png/content/dam/fom-website/drivers/Y/YUKTSU01_Yuki_Tsunoda/yuktsu01.png.transform/1col/image.png
1254,9686,23,Alexander ALBON,ALB,Alexander,Albon,Williams,64C4FF,https://media.formula1.com/d_driver_fallback_image.png/content/dam/fom-website/drivers/A/ALEALB01_Alexander_Albon/alealb01.png.transform/1col/image.png
1254,9686,27,Nico HULKENBERG,HUL,Nico,Hulkenberg,Kick Sauber,52E252,https://media.formula1.com/d_driver_fallback_image.png/content/dam/fom-website/drivers/N/NICHUL01_Nico_Hulkenberg/nichul01.png.transform/1col/image.png
1254,9686,30,Liam LAWSON,LAW,Liam,Lawson,Red Bull Racing,3671C6,https://media.formula1.com/d_driver_fallback_image.png/content/dam/fom-website/drivers/L/LIALAW01_Liam_Lawson/lialaw01.png.transform/1col/image.png
1254,9686,31,Esteban OCON,OCO,Esteban,Ocon,Haas F1 Team,B6BABD,https://media.formula1.com/d_driver_fallback_image.png/content/dam/fom-website/drivers/E/ESTOCO01_Esteban_Ocon/estoco01.png.transform/1col/image.png
1254,9686,44,Lewis HAMILTON,HAM,Lewis,Hamilton,Ferrari,E80020,https://media.formula1.com/d_driver_fallback_image.png/content/dam/fom-website/drivers/L/LEWHAM01_Lewis_Hamilton/lewham01.png.transform/1col/image.png
1254,9686,55,Carlos SAINZ,SAI,Carlos,Sainz,Williams,64C4FF,https://media.formula1.com/d_driver_fallback_image.png/content/dam/fom-website/drivers/C/CARSAI01_Carlos_Sainz/carsai01.png.transform/1col/image.png
1254,9686,63,George RUSSELL,RUS,George,Russell,Mercedes,27F4D2,https://media.formula1.com/d_driver_fallback_image.png/content/dam/fom-website/drivers/G/GEORUS01_George_Russell/georus01.png.transform/1col/image.png
1254,9686,81,Oscar PIASTRI,PIA,Oscar,Piastri,McLaren,FF8000,https://media.formula1.com/d_driver_fallback_image.png/content/dam/fom-website/drivers/O/OSCPIA01_Oscar_Piastri/oscpia01.png.transform/1col/image.png
1254,9686,87,Oliver BEARMAN,BEA,Oliver,Bearman,Haas F1 Team,B6BABD,https://media.formula1.com/d_driver_fallback_image.png/content/dam/fom-website/drivers/O/OLIBEA01_Oliver_Bearman/olibea01.png.transform/1col/image.png
1254,9687,1,Max VERSTAPPEN,VER,Max,Verstappen,Red Bull Racing,3671C6,https://media.formula1.com/d_driver_fallback_image.png/content/dam/fom-website/drivers/M/MAXVER01_Max_Verstappen/maxver01.png.transform/1col/image.png
1254,9687,4,Lando NORRIS,NOR,Lando,Norris,McLaren,FF8000,https://media.formula1.com/d_driver_fallback_image.png/content/dam/fom-website/drivers/L/LANNOR01_Lando_Norris/lannor01.png.transform/1col/image.png
1254,9687,5,Gabriel BORTOLETO,BOR,Gabriel,Bortoleto,Kick Sauber,52E252,https://media.formula1.com/d_driver_fallback_image.png/content/dam/fom-website/drivers/G/GABBOR01_Gabriel_Bortoleto/gabbor01.png.transform/1col/image.png
1254,9687,6,Isack HADJAR,HAD,Isack,Hadjar,Racing Bulls,6692FF,https://media.formula1.com/d_driver_fallback_image.png/content/dam/fom-website/drivers/I/ISAHAD01_Isack_Hadjar/isahad01.png.transform/1col/image.png
1254,9687,7,Jack DOOHAN,DOO,Jack,Doohan,Alpine,0093CC,https://media.formula1.com/d_driver_fallback_image.png/content/dam/fom-website/drivers/J/JACDOO01_Jack_Doohan/jacdoo01.png.transform/1col/image.png
1254,9687,10,Pierre GASLY,GAS,Pierre,Gasly,Alpine,0093CC,https://media.formula1.com/d_driver_fallback_image.png/content/dam/fom-website/drivers/P/PIEGAS01_Pierre_Gasly/piegas01.png.transform/1col/image.png
1254,9687,12,Kimi ANTONELLI,ANT,Kimi,Antonelli,Mercedes,27F4D2,https://media.formula1.com/d_driver_fallback_image.png/content/dam/fom-website/drivers/A/ANDANT01_Andrea%20Kimi_Antonelli/andant01.png.transform/1col/image.png
1254,9687,14,Fernando ALONSO,ALO,Fernando,Alonso,Aston Martin,229971,https://media.formula1.com/d_driver_fallback_image.png/content/dam/fom-website/drivers/F/FERALO01_Fernando_Alonso/feralo01.png.transform/1col/image.png
1254,9687,16,Charles LECLERC,LEC,Charles,Leclerc,Ferrari,E80020,https://media.formula1.com/d_driver_fallback_image.png/content/dam/fom-website/drivers/C/CHALEC01_Charles_Leclerc/chalec01.png.transform/1col/image.png
1254,9687,18,Lance STROLL,STR,Lance,Stroll,Aston Martin,229971,https://media.formula1.com/d_driver_fallback_image.png/content/dam/fom-website/drivers/L/LANSTR01_Lance_Stroll/lanstr01.png.transform/1col/image.png
1254,9687,22,Yuki TSUNODA,TSU,Yuki,Tsunoda,Racing Bulls,6692FF,https://media.formula1.com/d_driver_fallback_image.png/content/dam/fom-website/drivers/Y/YUKTSU01_Yuki_Tsunoda/yuktsu01.png.transform/1col/image.png
1254,9687,23,Alexander ALBON,ALB,Alexander,Albon,Williams,64C4FF,https://media.formula1.com/d_driver_fallback_image.png/content/dam/fom-website/drivers/A/ALEALB01_Alexander_Albon/alealb01.png.transform/1col/image.png
1254,9687,27,Nico HULKENBERG,HUL,Nico,Hulkenberg,Kick Sauber,52E252,https://media.formula1.com/d_driver_fallback_image.png/content/dam/fom-website/drivers/N/NICHUL01_Nico_Hulkenberg/nichul01.png.transform/1col/image.png
1254,9687,30,Liam LAWSON,LAW,Liam,Lawson,Red Bull Racing,3671C6,https://media.formula1.com/d_driver_fallback_image.png/content/dam/fom-website/drivers/L/LIALAW01_Liam_Lawson/lialaw01.png.transform/1col/image.png
1254,9687,31,Esteban OCON,OCO,Esteban,Ocon,Haas F1 Team,B6BABD,https://media.formula1.com/d_driver_fallback_image.png/content/dam/fom-website/drivers/E/ESTOCO01_Esteban_Ocon/estoco01.png.transform/1col/image.png
1254,9687,44,Lewis HAMILTON,HAM,Lewis,Hamilton,Ferrari,E80020,https://media.formula1.com/d_driver_fallback_image.png/content/dam/fom-website/drivers/L/LEWHAM01_Lewis_Hamilton/lewham01.png.transform/1col/image.png
1254,9687,55,Carlos SAINZ,SAI,Carlos,Sainz,Williams,64C4FF,https://media.formula1.com/d_driver_fallback_image.png/content/dam/fom-website/drivers/C/CARSAI01_Carlos_Sainz/carsai01.png.transform/1col/image.png
1254,9687,63,George RUSSELL,RUS,George,Russell,Mercedes,27F4D2,https://media.formula1.com/d_driver_fallback_image.png/content/dam/fom-website/drivers/G/GEORUS01_George_Russell/georus01.png.transform/1col/image.png
1254,9687,81,Oscar PIASTRI,PIA,Oscar,Piastri,McLaren,FF8000,https://media.formula1.com/d_driver_fallback_image.png/content/dam/fom-website/drivers/O/OSCPIA01_Oscar_Piastri/oscpia01.png.transform/1col/image.png
1254,9687,87,Oliver BEARMAN,BEA,Oliver,Bearman,Haas F1 Team,B6BABD,https://media.formula1.com/d_driver_fallback_image.png/content/dam/fom-website/drivers/O/OLIBEA01_Oliver_Bearman/olibea01.png.transform/1col/image.png
1254,9688,1,Max VERSTAPPEN,VER,Max,Verstappen,Red Bull Racing,3671C6,https://media.formula1.com/d_driver_fallback_image.png/content/dam/fom-website/drivers/M/MAXVER01_Max_Verstappen/maxver01.png.transform/1col/image.png
1254,9688,4,Lando NORRIS,NOR,Lando,Norris,McLaren,FF8000,https://media.formula1.com/d_driver_fallback_image.png/content/dam/fom-website/drivers/L/LANNOR01_Lando_Norris/lannor01.png.transform/1col/image.png
1254,9688,5,Gabriel BORTOLETO,BOR,Gabriel,Bortoleto,Kick Sauber,52E252,https://media.formula1.com/d_driver_fallback_image.png/content/dam/fom-website/drivers/G/GABBOR01_Gabriel_Bortoleto/gabbor01.png.transform/1col/image.png
1254,9688,6,Isack HADJAR,HAD,Isack,Hadjar,Racing Bulls,6692FF,https://media.formula1.com/d_driver_fallback_image.png/content/dam/fom-website/drivers/I/ISAHAD01_Isack_Hadjar/isahad01.png.transform/1col/image.png
1254,9688,7,Jack DOOHAN,DOO,Jack,Doohan,Alpine,0093CC,https://media.formula1.com/d_driver_fallback_image.png/content/dam/fom-website/drivers/J/JACDOO01_Jack_Doohan/jacdoo01.png.transform/1col/image.png
1254,9688,10,Pierre GASLY,GAS,Pierre,Gasly,Alpine,0093CC,https://media.formula1.com/d_driver_fallback_image.png/content/dam/fom-website/drivers/P/PIEGAS01_Pierre_Gasly/piegas01.png.transform/1col/image.png
1254,9688,12,Kimi ANTONELLI,ANT,Kimi,Antonelli,Mercedes,27F4D2,https://media.formula1.com/d_driver_fallback_image.png/content/dam/fom-website/drivers/A/ANDANT01_Andrea%20Kimi_Antonelli/andant01.png.transform/1col/image.png
1254,9688,14,Fernando ALONSO,ALO,Fernando,Alonso,Aston Martin,229971,https://media.formula1.com/d_driver_fallback_image.png/content/dam/fom-website/drivers/F/FERALO01_Fernando_Alonso/feralo01.png.transform/1col/image.png
1254,9688,16,Charles LECLERC,LEC,Charles,Leclerc,Ferrari,E80020,https://media.formula1.com/d_driver_fallback_image.png/content/dam/fom-website/drivers/C/CHALEC01_Charles_Leclerc/chalec01.png.transform/1col/image.png
1254,9688,18,Lance STROLL,STR,Lance,Stroll,Aston Martin,229971,https://media.formula1.com/d_driver_fallback_image.png/content/dam/fom-website/drivers/L/LANSTR01_Lance_Stroll/lanstr01.png.transform/1col/image.png
1254,9688,22,Yuki TSUNODA,TSU,Yuki,Tsunoda,Racing Bulls,6692FF,https://media.formula1.com/d_driver_fallback_image.png/content/dam/fom-website/drivers/Y/YUKTSU01_Yuki_Tsunoda/yuktsu01.png.transform/1col/image.png
1254,9688,23,Alexander ALBON,ALB,Alexander,Albon,Williams,64C4FF,https://media.formula1.com/d_driver_fallback_image.png/content/dam/fom-website/drivers/A/ALEALB01_Alexander_Albon/alealb01.png.transform/1col/image.png
1254,9688,27,Nico HULKENBERG,HUL,Nico,Hulkenberg,Kick Sauber,52E252,https://media.formula1.com/d_driver_fallback_image.png/content/dam/fom-website/drivers/N/NICHUL01_Nico_Hulkenberg/nichul01.png.transform/1col/image.png
1254,9688,30,Liam LAWSON,LAW,Liam,Lawson,Red Bull Racing,3671C6,https://media.formula1.com/d_driver_fallback_image.png/content/dam/fom-website/drivers/L/LIALAW01_Liam_Lawson/lialaw01.png.transform/1col/image.png
1254,9688,31,Esteban OCON,OCO,Esteban,Ocon,Haas F1 Team,B6BABD,https://media.formula1.com/d_driver_fallback_image.png/content/dam/fom-website/drivers/E/ESTOCO01_Esteban_Ocon/estoco01.png.transform/1col/image.png
1254,9688,44,Lewis HAMILTON,HAM,Lewis,Hamilton,Ferrari,E80020,https://media.formula1.com/d_driver_fallback_image.png/content/dam/fom-website/drivers/L/LEWHAM01_Lewis_Hamilton/lewham01.png.transform/1col/image.png
1254,9688,55,Carlos SAINZ,SAI,Carlos,Sainz,Williams,64C4FF,https://media.formula1.com/d_driver_fallback_image.png/content/dam/fom-website/drivers/C/CARSAI01_Carlos_Sainz/carsai01.png.transform/1col/image.png
1254,9688,63,George RUSSELL,RUS,George,Russell,Mercedes,27F4D2,https://media.formula1.com/d_driver_fallback_image.png/content/dam/fom-website/drivers/G/GEORUS01_George_Russell/georus01.png.transform/1col/image.png
1254,9688,81,Oscar PIASTRI,PIA,Oscar,Piastri,McLaren,FF8000,https://media.formula1.com/d_driver_fallback_image.png/content/dam/fom-website/drivers/O/OSCPIA01_Oscar_Piastri/oscpia01.png.transform/1col/image.png
1254,9688,87,Oliver BEARMAN,BEA,Oliver,Bearman,Haas F1 Team,B6BABD,https://media.formula1.com/d_driver_fallback_image.png/content/dam/fom-website/drivers/O/OLIBEA01_Oliver_Bearman/olibea01.png.transform/1col/image.png
1254,9689,1,Max VERSTAPPEN,VER,Max,Verstappen,Red Bull Racing,3671C6,https://media.formula1.com/d_driver_fallback_image.png/content/dam/fom-website/drivers/M/MAXVER01_Max_Verstappen/maxver01.png.transform/1col/image.png
1254,9689,4,Lando NORRIS,NOR,Lando,Norris,McLaren,FF8000,https://media.formula1.com/d_driver_fallback_image.png/content/dam/fom-website/drivers/L/LANNOR01_Lando_Norris/lannor01.png.transform/1col/image.png
1254,9689,5,Gabriel BORTOLETO,BOR,Gabriel,Bortoleto,Kick Sauber,52E252,https://media.formula1.com/d_driver_fallback_image.png/content/dam/fom-website/drivers/G/GABBOR01_Gabriel_Bortoleto/gabbor01.png.transform/1col/image.png
1254,9689,6,Isack HADJAR,HAD,Isack,Hadjar,Racing Bulls,6692FF,https://media.formula1.com/d_driver_fallback_image.png/content/dam/fom-website/drivers/I/ISAHAD01_Isack_Hadjar/isahad01.png.transform/1col/image.png
1254,9689,7,Jack DOOHAN,DOO,Jack,Doohan,Alpine,0093CC,https://media.formula1.com/d_driver_fallback_image.png/content/dam/fom-website/drivers/J/JACDOO01_Jack_Doohan/jacdoo01.png.transform/1col/image.png
1254,9689,10,Pierre GASLY,GAS,Pierre,Gasly,Alpine,0093CC,https://media.formula1.com/d_driver_fallback_image.png/content/dam/fom-website/drivers/P/PIEGAS01_Pierre_Gasly/piegas01.png.transform/1col/image.png
1254,9689,12,Kimi ANTONELLI,ANT,Kimi,Antonelli,Mercedes,27F4D2,https://media.formula1.com/d_driver_fallback_image.png/content/dam/fom-website/drivers/A/ANDANT01_Andrea%20Kimi_Antonelli/andant01.png.transform/1col/image.png
1254,9689,14,Fernando ALONSO,ALO,Fernando,Alonso,Aston Martin,229971,https://media.formula1.com/d_driver_fallback_image.png/content/dam/fom-website/drivers/F/FERALO01_Fernando_Alonso/feralo01.png.transform/1col/image.png
1254,9689,16,Charles LECLERC,LEC,Charles,Leclerc,Ferrari,E80020,https://media.formula1.com/d_driver_fallback_image.png/content/dam/fom-website/drivers/C/CHALEC01_Charles_Leclerc/chalec01.png.transform/1col/image.png
1254,9689,18,Lance STROLL,STR,Lance,Stroll,Aston Martin,229971,https://media.formula1.com/d_driver_fallback_image.png/content/dam/fom-website/drivers/L/LANSTR01_Lance_Stroll/lanstr01.png.transform/1col/image.png
1254,9689,22,Yuki TSUNODA,TSU,Yuki,Tsunoda,Racing Bulls,6692FF,https://media.formula1.com/d_driver_fallback_image.png/content/dam/fom-website/drivers/Y/YUKTSU01_Yuki_Tsunoda/yuktsu01.png.transform/1col/image.png
1254,9689,23,Alexander ALBON,ALB,Alexander,Albon,Williams,64C4FF,https://media.formula1.com/d_driver_fallback_image.png/content/dam/fom-website/drivers/A/ALEALB01_Alexander_Albon/alealb01.png.transform/1col/image.png
1254,9689,27,Nico HULKENBERG,HUL,Nico,Hulkenberg,Kick Sauber,52E252,https://media.formula1.com/d_driver_fallback_image.png/content/dam/fom-website/drivers/N/NICHUL01_Nico_Hulkenberg/nichul01.png.transform/1col/image.png
1254,9689,30,Liam LAWSON,LAW,Liam,Lawson,Red Bull Racing,3671C6,https://media.formula1.com/d_driver_fallback_image.png/content/dam/fom-website/drivers/L/LIALAW01_Liam_Lawson/lialaw01.png.transform/1col/image.png
1254,9689,31,Esteban OCON,OCO,Esteban,Ocon,Haas F1 Team,B6BABD,https://media.formula1.com/d_driver_fallback_image.png/content/dam/fom-website/drivers/E/ESTOCO01_Esteban_Ocon/estoco01.png.transform/1col/image.png
1254,9689,44,Lewis HAMILTON,HAM,Lewis,Hamilton,Ferrari,E80020,https://media.formula1.com/d_driver_fallback_image.png/content/dam/fom-website/drivers/L/LEWHAM01_Lewis_Hamilton/lewham01.png.transform/1col/image.png
1254,9689,55,Carlos SAINZ,SAI,Carlos,Sainz,Williams,64C4FF,https://media.formula1.com/d_driver_fallback_image.png/content/dam/fom-website/drivers/C/CARSAI01_Carlos_Sainz/carsai01.png.transform/1col/image.png
1254,9689,63,George RUSSELL,RUS,George,Russell,Mercedes,27F4D2,https://media.formula1.com/d_driver_fallback_image.png/content/dam/fom-website/drivers/G/GEORUS01_George_Russell/georus01.png.transform/1col/image.png
1254,9689,81,Oscar PIASTRI,PIA,Oscar,Piastri,McLaren,FF8000,https://media.formula1.com/d_driver_fallback_image.png/content/dam/fom-website/drivers/O/OSCPIA01_Oscar_Piastri/oscpia01.png.transform/1col/image.png
1254,9689,87,Oliver BEARMAN,BEA,Oliver,Bearman,Haas F1 Team,B6BABD,https://media.formula1.com/d_driver_fallback_image.png/content/dam/fom-website/drivers/O/OLIBEA01_Oliver_Bearman/olibea01.png.transform/1col/image.png
1254,9693,1,Max VERSTAPPEN,VER,Max,Verstappen,Red Bull Racing,3671C6,https://media.formula1.com/d_driver_fallback_image.png/content/dam/fom-website/drivers/M/MAXVER01_Max_Verstappen/maxver01.png.transform/1col/image.png
1254,9693,4,Lando NORRIS,NOR,Lando,Norris,McLaren,FF8000,https://media.formula1.com/d_driver_fallback_image.png/content/dam/fom-website/drivers/L/LANNOR01_Lando_Norris/lannor01.png.transform/1col/image.png
1254,9693,5,Gabriel BORTOLETO,BOR,Gabriel,Bortoleto,Kick Sauber,52E252,https://media.formula1.com/d_driver_fallback_image.png/content/dam/fom-website/drivers/G/GABBOR01_Gabriel_Bortoleto/gabbor01.png.transform/1col/image.png
1254,9693,6,Isack HADJAR,HAD,Isack,Hadjar,Racing Bulls,6692FF,https://media.formula1.com/d_driver_fallback_image.png/content/dam/fom-website/drivers/I/ISAHAD01_Isack_Hadjar/isahad01.png.transform/1col/image.png
1254,9693,7,Jack DOOHAN,DOO,Jack,Doohan,Alpine,0093CC,https://media.formula1.com/d_driver_fallback_image.png/content/dam/fom-website/drivers/J/JACDOO01_Jack_Doohan/jacdoo01.png.transform/1col/image.png
1254,9693,10,Pierre GASLY,GAS,Pierre,Gasly,Alpine,0093CC,https://media.formula1.com/d_driver_fallback_image.png/content/dam/fom-website/drivers/P/PIEGAS01_Pierre_Gasly/piegas01.png.transform/1col/image.png
1254,9693,12,Kimi ANTONELLI,ANT,Kimi,Antonelli,Mercedes,27F4D2,https://media.formula1.com/d_driver_fallback_image.png/content/dam/fom-website/drivers/A/ANDANT01_Andrea%20Kimi_Antonelli/andant01.png.transform/1col/image.png
1254,9693,14,Fernando ALONSO,ALO,Fernando,Alonso,Aston Martin,229971,https://media.formula1.com/d_driver_fallback_image.png/content/dam/fom-website/drivers/F/FERALO01_Fernando_Alonso/feralo01.png.transform/1col/image.png
1254,9693,16,Charles LECLERC,LEC,Charles,Leclerc,Ferrari,E80020,https://media.formula1.com/d_driver_fallback_image.png/content/dam/fom-website/drivers/C/CHALEC01_Charles_Leclerc/chalec01.png.transform/1col/image.png
1254,9693,18,Lance STROLL,STR,Lance,Stroll,Aston Martin,229971,https://media.formula1.com/d_driver_fallback_image.png/content/dam/fom-website/drivers/L/LANSTR01_Lance_Stroll/lanstr01.png.transform/1col/image.png
1254,9693,22,Yuki TSUNODA,TSU,Yuki,Tsunoda,Racing Bulls,6692FF,https://media.formula1.com/d_driver_fallback_image.png/content/dam/fom-website/drivers/Y/YUKTSU01_Yuki_Tsunoda/yuktsu01.png.transform/1col/image.png
1254,9693,23,Alexander ALBON,ALB,Alexander,Albon,Williams,64C4FF,https://media.formula1.com/d_driver_fallback_image.png/content/dam/fom-website/drivers/A/ALEALB01_Alexander_Albon/alealb01.png.transform/1col/image.png
1254,9693,27,Nico HULKENBERG,HUL,Nico,Hulkenberg,Kick Sauber,52E252,https://media.formula1.com/d_driver_fallback_image.png/content/dam/fom-website/drivers/N/NICHUL01_Nico_Hulkenberg/nichul01.png.transform/1col/image.png
1254,9693,30,Liam LAWSON,LAW,Liam,Lawson,Red Bull Racing,3671C6,https://media.formula1.com/d_driver_fallback_image.png/content/dam/fom-website/drivers/L/LIALAW01_Liam_Lawson/lialaw01.png.transform/1col/image.png
1254,9693,31,Esteban OCON,OCO,Esteban,Ocon,Haas F1 Team,B6BABD,https://media.formula1.com/d_driver_fallback_image.png/content/dam/fom-website/drivers/E/ESTOCO01_Esteban_Ocon/estoco01.png.transform/1col/image.png
1254,9693,44,Lewis HAMILTON,HAM,Lewis,Hamilton,Ferrari,E80020,https://media.formula1.com/d_driver_fallback_image.png/content/dam/fom-website/drivers/L/LEWHAM01_Lewis_Hamilton/lewham01.png.transform/1col/image.png
1254,9693,55,Carlos SAINZ,SAI,Carlos,Sainz,Williams,64C4FF,https://media.formula1.com/d_driver_fallback_image.png/content/dam/fom-website/drivers/C/CARSAI01_Carlos_Sainz/carsai01.png.transform/1col/image.png
1254,9693,63,George RUSSELL,RUS,George,Russell,Mercedes,27F4D2,https://media.formula1.com/d_driver_fallback_image.png/content/dam/fom-website/drivers/G/GEORUS01_George_Russell/georus01.png.transform/1col/image.png
1254,9693,81,Oscar PIASTRI,PIA,Oscar,Piastri,McLaren,FF8000,https://media.formula1.com/d_driver_fallback_image.png/content/dam/fom-website/drivers/O/OSCPIA01_Oscar_Piastri/oscpia01.png.transform/1col/image.png
1254,9693,87,Oliver BEARMAN,BEA,Oliver,Bearman,Haas F1 Team,B6BABD,https://media.formula1.com/d_driver_fallback_image.png/content/dam/fom-website/drivers/O/OLIBEA01_Oliver_Bearman/olibea01.png.transform/1col/image.png
1255,9988,1,Max VERSTAPPEN,VER,Max,Verstappen,Red Bull Racing,3671C6,https://media.formula1.com/d_driver_fallback_image.png/content/dam/fom-website/drivers/M/MAXVER01_Max_Verstappen/maxver01.png.transform/1col/image.png
1255,9988,4,Lando NORRIS,NOR,Lando,Norris,McLaren,FF8000,https://media.formula1.com/d_driver_fallback_image.png/content/dam/fom-website/drivers/L/LANNOR01_Lando_Norris/lannor01.png.transform/1col/image.png
1255,9988,5,Gabriel BORTOLETO,BOR,Gabriel,Bortoleto,Kick Sauber,52E252,https://media.formula1.com/d_driver_fallback_image.png/content/dam/fom-website/drivers/G/GABBOR01_Gabriel_Bortoleto/gabbor01.png.transform/1col/image.png
1255,9988,6,Isack HADJAR,HAD,Isack,Hadjar,Racing Bulls,6692FF,https://media.formula1.com/d_driver_fallback_image.png/content/dam/fom-website/drivers/I/ISAHAD01_Isack_Hadjar/isahad01.png.transform/1col/image.png
1255,9988,7,Jack DOOHAN,DOO,Jack,Doohan,Alpine,0093CC,https://media.formula1.com/d_driver_fallback_image.png/content/dam/fom-website/drivers/J/JACDOO01_Jack_Doohan/jacdoo01.png.transform/1col/image.png
1255,9988,10,Pierre GASLY,GAS,Pierre,Gasly,Alpine,0093CC,https://media.formula1.com/d_driver_fallback_image.png/content/dam/fom-website/drivers/P/PIEGAS01_Pierre_Gasly/piegas01.png.transform/1col/image.png
1255,9988,12,Kimi ANTONELLI,ANT,Kimi,Antonelli,Mercedes,27F4D2,https://media.formula1.com/d_driver_fallback_image.png/content/dam/fom-website/drivers/A/ANDANT01_Andrea%20Kimi_Antonelli/andant01.png.transform/1col/image.png
1255,9988,14,Fernando ALONSO,ALO,Fernando,Alonso,Aston Martin,229971,https://media.formula1.com/d_driver_fallback_image.png/content/dam/fom-website/drivers/F/FERALO01_Fernando_Alonso/feralo01.png.transform/1col/image.png
1255,9988,16,Charles LECLERC,LEC,Charles,Leclerc,Ferrari,E80020,https://media.formula1.com/d_driver_fallback_image.png/content/dam/fom-website/drivers/C/CHALEC01_Charles_Leclerc/chalec01.png.transform/1col/image.png
1255,9988,18,Lance STROLL,STR,Lance,Stroll,Aston Martin,229971,https://media.formula1.com/d_driver_fallback_image.png/content/dam/fom-website/drivers/L/LANSTR01_Lance_Stroll/lanstr01.png.transform/1col/image.png
1255,9988,22,Yuki TSUNODA,TSU,Yuki,Tsunoda,Racing Bulls,6692FF,https://media.formula1.com/d_driver_fallback_image.png/content/dam/fom-website/drivers/Y/YUKTSU01_Yuki_Tsunoda/yuktsu01.png.transform/1col/image.png
1255,9988,23,Alexander ALBON,ALB,Alexander,Albon,Williams,64C4FF,https://media.formula1.com/d_driver_fallback_image.png/content/dam/fom-website/drivers/A/ALEALB01_Alexander_Albon/alealb01.png.transform/1col/image.png
1255,9988,27,Nico HULKENBERG,HUL,Nico,Hulkenberg,Kick Sauber,52E252,https://media.formula1.com/d_driver_fallback_image.png/content/dam/fom-website/drivers/N/NICHUL01_Nico_Hulkenberg/nichul01.png.transform/1col/image.png
1255,9988,30,Liam LAWSON,LAW,Liam,Lawson,Red Bull Racing,3671C6,https://media.formula1.com/d_driver_fallback_image.png/content/dam/fom-website/drivers/L/LIALAW01_Liam_Lawson/lialaw01.png.transform/1col/image.png
1255,9988,31,Esteban OCON,OCO,Esteban,Ocon,Haas F1 Team,B6BABD,https://media.formula1.com/d_driver_fallback_image.png/content/dam/fom-website/drivers/E/ESTOCO01_Esteban_Ocon/estoco01.png.transform/1col/image.png
1255,9988,44,Lewis HAMILTON,HAM,Lewis,Hamilton,Ferrari,E80020,https://media.formula1.com/d_driver_fallback_image.png/content/dam/fom-website/drivers/L/LEWHAM01_Lewis_Hamilton/lewham01.png.transform/1col/image.png
1255,9988,55,Carlos SAINZ,SAI,Carlos,Sainz,Williams,64C4FF,https://media.formula1.com/d_driver_fallback_image.png/content/dam/fom-website/drivers/C/CARSAI01_Carlos_Sainz/carsai01.png.transform/1col/image.png
1255,9988,63,George RUSSELL,RUS,George,Russell,Mercedes,27F4D2,https://media.formula1.com/d_driver_fallback_image.png/content/dam/fom-website/drivers/G/GEORUS01_George_Russell/georus01.png.transform/1col/image.png
1255,9988,81,Oscar PIASTRI,PIA,Oscar,Piastri,McLaren,FF8000,https://media.formula1.com/d_driver_fallback_image.png/content/dam/fom-website/drivers/O/OSCPIA01_Oscar_Piastri/oscpia01.png.transform/1col/image.png
1255,9988,87,Oliver BEARMAN,BEA,Oliver,Bearman,Haas F1 Team,B6BABD,https://media.formula1.com/d_driver_fallback_image.png/content/dam/fom-website/drivers/O/OLIBEA01_Oliver_Bearman/olibea01.png.transform/1col/image.png
1255,9989,1,Max VERSTAPPEN,VER,Max,Verstappen,Red Bull Racing,3671C6,https://media.formula1.com/d_driver_fallback_image.png/content/dam/fom-website/drivers/M/MAXVER01_Max_Verstappen/maxver01.png.transform/1col/image.png
1255,9989,4,Lando NORRIS,NOR,Lando,Norris,McLaren,FF8000,https://media.formula1.com/d_driver_fallback_image.png/content/dam/fom-website/drivers/L/LANNOR01_Lando_Norris/lannor01.png.transform/1col/image.png
1255,9989,5,Gabriel BORTOLETO,BOR,Gabriel,Bortoleto,Kick Sauber,52E252,https://media.formula1.com/d_driver_fallback_image.png/content/dam/fom-website/drivers/G/GABBOR01_Gabriel_Bortoleto/gabbor01.png.transform/1col/image.png
1255,9989,6,Isack HADJAR,HAD,Isack,Hadjar,Racing Bulls,6692FF,https://media.formula1.com/d_driver_fallback_image.png/content/dam/fom-website/drivers/I/ISAHAD01_Isack_Hadjar/isahad01.png.transform/1col/image.png
1255,9989,7,Jack DOOHAN,DOO,Jack,Doohan,Alpine,0093CC,https://media.formula1.com/d_driver_fallback_image.png/content/dam/fom-website/drivers/J/JACDOO01_Jack_Doohan/jacdoo01.png.transform/1col/image.png
1255,9989,10,Pierre GASLY,GAS,Pierre,Gasly,Alpine,0093CC,https://media.formula1.com/d_driver_fallback_image.png/content/dam/fom-website/drivers/P/PIEGAS01_Pierre_Gasly/piegas01.png.transform/1col/image.png
1255,9989,12,Kimi ANTONELLI,ANT,Kimi,Antonelli,Mercedes,27F4D2,https://media.formula1.com/d_driver_fallback_image.png/content/dam/fom-website/drivers/A/ANDANT01_Andrea%20Kimi_Antonelli/andant01.png.transform/1col/image.png
1255,9989,14,Fernando ALONSO,ALO,Fernando,Alonso,Aston Martin,229971,https://media.formula1.com/d_driver_fallback_image.png/content/dam/fom-website/drivers/F/FERALO01_Fernando_Alonso/feralo01.png.transform/1col/image.png
1255,9989,16,Charles LECLERC,LEC,Charles,Leclerc,Ferrari,E80020,https://media.formula1.com/d_driver_fallback_image.png/content/dam/fom-website/drivers/C/CHALEC01_Charles_Leclerc/chalec01.png.transform/1col/image.png
1255,9989,18,Lance STROLL,STR,Lance,Stroll,Aston Martin,229971,https://media.formula1.com/d_driver_fallback_image.png/content/dam/fom-website/drivers/L/LANSTR01_Lance_Stroll/lanstr01.png.transform/1col/image.png
1255,9989,22,Yuki TSUNODA,TSU,Yuki,Tsunoda,Racing Bulls,6692FF,https://media.formula1.com/d_driver_fallback_image.png/content/dam/fom-website/drivers/Y/YUKTSU01_Yuki_Tsunoda/yuktsu01.png.transform/1col/image.png
1255,9989,23,Alexander ALBON,ALB,Alexander,Albon,Williams,64C4FF,https://media.formula1.com/d_driver_fallback_image.png/content/dam/fom-website/drivers/A/ALEALB01_Alexander_Albon/alealb01.png.transform/1col/image.png
1255,9989,27,Nico HULKENBERG,HUL,Nico,Hulkenberg,Kick Sauber,52E252,https://media.formula1.com/d_driver_fallback_image.png/content/dam/fom-website/drivers/N/NICHUL01_Nico_Hulkenberg/nichul01.png.transform/1col/image.png
1255,9989,30,Liam LAWSON,LAW,Liam,Lawson,Red Bull Racing,3671C6,https://media.formula1.com/d_driver_fallback_image.png/content/dam/fom-website/drivers/L/LIALAW01_Liam_Lawson/lialaw01.png.transform/1col/image.png
1255,9989,31,Esteban OCON,OCO,Esteban,Ocon,Haas F1 Team,B6BABD,https://media.formula1.com/d_driver_fallback_image.png/content/dam/fom-website/drivers/E/ESTOCO01_Esteban_Ocon/estoco01.png.transform/1col/image.png
1255,9989,44,Lewis HAMILTON,HAM,Lewis,Hamilton,Ferrari,E80020,https://media.formula1.com/d_driver_fallback_image.png/content/dam/fom-website/drivers/L/LEWHAM01_Lewis_Hamilton/lewham01.png.transform/1col/image.png
1255,9989,55,Carlos SAINZ,SAI,Carlos,Sainz,Williams,64C4FF,https://media.formula1.com/d_driver_fallback_image.png/content/dam/fom-website/drivers/C/CARSAI01_Carlos_Sainz/carsai01.png.transform/1col/image.png
1255,9989,63,George RUSSELL,RUS,George,Russell,Mercedes,27F4D2,https://media.formula1.com/d_driver_fallback_image.png/content/dam/fom-website/drivers/G/GEORUS01_George_Russell/georus01.png.transform/1col/image.png
1255,9989,81,Oscar PIASTRI,PIA,Oscar,Piastri,McLaren,FF8000,https://media.formula1.com/d_driver_fallback_image.png/content/dam/fom-website/drivers/O/OSCPIA01_Oscar_Piastri/oscpia01.png.transform/1col/image.png
1255,9989,87,Oliver BEARMAN,BEA,Oliver,Bearman,Haas F1 Team,B6BABD,https://media.formula1.com/d_driver_fallback_image.png/content/dam/fom-website/drivers/O/OLIBEA01_Oliver_Bearman/olibea01.png.transform/1col/image.png
1255,9993,1,Max VERSTAPPEN,VER,Max,Verstappen,Red Bull Racing,3671C6,https://media.formula1.com/d_driver_fallback_image.png/content/dam/fom-website/drivers/M/MAXVER01_Max_Verstappen/maxver01.png.transform/1col/image.png
1255,9993,4,Lando NORRIS,NOR,Lando,Norris,McLaren,FF8000,https://media.formula1.com/d_driver_fallback_image.png/content/dam/fom-website/drivers/L/LANNOR01_Lando_Norris/lannor01.png.transform/1col/image.png
1255,9993,5,Gabriel BORTOLETO,BOR,Gabriel,Bortoleto,Kick Sauber,52E252,https://media.formula1.com/d_driver_fallback_image.png/content/dam/fom-website/drivers/G/GABBOR01_Gabriel_Bortoleto/gabbor01.png.transform/1col/image.png
1255,9993,6,Isack HADJAR,HAD,Isack,Hadjar,Racing Bulls,6692FF,https://media.formula1.com/d_driver_fallback_image.png/content/dam/fom-website/drivers/I/ISAHAD01_Isack_Hadjar/isahad01.png.transform/1col/image.png
1255,9993,7,Jack DOOHAN,DOO,Jack,Doohan,Alpine,0093CC,https://media.formula1.com/d_driver_fallback_image.png/content/dam/fom-website/drivers/J/JACDOO01_Jack_Doohan/jacdoo01.png.transform/1col/image.png
1255,9993,10,Pierre GASLY,GAS,Pierre,Gasly,Alpine,0093CC,https://media.formula1.com/d_driver_fallback_image.png/content/dam/fom-website/drivers/P/PIEGAS01_Pierre_Gasly/piegas01.png.transform/1col/image.png
1255,9993,12,Kimi ANTONELLI,ANT,Kimi,Antonelli,Mercedes,27F4D2,https://media.formula1.com/d_driver_fallback_image.png/content/dam/fom-website/drivers/A/ANDANT01_Andrea%20Kimi_Antonelli/andant01.png.transform/1col/image.png
1255,9993,14,Fernando ALONSO,ALO,Fernando,Alonso,Aston Martin,229971,https://media.formula1.com/d_driver_fallback_image.png/content/dam/fom-website/drivers/F/FERALO01_Fernando_Alonso/feralo01.png.transform/1col/image.png
1255,9993,16,Charles LECLERC,LEC,Charles,Leclerc,Ferrari,E80020,https://media.formula1.com/d_driver_fallback_image.png/content/dam/fom-website/drivers/C/CHALEC01_Charles_Leclerc/chalec01.png.transform/1col/image.png
1255,9993,18,Lance STROLL,STR,Lance,Stroll,Aston Martin,229971,https://media.formula1.com/d_driver_fallback_image.png/content/dam/fom-website/drivers/L/LANSTR01_Lance_Stroll/lanstr01.png.transform/1col/image.png
1255,9993,22,Yuki TSUNODA,TSU,Yuki,Tsunoda,Racing Bulls,6692FF,https://media.formula1.com/d_driver_fallback_image.png/content/dam/fom-website/drivers/Y/YUKTSU01_Yuki_Tsunoda/yuktsu01.png.transform/1col/image.png
1255,9993,23,Alexander ALBON,ALB,Alexander,Albon,Williams,64C4FF,https://media.formula1.com/d_driver_fallback_image.png/content/dam/fom-website/drivers/A/ALEALB01_Alexander_Albon/alealb01.png.transform/1col/image.png
1255,9993,27,Nico HULKENBERG,HUL,Nico,Hulkenberg,Kick Sauber,52E252,https://media.formula1.com/d_driver_fallback_image.png/content/dam/fom-website/drivers/N/NICHUL01_Nico_Hulkenberg/nichul01.png.transform/1col/image.png
1255,9993,30,Liam LAWSON,LAW,Liam,Lawson,Red Bull Racing,3671C6,https://media.formula1.com/d_driver_fallback_image.png/content/dam/fom-website/drivers/L/LIALAW01_Liam_Lawson/lialaw01.png.transform/1col/image.png
1255,9993,31,Esteban OCON,OCO,Esteban,Ocon,Haas F1 Team,B6BABD,https://media.formula1.com/d_driver_fallback_image.png/content/dam/fom-website/drivers/E/ESTOCO01_Esteban_Ocon/estoco01.png.transform/1col/image.png
1255,9993,44,Lewis HAMILTON,HAM,Lewis,Hamilton,Ferrari,E80020,https://media.formula1.com/d_driver_fallback_image.png/content/dam/fom-website/drivers/L/LEWHAM01_Lewis_Hamilton/lewham01.png.transform/1col/image.png
1255,9993,55,Carlos SAINZ,SAI,Carlos,Sainz,Williams,64C4FF,https://media.formula1.com/d_driver_fallback_image.png/content/dam/fom-website/drivers/C/CARSAI01_Carlos_Sainz/carsai01.png.transform/1col/image.png
1255,9993,63,George RUSSELL,RUS,George,Russell,Mercedes,27F4D2,https://media.formula1.com/d_driver_fallback_image.png/content/dam/fom-website/drivers/G/GEORUS01_George_Russell/georus01.png.transform/1col/image.png
1255,9993,81,Oscar PIASTRI,PIA,Oscar,Piastri,McLaren,FF8000,https://media.formula1.com/d_driver_fallback_image.png/content/dam/fom-website/drivers/O/OSCPIA01_Oscar_Piastri/oscpia01.png.transform/1col/image.png
1255,9993,87,Oliver BEARMAN,BEA,Oliver,Bearman,Haas F1 Team,B6BABD,https://media.formula1.com/d_driver_fallback_image.png/content/dam/fom-website/drivers/O/OLIBEA01_Oliver_Bearman/olibea01.png.transform/1col/image.png
1255,9994,1,Max VERSTAPPEN,VER,Max,Verstappen,Red Bull Racing,3671C6,https://media.formula1.com/d_driver_fallback_image.png/content/dam/fom-website/drivers/M/MAXVER01_Max_Verstappen/maxver01.png.transform/1col/image.png
1255,9994,4,Lando NORRIS,NOR,Lando,Norris,McLaren,FF8000,https://media.formula1.com/d_driver_fallback_image.png/content/dam/fom-website/drivers/L/LANNOR01_Lando_Norris/lannor01.png.transform/1col/image.png
1255,9994,5,Gabriel BORTOLETO,BOR,Gabriel,Bortoleto,Kick Sauber,52E252,https://media.formula1.com/d_driver_fallback_image.png/content/dam/fom-website/drivers/G/GABBOR01_Gabriel_Bortoleto/gabbor01.png.transform/1col/image.png
1255,9994,6,Isack HADJAR,HAD,Isack,Hadjar,Racing Bulls,6692FF,https://media.formula1.com/d_driver_fallback_image.png/content/dam/fom-website/drivers/I/ISAHAD01_Isack_Hadjar/isahad01.png.transform/1col/image.png
1255,9994,7,Jack DOOHAN,DOO,Jack,Doohan,Alpine,0093CC,https://media.formula1.com/d_driver_fallback_image.png/content/dam/fom-website/drivers/J/JACDOO01_Jack_Doohan/jacdoo01.png.transform/1col/image.png
1255,9994,10,Pierre GASLY,GAS,Pierre,Gasly,Alpine,0093CC,https://media.formula1.com/d_driver_fallback_image.png/content/dam/fom-website/drivers/P/PIEGAS01_Pierre_Gasly/piegas01.png.transform/1col/image.png
1255,9994,12,Kimi ANTONELLI,ANT,Kimi,Antonelli,Mercedes,27F4D2,https://media.formula1.com/d_driver_fallback_image.png/content/dam/fom-website/drivers/A/ANDANT01_Andrea%20Kimi_Antonelli/andant01.png.transform/1col/image.png
1255,9994,14,Fernando ALONSO,ALO,Fernando,Alonso,Aston Martin,229971,https://media.formula1.com/d_driver_fallback_image.png/content/dam/fom-website/drivers/F/FERALO01_Fernando_Alonso/feralo01.png.transform/1col/image.png
1255,9994,16,Charles LECLERC,LEC,Charles,Leclerc,Ferrari,E80020,https://media.formula1.com/d_driver_fallback_image.png/content/dam/fom-website/drivers/C/CHALEC01_Charles_Leclerc/chalec01.png.transform/1col/image.png
1255,9994,18,Lance STROLL,STR,Lance,Stroll,Aston Martin,229971,https://media.formula1.com/d_driver_fallback_image.png/content/dam/fom-website/drivers/L/LANSTR01_Lance_Stroll/lanstr01.png.transform/1col/image.png
1255,9994,22,Yuki TSUNODA,TSU,Yuki,Tsunoda,Racing Bulls,6692FF,https://media.formula1.com/d_driver_fallback_image.png/content/dam/fom-website/drivers/Y/YUKTSU01_Yuki_Tsunoda/yuktsu01.png.transform/1col/image.png
1255,9994,23,Alexander ALBON,ALB,Alexander,Albon,Williams,64C4FF,https://media.formula1.com/d_driver_fallback_image.png/content/dam/fom-website/drivers/A/ALEALB01_Alexander_Albon/alealb01.png.transform/1col/image.png
1255,9994,27,Nico HULKENBERG,HUL,Nico,Hulkenberg,Kick Sauber,52E252,https://media.formula1.com/d_driver_fallback_image.png/content/dam/fom-website/drivers/N/NICHUL01_Nico_Hulkenberg/nichul01.png.transform/1col/image.png
1255,9994,30,Liam LAWSON,LAW,Liam,Lawson,Red Bull Racing,3671C6,https://media.formula1.com/d_driver_fallback_image.png/content/dam/fom-website/drivers/L/LIALAW01_Liam_Lawson/lialaw01.png.transform/1col/image.png
1255,9994,31,Esteban OCON,OCO,Esteban,Ocon,Haas F1 Team,B6BABD,https://media.formula1.com/d_driver_fallback_image.png/content/dam/fom-website/drivers/E/ESTOCO01_Esteban_Ocon/estoco01.png.transform/1col/image.png
1255,9994,44,Lewis HAMILTON,HAM,Lewis,Hamilton,Ferrari,E80020,https://media.formula1.com/d_driver_fallback_image.png/content/dam/fom-website/drivers/L/LEWHAM01_Lewis_Hamilton/lewham01.png.transform/1col/image.png
1255,9994,55,Carlos SAINZ,SAI,Carlos,Sainz,Williams,64C4FF,https://media.formula1.com/d_driver_fallback_image.png/content/dam/fom-website/drivers/C/CARSAI01_Carlos_Sainz/carsai01.png.transform/1col/image.png
1255,9994,63,George RUSSELL,RUS,George,Russell,Mercedes,27F4D2,https://media.formula1.com/d_driver_fallback_image.png/content/dam/fom-website/drivers/G/GEORUS01_George_Russell/georus01.png.transform/1col/image.png
1255,9994,81,Oscar PIASTRI,PIA,Oscar,Piastri,McLaren,FF8000,https://media.formula1.com/d_driver_fallback_image.png/content/dam/fom-website/drivers/O/OSCPIA01_Oscar_Piastri/oscpia01.png.transform/1col/image.png
1255,9994,87,Oliver BEARMAN,BEA,Oliver,Bearman,Haas F1 Team,B6BABD,https://media.formula1.com/d_driver_fallback_image.png/content/dam/fom-website/drivers/O/OLIBEA01_Oliver_Bearman/olibea01.png.transform/1col/image.png
1255,9998,1,Max VERSTAPPEN,VER,Max,Verstappen,Red Bull Racing,3671C6,https://media.formula1.com/d_driver_fallback_image.png/content/dam/fom-website/drivers/M/MAXVER01_Max_Verstappen/maxver01.png.transform/1col/image.png
1255,9998,4,Lando NORRIS,NOR,Lando,Norris,McLaren,FF8000,https://media.formula1.com/d_driver_fallback_image.png/content/dam/fom-website/drivers/L/LANNOR01_Lando_Norris/lannor01.png.transform/1col/image.png
1255,9998,5,Gabriel BORTOLETO,BOR,Gabriel,Bortoleto,Kick Sauber,52E252,https://media.formula1.com/d_driver_fallback_image.png/content/dam/fom-website/drivers/G/GABBOR01_Gabriel_Bortoleto/gabbor01.png.transform/1col/image.png
1255,9998,6,Isack HADJAR,HAD,Isack,Hadjar,Racing Bulls,6692FF,https://media.formula1.com/d_driver_fallback_image.png/content/dam/fom-website/drivers/I/ISAHAD01_Isack_Hadjar/isahad01.png.transform/1col/image.png
1255,9998,7,Jack DOOHAN,DOO,Jack,Doohan,Alpine,0093CC,https://media.formula1.com/d_driver_fallback_image.png/content/dam/fom-website/drivers/J/JACDOO01_Jack_Doohan/jacdoo01.png.transform/1col/image.png
1255,9998,10,Pierre GASLY,GAS,Pierre,Gasly,Alpine,0093CC,https://media.formula1.com/d_driver_fallback_image.png/content/dam/fom-website/drivers/P/PIEGAS01_Pierre_Gasly/piegas01.png.transform/1col/image.png
1255,9998,12,Kimi ANTONELLI,ANT,Kimi,Antonelli,Mercedes,27F4D2,https://media.formula1.com/d_driver_fallback_image.png/content/dam/fom-website/drivers/A/ANDANT01_Andrea%20Kimi_Antonelli/andant01.png.transform/1col/image.png
1255,9998,14,Fernando ALONSO,ALO,Fernando,Alonso,Aston Martin,229971,https://media.formula1.com/d_driver_fallback_image.png/content/dam/fom-website/drivers/F/FERALO01_Fernando_Alonso/feralo01.png.transform/1col/image.png
1255,9998,16,Charles LECLERC,LEC,Charles,Leclerc,Ferrari,E80020,https://media.formula1.com/d_driver_fallback_image.png/content/dam/fom-website/drivers/C/CHALEC01_Charles_Leclerc/chalec01.png.transform/1col/image.png
1255,9998,18,Lance STROLL,STR,Lance,Stroll,Aston Martin,229971,https://media.formula1.com/d_driver_fallback_image.png/content/dam/fom-website/drivers/L/LANSTR01_Lance_Stroll/lanstr01.png.transform/1col/image.png
1255,9998,22,Yuki TSUNODA,TSU,Yuki,Tsunoda,Racing Bulls,6692FF,https://media.formula1.com/d_driver_fallback_image.png/content/dam/fom-website/drivers/Y/YUKTSU01_Yuki_Tsunoda/yuktsu01.png.transform/1col/image.png
1255,9998,23,Alexander ALBON,ALB,Alexander,Albon,Williams,64C4FF,https://media.formula1.com/d_driver_fallback_image.png/content/dam/fom-website/drivers/A/ALEALB01_Alexander_Albon/alealb01.png.transform/1col/image.png
1255,9998,27,Nico HULKENBERG,HUL,Nico,Hulkenberg,Kick Sauber,52E252,https://media.formula1.com/d_driver_fallback_image.png/content/dam/fom-website/drivers/N/NICHUL01_Nico_Hulkenberg/nichul01.png.transform/1col/image.png
1255,9998,30,Liam LAWSON,LAW,Liam,Lawson,Red Bull Racing,3671C6,https://media.formula1.com/d_driver_fallback_image.png/content/dam/fom-website/drivers/L/LIALAW01_Liam_Lawson/lialaw01.png.transform/1col/image.png
1255,9998,31,Esteban OCON,OCO,Esteban,Ocon,Haas F1 Team,B6BABD,https://media.formula1.com/d_driver_fallback_image.png/content/dam/fom-website/drivers/E/ESTOCO01_Esteban_Ocon/estoco01.png.transform/1col/image.png
1255,9998,44,Lewis HAMILTON,HAM,Lewis,Hamilton,Ferrari,E80020,https://media.formula1.com/d_driver_fallback_image.png/content/dam/fom-website/drivers/L/LEWHAM01_Lewis_Hamilton/lewham01.png.transform/1col/image.png
1255,9998,55,Carlos SAINZ,SAI,Carlos,Sainz,Williams,64C4FF,https://media.formula1.com/d_driver_fallback_image.png/content/dam/fom-website/drivers/C/CARSAI01_Carlos_Sainz/carsai01.png.transform/1col/image.png
1255,9998,63,George RUSSELL,RUS,George,Russell,Mercedes,27F4D2,https://media.formula1.com/d_driver_fallback_image.png/content/dam/fom-website/drivers/G/GEORUS01_George_Russell/georus01.png.transform/1col/image.png
1255,9998,81,Oscar PIASTRI,PIA,Oscar,Piastri,McLaren,FF8000,https://media.formula1.com/d_driver_fallback_image.png/content/dam/fom-website/drivers/O/OSCPIA01_Oscar_Piastri/oscpia01.png.transform/1col/image.png
1255,9998,87,Oliver BEARMAN,BEA,Oliver,Bearman,Haas F1 Team,B6BABD,https://media.formula1.com/d_driver_fallback_image.png/content/dam/fom-website/drivers/O/OLIBEA01_Oliver_Bearman/olibea01.png.transform/1col/image.png
1256,9999,1,Max VERSTAPPEN,VER,Max,Verstappen,Red Bull Racing,3671C6,https://media.formula1.com/d_driver_fallback_image.png/content/dam/fom-website/drivers/M/MAXVER01_Max_Verstappen/maxver01.png.transform/1col/image.png
1256,9999,4,Lando NORRIS,NOR,Lando,Norris,McLaren,FF8000,https://media.formula1.com/d_driver_fallback_image.png/content/dam/fom-website/drivers/L/LANNOR01_Lando_Norris/lannor01.png.transform/1col/image.png
1256,9999,5,Gabriel BORTOLETO,BOR,Gabriel,Bortoleto,Kick Sauber,52E252,https://media.formula1.com/d_driver_fallback_image.png/content/dam/fom-website/drivers/G/GABBOR01_Gabriel_Bortoleto/gabbor01.png.transform/1col/image.png
1256,9999,6,Isack HADJAR,HAD,Isack,Hadjar,Racing Bulls,6692FF,https://media.formula1.com/d_driver_fallback_image.png/content/dam/fom-website/drivers/I/ISAHAD01_Isack_Hadjar/isahad01.png.transform/1col/image.png
1256,9999,10,Pierre GASLY,GAS,Pierre,Gasly,Alpine,0093CC,https://media.formula1.com/d_driver_fallback_image.png/content/dam/fom-website/drivers/P/PIEGAS01_Pierre_Gasly/piegas01.png.transform/1col/image.png
1256,9999,12,Kimi ANTONELLI,ANT,Kimi,Antonelli,Mercedes,27F4D2,https://media.formula1.com/d_driver_fallback_image.png/content/dam/fom-website/drivers/A/ANDANT01_Andrea%20Kimi_Antonelli/andant01.png.transform/1col/image.png
1256,9999,14,Fernando ALONSO,ALO,Fernando,Alonso,Aston Martin,229971,https://media.formula1.com/d_driver_fallback_image.png/content/dam/fom-website/drivers/F/FERALO01_Fernando_Alonso/feralo01.png.transform/1col/image.png
1256,9999,16,Charles LECLERC,LEC,Charles,Leclerc,Ferrari,E80020,https://media.formula1.com/d_driver_fallback_image.png/content/dam/fom-website/drivers/C/CHALEC01_Charles_Leclerc/chalec01.png.transform/1col/image.png
1256,9999,18,Lance STROLL,STR,Lance,Stroll,Aston Martin,229971,https://media.formula1.com/d_driver_fallback_image.png/content/dam/fom-website/drivers/L/LANSTR01_Lance_Stroll/lanstr01.png.transform/1col/image.png
1256,9999,22,Yuki TSUNODA,TSU,Yuki,Tsunoda,Red Bull Racing,3671C6,https://media.formula1.com/d_driver_fallback_image.png/content/dam/fom-website/drivers/Y/YUKTSU01_Yuki_Tsunoda/yuktsu01.png.transform/1col/image.png
1256,9999,23,Alexander ALBON,ALB,Alexander,Albon,Williams,64C4FF,https://media.formula1.com/d_driver_fallback_image.png/content/dam/fom-website/drivers/A/ALEALB01_Alexander_Albon/alealb01.png.transform/1col/image.png
1256,9999,27,Nico HULKENBERG,HUL,Nico,Hulkenberg,Kick Sauber,52E252,https://media.formula1.com/d_driver_fallback_image.png/content/dam/fom-website/drivers/N/NICHUL01_Nico_Hulkenberg/nichul01.png.transform/1col/image.png
1256,9999,30,Liam LAWSON,LAW,Liam,Lawson,Racing Bulls,6692FF,https://media.formula1.com/d_driver_fallback_image.png/content/dam/fom-website/drivers/L/LIALAW01_Liam_Lawson/lialaw01.png.transform/1col/image.png
1256,9999,31,Esteban OCON,OCO,Esteban,Ocon,Haas F1 Team,B6BABD,https://media.formula1.com/d_driver_fallback_image.png/content/dam/fom-website/drivers/E/ESTOCO01_Esteban_Ocon/estoco01.png.transform/1col/image.png
1256,9999,44,Lewis HAMILTON,HAM,Lewis,Hamilton,Ferrari,E80020,https://media.formula1.com/d_driver_fallback_image.png/content/dam/fom-website/drivers/L/LEWHAM01_Lewis_Hamilton/lewham01.png.transform/1col/image.png
1256,9999,55,Carlos SAINZ,SAI,Carlos,Sainz,Williams,64C4FF,https://media.formula1.com/d_driver_fallback_image.png/content/dam/fom-website/drivers/C/CARSAI01_Carlos_Sainz/carsai01.png.transform/1col/image.png
1256,9999,62,Ryo HIRAKAWA,HIR,Ryo,Hirakawa,Alpine,0093CC,
1256,9999,63,George RUSSELL,RUS,George,Russell,Mercedes,27F4D2,https://media.formula1.com/d_driver_fallback_image.png/content/dam/fom-website/drivers/G/GEORUS01_George_Russell/georus01.png.transform/1col/image.png
1256,9999,81,Oscar PIASTRI,PIA,Oscar,Piastri,McLaren,FF8000,https://media.formula1.com/d_driver_fallback_image.png/content/dam/fom-website/drivers/O/OSCPIA01_Oscar_Piastri/oscpia01.png.transform/1col/image.png
1256,9999,87,Oliver BEARMAN,BEA,Oliver,Bearman,Haas F1 Team,B6BABD,https://media.formula1.com/d_driver_fallback_image.png/content/dam/fom-website/drivers/O/OLIBEA01_Oliver_Bearman/olibea01.png.transform/1col/image.png
1256,10000,1,Max VERSTAPPEN,VER,Max,Verstappen,Red Bull Racing,3671C6,https://media.formula1.com/d_driver_fallback_image.png/content/dam/fom-website/drivers/M/MAXVER01_Max_Verstappen/maxver01.png.transform/1col/image.png
1256,10000,4,Lando NORRIS,NOR,Lando,Norris,McLaren,FF8000,https://media.formula1.com/d_driver_fallback_image.png/content/dam/fom-website/drivers/L/LANNOR01_Lando_Norris/lannor01.png.transform/1col/image.png
1256,10000,5,Gabriel BORTOLETO,BOR,Gabriel,Bortoleto,Kick Sauber,52E252,https://media.formula1.com/d_driver_fallback_image.png/content/dam/fom-website/drivers/G/GABBOR01_Gabriel_Bortoleto/gabbor01.png.transform/1col/image.png
1256,10000,6,Isack HADJAR,HAD,Isack,Hadjar,Racing Bulls,6692FF,https://media.formula1.com/d_driver_fallback_image.png/content/dam/fom-website/drivers/I/ISAHAD01_Isack_Hadjar/isahad01.png.transform/1col/image.png
1256,10000,7,Jack DOOHAN,DOO,Jack,Doohan,Alpine,0093CC,https://media.formula1.com/d_driver_fallback_image.png/content/dam/fom-website/drivers/J/JACDOO01_Jack_Doohan/jacdoo01.png.transform/1col/image.png
1256,10000,10,Pierre GASLY,GAS,Pierre,Gasly,Alpine,0093CC,https://media.formula1.com/d_driver_fallback_image.png/content/dam/fom-website/drivers/P/PIEGAS01_Pierre_Gasly/piegas01.png.transform/1col/image.png
1256,10000,12,Kimi ANTONELLI,ANT,Kimi,Antonelli,Mercedes,27F4D2,https://media.formula1.com/d_driver_fallback_image.png/content/dam/fom-website/drivers/A/ANDANT01_Andrea%20Kimi_Antonelli/andant01.png.transform/1col/image.png
1256,10000,14,Fernando ALONSO,ALO,Fernando,Alonso,Aston Martin,229971,https://media.formula1.com/d_driver_fallback_image.png/content/dam/fom-website/drivers/F/FERALO01_Fernando_Alonso/feralo01.png.transform/1col/image.png
1256,10000,16,Charles LECLERC,LEC,Charles,Leclerc,Ferrari,E80020,https://media.formula1.com/d_driver_fallback_image.png/content/dam/fom-website/drivers/C/CHALEC01_Charles_Leclerc/chalec01.png.transform/1col/image.png
1256,10000,18,Lance STROLL,STR,Lance,Stroll,Aston Martin,229971,https://media.formula1.com/d_driver_fallback_image.png/content/dam/fom-website/drivers/L/LANSTR01_Lance_Stroll/lanstr01.png.transform/1col/image.png
1256,10000,22,Yuki TSUNODA,TSU,Yuki,Tsunoda,Red Bull Racing,3671C6,https://media.formula1.com/d_driver_fallback_image.png/content/dam/fom-website/drivers/Y/YUKTSU01_Yuki_Tsunoda/yuktsu01.png.transform/1col/image.png
1256,10000,23,Alexander ALBON,ALB,Alexander,Albon,Williams,64C4FF,https://media.formula1.com/d_driver_fallback_image.png/content/dam/fom-website/drivers/A/ALEALB01_Alexander_Albon/alealb01.png.transform/1col/image.png
1256,10000,27,Nico HULKENBERG,HUL,Nico,Hulkenberg,Kick Sauber,52E252,https://media.formula1.com/d_driver_fallback_image.png/content/dam/fom-website/drivers/N/NICHUL01_Nico_Hulkenberg/nichul01.png.transform/1col/image.png
1256,10000,30,Liam LAWSON,LAW,Liam,Lawson,Racing Bulls,6692FF,https://media.formula1.com/d_driver_fallback_image.png/content/dam/fom-website/drivers/L/LIALAW01_Liam_Lawson/lialaw01.png.transform/1col/image.png
1256,10000,31,Esteban OCON,OCO,Esteban,Ocon,Haas F1 Team,B6BABD,https://media.formula1.com/d_driver_fallback_image.png/content/dam/fom-website/drivers/E/ESTOCO01_Esteban_Ocon/estoco01.png.transform/1col/image.png
1256,10000,44,Lewis HAMILTON,HAM,Lewis,Hamilton,Ferrari,E80020,https://media.formula1.com/d_driver_fallback_image.png/content/dam/fom-website/drivers/L/LEWHAM01_Lewis_Hamilton/lewham01.png.transform/1col/image.png
1256,10000,55,Carlos SAINZ,SAI,Carlos,Sainz,Williams,64C4FF,https://media.formula1.com/d_driver_fallback_image.png/content/dam/fom-website/drivers/C/CARSAI01_Carlos_Sainz/carsai01.png.transform/1col/image.png
1256,10000,63,George RUSSELL,RUS,George,Russell,Mercedes,27F4D2,https://media.formula1.com/d_driver_fallback_image.png/content/dam/fom-website/drivers/G/GEORUS01_George_Russell/georus01.png.transform/1col/image.png
1256,10000,81,Oscar PIASTRI,PIA,Oscar,Piastri,McLaren,FF8000,https://media.formula1.com/d_driver_fallback_image.png/content/dam/fom-website/drivers/O/OSCPIA01_Oscar_Piastri/oscpia01.png.transform/1col/image.png
1256,10000,87,Oliver BEARMAN,BEA,Oliver,Bearman,Haas F1 Team,B6BABD,https://media.formula1.com/d_driver_fallback_image.png/content/dam/fom-website/drivers/O/OLIBEA01_Oliver_Bearman/olibea01.png.transform/1col/image.png
1256,10001,1,Max VERSTAPPEN,VER,Max,Verstappen,Red Bull Racing,3671C6,https://media.formula1.com/d_driver_fallback_image.png/content/dam/fom-website/drivers/M/MAXVER01_Max_Verstappen/maxver01.png.transform/1col/image.png
1256,10001,4,Lando NORRIS,NOR,Lando,Norris,McLaren,FF8000,https://media.formula1.com/d_driver_fallback_image.png/content/dam/fom-website/drivers/L/LANNOR01_Lando_Norris/lannor01.png.transform/1col/image.png
1256,10001,5,Gabriel BORTOLETO,BOR,Gabriel,Bortoleto,Kick Sauber,52E252,https://media.formula1.com/d_driver_fallback_image.png/content/dam/fom-website/drivers/G/GABBOR01_Gabriel_Bortoleto/gabbor01.png.transform/1col/image.png
1256,10001,6,Isack HADJAR,HAD,Isack,Hadjar,Racing Bulls,6692FF,https://media.formula1.com/d_driver_fallback_image.png/content/dam/fom-website/drivers/I/ISAHAD01_Isack_Hadjar/isahad01.png.transform/1col/image.png
1256,10001,7,Jack DOOHAN,DOO,Jack,Doohan,Alpine,0093CC,https://media.formula1.com/d_driver_fallback_image.png/content/dam/fom-website/drivers/J/JACDOO01_Jack_Doohan/jacdoo01.png.transform/1col/image.png
1256,10001,10,Pierre GASLY,GAS,Pierre,Gasly,Alpine,0093CC,https://media.formula1.com/d_driver_fallback_image.png/content/dam/fom-website/drivers/P/PIEGAS01_Pierre_Gasly/piegas01.png.transform/1col/image.png
1256,10001,12,Kimi ANTONELLI,ANT,Kimi,Antonelli,Mercedes,27F4D2,https://media.formula1.com/d_driver_fallback_image.png/content/dam/fom-website/drivers/A/ANDANT01_Andrea%20Kimi_Antonelli/andant01.png.transform/1col/image.png
1256,10001,14,Fernando ALONSO,ALO,Fernando,Alonso,Aston Martin,229971,https://media.formula1.com/d_driver_fallback_image.png/content/dam/fom-website/drivers/F/FERALO01_Fernando_Alonso/feralo01.png.transform/1col/image.png
1256,10001,16,Charles LECLERC,LEC,Charles,Leclerc,Ferrari,E80020,https://media.formula1.com/d_driver_fallback_image.png/content/dam/fom-website/drivers/C/CHALEC01_Charles_Leclerc/chalec01.png.transform/1col/image.png
1256,10001,18,Lance STROLL,STR,Lance,Stroll,Aston Martin,229971,https://media.formula1.com/d_driver_fallback_image.png/content/dam/fom-website/drivers/L/LANSTR01_Lance_Stroll/lanstr01.png.transform/1col/image.png
1256,10001,22,Yuki TSUNODA,TSU,Yuki,Tsunoda,Red Bull Racing,3671C6,https://media.formula1.com/d_driver_fallback_image.png/content/dam/fom-website/drivers/Y/YUKTSU01_Yuki_Tsunoda/yuktsu01.png.transform/1col/image.png
1256,10001,23,Alexander ALBON,ALB,Alexander,Albon,Williams,64C4FF,https://media.formula1.com/d_driver_fallback_image.png/content/dam/fom-website/drivers/A/ALEALB01_Alexander_Albon/alealb01.png.transform/1col/image.png
1256,10001,27,Nico HULKENBERG,HUL,Nico,Hulkenberg,Kick Sauber,52E252,https://media.formula1.com/d_driver_fallback_image.png/content/dam/fom-website/drivers/N/NICHUL01_Nico_Hulkenberg/nichul01.png.transform/1col/image.png
1256,10001,30,Liam LAWSON,LAW,Liam,Lawson,Racing Bulls,6692FF,https://media.formula1.com/d_driver_fallback_image.png/content/dam/fom-website/drivers/L/LIALAW01_Liam_Lawson/lialaw01.png.transform/1col/image.png
1256,10001,31,Esteban OCON,OCO,Esteban,Ocon,Haas F1 Team,B6BABD,https://media.formula1.com/d_driver_fallback_image.png/content/dam/fom-website/drivers/E/ESTOCO01_Esteban_Ocon/estoco01.png.transform/1col/image.png
1256,10001,44,Lewis HAMILTON,HAM,Lewis,Hamilton,Ferrari,E80020,https://media.formula1.com/d_driver_fallback_image.png/content/dam/fom-website/drivers/L/LEWHAM01_Lewis_Hamilton/lewham01.png.transform/1col/image.png
1256,10001,55,Carlos SAINZ,SAI,Carlos,Sainz,Williams,64C4FF,https://media.formula1.com/d_driver_fallback_image.png/content/dam/fom-website/drivers/C/CARSAI01_Carlos_Sainz/carsai01.png.transform/1col/image.png
1256,10001,63,George RUSSELL,RUS,George,Russell,Mercedes,27F4D2,https://media.formula1.com/d_driver_fallback_image.png/content/dam/fom-website/drivers/G/GEORUS01_George_Russell/georus01.png.transform/1col/image.png
1256,10001,81,Oscar PIASTRI,PIA,Oscar,Piastri,McLaren,FF8000,https://media.formula1.com/d_driver_fallback_image.png/content/dam/fom-website/drivers/O/OSCPIA01_Oscar_Piastri/oscpia01.png.transform/1col/image.png
1256,10001,87,Oliver BEARMAN,BEA,Oliver,Bearman,Haas F1 Team,B6BABD,https://media.formula1.com/d_driver_fallback_image.png/content/dam/fom-website/drivers/O/OLIBEA01_Oliver_Bearman/olibea01.png.transform/1col/image.png
1256,10002,1,Max VERSTAPPEN,VER,Max,Verstappen,Red Bull Racing,3671C6,https://media.formula1.com/d_driver_fallback_image.png/content/dam/fom-website/drivers/M/MAXVER01_Max_Verstappen/maxver01.png.transform/1col/image.png
1256,10002,4,Lando NORRIS,NOR,Lando,Norris,McLaren,FF8000,https://media.formula1.com/d_driver_fallback_image.png/content/dam/fom-website/drivers/L/LANNOR01_Lando_Norris/lannor01.png.transform/1col/image.png
1256,10002,5,Gabriel BORTOLETO,BOR,Gabriel,Bortoleto,Kick Sauber,52E252,https://media.formula1.com/d_driver_fallback_image.png/content/dam/fom-website/drivers/G/GABBOR01_Gabriel_Bortoleto/gabbor01.png.transform/1col/image.png
1256,10002,6,Isack HADJAR,HAD,Isack,Hadjar,Racing Bulls,6692FF,https://media.formula1.com/d_driver_fallback_image.png/content/dam/fom-website/drivers/I/ISAHAD01_Isack_Hadjar/isahad01.png.transform/1col/image.png
1256,10002,7,Jack DOOHAN,DOO,Jack,Doohan,Alpine,0093CC,https://media.formula1.com/d_driver_fallback_image.png/content/dam/fom-website/drivers/J/JACDOO01_Jack_Doohan/jacdoo01.png.transform/1col/image.png
1256,10002,10,Pierre GASLY,GAS,Pierre,Gasly,Alpine,0093CC,https://media.formula1.com/d_driver_fallback_image.png/content/dam/fom-website/drivers/P/PIEGAS01_Pierre_Gasly/piegas01.png.transform/1col/image.png
1256,10002,12,Kimi ANTONELLI,ANT,Kimi,Antonelli,Mercedes,27F4D2,https://media.formula1.com/d_driver_fallback_image.png/content/dam/fom-website/drivers/A/ANDANT01_Andrea%20Kimi_Antonelli/andant01.png.transform/1col/image.png
1256,10002,14,Fernando ALONSO,ALO,Fernando,Alonso,Aston Martin,229971,https://media.formula1.com/d_driver_fallback_image.png/content/dam/fom-website/drivers/F/FERALO01_Fernando_Alonso/feralo01.png.transform/1col/image.png
1256,10002,16,Charles LECLERC,LEC,Charles,Leclerc,Ferrari,E80020,https://media.formula1.com/d_driver_fallback_image.png/content/dam/fom-website/drivers/C/CHALEC01_Charles_Leclerc/chalec01.png.transform/1col/image.png
1256,10002,18,Lance STROLL,STR,Lance,Stroll,Aston Martin,229971,https://media.formula1.com/d_driver_fallback_image.png/content/dam/fom-website/drivers/L/LANSTR01_Lance_Stroll/lanstr01.png.transform/1col/image.png
1256,10002,22,Yuki TSUNODA,TSU,Yuki,Tsunoda,Red Bull Racing,3671C6,https://media.formula1.com/d_driver_fallback_image.png/content/dam/fom-website/drivers/Y/YUKTSU01_Yuki_Tsunoda/yuktsu01.png.transform/1col/image.png
1256,10002,23,Alexander ALBON,ALB,Alexander,Albon,Williams,64C4FF,https://media.formula1.com/d_driver_fallback_image.png/content/dam/fom-website/drivers/A/ALEALB01_Alexander_Albon/alealb01.png.transform/1col/image.png
1256,10002,27,Nico HULKENBERG,HUL,Nico,Hulkenberg,Kick Sauber,52E252,https://media.formula1.com/d_driver_fallback_image.png/content/dam/fom-website/drivers/N/NICHUL01_Nico_Hulkenberg/nichul01.png.transform/1col/image.png
1256,10002,30,Liam LAWSON,LAW,Liam,Lawson,Racing Bulls,6692FF,https://media.formula1.com/d_driver_fallback_image.png/content/dam/fom-website/drivers/L/LIALAW01_Liam_Lawson/lialaw01.png.transform/1col/image.png
1256,10002,31,Esteban OCON,OCO,Esteban,Ocon,Haas F1 Team,B6BABD,https://media.formula1.com/d_driver_fallback_image.png/content/dam/fom-website/drivers/E/ESTOCO01_Esteban_Ocon/estoco01.png.transform/1col/image.png
1256,10002,44,Lewis HAMILTON,HAM,Lewis,Hamilton,Ferrari,E80020,https://media.formula1.com/d_driver_fallback_image.png/content/dam/fom-website/drivers/L/LEWHAM01_Lewis_Hamilton/lewham01.png.transform/1col/image.png
1256,10002,55,Carlos SAINZ,SAI,Carlos,Sainz,Williams,64C4FF,https://media.formula1.com/d_driver_fallback_image.png/content/dam/fom-website/drivers/C/CARSAI01_Carlos_Sainz/carsai01.png.transform/1col/image.png
1256,10002,63,George RUSSELL,RUS,George,Russell,Mercedes,27F4D2,https://media.formula1.com/d_driver_fallback_image.png/content/dam/fom-website/drivers/G/GEORUS01_George_Russell/georus01.png.transform/1col/image.png
1256,10002,81,Oscar PIASTRI,PIA,Oscar,Piastri,McLaren,FF8000,https://media.formula1.com/d_driver_fallback_image.png/content/dam/fom-website/drivers/O/OSCPIA01_Oscar_Piastri/oscpia01.png.transform/1col/image.png
1256,10002,87,Oliver BEARMAN,BEA,Oliver,Bearman,Haas F1 Team,B6BABD,https://media.formula1.com/d_driver_fallback_image.png/content/dam/fom-website/drivers/O/OLIBEA01_Oliver_Bearman/olibea01.png.transform/1col/image.png
1256,10006,1,Max VERSTAPPEN,VER,Max,Verstappen,Red Bull Racing,3671C6,https://media.formula1.com/d_driver_fallback_image.png/content/dam/fom-website/drivers/M/MAXVER01_Max_Verstappen/maxver01.png.transform/1col/image.png
1256,10006,4,Lando NORRIS,NOR,Lando,Norris,McLaren,FF8000,https://media.formula1.com/d_driver_fallback_image.png/content/dam/fom-website/drivers/L/LANNOR01_Lando_Norris/lannor01.png.transform/1col/image.png
1256,10006,5,Gabriel BORTOLETO,BOR,Gabriel,Bortoleto,Kick Sauber,52E252,https://media.formula1.com/d_driver_fallback_image.png/content/dam/fom-website/drivers/G/GABBOR01_Gabriel_Bortoleto/gabbor01.png.transform/1col/image.png
1256,10006,6,Isack HADJAR,HAD,Isack,Hadjar,Racing Bulls,6692FF,https://media.formula1.com/d_driver_fallback_image.png/content/dam/fom-website/drivers/I/ISAHAD01_Isack_Hadjar/isahad01.png.transform/1col/image.png
1256,10006,7,Jack DOOHAN,DOO,Jack,Doohan,Alpine,0093CC,https://media.formula1.com/d_driver_fallback_image.png/content/dam/fom-website/drivers/J/JACDOO01_Jack_Doohan/jacdoo01.png.transform/1col/image.png
1256,10006,10,Pierre GASLY,GAS,Pierre,Gasly,Alpine,0093CC,https://media.formula1.com/d_driver_fallback_image.png/content/dam/fom-website/drivers/P/PIEGAS01_Pierre_Gasly/piegas01.png.transform/1col/image.png
1256,10006,12,Kimi ANTONELLI,ANT,Kimi,Antonelli,Mercedes,27F4D2,https://media.formula1.com/d_driver_fallback_image.png/content/dam/fom-website/drivers/A/ANDANT01_Andrea%20Kimi_Antonelli/andant01.png.transform/1col/image.png
1256,10006,14,Fernando ALONSO,ALO,Fernando,Alonso,Aston Martin,229971,https://media.formula1.com/d_driver_fallback_image.png/content/dam/fom-website/drivers/F/FERALO01_Fernando_Alonso/feralo01.png.transform/1col/image.png
1256,10006,16,Charles LECLERC,LEC,Charles,Leclerc,Ferrari,E80020,https://media.formula1.com/d_driver_fallback_image.png/content/dam/fom-website/drivers/C/CHALEC01_Charles_Leclerc/chalec01.png.transform/1col/image.png
1256,10006,18,Lance STROLL,STR,Lance,Stroll,Aston Martin,229971,https://media.formula1.com/d_driver_fallback_image.png/content/dam/fom-website/drivers/L/LANSTR01_Lance_Stroll/lanstr01.png.transform/1col/image.png
1256,10006,22,Yuki TSUNODA,TSU,Yuki,Tsunoda,Red Bull Racing,3671C6,https://media.formula1.com/d_driver_fallback_image.png/content/dam/fom-website/drivers/Y/YUKTSU01_Yuki_Tsunoda/yuktsu01.png.transform/1col/image.png
1256,10006,23,Alexander ALBON,ALB,Alexander,Albon,Williams,64C4FF,https://media.formula1.com/d_driver_fallback_image.png/content/dam/fom-website/drivers/A/ALEALB01_Alexander_Albon/alealb01.png.transform/1col/image.png
1256,10006,27,Nico HULKENBERG,HUL,Nico,Hulkenberg,Kick Sauber,52E252,https://media.formula1.com/d_driver_fallback_image.png/content/dam/fom-website/drivers/N/NICHUL01_Nico_Hulkenberg/nichul01.png.transform/1col/image.png
1256,10006,30,Liam LAWSON,LAW,Liam,Lawson,Racing Bulls,6692FF,https://media.formula1.com/d_driver_fallback_image.png/content/dam/fom-website/drivers/L/LIALAW01_Liam_Lawson/lialaw01.png.transform/1col/image.png
1256,10006,31,Esteban OCON,OCO,Esteban,Ocon,Haas F1 Team,B6BABD,https://media.formula1.com/d_driver_fallback_image.png/content/dam/fom-website/drivers/E/ESTOCO01_Esteban_Ocon/estoco01.png.transform/1col/image.png
1256,10006,44,Lewis HAMILTON,HAM,Lewis,Hamilton,Ferrari,E80020,https://media.formula1.com/d_driver_fallback_image.png/content/dam/fom-website/drivers/L/LEWHAM01_Lewis_Hamilton/lewham01.png.transform/1col/image.png
1256,10006,55,Carlos SAINZ,SAI,Carlos,Sainz,Williams,64C4FF,https://media.formula1.com/d_driver_fallback_image.png/content/dam/fom-website/drivers/C/CARSAI01_Carlos_Sainz/carsai01.png.transform/1col/image.png
1256,10006,63,George RUSSELL,RUS,George,Russell,Mercedes,27F4D2,https://media.formula1.com/d_driver_fallback_image.png/content/dam/fom-website/drivers/G/GEORUS01_George_Russell/georus01.png.transform/1col/image.png
1256,10006,81,Oscar PIASTRI,PIA,Oscar,Piastri,McLaren,FF8000,https://media.formula1.com/d_driver_fallback_image.png/content/dam/fom-website/drivers/O/OSCPIA01_Oscar_Piastri/oscpia01.png.transform/1col/image.png
1256,10006,87,Oliver BEARMAN,BEA,Oliver,Bearman,Haas F1 Team,B6BABD,https://media.formula1.com/d_driver_fallback_image.png/content/dam/fom-website/drivers/O/OLIBEA01_Oliver_Bearman/olibea01.png.transform/1col/image.png
1257,10007,4,Lando NORRIS,NOR,Lando,Norris,McLaren,FF8000,https://media.formula1.com/d_driver_fallback_image.png/content/dam/fom-website/drivers/L/LANNOR01_Lando_Norris/lannor01.png.transform/1col/image.png
1257,10007,5,Gabriel BORTOLETO,BOR,Gabriel,Bortoleto,Kick Sauber,52E252,https://media.formula1.com/d_driver_fallback_image.png/content/dam/fom-website/drivers/G/GABBOR01_Gabriel_Bortoleto/gabbor01.png.transform/1col/image.png
1257,10007,6,Isack HADJAR,HAD,Isack,Hadjar,Racing Bulls,6692FF,https://media.formula1.com/d_driver_fallback_image.png/content/dam/fom-website/drivers/I/ISAHAD01_Isack_Hadjar/isahad01.png.transform/1col/image.png
1257,10007,7,Jack DOOHAN,DOO,Jack,Doohan,Alpine,0093CC,https://media.formula1.com/d_driver_fallback_image.png/content/dam/fom-website/drivers/J/JACDOO01_Jack_Doohan/jacdoo01.png.transform/1col/image.png
1257,10007,10,Pierre GASLY,GAS,Pierre,Gasly,Alpine,0093CC,https://media.formula1.com/d_driver_fallback_image.png/content/dam/fom-website/drivers/P/PIEGAS01_Pierre_Gasly/piegas01.png.transform/1col/image.png
1257,10007,12,Kimi ANTONELLI,ANT,Kimi,Antonelli,Mercedes,27F4D2,https://media.formula1.com/d_driver_fallback_image.png/content/dam/fom-website/drivers/A/ANDANT01_Andrea%20Kimi_Antonelli/andant01.png.transform/1col/image.png
1257,10007,18,Lance STROLL,STR,Lance,Stroll,Aston Martin,229971,https://media.formula1.com/d_driver_fallback_image.png/content/dam/fom-website/drivers/L/LANSTR01_Lance_Stroll/lanstr01.png.transform/1col/image.png
1257,10007,22,Yuki TSUNODA,TSU,Yuki,Tsunoda,Red Bull Racing,3671C6,https://media.formula1.com/d_driver_fallback_image.png/content/dam/fom-website/drivers/Y/YUKTSU01_Yuki_Tsunoda/yuktsu01.png.transform/1col/image.png
1257,10007,23,Alexander ALBON,ALB,Alexander,Albon,Williams,64C4FF,https://media.formula1.com/d_driver_fallback_image.png/content/dam/fom-website/drivers/A/ALEALB01_Alexander_Albon/alealb01.png.transform/1col/image.png
1257,10007,27,Nico HULKENBERG,HUL,Nico,Hulkenberg,Kick Sauber,52E252,https://media.formula1.com/d_driver_fallback_image.png/content/dam/fom-website/drivers/N/NICHUL01_Nico_Hulkenberg/nichul01.png.transform/1col/image.png
1257,10007,30,Liam LAWSON,LAW,Liam,Lawson,Racing Bulls,6692FF,https://media.formula1.com/d_driver_fallback_image.png/content/dam/fom-website/drivers/L/LIALAW01_Liam_Lawson/lialaw01.png.transform/1col/image.png
1257,10007,31,Esteban OCON,OCO,Esteban,Ocon,Haas F1 Team,B6BABD,https://media.formula1.com/d_driver_fallback_image.png/content/dam/fom-website/drivers/E/ESTOCO01_Esteban_Ocon/estoco01.png.transform/1col/image.png
1257,10007,34,Felipe DRUGOVICH,DRU,Felipe,Drugovich,Aston Martin,229971,
1257,10007,37,Ayumu IWASA,IWA,Ayumu,Iwasa,Red Bull Racing,3671C6,
1257,10007,38,Dino BEGANOVIC,BEG,Dino,Beganovic,Ferrari,E80020,
1257,10007,44,Lewis HAMILTON,HAM,Lewis,Hamilton,Ferrari,E80020,https://media.formula1.com/d_driver_fallback_image.png/content/dam/fom-website/drivers/L/LEWHAM01_Lewis_Hamilton/lewham01.png.transform/1col/image.png
1257,10007,46,Luke BROWNING,BRO,Luke,Browning,Williams,64C4FF,
1257,10007,50,Ryo HIRAKAWA,HIR,Ryo,Hirakawa,Haas F1 Team,B6BABD,
1257,10007,72,Frederik VESTI,VES,Frederik,Vesti,Mercedes,27F4D2,
1257,10007,81,Oscar PIASTRI,PIA,Oscar,Piastri,McLaren,FF8000,https://media.formula1.com/d_driver_fallback_image.png/content/dam/fom-website/drivers/O/OSCPIA01_Oscar_Piastri/oscpia01.png.transform/1col/image.png
1257,10008,1,Max VERSTAPPEN,VER,Max,Verstappen,Red Bull Racing,3671C6,https://media.formula1.com/d_driver_fallback_image.png/content/dam/fom-website/drivers/M/MAXVER01_Max_Verstappen/maxver01.png.transform/1col/image.png
1257,10008,4,Lando NORRIS,NOR,Lando,Norris,McLaren,FF8000,https://media.formula1.com/d_driver_fallback_image.png/content/dam/fom-website/drivers/L/LANNOR01_Lando_Norris/lannor01.png.transform/1col/image.png
1257,10008,5,Gabriel BORTOLETO,BOR,Gabriel,Bortoleto,Kick Sauber,52E252,https://media.formula1.com/d_driver_fallback_image.png/content/dam/fom-website/drivers/G/GABBOR01_Gabriel_Bortoleto/gabbor01.png.transform/1col/image.png
1257,10008,6,Isack HADJAR,HAD,Isack,Hadjar,Racing Bulls,6692FF,https://media.formula1.com/d_driver_fallback_image.png/content/dam/fom-website/drivers/I/ISAHAD01_Isack_Hadjar/isahad01.png.transform/1col/image.png
1257,10008,7,Jack DOOHAN,DOO,Jack,Doohan,Alpine,0093CC,https://media.formula1.com/d_driver_fallback_image.png/content/dam/fom-website/drivers/J/JACDOO01_Jack_Doohan/jacdoo01.png.transform/1col/image.png
1257,10008,10,Pierre GASLY,GAS,Pierre,Gasly,Alpine,0093CC,https://media.formula1.com/d_driver_fallback_image.png/content/dam/fom-website/drivers/P/PIEGAS01_Pierre_Gasly/piegas01.png.transform/1col/image.png
1257,10008,12,Kimi ANTONELLI,ANT,Kimi,Antonelli,Mercedes,27F4D2,https://media.formula1.com/d_driver_fallback_image.png/content/dam/fom-website/drivers/A/ANDANT01_Andrea%20Kimi_Antonelli/andant01.png.transform/1col/image.png
1257,10008,14,Fernando ALONSO,ALO,Fernando,Alonso,Aston Martin,229971,https://media.formula1.com/d_driver_fallback_image.png/content/dam/fom-website/drivers/F/FERALO01_Fernando_Alonso/feralo01.png.transform/1col/image.png
1257,10008,16,Charles LECLERC,LEC,Charles,Leclerc,Ferrari,E80020,https://media.formula1.com/d_driver_fallback_image.png/content/dam/fom-website/drivers/C/CHALEC01_Charles_Leclerc/chalec01.png.transform/1col/image.png
1257,10008,18,Lance STROLL,STR,Lance,Stroll,Aston Martin,229971,https://media.formula1.com/d_driver_fallback_image.png/content/dam/fom-website/drivers/L/LANSTR01_Lance_Stroll/lanstr01.png.transform/1col/image.png
1257,10008,22,Yuki TSUNODA,TSU,Yuki,Tsunoda,Red Bull Racing,3671C6,https://media.formula1.com/d_driver_fallback_image.png/content/dam/fom-website/drivers/Y/YUKTSU01_Yuki_Tsunoda/yuktsu01.png.transform/1col/image.png
1257,10008,23,Alexander ALBON,ALB,Alexander,Albon,Williams,64C4FF,https://media.formula1.com/d_driver_fallback_image.png/content/dam/fom-website/drivers/A/ALEALB01_Alexander_Albon/alealb01.png.transform/1col/image.png
1257,10008,27,Nico HULKENBERG,HUL,Nico,Hulkenberg,Kick Sauber,52E252,https://media.formula1.com/d_driver_fallback_image.png/content/dam/fom-website/drivers/N/NICHUL01_Nico_Hulkenberg/nichul01.png.transform/1col/image.png
1257,10008,30,Liam LAWSON,LAW,Liam,Lawson,Racing Bulls,6692FF,https://media.formula1.com/d_driver_fallback_image.png/content/dam/fom-website/drivers/L/LIALAW01_Liam_Lawson/lialaw01.png.transform/1col/image.png
1257,10008,31,Esteban OCON,OCO,Esteban,Ocon,Haas F1 Team,B6BABD,https://media.formula1.com/d_driver_fallback_image.png/content/dam/fom-website/drivers/E/ESTOCO01_Esteban_Ocon/estoco01.png.transform/1col/image.png
1257,10008,44,Lewis HAMILTON,HAM,Lewis,Hamilton,Ferrari,E80020,https://media.formula1.com/d_driver_fallback_image.png/content/dam/fom-website/drivers/L/LEWHAM01_Lewis_Hamilton/lewham01.png.transform/1col/image.png
1257,10008,55,Carlos SAINZ,SAI,Carlos,Sainz,Williams,64C4FF,https://media.formula1.com/d_driver_fallback_image.png/content/dam/fom-website/drivers/C/CARSAI01_Carlos_Sainz/carsai01.png.transform/1col/image.png
1257,10008,63,George RUSSELL,RUS,George,Russell,Mercedes,27F4D2,https://media.formula1.com/d_driver_fallback_image.png/content/dam/fom-website/drivers/G/GEORUS01_George_Russell/georus01.png.transform/1col/image.png
1257,10008,81,Oscar PIASTRI,PIA,Oscar,Piastri,McLaren,FF8000,https://media.formula1.com/d_driver_fallback_image.png/content/dam/fom-website/drivers/O/OSCPIA01_Oscar_Piastri/oscpia01.png.transform/1col/image.png
1257,10008,87,Oliver BEARMAN,BEA,Oliver,Bearman,Haas F1 Team,B6BABD,https://media.formula1.com/d_driver_fallback_image.png/content/dam/fom-website/drivers/O/OLIBEA01_Oliver_Bearman/olibea01.png.transform/1col/image.png
1257,10009,1,Max VERSTAPPEN,VER,Max,Verstappen,Red Bull Racing,3671C6,https://media.formula1.com/d_driver_fallback_image.png/content/dam/fom-website/drivers/M/MAXVER01_Max_Verstappen/maxver01.png.transform/1col/image.png
1257,10009,4,Lando NORRIS,NOR,Lando,Norris,McLaren,FF8000,https://media.formula1.com/d_driver_fallback_image.png/content/dam/fom-website/drivers/L/LANNOR01_Lando_Norris/lannor01.png.transform/1col/image.png
1257,10009,5,Gabriel BORTOLETO,BOR,Gabriel,Bortoleto,Kick Sauber,52E252,https://media.formula1.com/d_driver_fallback_image.png/content/dam/fom-website/drivers/G/GABBOR01_Gabriel_Bortoleto/gabbor01.png.transform/1col/image.png
1257,10009,6,Isack HADJAR,HAD,Isack,Hadjar,Racing Bulls,6692FF,https://media.formula1.com/d_driver_fallback_image.png/content/dam/fom-website/drivers/I/ISAHAD01_Isack_Hadjar/isahad01.png.transform/1col/image.png
1257,10009,7,Jack DOOHAN,DOO,Jack,Doohan,Alpine,0093CC,https://media.formula1.com/d_driver_fallback_image.png/content/dam/fom-website/drivers/J/JACDOO01_Jack_Doohan/jacdoo01.png.transform/1col/image.png
1257,10009,10,Pierre GASLY,GAS,Pierre,Gasly,Alpine,0093CC,https://media.formula1.com/d_driver_fallback_image.png/content/dam/fom-website/drivers/P/PIEGAS01_Pierre_Gasly/piegas01.png.transform/1col/image.png
1257,10009,12,Kimi ANTONELLI,ANT,Kimi,Antonelli,Mercedes,27F4D2,https://media.formula1.com/d_driver_fallback_image.png/content/dam/fom-website/drivers/A/ANDANT01_Andrea%20Kimi_Antonelli/andant01.png.transform/1col/image.png
1257,10009,14,Fernando ALONSO,ALO,Fernando,Alonso,Aston Martin,229971,https://media.formula1.com/d_driver_fallback_image.png/content/dam/fom-website/drivers/F/FERALO01_Fernando_Alonso/feralo01.png.transform/1col/image.png
1257,10009,16,Charles LECLERC,LEC,Charles,Leclerc,Ferrari,E80020,https://media.formula1.com/d_driver_fallback_image.png/content/dam/fom-website/drivers/C/CHALEC01_Charles_Leclerc/chalec01.png.transform/1col/image.png
1257,10009,18,Lance STROLL,STR,Lance,Stroll,Aston Martin,229971,https://media.formula1.com/d_driver_fallback_image.png/content/dam/fom-website/drivers/L/LANSTR01_Lance_Stroll/lanstr01.png.transform/1col/image.png
1257,10009,22,Yuki TSUNODA,TSU,Yuki,Tsunoda,Red Bull Racing,3671C6,https://media.formula1.com/d_driver_fallback_image.png/content/dam/fom-website/drivers/Y/YUKTSU01_Yuki_Tsunoda/yuktsu01.png.transform/1col/image.png
1257,10009,23,Alexander ALBON,ALB,Alexander,Albon,Williams,64C4FF,https://media.formula1.com/d_driver_fallback_image.png/content/dam/fom-website/drivers/A/ALEALB01_Alexander_Albon/alealb01.png.transform/1col/image.png
1257,10009,27,Nico HULKENBERG,HUL,Nico,Hulkenberg,Kick Sauber,52E252,https://media.formula1.com/d_driver_fallback_image.png/content/dam/fom-website/drivers/N/NICHUL01_Nico_Hulkenberg/nichul01.png.transform/1col/image.png
1257,10009,30,Liam LAWSON,LAW,Liam,Lawson,Racing Bulls,6692FF,https://media.formula1.com/d_driver_fallback_image.png/content/dam/fom-website/drivers/L/LIALAW01_Liam_Lawson/lialaw01.png.transform/1col/image.png
1257,10009,31,Esteban OCON,OCO,Esteban,Ocon,Haas F1 Team,B6BABD,https://media.formula1.com/d_driver_fallback_image.png/content/dam/fom-website/drivers/E/ESTOCO01_Esteban_Ocon/estoco01.png.transform/1col/image.png
1257,10009,44,Lewis HAMILTON,HAM,Lewis,Hamilton,Ferrari,E80020,https://media.formula1.com/d_driver_fallback_image.png/content/dam/fom-website/drivers/L/LEWHAM01_Lewis_Hamilton/lewham01.png.transform/1col/image.png
1257,10009,55,Carlos SAINZ,SAI,Carlos,Sainz,Williams,64C4FF,https://media.formula1.com/d_driver_fallback_image.png/content/dam/fom-website/drivers/C/CARSAI01_Carlos_Sainz/carsai01.png.transform/1col/image.png
1257,10009,63,George RUSSELL,RUS,George,Russell,Mercedes,27F4D2,https://media.formula1.com/d_driver_fallback_image.png/content/dam/fom-website/drivers/G/GEORUS01_George_Russell/georus01.png.transform/1col/image.png
1257,10009,81,Oscar PIASTRI,PIA,Oscar,Piastri,McLaren,FF8000,https://media.formula1.com/d_driver_fallback_image.png/content/dam/fom-website/drivers/O/OSCPIA01_Oscar_Piastri/oscpia01.png.transform/1col/image.png
1257,10009,87,Oliver BEARMAN,BEA,Oliver,Bearman,Haas F1 Team,B6BABD,https://media.formula1.com/d_driver_fallback_image.png/content/dam/fom-website/drivers/O/OLIBEA01_Oliver_Bearman/olibea01.png.transform/1col/image.png
1257,10010,1,Max VERSTAPPEN,VER,Max,Verstappen,Red Bull Racing,3671C6,https://media.formula1.com/d_driver_fallback_image.png/content/dam/fom-website/drivers/M/MAXVER01_Max_Verstappen/maxver01.png.transform/1col/image.png
1257,10010,4,Lando NORRIS,NOR,Lando,Norris,McLaren,FF8000,https://media.formula1.com/d_driver_fallback_image.png/content/dam/fom-website/drivers/L/LANNOR01_Lando_Norris/lannor01.png.transform/1col/image.png
1257,10010,5,Gabriel BORTOLETO,BOR,Gabriel,Bortoleto,Kick Sauber,52E252,https://media.formula1.com/d_driver_fallback_image.png/content/dam/fom-website/drivers/G/GABBOR01_Gabriel_Bortoleto/gabbor01.png.transform/1col/image.png
1257,10010,6,Isack HADJAR,HAD,Isack,Hadjar,Racing Bulls,6692FF,https://media.formula1.com/d_driver_fallback_image.png/content/dam/fom-website/drivers/I/ISAHAD01_Isack_Hadjar/isahad01.png.transform/1col/image.png
1257,10010,7,Jack DOOHAN,DOO,Jack,Doohan,Alpine,0093CC,https://media.formula1.com/d_driver_fallback_image.png/content/dam/fom-website/drivers/J/JACDOO01_Jack_Doohan/jacdoo01.png.transform/1col/image.png
1257,10010,10,Pierre GASLY,GAS,Pierre,Gasly,Alpine,0093CC,https://media.formula1.com/d_driver_fallback_image.png/content/dam/fom-website/drivers/P/PIEGAS01_Pierre_Gasly/piegas01.png.transform/1col/image.png
1257,10010,12,Kimi ANTONELLI,ANT,Kimi,Antonelli,Mercedes,27F4D2,https://media.formula1.com/d_driver_fallback_image.png/content/dam/fom-website/drivers/A/ANDANT01_Andrea%20Kimi_Antonelli/andant01.png.transform/1col/image.png
1257,10010,14,Fernando ALONSO,ALO,Fernando,Alonso,Aston Martin,229971,https://media.formula1.com/d_driver_fallback_image.png/content/dam/fom-website/drivers/F/FERALO01_Fernando_Alonso/feralo01.png.transform/1col/image.png
1257,10010,16,Charles LECLERC,LEC,Charles,Leclerc,Ferrari,E80020,https://media.formula1.com/d_driver_fallback_image.png/content/dam/fom-website/drivers/C/CHALEC01_Charles_Leclerc/chalec01.png.transform/1col/image.png
1257,10010,18,Lance STROLL,STR,Lance,Stroll,Aston Martin,229971,https://media.formula1.com/d_driver_fallback_image.png/content/dam/fom-website/drivers/L/LANSTR01_Lance_Stroll/lanstr01.png.transform/1col/image.png
1257,10010,22,Yuki TSUNODA,TSU,Yuki,Tsunoda,Red Bull Racing,3671C6,https://media.formula1.com/d_driver_fallback_image.png/content/dam/fom-website/drivers/Y/YUKTSU01_Yuki_Tsunoda/yuktsu01.png.transform/1col/image.png
1257,10010,23,Alexander ALBON,ALB,Alexander,Albon,Williams,64C4FF,https://media.formula1.com/d_driver_fallback_image.png/content/dam/fom-website/drivers/A/ALEALB01_Alexander_Albon/alealb01.png.transform/1col/image.png
1257,10010,27,Nico HULKENBERG,HUL,Nico,Hulkenberg,Kick Sauber,52E252,https://media.formula1.com/d_driver_fallback_image.png/content/dam/fom-website/drivers/N/NICHUL01_Nico_Hulkenberg/nichul01.png.transform/1col/image.png
1257,10010,30,Liam LAWSON,LAW,Liam,Lawson,Racing Bulls,6692FF,https://media.formula1.com/d_driver_fallback_image.png/content/dam/fom-website/drivers/L/LIALAW01_Liam_Lawson/lialaw01.png.transform/1col/image.png
1257,10010,31,Esteban OCON,OCO,Esteban,Ocon,Haas F1 Team,B6BABD,https://media.formula1.com/d_driver_fallback_image.png/content/dam/fom-website/drivers/E/ESTOCO01_Esteban_Ocon/estoco01.png.transform/1col/image.png
1257,10010,44,Lewis HAMILTON,HAM,Lewis,Hamilton,Ferrari,E80020,https://media.formula1.com/d_driver_fallback_image.png/content/dam/fom-website/drivers/L/LEWHAM01_Lewis_Hamilton/lewham01.png.transform/1col/image.png
1257,10010,55,Carlos SAINZ,SAI,Carlos,Sainz,Williams,64C4FF,https://media.formula1.com/d_driver_fallback_image.png/content/dam/fom-website/drivers/C/CARSAI01_Carlos_Sainz/carsai01.png.transform/1col/image.png
1257,10010,63,George RUSSELL,RUS,George,Russell,Mercedes,27F4D2,https://media.formula1.com/d_driver_fallback_image.png/content/dam/fom-website/drivers/G/GEORUS01_George_Russell/georus01.png.transform/1col/image.png
1257,10010,81,Oscar PIASTRI,PIA,Oscar,Piastri,McLaren,FF8000,https://media.formula1.com/d_driver_fallback_image.png/content/dam/fom-website/drivers/O/OSCPIA01_Oscar_Piastri/oscpia01.png.transform/1col/image.png
1257,10010,87,Oliver BEARMAN,BEA,Oliver,Bearman,Haas F1 Team,B6BABD,https://media.formula1.com/d_driver_fallback_image.png/content/dam/fom-website/drivers/O/OLIBEA01_Oliver_Bearman/olibea01.png.transform/1col/image.png
1257,10014,1,Max VERSTAPPEN,VER,Max,Verstappen,Red Bull Racing,3671C6,https://media.formula1.com/d_driver_fallback_image.png/content/dam/fom-website/drivers/M/MAXVER01_Max_Verstappen/maxver01.png.transform/1col/image.png
1257,10014,4,Lando NORRIS,NOR,Lando,Norris,McLaren,FF8000,https://media.formula1.com/d_driver_fallback_image.png/content/dam/fom-website/drivers/L/LANNOR01_Lando_Norris/lannor01.png.transform/1col/image.png
1257,10014,5,Gabriel BORTOLETO,BOR,Gabriel,Bortoleto,Kick Sauber,52E252,https://media.formula1.com/d_driver_fallback_image.png/content/dam/fom-website/drivers/G/GABBOR01_Gabriel_Bortoleto/gabbor01.png.transform/1col/image.png
1257,10014,6,Isack HADJAR,HAD,Isack,Hadjar,Racing Bulls,6692FF,https://media.formula1.com/d_driver_fallback_image.png/content/dam/fom-website/drivers/I/ISAHAD01_Isack_Hadjar/isahad01.png.transform/1col/image.png
1257,10014,7,Jack DOOHAN,DOO,Jack,Doohan,Alpine,0093CC,https://media.formula1.com/d_driver_fallback_image.png/content/dam/fom-website/drivers/J/JACDOO01_Jack_Doohan/jacdoo01.png.transform/1col/image.png
1257,10014,10,Pierre GASLY,GAS,Pierre,Gasly,Alpine,0093CC,https://media.formula1.com/d_driver_fallback_image.png/content/dam/fom-website/drivers/P/PIEGAS01_Pierre_Gasly/piegas01.png.transform/1col/image.png
1257,10014,12,Kimi ANTONELLI,ANT,Kimi,Antonelli,Mercedes,27F4D2,https://media.formula1.com/d_driver_fallback_image.png/content/dam/fom-website/drivers/A/ANDANT01_Andrea%20Kimi_Antonelli/andant01.png.transform/1col/image.png
1257,10014,14,Fernando ALONSO,ALO,Fernando,Alonso,Aston Martin,229971,https://media.formula1.com/d_driver_fallback_image.png/content/dam/fom-website/drivers/F/FERALO01_Fernando_Alonso/feralo01.png.transform/1col/image.png
1257,10014,16,Charles LECLERC,LEC,Charles,Leclerc,Ferrari,E80020,https://media.formula1.com/d_driver_fallback_image.png/content/dam/fom-website/drivers/C/CHALEC01_Charles_Leclerc/chalec01.png.transform/1col/image.png
1257,10014,18,Lance STROLL,STR,Lance,Stroll,Aston Martin,229971,https://media.formula1.com/d_driver_fallback_image.png/content/dam/fom-website/drivers/L/LANSTR01_Lance_Stroll/lanstr01.png.transform/1col/image.png
1257,10014,22,Yuki TSUNODA,TSU,Yuki,Tsunoda,Red Bull Racing,3671C6,https://media.formula1.com/d_driver_fallback_image.png/content/dam/fom-website/drivers/Y/YUKTSU01_Yuki_Tsunoda/yuktsu01.png.transform/1col/image.png
1257,10014,23,Alexander ALBON,ALB,Alexander,Albon,Williams,64C4FF,https://media.formula1.com/d_driver_fallback_image.png/content/dam/fom-website/drivers/A/ALEALB01_Alexander_Albon/alealb01.png.transform/1col/image.png
1257,10014,27,Nico HULKENBERG,HUL,Nico,Hulkenberg,Kick Sauber,52E252,https://media.formula1.com/d_driver_fallback_image.png/content/dam/fom-website/drivers/N/NICHUL01_Nico_Hulkenberg/nichul01.png.transform/1col/image.png
1257,10014,30,Liam LAWSON,LAW,Liam,Lawson,Racing Bulls,6692FF,https://media.formula1.com/d_driver_fallback_image.png/content/dam/fom-website/drivers/L/LIALAW01_Liam_Lawson/lialaw01.png.transform/1col/image.png
1257,10014,31,Esteban OCON,OCO,Esteban,Ocon,Haas F1 Team,B6BABD,https://media.formula1.com/d_driver_fallback_image.png/content/dam/fom-website/drivers/E/ESTOCO01_Esteban_Ocon/estoco01.png.transform/1col/image.png
1257,10014,44,Lewis HAMILTON,HAM,Lewis,Hamilton,Ferrari,E80020,https://media.formula1.com/d_driver_fallback_image.png/content/dam/fom-website/drivers/L/LEWHAM01_Lewis_Hamilton/lewham01.png.transform/1col/image.png
1257,10014,55,Carlos SAINZ,SAI,Carlos,Sainz,Williams,64C4FF,https://media.formula1.com/d_driver_fallback_image.png/content/dam/fom-website/drivers/C/CARSAI01_Carlos_Sainz/carsai01.png.transform/1col/image.png
1257,10014,63,George RUSSELL,RUS,George,Russell,Mercedes,27F4D2,https://media.formula1.com/d_driver_fallback_image.png/content/dam/fom-website/drivers/G/GEORUS01_George_Russell/georus01.png.transform/1col/image.png
1257,10014,81,Oscar PIASTRI,PIA,Oscar,Piastri,McLaren,FF8000,https://media.formula1.com/d_driver_fallback_image.png/content/dam/fom-website/drivers/O/OSCPIA01_Oscar_Piastri/oscpia01.png.transform/1col/image.png
1257,10014,87,Oliver BEARMAN,BEA,Oliver,Bearman,Haas F1 Team,B6BABD,https://media.formula1.com/d_driver_fallback_image.png/content/dam/fom-website/drivers/O/OLIBEA01_Oliver_Bearman/olibea01.png.transform/1col/image.png
1258,10015,1,Max VERSTAPPEN,VER,Max,Verstappen,Red Bull Racing,3671C6,https://media.formula1.com/d_driver_fallback_image.png/content/dam/fom-website/drivers/M/MAXVER01_Max_Verstappen/maxver01.png.transform/1col/image.png
1258,10015,4,Lando NORRIS,NOR,Lando,Norris,McLaren,FF8000,https://media.formula1.com/d_driver_fallback_image.png/content/dam/fom-website/drivers/L/LANNOR01_Lando_Norris/lannor01.png.transform/1col/image.png
1258,10015,5,Gabriel BORTOLETO,BOR,Gabriel,Bortoleto,Kick Sauber,52E252,https://media.formula1.com/d_driver_fallback_image.png/content/dam/fom-website/drivers/G/GABBOR01_Gabriel_Bortoleto/gabbor01.png.transform/1col/image.png
1258,10015,6,Isack HADJAR,HAD,Isack,Hadjar,Racing Bulls,6692FF,https://media.formula1.com/d_driver_fallback_image.png/content/dam/fom-website/drivers/I/ISAHAD01_Isack_Hadjar/isahad01.png.transform/1col/image.png
1258,10015,7,Jack DOOHAN,DOO,Jack,Doohan,Alpine,0093CC,https://media.formula1.com/d_driver_fallback_image.png/content/dam/fom-website/drivers/J/JACDOO01_Jack_Doohan/jacdoo01.png.transform/1col/image.png
1258,10015,10,Pierre GASLY,GAS,Pierre,Gasly,Alpine,0093CC,https://media.formula1.com/d_driver_fallback_image.png/content/dam/fom-website/drivers/P/PIEGAS01_Pierre_Gasly/piegas01.png.transform/1col/image.png
1258,10015,12,Kimi ANTONELLI,ANT,Kimi,Antonelli,Mercedes,27F4D2,https://media.formula1.com/d_driver_fallback_image.png/content/dam/fom-website/drivers/A/ANDANT01_Andrea%20Kimi_Antonelli/andant01.png.transform/1col/image.png
1258,10015,14,Fernando ALONSO,ALO,Fernando,Alonso,Aston Martin,229971,https://media.formula1.com/d_driver_fallback_image.png/content/dam/fom-website/drivers/F/FERALO01_Fernando_Alonso/feralo01.png.transform/1col/image.png
1258,10015,16,Charles LECLERC,LEC,Charles,Leclerc,Ferrari,E80020,https://media.formula1.com/d_driver_fallback_image.png/content/dam/fom-website/drivers/C/CHALEC01_Charles_Leclerc/chalec01.png.transform/1col/image.png
1258,10015,18,Lance STROLL,STR,Lance,Stroll,Aston Martin,229971,https://media.formula1.com/d_driver_fallback_image.png/content/dam/fom-website/drivers/L/LANSTR01_Lance_Stroll/lanstr01.png.transform/1col/image.png
1258,10015,22,Yuki TSUNODA,TSU,Yuki,Tsunoda,Red Bull Racing,3671C6,https://media.formula1.com/d_driver_fallback_image.png/content/dam/fom-website/drivers/Y/YUKTSU01_Yuki_Tsunoda/yuktsu01.png.transform/1col/image.png
1258,10015,23,Alexander ALBON,ALB,Alexander,Albon,Williams,64C4FF,https://media.formula1.com/d_driver_fallback_image.png/content/dam/fom-website/drivers/A/ALEALB01_Alexander_Albon/alealb01.png.transform/1col/image.png
1258,10015,27,Nico HULKENBERG,HUL,Nico,Hulkenberg,Kick Sauber,52E252,https://media.formula1.com/d_driver_fallback_image.png/content/dam/fom-website/drivers/N/NICHUL01_Nico_Hulkenberg/nichul01.png.transform/1col/image.png
1258,10015,30,Liam LAWSON,LAW,Liam,Lawson,Racing Bulls,6692FF,https://media.formula1.com/d_driver_fallback_image.png/content/dam/fom-website/drivers/L/LIALAW01_Liam_Lawson/lialaw01.png.transform/1col/image.png
1258,10015,31,Esteban OCON,OCO,Esteban,Ocon,Haas F1 Team,B6BABD,https://media.formula1.com/d_driver_fallback_image.png/content/dam/fom-website/drivers/E/ESTOCO01_Esteban_Ocon/estoco01.png.transform/1col/image.png
1258,10015,44,Lewis HAMILTON,HAM,Lewis,Hamilton,Ferrari,E80020,https://media.formula1.com/d_driver_fallback_image.png/content/dam/fom-website/drivers/L/LEWHAM01_Lewis_Hamilton/lewham01.png.transform/1col/image.png
1258,10015,55,Carlos SAINZ,SAI,Carlos,Sainz,Williams,64C4FF,https://media.formula1.com/d_driver_fallback_image.png/content/dam/fom-website/drivers/C/CARSAI01_Carlos_Sainz/carsai01.png.transform/1col/image.png
1258,10015,63,George RUSSELL,RUS,George,Russell,Mercedes,27F4D2,https://media.formula1.com/d_driver_fallback_image.png/content/dam/fom-website/drivers/G/GEORUS01_George_Russell/georus01.png.transform/1col/image.png
1258,10015,81,Oscar PIASTRI,PIA,Oscar,Piastri,McLaren,FF8000,https://media.formula1.com/d_driver_fallback_image.png/content/dam/fom-website/drivers/O/OSCPIA01_Oscar_Piastri/oscpia01.png.transform/1col/image.png
1258,10015,87,Oliver BEARMAN,BEA,Oliver,Bearman,Haas F1 Team,B6BABD,https://media.formula1.com/d_driver_fallback_image.png/content/dam/fom-website/drivers/O/OLIBEA01_Oliver_Bearman/olibea01.png.transform/1col/image.png
1258,10016,1,Max VERSTAPPEN,VER,Max,Verstappen,Red Bull Racing,3671C6,https://media.formula1.com/d_driver_fallback_image.png/content/dam/fom-website/drivers/M/MAXVER01_Max_Verstappen/maxver01.png.transform/1col/image.png
1258,10016,4,Lando NORRIS,NOR,Lando,Norris,McLaren,FF8000,https://media.formula1.com/d_driver_fallback_image.png/content/dam/fom-website/drivers/L/LANNOR01_Lando_Norris/lannor01.png.transform/1col/image.png
1258,10016,5,Gabriel BORTOLETO,BOR,Gabriel,Bortoleto,Kick Sauber,52E252,https://media.formula1.com/d_driver_fallback_image.png/content/dam/fom-website/drivers/G/GABBOR01_Gabriel_Bortoleto/gabbor01.png.transform/1col/image.png
1258,10016,6,Isack HADJAR,HAD,Isack,Hadjar,Racing Bulls,6692FF,https://media.formula1.com/d_driver_fallback_image.png/content/dam/fom-website/drivers/I/ISAHAD01_Isack_Hadjar/isahad01.png.transform/1col/image.png
1258,10016,7,Jack DOOHAN,DOO,Jack,Doohan,Alpine,0093CC,https://media.formula1.com/d_driver_fallback_image.png/content/dam/fom-website/drivers/J/JACDOO01_Jack_Doohan/jacdoo01.png.transform/1col/image.png
1258,10016,10,Pierre GASLY,GAS,Pierre,Gasly,Alpine,0093CC,https://media.formula1.com/d_driver_fallback_image.png/content/dam/fom-website/drivers/P/PIEGAS01_Pierre_Gasly/piegas01.png.transform/1col/image.png
1258,10016,12,Kimi ANTONELLI,ANT,Kimi,Antonelli,Mercedes,27F4D2,https://media.formula1.com/d_driver_fallback_image.png/content/dam/fom-website/drivers/A/ANDANT01_Andrea%20Kimi_Antonelli/andant01.png.transform/1col/image.png
1258,10016,14,Fernando ALONSO,ALO,Fernando,Alonso,Aston Martin,229971,https://media.formula1.com/d_driver_fallback_image.png/content/dam/fom-website/drivers/F/FERALO01_Fernando_Alonso/feralo01.png.transform/1col/image.png
1258,10016,16,Charles LECLERC,LEC,Charles,Leclerc,Ferrari,E80020,https://media.formula1.com/d_driver_fallback_image.png/content/dam/fom-website/drivers/C/CHALEC01_Charles_Leclerc/chalec01.png.transform/1col/image.png
1258,10016,18,Lance STROLL,STR,Lance,Stroll,Aston Martin,229971,https://media.formula1.com/d_driver_fallback_image.png/content/dam/fom-website/drivers/L/LANSTR01_Lance_Stroll/lanstr01.png.transform/1col/image.png
1258,10016,22,Yuki TSUNODA,TSU,Yuki,Tsunoda,Red Bull Racing,3671C6,https://media.formula1.com/d_driver_fallback_image.png/content/dam/fom-website/drivers/Y/YUKTSU01_Yuki_Tsunoda/yuktsu01.png.transform/1col/image.png
1258,10016,23,Alexander ALBON,ALB,Alexander,Albon,Williams,64C4FF,https://media.formula1.com/d_driver_fallback_image.png/content/dam/fom-website/drivers/A/ALEALB01_Alexander_Albon/alealb01.png.transform/1col/image.png
1258,10016,27,Nico HULKENBERG,HUL,Nico,Hulkenberg,Kick Sauber,52E252,https://media.formula1.com/d_driver_fallback_image.png/content/dam/fom-website/drivers/N/NICHUL01_Nico_Hulkenberg/nichul01.png.transform/1col/image.png
1258,10016,30,Liam LAWSON,LAW,Liam,Lawson,Racing Bulls,6692FF,https://media.formula1.com/d_driver_fallback_image.png/content/dam/fom-website/drivers/L/LIALAW01_Liam_Lawson/lialaw01.png.transform/1col/image.png
1258,10016,31,Esteban OCON,OCO,Esteban,Ocon,Haas F1 Team,B6BABD,https://media.formula1.com/d_driver_fallback_image.png/content/dam/fom-website/drivers/E/ESTOCO01_Esteban_Ocon/estoco01.png.transform/1col/image.png
1258,10016,44,Lewis HAMILTON,HAM,Lewis,Hamilton,Ferrari,E80020,https://media.formula1.com/d_driver_fallback_image.png/content/dam/fom-website/drivers/L/LEWHAM01_Lewis_Hamilton/lewham01.png.transform/1col/image.png
1258,10016,55,Carlos SAINZ,SAI,Carlos,Sainz,Williams,64C4FF,https://media.formula1.com/d_driver_fallback_image.png/content/dam/fom-website/drivers/C/CARSAI01_Carlos_Sainz/carsai01.png.transform/1col/image.png
1258,10016,63,George RUSSELL,RUS,George,Russell,Mercedes,27F4D2,https://media.formula1.com/d_driver_fallback_image.png/content/dam/fom-website/drivers/G/GEORUS01_George_Russell/georus01.png.transform/1col/image.png
1258,10016,81,Oscar PIASTRI,PIA,Oscar,Piastri,McLaren,FF8000,https://media.formula1.com/d_driver_fallback_image.png/content/dam/fom-website/drivers/O/OSCPIA01_Oscar_Piastri/oscpia01.png.transform/1col/image.png
1258,10016,87,Oliver BEARMAN,BEA,Oliver,Bearman,Haas F1 Team,B6BABD,https://media.formula1.com/d_driver_fallback_image.png/content/dam/fom-website/drivers/O/OLIBEA01_Oliver_Bearman/olibea01.png.transform/1col/image.png
1258,10017,1,Max VERSTAPPEN,VER,Max,Verstappen,Red Bull Racing,3671C6,https://media.formula1.com/d_driver_fallback_image.png/content/dam/fom-website/drivers/M/MAXVER01_Max_Verstappen/maxver01.png.transform/1col/image.png
1258,10017,4,Lando NORRIS,NOR,Lando,Norris,McLaren,FF8000,https://media.formula1.com/d_driver_fallback_image.png/content/dam/fom-website/drivers/L/LANNOR01_Lando_Norris/lannor01.png.transform/1col/image.png
1258,10017,5,Gabriel BORTOLETO,BOR,Gabriel,Bortoleto,Kick Sauber,52E252,https://media.formula1.com/d_driver_fallback_image.png/content/dam/fom-website/drivers/G/GABBOR01_Gabriel_Bortoleto/gabbor01.png.transform/1col/image.png
1258,10017,6,Isack HADJAR,HAD,Isack,Hadjar,Racing Bulls,6692FF,https://media.formula1.com/d_driver_fallback_image.png/content/dam/fom-website/drivers/I/ISAHAD01_Isack_Hadjar/isahad01.png.transform/1col/image.png
1258,10017,7,Jack DOOHAN,DOO,Jack,Doohan,Alpine,0093CC,https://media.formula1.com/d_driver_fallback_image.png/content/dam/fom-website/drivers/J/JACDOO01_Jack_Doohan/jacdoo01.png.transform/1col/image.png
1258,10017,10,Pierre GASLY,GAS,Pierre,Gasly,Alpine,0093CC,https://media.formula1.com/d_driver_fallback_image.png/content/dam/fom-website/drivers/P/PIEGAS01_Pierre_Gasly/piegas01.png.transform/1col/image.png
1258,10017,12,Kimi ANTONELLI,ANT,Kimi,Antonelli,Mercedes,27F4D2,https://media.formula1.com/d_driver_fallback_image.png/content/dam/fom-website/drivers/A/ANDANT01_Andrea%20Kimi_Antonelli/andant01.png.transform/1col/image.png
1258,10017,14,Fernando ALONSO,ALO,Fernando,Alonso,Aston Martin,229971,https://media.formula1.com/d_driver_fallback_image.png/content/dam/fom-website/drivers/F/FERALO01_Fernando_Alonso/feralo01.png.transform/1col/image.png
1258,10017,16,Charles LECLERC,LEC,Charles,Leclerc,Ferrari,E80020,https://media.formula1.com/d_driver_fallback_image.png/content/dam/fom-website/drivers/C/CHALEC01_Charles_Leclerc/chalec01.png.transform/1col/image.png
1258,10017,18,Lance STROLL,STR,Lance,Stroll,Aston Martin,229971,https://media.formula1.com/d_driver_fallback_image.png/content/dam/fom-website/drivers/L/LANSTR01_Lance_Stroll/lanstr01.png.transform/1col/image.png
1258,10017,22,Yuki TSUNODA,TSU,Yuki,Tsunoda,Red Bull Racing,3671C6,https://media.formula1.com/d_driver_fallback_image.png/content/dam/fom-website/drivers/Y/YUKTSU01_Yuki_Tsunoda/yuktsu01.png.transform/1col/image.png
1258,10017,23,Alexander ALBON,ALB,Alexander,Albon,Williams,64C4FF,https://media.formula1.com/d_driver_fallback_image.png/content/dam/fom-website/drivers/A/ALEALB01_Alexander_Albon/alealb01.png.transform/1col/image.png
1258,10017,27,Nico HULKENBERG,HUL,Nico,Hulkenberg,Kick Sauber,52E252,https://media.formula1.com/d_driver_fallback_image.png/content/dam/fom-website/drivers/N/NICHUL01_Nico_Hulkenberg/nichul01.png.transform/1col/image.png
1258,10017,30,Liam LAWSON,LAW,Liam,Lawson,Racing Bulls,6692FF,https://media.formula1.com/d_driver_fallback_image.png/content/dam/fom-website/drivers/L/LIALAW01_Liam_Lawson/lialaw01.png.transform/1col/image.png
1258,10017,31,Esteban OCON,OCO,Esteban,Ocon,Haas F1 Team,B6BABD,https://media.formula1.com/d_driver_fallback_image.png/content/dam/fom-website/drivers/E/ESTOCO01_Esteban_Ocon/estoco01.png.transform/1col/image.png
1258,10017,44,Lewis HAMILTON,HAM,Lewis,Hamilton,Ferrari,E80020,https://media.formula1.com/d_driver_fallback_image.png/content/dam/fom-website/drivers/L/LEWHAM01_Lewis_Hamilton/lewham01.png.transform/1col/image.png
1258,10017,55,Carlos SAINZ,SAI,Carlos,Sainz,Williams,64C4FF,https://media.formula1.com/d_driver_fallback_image.png/content/dam/fom-website/drivers/C/CARSAI01_Carlos_Sainz/carsai01.png.transform/1col/image.png
1258,10017,63,George RUSSELL,RUS,George,Russell,Mercedes,27F4D2,https://media.formula1.com/d_driver_fallback_image.png/content/dam/fom-website/drivers/G/GEORUS01_George_Russell/georus01.png.transform/1col/image.png
1258,10017,81,Oscar PIASTRI,PIA,Oscar,Piastri,McLaren,FF8000,https://media.formula1.com/d_driver_fallback_image.png/content/dam/fom-website/drivers/O/OSCPIA01_Oscar_Piastri/oscpia01.png.transform/1col/image.png
1258,10017,87,Oliver BEARMAN,BEA,Oliver,Bearman,Haas F1 Team,B6BABD,https://media.formula1.com/d_driver_fallback_image.png/content/dam/fom-website/drivers/O/OLIBEA01_Oliver_Bearman/olibea01.png.transform/1col/image.png
1258,10018,1,Max VERSTAPPEN,VER,Max,Verstappen,Red Bull Racing,3671C6,https://media.formula1.com/d_driver_fallback_image.png/content/dam/fom-website/drivers/M/MAXVER01_Max_Verstappen/maxver01.png.transform/1col/image.png
1258,10018,4,Lando NORRIS,NOR,Lando,Norris,McLaren,FF8000,https://media.formula1.com/d_driver_fallback_image.png/content/dam/fom-website/drivers/L/LANNOR01_Lando_Norris/lannor01.png.transform/1col/image.png
1258,10018,5,Gabriel BORTOLETO,BOR,Gabriel,Bortoleto,Kick Sauber,52E252,https://media.formula1.com/d_driver_fallback_image.png/content/dam/fom-website/drivers/G/GABBOR01_Gabriel_Bortoleto/gabbor01.png.transform/1col/image.png
1258,10018,6,Isack HADJAR,HAD,Isack,Hadjar,Racing Bulls,6692FF,https://media.formula1.com/d_driver_fallback_image.png/content/dam/fom-website/drivers/I/ISAHAD01_Isack_Hadjar/isahad01.png.transform/1col/image.png
1258,10018,7,Jack DOOHAN,DOO,Jack,Doohan,Alpine,0093CC,https://media.formula1.com/d_driver_fallback_image.png/content/dam/fom-website/drivers/J/JACDOO01_Jack_Doohan/jacdoo01.png.transform/1col/image.png
1258,10018,10,Pierre GASLY,GAS,Pierre,Gasly,Alpine,0093CC,https://media.formula1.com/d_driver_fallback_image.png/content/dam/fom-website/drivers/P/PIEGAS01_Pierre_Gasly/piegas01.png.transform/1col/image.png
1258,10018,12,Kimi ANTONELLI,ANT,Kimi,Antonelli,Mercedes,27F4D2,https://media.formula1.com/d_driver_fallback_image.png/content/dam/fom-website/drivers/A/ANDANT01_Andrea%20Kimi_Antonelli/andant01.png.transform/1col/image.png
1258,10018,14,Fernando ALONSO,ALO,Fernando,Alonso,Aston Martin,229971,https://media.formula1.com/d_driver_fallback_image.png/content/dam/fom-website/drivers/F/FERALO01_Fernando_Alonso/feralo01.png.transform/1col/image.png
1258,10018,16,Charles LECLERC,LEC,Charles,Leclerc,Ferrari,E80020,https://media.formula1.com/d_driver_fallback_image.png/content/dam/fom-website/drivers/C/CHALEC01_Charles_Leclerc/chalec01.png.transform/1col/image.png
1258,10018,18,Lance STROLL,STR,Lance,Stroll,Aston Martin,229971,https://media.formula1.com/d_driver_fallback_image.png/content/dam/fom-website/drivers/L/LANSTR01_Lance_Stroll/lanstr01.png.transform/1col/image.png
1258,10018,22,Yuki TSUNODA,TSU,Yuki,Tsunoda,Red Bull Racing,3671C6,https://media.formula1.com/d_driver_fallback_image.png/content/dam/fom-website/drivers/Y/YUKTSU01_Yuki_Tsunoda/yuktsu01.png.transform/1col/image.png
1258,10018,23,Alexander ALBON,ALB,Alexander,Albon,Williams,64C4FF,https://media.formula1.com/d_driver_fallback_image.png/content/dam/fom-website/drivers/A/ALEALB01_Alexander_Albon/alealb01.png.transform/1col/image.png
1258,10018,27,Nico HULKENBERG,HUL,Nico,Hulkenberg,Kick Sauber,52E252,https://media.formula1.com/d_driver_fallback_image.png/content/dam/fom-website/drivers/N/NICHUL01_Nico_Hulkenberg/nichul01.png.transform/1col/image.png
1258,10018,30,Liam LAWSON,LAW,Liam,Lawson,Racing Bulls,6692FF,https://media.formula1.com/d_driver_fallback_image.png/content/dam/fom-website/drivers/L/LIALAW01_Liam_Lawson/lialaw01.png.transform/1col/image.png
1258,10018,31,Esteban OCON,OCO,Esteban,Ocon,Haas F1 Team,B6BABD,https://media.formula1.com/d_driver_fallback_image.png/content/dam/fom-website/drivers/E/ESTOCO01_Esteban_Ocon/estoco01.png.transform/1col/image.png
1258,10018,44,Lewis HAMILTON,HAM,Lewis,Hamilton,Ferrari,E80020,https://media.formula1.com/d_driver_fallback_image.png/content/dam/fom-website/drivers/L/LEWHAM01_Lewis_Hamilton/lewham01.png.transform/1col/image.png
1258,10018,55,Carlos SAINZ,SAI,Carlos,Sainz,Williams,64C4FF,https://media.formula1.com/d_driver_fallback_image.png/content/dam/fom-website/drivers/C/CARSAI01_Carlos_Sainz/carsai01.png.transform/1col/image.png
1258,10018,63,George RUSSELL,RUS,George,Russell,Mercedes,27F4D2,https://media.formula1.com/d_driver_fallback_image.png/content/dam/fom-website/drivers/G/GEORUS01_George_Russell/georus01.png.transform/1col/image.png
1258,10018,81,Oscar PIASTRI,PIA,Oscar,Piastri,McLaren,FF8000,https://media.formula1.com/d_driver_fallback_image.png/content/dam/fom-website/drivers/O/OSCPIA01_Oscar_Piastri/oscpia01.png.transform/1col/image.png
1258,10018,87,Oliver BEARMAN,BEA,Oliver,Bearman,Haas F1 Team,B6BABD,https://media.formula1.com/d_driver_fallback_image.png/content/dam/fom-website/drivers/O/OLIBEA01_Oliver_Bearman/olibea01.png.transform/1col/image.png
1258,10022,1,Max VERSTAPPEN,VER,Max,Verstappen,Red Bull Racing,3671C6,https://media.formula1.com/d_driver_fallback_image.png/content/dam/fom-website/drivers/M/MAXVER01_Max_Verstappen/maxver01.png.transform/1col/image.png
1258,10022,4,Lando NORRIS,NOR,Lando,Norris,McLaren,FF8000,https://media.formula1.com/d_driver_fallback_image.png/content/dam/fom-website/drivers/L/LANNOR01_Lando_Norris/lannor01.png.transform/1col/image.png
1258,10022,5,Gabriel BORTOLETO,BOR,Gabriel,Bortoleto,Kick Sauber,52E252,https://media.formula1.com/d_driver_fallback_image.png/content/dam/fom-website/drivers/G/GABBOR01_Gabriel_Bortoleto/gabbor01.png.transform/1col/image.png
1258,10022,6,Isack HADJAR,HAD,Isack,Hadjar,Racing Bulls,6692FF,https://media.formula1.com/d_driver_fallback_image.png/content/dam/fom-website/drivers/I/ISAHAD01_Isack_Hadjar/isahad01.png.transform/1col/image.png
1258,10022,7,Jack DOOHAN,DOO,Jack,Doohan,Alpine,0093CC,https://media.formula1.com/d_driver_fallback_image.png/content/dam/fom-website/drivers/J/JACDOO01_Jack_Doohan/jacdoo01.png.transform/1col/image.png
1258,10022,10,Pierre GASLY,GAS,Pierre,Gasly,Alpine,0093CC,https://media.formula1.com/d_driver_fallback_image.png/content/dam/fom-website/drivers/P/PIEGAS01_Pierre_Gasly/piegas01.png.transform/1col/image.png
1258,10022,12,Kimi ANTONELLI,ANT,Kimi,Antonelli,Mercedes,27F4D2,https://media.formula1.com/d_driver_fallback_image.png/content/dam/fom-website/drivers/A/ANDANT01_Andrea%20Kimi_Antonelli/andant01.png.transform/1col/image.png
1258,10022,14,Fernando ALONSO,ALO,Fernando,Alonso,Aston Martin,229971,https://media.formula1.com/d_driver_fallback_image.png/content/dam/fom-website/drivers/F/FERALO01_Fernando_Alonso/feralo01.png.transform/1col/image.png
1258,10022,16,Charles LECLERC,LEC,Charles,Leclerc,Ferrari,E80020,https://media.formula1.com/d_driver_fallback_image.png/content/dam/fom-website/drivers/C/CHALEC01_Charles_Leclerc/chalec01.png.transform/1col/image.png
1258,10022,18,Lance STROLL,STR,Lance,Stroll,Aston Martin,229971,https://media.formula1.com/d_driver_fallback_image.png/content/dam/fom-website/drivers/L/LANSTR01_Lance_Stroll/lanstr01.png.transform/1col/image.png
1258,10022,22,Yuki TSUNODA,TSU,Yuki,Tsunoda,Red Bull Racing,3671C6,https://media.formula1.com/d_driver_fallback_image.png/content/dam/fom-website/drivers/Y/YUKTSU01_Yuki_Tsunoda/yuktsu01.png.transform/1col/image.png
1258,10022,23,Alexander ALBON,ALB,Alexander,Albon,Williams,64C4FF,https://media.formula1.com/d_driver_fallback_image.png/content/dam/fom-website/drivers/A/ALEALB01_Alexander_Albon/alealb01.png.transform/1col/image.png
1258,10022,27,Nico HULKENBERG,HUL,Nico,Hulkenberg,Kick Sauber,52E252,https://media.formula1.com/d_driver_fallback_image.png/content/dam/fom-website/drivers/N/NICHUL01_Nico_Hulkenberg/nichul01.png.transform/1col/image.png
1258,10022,30,Liam LAWSON,LAW,Liam,Lawson,Racing Bulls,6692FF,https://media.formula1.com/d_driver_fallback_image.png/content/dam/fom-website/drivers/L/LIALAW01_Liam_Lawson/lialaw01.png.transform/1col/image.png
1258,10022,31,Esteban OCON,OCO,Esteban,Ocon,Haas F1 Team,B6BABD,https://media.formula1.com/d_driver_fallback_image.png/content/dam/fom-website/drivers/E/ESTOCO01_Esteban_Ocon/estoco01.png.transform/1col/image.png
1258,10022,44,Lewis HAMILTON,HAM,Lewis,Hamilton,Ferrari,E80020,https://media.formula1.com/d_driver_fallback_image.png/content/dam/fom-website/drivers/L/LEWHAM01_Lewis_Hamilton/lewham01.png.transform/1col/image.png
1258,10022,55,Carlos SAINZ,SAI,Carlos,Sainz,Williams,64C4FF,https://media.formula1.com/d_driver_fallback_image.png/content/dam/fom-website/drivers/C/CARSAI01_Carlos_Sainz/carsai01.png.transform/1col/image.png
1258,10022,63,George RUSSELL,RUS,George,Russell,Mercedes,27F4D2,https://media.formula1.com/d_driver_fallback_image.png/content/dam/fom-website/drivers/G/GEORUS01_George_Russell/georus01.png.transform/1col/image.png
1258,10022,81,Oscar PIASTRI,PIA,Oscar,Piastri,McLaren,FF8000,https://media.formula1.com/d_driver_fallback_image.png/content/dam/fom-website/drivers/O/OSCPIA01_Oscar_Piastri/oscpia01.png.transform/1col/image.png
1258,10022,87,Oliver BEARMAN,BEA,Oliver,Bearman,Haas F1 Team,B6BABD,https://media.formula1.com/d_driver_fallback_image.png/content/dam/fom-website/drivers/O/OLIBEA01_Oliver_Bearman/olibea01.png.transform/1col/image.png
1259,10023,1,Max VERSTAPPEN,VER,Max,Verstappen,Red Bull Racing,3671C6,https://media.formula1.com/d_driver_fallback_image.png/content/dam/fom-website/drivers/M/MAXVER01_Max_Verstappen/maxver01.png.transform/1col/image.png
1259,10023,4,Lando NORRIS,NOR,Lando,Norris,McLaren,FF8000,https://media.formula1.com/d_driver_fallback_image.png/content/dam/fom-website/drivers/L/LANNOR01_Lando_Norris/lannor01.png.transform/1col/image.png
1259,10023,5,Gabriel BORTOLETO,BOR,Gabriel,Bortoleto,Kick Sauber,52E252,https://media.formula1.com/d_driver_fallback_image.png/content/dam/fom-website/drivers/G/GABBOR01_Gabriel_Bortoleto/gabbor01.png.transform/1col/image.png
1259,10023,6,Isack HADJAR,HAD,Isack,Hadjar,Racing Bulls,6692FF,https://media.formula1.com/d_driver_fallback_image.png/content/dam/fom-website/drivers/I/ISAHAD01_Isack_Hadjar/isahad01.png.transform/1col/image.png
1259,10023,7,Jack DOOHAN,DOO,Jack,Doohan,Alpine,0093CC,https://media.formula1.com/d_driver_fallback_image.png/content/dam/fom-website/drivers/J/JACDOO01_Jack_Doohan/jacdoo01.png.transform/1col/image.png
1259,10023,10,Pierre GASLY,GAS,Pierre,Gasly,Alpine,0093CC,https://media.formula1.com/d_driver_fallback_image.png/content/dam/fom-website/drivers/P/PIEGAS01_Pierre_Gasly/piegas01.png.transform/1col/image.png
1259,10023,12,Kimi ANTONELLI,ANT,Kimi,Antonelli,Mercedes,27F4D2,https://media.formula1.com/d_driver_fallback_image.png/content/dam/fom-website/drivers/A/ANDANT01_Andrea%20Kimi_Antonelli/andant01.png.transform/1col/image.png
1259,10023,14,Fernando ALONSO,ALO,Fernando,Alonso,Aston Martin,229971,https://media.formula1.com/d_driver_fallback_image.png/content/dam/fom-website/drivers/F/FERALO01_Fernando_Alonso/feralo01.png.transform/1col/image.png
1259,10023,16,Charles LECLERC,LEC,Charles,Leclerc,Ferrari,E80020,https://media.formula1.com/d_driver_fallback_image.png/content/dam/fom-website/drivers/C/CHALEC01_Charles_Leclerc/chalec01.png.transform/1col/image.png
1259,10023,18,Lance STROLL,STR,Lance,Stroll,Aston Martin,229971,https://media.formula1.com/d_driver_fallback_image.png/content/dam/fom-website/drivers/L/LANSTR01_Lance_Stroll/lanstr01.png.transform/1col/image.png
1259,10023,22,Yuki TSUNODA,TSU,Yuki,Tsunoda,Red Bull Racing,3671C6,https://media.formula1.com/d_driver_fallback_image.png/content/dam/fom-website/drivers/Y/YUKTSU01_Yuki_Tsunoda/yuktsu01.png.transform/1col/image.png
1259,10023,23,Alexander ALBON,ALB,Alexander,Albon,Williams,64C4FF,https://media.formula1.com/d_driver_fallback_image.png/content/dam/fom-website/drivers/A/ALEALB01_Alexander_Albon/alealb01.png.transform/1col/image.png
1259,10023,27,Nico HULKENBERG,HUL,Nico,Hulkenberg,Kick Sauber,52E252,https://media.formula1.com/d_driver_fallback_image.png/content/dam/fom-website/drivers/N/NICHUL01_Nico_Hulkenberg/nichul01.png.transform/1col/image.png
1259,10023,30,Liam LAWSON,LAW,Liam,Lawson,Racing Bulls,6692FF,https://media.formula1.com/d_driver_fallback_image.png/content/dam/fom-website/drivers/L/LIALAW01_Liam_Lawson/lialaw01.png.transform/1col/image.png
1259,10023,31,Esteban OCON,OCO,Esteban,Ocon,Haas F1 Team,B6BABD,https://media.formula1.com/d_driver_fallback_image.png/content/dam/fom-website/drivers/E/ESTOCO01_Esteban_Ocon/estoco01.png.transform/1col/image.png
1259,10023,44,Lewis HAMILTON,HAM,Lewis,Hamilton,Ferrari,E80020,https://media.formula1.com/d_driver_fallback_image.png/content/dam/fom-website/drivers/L/LEWHAM01_Lewis_Hamilton/lewham01.png.transform/1col/image.png
1259,10023,55,Carlos SAINZ,SAI,Carlos,Sainz,Williams,64C4FF,https://media.formula1.com/d_driver_fallback_image.png/content/dam/fom-website/drivers/C/CARSAI01_Carlos_Sainz/carsai01.png.transform/1col/image.png
1259,10023,63,George RUSSELL,RUS,George,Russell,Mercedes,27F4D2,https://media.formula1.com/d_driver_fallback_image.png/content/dam/fom-website/drivers/G/GEORUS01_George_Russell/georus01.png.transform/1col/image.png
1259,10023,81,Oscar PIASTRI,PIA,Oscar,Piastri,McLaren,FF8000,https://media.formula1.com/d_driver_fallback_image.png/content/dam/fom-website/drivers/O/OSCPIA01_Oscar_Piastri/oscpia01.png.transform/1col/image.png
1259,10023,87,Oliver BEARMAN,BEA,Oliver,Bearman,Haas F1 Team,B6BABD,https://media.formula1.com/d_driver_fallback_image.png/content/dam/fom-website/drivers/O/OLIBEA01_Oliver_Bearman/olibea01.png.transform/1col/image.png
1259,10024,1,Max VERSTAPPEN,VER,Max,Verstappen,Red Bull Racing,3671C6,https://media.formula1.com/d_driver_fallback_image.png/content/dam/fom-website/drivers/M/MAXVER01_Max_Verstappen/maxver01.png.transform/1col/image.png
1259,10024,4,Lando NORRIS,NOR,Lando,Norris,McLaren,FF8000,https://media.formula1.com/d_driver_fallback_image.png/content/dam/fom-website/drivers/L/LANNOR01_Lando_Norris/lannor01.png.transform/1col/image.png
1259,10024,5,Gabriel BORTOLETO,BOR,Gabriel,Bortoleto,Kick Sauber,52E252,https://media.formula1.com/d_driver_fallback_image.png/content/dam/fom-website/drivers/G/GABBOR01_Gabriel_Bortoleto/gabbor01.png.transform/1col/image.png
1259,10024,6,Isack HADJAR,HAD,Isack,Hadjar,Racing Bulls,6692FF,https://media.formula1.com/d_driver_fallback_image.png/content/dam/fom-website/drivers/I/ISAHAD01_Isack_Hadjar/isahad01.png.transform/1col/image.png
1259,10024,7,Jack DOOHAN,DOO,Jack,Doohan,Alpine,0093CC,https://media.formula1.com/d_driver_fallback_image.png/content/dam/fom-website/drivers/J/JACDOO01_Jack_Doohan/jacdoo01.png.transform/1col/image.png
1259,10024,10,Pierre GASLY,GAS,Pierre,Gasly,Alpine,0093CC,https://media.formula1.com/d_driver_fallback_image.png/content/dam/fom-website/drivers/P/PIEGAS01_Pierre_Gasly/piegas01.png.transform/1col/image.png
1259,10024,12,Kimi ANTONELLI,ANT,Kimi,Antonelli,Mercedes,27F4D2,https://media.formula1.com/d_driver_fallback_image.png/content/dam/fom-website/drivers/A/ANDANT01_Andrea%20Kimi_Antonelli/andant01.png.transform/1col/image.png
1259,10024,14,Fernando ALONSO,ALO,Fernando,Alonso,Aston Martin,229971,https://media.formula1.com/d_driver_fallback_image.png/content/dam/fom-website/drivers/F/FERALO01_Fernando_Alonso/feralo01.png.transform/1col/image.png
1259,10024,16,Charles LECLERC,LEC,Charles,Leclerc,Ferrari,E80020,https://media.formula1.com/d_driver_fallback_image.png/content/dam/fom-website/drivers/C/CHALEC01_Charles_Leclerc/chalec01.png.transform/1col/image.png
1259,10024,18,Lance STROLL,STR,Lance,Stroll,Aston Martin,229971,https://media.formula1.com/d_driver_fallback_image.png/content/dam/fom-website/drivers/L/LANSTR01_Lance_Stroll/lanstr01.png.transform/1col/image.png
1259,10024,22,Yuki TSUNODA,TSU,Yuki,Tsunoda,Red Bull Racing,3671C6,https://media.formula1.com/d_driver_fallback_image.png/content/dam/fom-website/drivers/Y/YUKTSU01_Yuki_Tsunoda/yuktsu01.png.transform/1col/image.png
1259,10024,23,Alexander ALBON,ALB,Alexander,Albon,Williams,64C4FF,https://media.formula1.com/d_driver_fallback_image.png/content/dam/fom-website/drivers/A/ALEALB01_Alexander_Albon/alealb01.png.transform/1col/image.png
1259,10024,27,Nico HULKENBERG,HUL,Nico,Hulkenberg,Kick Sauber,52E252,https://media.formula1.com/d_driver_fallback_image.png/content/dam/fom-website/drivers/N/NICHUL01_Nico_Hulkenberg/nichul01.png.transform/1col/image.png
1259,10024,30,Liam LAWSON,LAW,Liam,Lawson,Racing Bulls,6692FF,https://media.formula1.com/d_driver_fallback_image.png/content/dam/fom-website/drivers/L/LIALAW01_Liam_Lawson/lialaw01.png.transform/1col/image.png
1259,10024,31,Esteban OCON,OCO,Esteban,Ocon,Haas F1 Team,B6BABD,https://media.formula1.com/d_driver_fallback_image.png/content/dam/fom-website/drivers/E/ESTOCO01_Esteban_Ocon/estoco01.png.transform/1col/image.png
1259,10024,44,Lewis HAMILTON,HAM,Lewis,Hamilton,Ferrari,E80020,https://media.formula1.com/d_driver_fallback_image.png/content/dam/fom-website/drivers/L/LEWHAM01_Lewis_Hamilton/lewham01.png.transform/1col/image.png
1259,10024,55,Carlos SAINZ,SAI,Carlos,Sainz,Williams,64C4FF,https://media.formula1.com/d_driver_fallback_image.png/content/dam/fom-website/drivers/C/CARSAI01_Carlos_Sainz/carsai01.png.transform/1col/image.png
1259,10024,63,George RUSSELL,RUS,George,Russell,Mercedes,27F4D2,https://media.formula1.com/d_driver_fallback_image.png/content/dam/fom-website/drivers/G/GEORUS01_George_Russell/georus01.png.transform/1col/image.png
1259,10024,81,Oscar PIASTRI,PIA,Oscar,Piastri,McLaren,FF8000,https://media.formula1.com/d_driver_fallback_image.png/content/dam/fom-website/drivers/O/OSCPIA01_Oscar_Piastri/oscpia01.png.transform/1col/image.png
1259,10024,87,Oliver BEARMAN,BEA,Oliver,Bearman,Haas F1 Team,B6BABD,https://media.formula1.com/d_driver_fallback_image.png/content/dam/fom-website/drivers/O/OLIBEA01_Oliver_Bearman/olibea01.png.transform/1col/image.png
1259,10028,1,Max VERSTAPPEN,VER,Max,Verstappen,Red Bull Racing,3671C6,https://media.formula1.com/d_driver_fallback_image.png/content/dam/fom-website/drivers/M/MAXVER01_Max_Verstappen/maxver01.png.transform/1col/image.png
1259,10028,4,Lando NORRIS,NOR,Lando,Norris,McLaren,FF8000,https://media.formula1.com/d_driver_fallback_image.png/content/dam/fom-website/drivers/L/LANNOR01_Lando_Norris/lannor01.png.transform/1col/image.png
1259,10028,5,Gabriel BORTOLETO,BOR,Gabriel,Bortoleto,Kick Sauber,52E252,https://media.formula1.com/d_driver_fallback_image.png/content/dam/fom-website/drivers/G/GABBOR01_Gabriel_Bortoleto/gabbor01.png.transform/1col/image.png
1259,10028,6,Isack HADJAR,HAD,Isack,Hadjar,Racing Bulls,6692FF,https://media.formula1.com/d_driver_fallback_image.png/content/dam/fom-website/drivers/I/ISAHAD01_Isack_Hadjar/isahad01.png.transform/1col/image.png
1259,10028,7,Jack DOOHAN,DOO,Jack,Doohan,Alpine,0093CC,https://media.formula1.com/d_driver_fallback_image.png/content/dam/fom-website/drivers/J/JACDOO01_Jack_Doohan/jacdoo01.png.transform/1col/image.png
1259,10028,10,Pierre GASLY,GAS,Pierre,Gasly,Alpine,0093CC,https://media.formula1.com/d_driver_fallback_image.png/content/dam/fom-website/drivers/P/PIEGAS01_Pierre_Gasly/piegas01.png.transform/1col/image.png
1259,10028,12,Kimi ANTONELLI,ANT,Kimi,Antonelli,Mercedes,27F4D2,https://media.formula1.com/d_driver_fallback_image.png/content/dam/fom-website/drivers/A/ANDANT01_Andrea%20Kimi_Antonelli/andant01.png.transform/1col/image.png
1259,10028,14,Fernando ALONSO,ALO,Fernando,Alonso,Aston Martin,229971,https://media.formula1.com/d_driver_fallback_image.png/content/dam/fom-website/drivers/F/FERALO01_Fernando_Alonso/feralo01.png.transform/1col/image.png
1259,10028,16,Charles LECLERC,LEC,Charles,Leclerc,Ferrari,E80020,https://media.formula1.com/d_driver_fallback_image.png/content/dam/fom-website/drivers/C/CHALEC01_Charles_Leclerc/chalec01.png.transform/1col/image.png
1259,10028,18,Lance STROLL,STR,Lance,Stroll,Aston Martin,229971,https://media.formula1.com/d_driver_fallback_image.png/content/dam/fom-website/drivers/L/LANSTR01_Lance_Stroll/lanstr01.png.transform/1col/image.png
1259,10028,22,Yuki TSUNODA,TSU,Yuki,Tsunoda,Red Bull Racing,3671C6,https://media.formula1.com/d_driver_fallback_image.png/content/dam/fom-website/drivers/Y/YUKTSU01_Yuki_Tsunoda/yuktsu01.png.transform/1col/image.png
1259,10028,23,Alexander ALBON,ALB,Alexander,Albon,Williams,64C4FF,https://media.formula1.com/d_driver_fallback_image.png/content/dam/fom-website/drivers/A/ALEALB01_Alexander_Albon/alealb01.png.transform/1col/image.png
1259,10028,27,Nico HULKENBERG,HUL,Nico,Hulkenberg,Kick Sauber,52E252,https://media.formula1.com/d_driver_fallback_image.png/content/dam/fom-website/drivers/N/NICHUL01_Nico_Hulkenberg/nichul01.png.transform/1col/image.png
1259,10028,30,Liam LAWSON,LAW,Liam,Lawson,Racing Bulls,6692FF,https://media.formula1.com/d_driver_fallback_image.png/content/dam/fom-website/drivers/L/LIALAW01_Liam_Lawson/lialaw01.png.transform/1col/image.png
1259,10028,31,Esteban OCON,OCO,Esteban,Ocon,Haas F1 Team,B6BABD,https://media.formula1.com/d_driver_fallback_image.png/content/dam/fom-website/drivers/E/ESTOCO01_Esteban_Ocon/estoco01.png.transform/1col/image.png
1259,10028,44,Lewis HAMILTON,HAM,Lewis,Hamilton,Ferrari,E80020,https://media.formula1.com/d_driver_fallback_image.png/content/dam/fom-website/drivers/L/LEWHAM01_Lewis_Hamilton/lewham01.png.transform/1col/image.png
1259,10028,55,Carlos SAINZ,SAI,Carlos,Sainz,Williams,64C4FF,https://media.formula1.com/d_driver_fallback_image.png/content/dam/fom-website/drivers/C/CARSAI01_Carlos_Sainz/carsai01.png.transform/1col/image.png
1259,10028,63,George RUSSELL,RUS,George,Russell,Mercedes,27F4D2,https://media.formula1.com/d_driver_fallback_image.png/content/dam/fom-website/drivers/G/GEORUS01_George_Russell/georus01.png.transform/1col/image.png
1259,10028,81,Oscar PIASTRI,PIA,Oscar,Piastri,McLaren,FF8000,https://media.formula1.com/d_driver_fallback_image.png/content/dam/fom-website/drivers/O/OSCPIA01_Oscar_Piastri/oscpia01.png.transform/1col/image.png
1259,10028,87,Oliver BEARMAN,BEA,Oliver,Bearman,Haas F1 Team,B6BABD,https://media.formula1.com/d_driver_fallback_image.png/content/dam/fom-website/drivers/O/OLIBEA01_Oliver_Bearman/olibea01.png.transform/1col/image.png
1259,10029,1,Max VERSTAPPEN,VER,Max,Verstappen,Red Bull Racing,3671C6,https://media.formula1.com/d_driver_fallback_image.png/content/dam/fom-website/drivers/M/MAXVER01_Max_Verstappen/maxver01.png.transform/1col/image.png
1259,10029,4,Lando NORRIS,NOR,Lando,Norris,McLaren,FF8000,https://media.formula1.com/d_driver_fallback_image.png/content/dam/fom-website/drivers/L/LANNOR01_Lando_Norris/lannor01.png.transform/1col/image.png
1259,10029,5,Gabriel BORTOLETO,BOR,Gabriel,Bortoleto,Kick Sauber,52E252,https://media.formula1.com/d_driver_fallback_image.png/content/dam/fom-website/drivers/G/GABBOR01_Gabriel_Bortoleto/gabbor01.png.transform/1col/image.png
1259,10029,6,Isack HADJAR,HAD,Isack,Hadjar,Racing Bulls,6692FF,https://media.formula1.com/d_driver_fallback_image.png/content/dam/fom-website/drivers/I/ISAHAD01_Isack_Hadjar/isahad01.png.transform/1col/image.png
1259,10029,7,Jack DOOHAN,DOO,Jack,Doohan,Alpine,0093CC,https://media.formula1.com/d_driver_fallback_image.png/content/dam/fom-website/drivers/J/JACDOO01_Jack_Doohan/jacdoo01.png.transform/1col/image.png
1259,10029,10,Pierre GASLY,GAS,Pierre,Gasly,Alpine,0093CC,https://media.formula1.com/d_driver_fallback_image.png/content/dam/fom-website/drivers/P/PIEGAS01_Pierre_Gasly/piegas01.png.transform/1col/image.png
1259,10029,12,Kimi ANTONELLI,ANT,Kimi,Antonelli,Mercedes,27F4D2,https://media.formula1.com/d_driver_fallback_image.png/content/dam/fom-website/drivers/A/ANDANT01_Andrea%20Kimi_Antonelli/andant01.png.transform/1col/image.png
1259,10029,14,Fernando ALONSO,ALO,Fernando,Alonso,Aston Martin,229971,https://media.formula1.com/d_driver_fallback_image.png/content/dam/fom-website/drivers/F/FERALO01_Fernando_Alonso/feralo01.png.transform/1col/image.png
1259,10029,16,Charles LECLERC,LEC,Charles,Leclerc,Ferrari,E80020,https://media.formula1.com/d_driver_fallback_image.png/content/dam/fom-website/drivers/C/CHALEC01_Charles_Leclerc/chalec01.png.transform/1col/image.png
1259,10029,18,Lance STROLL,STR,Lance,Stroll,Aston Martin,229971,https://media.formula1.com/d_driver_fallback_image.png/content/dam/fom-website/drivers/L/LANSTR01_Lance_Stroll/lanstr01.png.transform/1col/image.png
1259,10029,22,Yuki TSUNODA,TSU,Yuki,Tsunoda,Red Bull Racing,3671C6,https://media.formula1.com/d_driver_fallback_image.png/content/dam/fom-website/drivers/Y/YUKTSU01_Yuki_Tsunoda/yuktsu01.png.transform/1col/image.png
1259,10029,23,Alexander ALBON,ALB,Alexander,Albon,Williams,64C4FF,https://media.formula1.com/d_driver_fallback_image.png/content/dam/fom-website/drivers/A/ALEALB01_Alexander_Albon/alealb01.png.transform/1col/image.png
1259,10029,27,Nico HULKENBERG,HUL,Nico,Hulkenberg,Kick Sauber,52E252,https://media.formula1.com/d_driver_fallback_image.png/content/dam/fom-website/drivers/N/NICHUL01_Nico_Hulkenberg/nichul01.png.transform/1col/image.png
1259,10029,30,Liam LAWSON,LAW,Liam,Lawson,Racing Bulls,6692FF,https://media.formula1.com/d_driver_fallback_image.png/content/dam/fom-website/drivers/L/LIALAW01_Liam_Lawson/lialaw01.png.transform/1col/image.png
1259,10029,31,Esteban OCON,OCO,Esteban,Ocon,Haas F1 Team,B6BABD,https://media.formula1.com/d_driver_fallback_image.png/content/dam/fom-website/drivers/E/ESTOCO01_Esteban_Ocon/estoco01.png.transform/1col/image.png
1259,10029,44,Lewis HAMILTON,HAM,Lewis,Hamilton,Ferrari,E80020,https://media.formula1.com/d_driver_fallback_image.png/content/dam/fom-website/drivers/L/LEWHAM01_Lewis_Hamilton/lewham01.png.transform/1col/image.png
1259,10029,55,Carlos SAINZ,SAI,Carlos,Sainz,Williams,64C4FF,https://media.formula1.com/d_driver_fallback_image.png/content/dam/fom-website/drivers/C/CARSAI01_Carlos_Sainz/carsai01.png.transform/1col/image.png
1259,10029,63,George RUSSELL,RUS,George,Russell,Mercedes,27F4D2,https://media.formula1.com/d_driver_fallback_image.png/content/dam/fom-website/drivers/G/GEORUS01_George_Russell/georus01.png.transform/1col/image.png
1259,10029,81,Oscar PIASTRI,PIA,Oscar,Piastri,McLaren,FF8000,https://media.formula1.com/d_driver_fallback_image.png/content/dam/fom-website/drivers/O/OSCPIA01_Oscar_Piastri/oscpia01.png.transform/1col/image.png
1259,10029,87,Oliver BEARMAN,BEA,Oliver,Bearman,Haas F1 Team,B6BABD,https://media.formula1.com/d_driver_fallback_image.png/content/dam/fom-website/drivers/O/OLIBEA01_Oliver_Bearman/olibea01.png.transform/1col/image.png
1259,10033,1,Max VERSTAPPEN,VER,Max,Verstappen,Red Bull Racing,3671C6,https://media.formula1.com/d_driver_fallback_image.png/content/dam/fom-website/drivers/M/MAXVER01_Max_Verstappen/maxver01.png.transform/1col/image.png
1259,10033,4,Lando NORRIS,NOR,Lando,Norris,McLaren,FF8000,https://media.formula1.com/d_driver_fallback_image.png/content/dam/fom-website/drivers/L/LANNOR01_Lando_Norris/lannor01.png.transform/1col/image.png
1259,10033,5,Gabriel BORTOLETO,BOR,Gabriel,Bortoleto,Kick Sauber,52E252,https://media.formula1.com/d_driver_fallback_image.png/content/dam/fom-website/drivers/G/GABBOR01_Gabriel_Bortoleto/gabbor01.png.transform/1col/image.png
1259,10033,6,Isack HADJAR,HAD,Isack,Hadjar,Racing Bulls,6692FF,https://media.formula1.com/d_driver_fallback_image.png/content/dam/fom-website/drivers/I/ISAHAD01_Isack_Hadjar/isahad01.png.transform/1col/image.png
1259,10033,7,Jack DOOHAN,DOO,Jack,Doohan,Alpine,0093CC,https://media.formula1.com/d_driver_fallback_image.png/content/dam/fom-website/drivers/J/JACDOO01_Jack_Doohan/jacdoo01.png.transform/1col/image.png
1259,10033,10,Pierre GASLY,GAS,Pierre,Gasly,Alpine,0093CC,https://media.formula1.com/d_driver_fallback_image.png/content/dam/fom-website/drivers/P/PIEGAS01_Pierre_Gasly/piegas01.png.transform/1col/image.png
1259,10033,12,Kimi ANTONELLI,ANT,Kimi,Antonelli,Mercedes,27F4D2,https://media.formula1.com/d_driver_fallback_image.png/content/dam/fom-website/drivers/A/ANDANT01_Andrea%20Kimi_Antonelli/andant01.png.transform/1col/image.png
1259,10033,14,Fernando ALONSO,ALO,Fernando,Alonso,Aston Martin,229971,https://media.formula1.com/d_driver_fallback_image.png/content/dam/fom-website/drivers/F/FERALO01_Fernando_Alonso/feralo01.png.transform/1col/image.png
1259,10033,16,Charles LECLERC,LEC,Charles,Leclerc,Ferrari,E80020,https://media.formula1.com/d_driver_fallback_image.png/content/dam/fom-website/drivers/C/CHALEC01_Charles_Leclerc/chalec01.png.transform/1col/image.png
1259,10033,18,Lance STROLL,STR,Lance,Stroll,Aston Martin,229971,https://media.formula1.com/d_driver_fallback_image.png/content/dam/fom-website/drivers/L/LANSTR01_Lance_Stroll/lanstr01.png.transform/1col/image.png
1259,10033,22,Yuki TSUNODA,TSU,Yuki,Tsunoda,Red Bull Racing,3671C6,https://media.formula1.com/d_driver_fallback_image.png/content/dam/fom-website/drivers/Y/YUKTSU01_Yuki_Tsunoda/yuktsu01.png.transform/1col/image.png
1259,10033,23,Alexander ALBON,ALB,Alexander,Albon,Williams,64C4FF,https://media.formula1.com/d_driver_fallback_image.png/content/dam/fom-website/drivers/A/ALEALB01_Alexander_Albon/alealb01.png.transform/1col/image.png
1259,10033,27,Nico HULKENBERG,HUL,Nico,Hulkenberg,Kick Sauber,52E252,https://media.formula1.com/d_driver_fallback_image.png/content/dam/fom-website/drivers/N/NICHUL01_Nico_Hulkenberg/nichul01.png.transform/1col/image.png
1259,10033,30,Liam LAWSON,LAW,Liam,Lawson,Racing Bulls,6692FF,https://media.formula1.com/d_driver_fallback_image.png/content/dam/fom-website/drivers/L/LIALAW01_Liam_Lawson/lialaw01.png.transform/1col/image.png
1259,10033,31,Esteban OCON,OCO,Esteban,Ocon,Haas F1 Team,B6BABD,https://media.formula1.com/d_driver_fallback_image.png/content/dam/fom-website/drivers/E/ESTOCO01_Esteban_Ocon/estoco01.png.transform/1col/image.png
1259,10033,44,Lewis HAMILTON,HAM,Lewis,Hamilton,Ferrari,E80020,https://media.formula1.com/d_driver_fallback_image.png/content/dam/fom-website/drivers/L/LEWHAM01_Lewis_Hamilton/lewham01.png.transform/1col/image.png
1259,10033,55,Carlos SAINZ,SAI,Carlos,Sainz,Williams,64C4FF,https://media.formula1.com/d_driver_fallback_image.png/content/dam/fom-website/drivers/C/CARSAI01_Carlos_Sainz/carsai01.png.transform/1col/image.png
1259,10033,63,George RUSSELL,RUS,George,Russell,Mercedes,27F4D2,https://media.formula1.com/d_driver_fallback_image.png/content/dam/fom-website/drivers/G/GEORUS01_George_Russell/georus01.png.transform/1col/image.png
1259,10033,81,Oscar PIASTRI,PIA,Oscar,Piastri,McLaren,FF8000,https://media.formula1.com/d_driver_fallback_image.png/content/dam/fom-website/drivers/O/OSCPIA01_Oscar_Piastri/oscpia01.png.transform/1col/image.png
1259,10033,87,Oliver BEARMAN,BEA,Oliver,Bearman,Haas F1 Team,B6BABD,https://media.formula1.com/d_driver_fallback_image.png/content/dam/fom-website/drivers/O/OLIBEA01_Oliver_Bearman/olibea01.png.transform/1col/image.png
1260,9980,1,Max VERSTAPPEN,VER,Max,Verstappen,Red Bull Racing,3671C6,https://media.formula1.com/d_driver_fallback_image.png/content/dam/fom-website/drivers/M/MAXVER01_Max_Verstappen/maxver01.png.transform/1col/image.png
1260,9980,4,Lando NORRIS,NOR,Lando,Norris,McLaren,FF8000,https://media.formula1.com/d_driver_fallback_image.png/content/dam/fom-website/drivers/L/LANNOR01_Lando_Norris/lannor01.png.transform/1col/image.png
1260,9980,5,Gabriel BORTOLETO,BOR,Gabriel,Bortoleto,Kick Sauber,52E252,https://media.formula1.com/d_driver_fallback_image.png/content/dam/fom-website/drivers/G/GABBOR01_Gabriel_Bortoleto/gabbor01.png.transform/1col/image.png
1260,9980,6,Isack HADJAR,HAD,Isack,Hadjar,Racing Bulls,6692FF,https://media.formula1.com/d_driver_fallback_image.png/content/dam/fom-website/drivers/I/ISAHAD01_Isack_Hadjar/isahad01.png.transform/1col/image.png
1260,9980,10,Pierre GASLY,GAS,Pierre,Gasly,Alpine,0093CC,https://media.formula1.com/d_driver_fallback_image.png/content/dam/fom-website/drivers/P/PIEGAS01_Pierre_Gasly/piegas01.png.transform/1col/image.png
1260,9980,12,Kimi ANTONELLI,ANT,Kimi,Antonelli,Mercedes,27F4D2,https://media.formula1.com/d_driver_fallback_image.png/content/dam/fom-website/drivers/A/ANDANT01_Andrea%20Kimi_Antonelli/andant01.png.transform/1col/image.png
1260,9980,14,Fernando ALONSO,ALO,Fernando,Alonso,Aston Martin,229971,https://media.formula1.com/d_driver_fallback_image.png/content/dam/fom-website/drivers/F/FERALO01_Fernando_Alonso/feralo01.png.transform/1col/image.png
1260,9980,16,Charles LECLERC,LEC,Charles,Leclerc,Ferrari,E80020,https://media.formula1.com/d_driver_fallback_image.png/content/dam/fom-website/drivers/C/CHALEC01_Charles_Leclerc/chalec01.png.transform/1col/image.png
1260,9980,18,Lance STROLL,STR,Lance,Stroll,Aston Martin,229971,https://media.formula1.com/d_driver_fallback_image.png/content/dam/fom-website/drivers/L/LANSTR01_Lance_Stroll/lanstr01.png.transform/1col/image.png
1260,9980,22,Yuki TSUNODA,TSU,Yuki,Tsunoda,Red Bull Racing,3671C6,https://media.formula1.com/d_driver_fallback_image.png/content/dam/fom-website/drivers/Y/YUKTSU01_Yuki_Tsunoda/yuktsu01.png.transform/1col/image.png
1260,9980,23,Alexander ALBON,ALB,Alexander,Albon,Williams,64C4FF,https://media.formula1.com/d_driver_fallback_image.png/content/dam/fom-website/drivers/A/ALEALB01_Alexander_Albon/alealb01.png.transform/1col/image.png
1260,9980,27,Nico HULKENBERG,HUL,Nico,Hulkenberg,Kick Sauber,52E252,https://media.formula1.com/d_driver_fallback_image.png/content/dam/fom-website/drivers/N/NICHUL01_Nico_Hulkenberg/nichul01.png.transform/1col/image.png
1260,9980,30,Liam LAWSON,LAW,Liam,Lawson,Racing Bulls,6692FF,https://media.formula1.com/d_driver_fallback_image.png/content/dam/fom-website/drivers/L/LIALAW01_Liam_Lawson/lialaw01.png.transform/1col/image.png
1260,9980,31,Esteban OCON,OCO,Esteban,Ocon,Haas F1 Team,B6BABD,https://media.formula1.com/d_driver_fallback_image.png/content/dam/fom-website/drivers/E/ESTOCO01_Esteban_Ocon/estoco01.png.transform/1col/image.png
1260,9980,43,Franco COLAPINTO,COL,Franco,Colapinto,Alpine,0093CC,
1260,9980,44,Lewis HAMILTON,HAM,Lewis,Hamilton,Ferrari,E80020,https://media.formula1.com/d_driver_fallback_image.png/content/dam/fom-website/drivers/L/LEWHAM01_Lewis_Hamilton/lewham01.png.transform/1col/image.png
1260,9980,55,Carlos SAINZ,SAI,Carlos,Sainz,Williams,64C4FF,https://media.formula1.com/d_driver_fallback_image.png/content/dam/fom-website/drivers/C/CARSAI01_Carlos_Sainz/carsai01.png.transform/1col/image.png
1260,9980,63,George RUSSELL,RUS,George,Russell,Mercedes,27F4D2,https://media.formula1.com/d_driver_fallback_image.png/content/dam/fom-website/drivers/G/GEORUS01_George_Russell/georus01.png.transform/1col/image.png
1260,9980,81,Oscar PIASTRI,PIA,Oscar,Piastri,McLaren,FF8000,https://media.formula1.com/d_driver_fallback_image.png/content/dam/fom-website/drivers/O/OSCPIA01_Oscar_Piastri/oscpia01.png.transform/1col/image.png
1260,9980,87,Oliver BEARMAN,BEA,Oliver,Bearman,Haas F1 Team,B6BABD,https://media.formula1.com/d_driver_fallback_image.png/content/dam/fom-website/drivers/O/OLIBEA01_Oliver_Bearman/olibea01.png.transform/1col/image.png
1260,9981,1,Max VERSTAPPEN,VER,Max,Verstappen,Red Bull Racing,3671C6,https://media.formula1.com/d_driver_fallback_image.png/content/dam/fom-website/drivers/M/MAXVER01_Max_Verstappen/maxver01.png.transform/1col/image.png
1260,9981,4,Lando NORRIS,NOR,Lando,Norris,McLaren,FF8000,https://media.formula1.com/d_driver_fallback_image.png/content/dam/fom-website/drivers/L/LANNOR01_Lando_Norris/lannor01.png.transform/1col/image.png
1260,9981,5,Gabriel BORTOLETO,BOR,Gabriel,Bortoleto,Kick Sauber,52E252,https://media.formula1.com/d_driver_fallback_image.png/content/dam/fom-website/drivers/G/GABBOR01_Gabriel_Bortoleto/gabbor01.png.transform/1col/image.png
1260,9981,6,Isack HADJAR,HAD,Isack,Hadjar,Racing Bulls,6692FF,https://media.formula1.com/d_driver_fallback_image.png/content/dam/fom-website/drivers/I/ISAHAD01_Isack_Hadjar/isahad01.png.transform/1col/image.png
1260,9981,10,Pierre GASLY,GAS,Pierre,Gasly,Alpine,0093CC,https://media.formula1.com/d_driver_fallback_image.png/content/dam/fom-website/drivers/P/PIEGAS01_Pierre_Gasly/piegas01.png.transform/1col/image.png
1260,9981,12,Kimi ANTONELLI,ANT,Kimi,Antonelli,Mercedes,27F4D2,https://media.formula1.com/d_driver_fallback_image.png/content/dam/fom-website/drivers/A/ANDANT01_Andrea%20Kimi_Antonelli/andant01.png.transform/1col/image.png
1260,9981,14,Fernando ALONSO,ALO,Fernando,Alonso,Aston Martin,229971,https://media.formula1.com/d_driver_fallback_image.png/content/dam/fom-website/drivers/F/FERALO01_Fernando_Alonso/feralo01.png.transform/1col/image.png
1260,9981,16,Charles LECLERC,LEC,Charles,Leclerc,Ferrari,E80020,https://media.formula1.com/d_driver_fallback_image.png/content/dam/fom-website/drivers/C/CHALEC01_Charles_Leclerc/chalec01.png.transform/1col/image.png
1260,9981,18,Lance STROLL,STR,Lance,Stroll,Aston Martin,229971,https://media.formula1.com/d_driver_fallback_image.png/content/dam/fom-website/drivers/L/LANSTR01_Lance_Stroll/lanstr01.png.transform/1col/image.png
1260,9981,22,Yuki TSUNODA,TSU,Yuki,Tsunoda,Red Bull Racing,3671C6,https://media.formula1.com/d_driver_fallback_image.png/content/dam/fom-website/drivers/Y/YUKTSU01_Yuki_Tsunoda/yuktsu01.png.transform/1col/image.png
1260,9981,23,Alexander ALBON,ALB,Alexander,Albon,Williams,64C4FF,https://media.formula1.com/d_driver_fallback_image.png/content/dam/fom-website/drivers/A/ALEALB01_Alexander_Albon/alealb01.png.transform/1col/image.png
1260,9981,27,Nico HULKENBERG,HUL,Nico,Hulkenberg,Kick Sauber,52E252,https://media.formula1.com/d_driver_fallback_image.png/content/dam/fom-website/drivers/N/NICHUL01_Nico_Hulkenberg/nichul01.png.transform/1col/image.png
1260,9981,30,Liam LAWSON,LAW,Liam,Lawson,Racing Bulls,6692FF,https://media.formula1.com/d_driver_fallback_image.png/content/dam/fom-website/drivers/L/LIALAW01_Liam_Lawson/lialaw01.png.transform/1col/image.png
1260,9981,31,Esteban OCON,OCO,Esteban,Ocon,Haas F1 Team,B6BABD,https://media.formula1.com/d_driver_fallback_image.png/content/dam/fom-website/drivers/E/ESTOCO01_Esteban_Ocon/estoco01.png.transform/1col/image.png
1260,9981,43,Franco COLAPINTO,COL,Franco,Colapinto,Alpine,0093CC,
1260,9981,44,Lewis HAMILTON,HAM,Lewis,Hamilton,Ferrari,E80020,https://media.formula1.com/d_driver_fallback_image.png/content/dam/fom-website/drivers/L/LEWHAM01_Lewis_Hamilton/lewham01.png.transform/1col/image.png
1260,9981,55,Carlos SAINZ,SAI,Carlos,Sainz,Williams,64C4FF,https://media.formula1.com/d_driver_fallback_image.png/content/dam/fom-website/drivers/C/CARSAI01_Carlos_Sainz/carsai01.png.transform/1col/image.png
1260,9981,63,George RUSSELL,RUS,George,Russell,Mercedes,27F4D2,https://media.formula1.com/d_driver_fallback_image.png/content/dam/fom-website/drivers/G/GEORUS01_George_Russell/georus01.png.transform/1col/image.png
1260,9981,81,Oscar PIASTRI,PIA,Oscar,Piastri,McLaren,FF8000,https://media.formula1.com/d_driver_fallback_image.png/content/dam/fom-website/drivers/O/OSCPIA01_Oscar_Piastri/oscpia01.png.transform/1col/image.png
1260,9981,87,Oliver BEARMAN,BEA,Oliver,Bearman,Haas F1 Team,B6BABD,https://media.formula1.com/d_driver_fallback_image.png/content/dam/fom-website/drivers/O/OLIBEA01_Oliver_Bearman/olibea01.png.transform/1col/image.png
1260,9982,1,Max VERSTAPPEN,VER,Max,Verstappen,Red Bull Racing,3671C6,https://media.formula1.com/d_driver_fallback_image.png/content/dam/fom-website/drivers/M/MAXVER01_Max_Verstappen/maxver01.png.transform/1col/image.png
1260,9982,4,Lando NORRIS,NOR,Lando,Norris,McLaren,FF8000,https://media.formula1.com/d_driver_fallback_image.png/content/dam/fom-website/drivers/L/LANNOR01_Lando_Norris/lannor01.png.transform/1col/image.png
1260,9982,5,Gabriel BORTOLETO,BOR,Gabriel,Bortoleto,Kick Sauber,52E252,https://media.formula1.com/d_driver_fallback_image.png/content/dam/fom-website/drivers/G/GABBOR01_Gabriel_Bortoleto/gabbor01.png.transform/1col/image.png
1260,9982,6,Isack HADJAR,HAD,Isack,Hadjar,Racing Bulls,6692FF,https://media.formula1.com/d_driver_fallback_image.png/content/dam/fom-website/drivers/I/ISAHAD01_Isack_Hadjar/isahad01.png.transform/1col/image.png
1260,9982,10,Pierre GASLY,GAS,Pierre,Gasly,Alpine,0093CC,https://media.formula1.com/d_driver_fallback_image.png/content/dam/fom-website/drivers/P/PIEGAS01_Pierre_Gasly/piegas01.png.transform/1col/image.png
1260,9982,12,Kimi ANTONELLI,ANT,Kimi,Antonelli,Mercedes,27F4D2,https://media.formula1.com/d_driver_fallback_image.png/content/dam/fom-website/drivers/A/ANDANT01_Andrea%20Kimi_Antonelli/andant01.png.transform/1col/image.png
1260,9982,14,Fernando ALONSO,ALO,Fernando,Alonso,Aston Martin,229971,https://media.formula1.com/d_driver_fallback_image.png/content/dam/fom-website/drivers/F/FERALO01_Fernando_Alonso/feralo01.png.transform/1col/image.png
1260,9982,16,Charles LECLERC,LEC,Charles,Leclerc,Ferrari,E80020,https://media.formula1.com/d_driver_fallback_image.png/content/dam/fom-website/drivers/C/CHALEC01_Charles_Leclerc/chalec01.png.transform/1col/image.png
1260,9982,18,Lance STROLL,STR,Lance,Stroll,Aston Martin,229971,https://media.formula1.com/d_driver_fallback_image.png/content/dam/fom-website/drivers/L/LANSTR01_Lance_Stroll/lanstr01.png.transform/1col/image.png
1260,9982,22,Yuki TSUNODA,TSU,Yuki,Tsunoda,Red Bull Racing,3671C6,https://media.formula1.com/d_driver_fallback_image.png/content/dam/fom-website/drivers/Y/YUKTSU01_Yuki_Tsunoda/yuktsu01.png.transform/1col/image.png
1260,9982,23,Alexander ALBON,ALB,Alexander,Albon,Williams,64C4FF,https://media.formula1.com/d_driver_fallback_image.png/content/dam/fom-website/drivers/A/ALEALB01_Alexander_Albon/alealb01.png.transform/1col/image.png
1260,9982,27,Nico HULKENBERG,HUL,Nico,Hulkenberg,Kick Sauber,52E252,https://media.formula1.com/d_driver_fallback_image.png/content/dam/fom-website/drivers/N/NICHUL01_Nico_Hulkenberg/nichul01.png.transform/1col/image.png
1260,9982,30,Liam LAWSON,LAW,Liam,Lawson,Racing Bulls,6692FF,https://media.formula1.com/d_driver_fallback_image.png/content/dam/fom-website/drivers/L/LIALAW01_Liam_Lawson/lialaw01.png.transform/1col/image.png
1260,9982,31,Esteban OCON,OCO,Esteban,Ocon,Haas F1 Team,B6BABD,https://media.formula1.com/d_driver_fallback_image.png/content/dam/fom-website/drivers/E/ESTOCO01_Esteban_Ocon/estoco01.png.transform/1col/image.png
1260,9982,43,Franco COLAPINTO,COL,Franco,Colapinto,Alpine,0093CC,
1260,9982,44,Lewis HAMILTON,HAM,Lewis,Hamilton,Ferrari,E80020,https://media.formula1.com/d_driver_fallback_image.png/content/dam/fom-website/drivers/L/LEWHAM01_Lewis_Hamilton/lewham01.png.transform/1col/image.png
1260,9982,55,Carlos SAINZ,SAI,Carlos,Sainz,Williams,64C4FF,https://media.formula1.com/d_driver_fallback_image.png/content/dam/fom-website/drivers/C/CARSAI01_Carlos_Sainz/carsai01.png.transform/1col/image.png
1260,9982,63,George RUSSELL,RUS,George,Russell,Mercedes,27F4D2,https://media.formula1.com/d_driver_fallback_image.png/content/dam/fom-website/drivers/G/GEORUS01_George_Russell/georus01.png.transform/1col/image.png
1260,9982,81,Oscar PIASTRI,PIA,Oscar,Piastri,McLaren,FF8000,https://media.formula1.com/d_driver_fallback_image.png/content/dam/fom-website/drivers/O/OSCPIA01_Oscar_Piastri/oscpia01.png.transform/1col/image.png
1260,9982,87,Oliver BEARMAN,BEA,Oliver,Bearman,Haas F1 Team,B6BABD,https://media.formula1.com/d_driver_fallback_image.png/content/dam/fom-website/drivers/O/OLIBEA01_Oliver_Bearman/olibea01.png.transform/1col/image.png
1260,9983,1,Max VERSTAPPEN,VER,Max,Verstappen,Red Bull Racing,3671C6,https://media.formula1.com/d_driver_fallback_image.png/content/dam/fom-website/drivers/M/MAXVER01_Max_Verstappen/maxver01.png.transform/1col/image.png
1260,9983,4,Lando NORRIS,NOR,Lando,Norris,McLaren,FF8000,https://media.formula1.com/d_driver_fallback_image.png/content/dam/fom-website/drivers/L/LANNOR01_Lando_Norris/lannor01.png.transform/1col/image.png
1260,9983,5,Gabriel BORTOLETO,BOR,Gabriel,Bortoleto,Kick Sauber,52E252,https://media.formula1.com/d_driver_fallback_image.png/content/dam/fom-website/drivers/G/GABBOR01_Gabriel_Bortoleto/gabbor01.png.transform/1col/image.png
1260,9983,6,Isack HADJAR,HAD,Isack,Hadjar,Racing Bulls,6692FF,https://media.formula1.com/d_driver_fallback_image.png/content/dam/fom-website/drivers/I/ISAHAD01_Isack_Hadjar/isahad01.png.transform/1col/image.png
1260,9983,10,Pierre GASLY,GAS,Pierre,Gasly,Alpine,0093CC,https://media.formula1.com/d_driver_fallback_image.png/content/dam/fom-website/drivers/P/PIEGAS01_Pierre_Gasly/piegas01.png.transform/1col/image.png
1260,9983,12,Kimi ANTONELLI,ANT,Kimi,Antonelli,Mercedes,27F4D2,https://media.formula1.com/d_driver_fallback_image.png/content/dam/fom-website/drivers/A/ANDANT01_Andrea%20Kimi_Antonelli/andant01.png.transform/1col/image.png
1260,9983,14,Fernando ALONSO,ALO,Fernando,Alonso,Aston Martin,229971,https://media.formula1.com/d_driver_fallback_image.png/content/dam/fom-website/drivers/F/FERALO01_Fernando_Alonso/feralo01.png.transform/1col/image.png
1260,9983,16,Charles LECLERC,LEC,Charles,Leclerc,Ferrari,E80020,https://media.formula1.com/d_driver_fallback_image.png/content/dam/fom-website/drivers/C/CHALEC01_Charles_Leclerc/chalec01.png.transform/1col/image.png
1260,9983,18,Lance STROLL,STR,Lance,Stroll,Aston Martin,229971,https://media.formula1.com/d_driver_fallback_image.png/content/dam/fom-website/drivers/L/LANSTR01_Lance_Stroll/lanstr01.png.transform/1col/image.png
1260,9983,22,Yuki TSUNODA,TSU,Yuki,Tsunoda,Red Bull Racing,3671C6,https://media.formula1.com/d_driver_fallback_image.png/content/dam/fom-website/drivers/Y/YUKTSU01_Yuki_Tsunoda/yuktsu01.png.transform/1col/image.png
1260,9983,23,Alexander ALBON,ALB,Alexander,Albon,Williams,64C4FF,https://media.formula1.com/d_driver_fallback_image.png/content/dam/fom-website/drivers/A/ALEALB01_Alexander_Albon/alealb01.png.transform/1col/image.png
1260,9983,27,Nico HULKENBERG,HUL,Nico,Hulkenberg,Kick Sauber,52E252,https://media.formula1.com/d_driver_fallback_image.png/content/dam/fom-website/drivers/N/NICHUL01_Nico_Hulkenberg/nichul01.png.transform/1col/image.png
1260,9983,30,Liam LAWSON,LAW,Liam,Lawson,Racing Bulls,6692FF,https://media.formula1.com/d_driver_fallback_image.png/content/dam/fom-website/drivers/L/LIALAW01_Liam_Lawson/lialaw01.png.transform/1col/image.png
1260,9983,31,Esteban OCON,OCO,Esteban,Ocon,Haas F1 Team,B6BABD,https://media.formula1.com/d_driver_fallback_image.png/content/dam/fom-website/drivers/E/ESTOCO01_Esteban_Ocon/estoco01.png.transform/1col/image.png
1260,9983,43,Franco COLAPINTO,COL,Franco,Colapinto,Alpine,0093CC,
1260,9983,44,Lewis HAMILTON,HAM,Lewis,Hamilton,Ferrari,E80020,https://media.formula1.com/d_driver_fallback_image.png/content/dam/fom-website/drivers/L/LEWHAM01_Lewis_Hamilton/lewham01.png.transform/1col/image.png
1260,9983,55,Carlos SAINZ,SAI,Carlos,Sainz,Williams,64C4FF,https://media.formula1.com/d_driver_fallback_image.png/content/dam/fom-website/drivers/C/CARSAI01_Carlos_Sainz/carsai01.png.transform/1col/image.png
1260,9983,63,George RUSSELL,RUS,George,Russell,Mercedes,27F4D2,https://media.formula1.com/d_driver_fallback_image.png/content/dam/fom-website/drivers/G/GEORUS01_George_Russell/georus01.png.transform/1col/image.png
1260,9983,81,Oscar PIASTRI,PIA,Oscar,Piastri,McLaren,FF8000,https://media.formula1.com/d_driver_fallback_image.png/content/dam/fom-website/drivers/O/OSCPIA01_Oscar_Piastri/oscpia01.png.transform/1col/image.png
1260,9983,87,Oliver BEARMAN,BEA,Oliver,Bearman,Haas F1 Team,B6BABD,https://media.formula1.com/d_driver_fallback_image.png/content/dam/fom-website/drivers/O/OLIBEA01_Oliver_Bearman/olibea01.png.transform/1col/image.png
1260,9987,1,Max VERSTAPPEN,VER,Max,Verstappen,Red Bull Racing,3671C6,https://media.formula1.com/d_driver_fallback_image.png/content/dam/fom-website/drivers/M/MAXVER01_Max_Verstappen/maxver01.png.transform/1col/image.png
1260,9987,4,Lando NORRIS,NOR,Lando,Norris,McLaren,FF8000,https://media.formula1.com/d_driver_fallback_image.png/content/dam/fom-website/drivers/L/LANNOR01_Lando_Norris/lannor01.png.transform/1col/image.png
1260,9987,5,Gabriel BORTOLETO,BOR,Gabriel,Bortoleto,Kick Sauber,52E252,https://media.formula1.com/d_driver_fallback_image.png/content/dam/fom-website/drivers/G/GABBOR01_Gabriel_Bortoleto/gabbor01.png.transform/1col/image.png
1260,9987,6,Isack HADJAR,HAD,Isack,Hadjar,Racing Bulls,6692FF,https://media.formula1.com/d_driver_fallback_image.png/content/dam/fom-website/drivers/I/ISAHAD01_Isack_Hadjar/isahad01.png.transform/1col/image.png
1260,9987,10,Pierre GASLY,GAS,Pierre,Gasly,Alpine,0093CC,https://media.formula1.com/d_driver_fallback_image.png/content/dam/fom-website/drivers/P/PIEGAS01_Pierre_Gasly/piegas01.png.transform/1col/image.png
1260,9987,12,Kimi ANTONELLI,ANT,Kimi,Antonelli,Mercedes,27F4D2,https://media.formula1.com/d_driver_fallback_image.png/content/dam/fom-website/drivers/A/ANDANT01_Andrea%20Kimi_Antonelli/andant01.png.transform/1col/image.png
1260,9987,14,Fernando ALONSO,ALO,Fernando,Alonso,Aston Martin,229971,https://media.formula1.com/d_driver_fallback_image.png/content/dam/fom-website/drivers/F/FERALO01_Fernando_Alonso/feralo01.png.transform/1col/image.png
1260,9987,16,Charles LECLERC,LEC,Charles,Leclerc,Ferrari,E80020,https://media.formula1.com/d_driver_fallback_image.png/content/dam/fom-website/drivers/C/CHALEC01_Charles_Leclerc/chalec01.png.transform/1col/image.png
1260,9987,18,Lance STROLL,STR,Lance,Stroll,Aston Martin,229971,https://media.formula1.com/d_driver_fallback_image.png/content/dam/fom-website/drivers/L/LANSTR01_Lance_Stroll/lanstr01.png.transform/1col/image.png
1260,9987,22,Yuki TSUNODA,TSU,Yuki,Tsunoda,Red Bull Racing,3671C6,https://media.formula1.com/d_driver_fallback_image.png/content/dam/fom-website/drivers/Y/YUKTSU01_Yuki_Tsunoda/yuktsu01.png.transform/1col/image.png
1260,9987,23,Alexander ALBON,ALB,Alexander,Albon,Williams,64C4FF,https://media.formula1.com/d_driver_fallback_image.png/content/dam/fom-website/drivers/A/ALEALB01_Alexander_Albon/alealb01.png.transform/1col/image.png
1260,9987,27,Nico HULKENBERG,HUL,Nico,Hulkenberg,Kick Sauber,52E252,https://media.formula1.com/d_driver_fallback_image.png/content/dam/fom-website/drivers/N/NICHUL01_Nico_Hulkenberg/nichul01.png.transform/1col/image.png
1260,9987,30,Liam LAWSON,LAW,Liam,Lawson,Racing Bulls,6692FF,https://media.formula1.com/d_driver_fallback_image.png/content/dam/fom-website/drivers/L/LIALAW01_Liam_Lawson/lialaw01.png.transform/1col/image.png
1260,9987,31,Esteban OCON,OCO,Esteban,Ocon,Haas F1 Team,B6BABD,https://media.formula1.com/d_driver_fallback_image.png/content/dam/fom-website/drivers/E/ESTOCO01_Esteban_Ocon/estoco01.png.transform/1col/image.png
1260,9987,43,Franco COLAPINTO,COL,Franco,Colapinto,Alpine,0093CC,
1260,9987,44,Lewis HAMILTON,HAM,Lewis,Hamilton,Ferrari,E80020,https://media.formula1.com/d_driver_fallback_image.png/content/dam/fom-website/drivers/L/LEWHAM01_Lewis_Hamilton/lewham01.png.transform/1col/image.png
1260,9987,55,Carlos SAINZ,SAI,Carlos,Sainz,Williams,64C4FF,https://media.formula1.com/d_driver_fallback_image.png/content/dam/fom-website/drivers/C/CARSAI01_Carlos_Sainz/carsai01.png.transform/1col/image.png
1260,9987,63,George RUSSELL,RUS,George,Russell,Mercedes,27F4D2,https://media.formula1.com/d_driver_fallback_image.png/content/dam/fom-website/drivers/G/GEORUS01_George_Russell/georus01.png.transform/1col/image.png
1260,9987,81,Oscar PIASTRI,PIA,Oscar,Piastri,McLaren,FF8000,https://media.formula1.com/d_driver_fallback_image.png/content/dam/fom-website/drivers/O/OSCPIA01_Oscar_Piastri/oscpia01.png.transform/1col/image.png
1260,9987,87,Oliver BEARMAN,BEA,Oliver,Bearman,Haas F1 Team,B6BABD,https://media.formula1.com/d_driver_fallback_image.png/content/dam/fom-website/drivers/O/OLIBEA01_Oliver_Bearman/olibea01.png.transform/1col/image.png
1261,9972,1,Max VERSTAPPEN,VER,Max,Verstappen,Red Bull Racing,4781D7,https://media.formula1.com/d_driver_fallback_image.png/content/dam/fom-website/drivers/M/MAXVER01_Max_Verstappen/maxver01.png.transform/1col/image.png
1261,9972,4,Lando NORRIS,NOR,Lando,Norris,McLaren,F47600,https://media.formula1.com/d_driver_fallback_image.png/content/dam/fom-website/drivers/L/LANNOR01_Lando_Norris/lannor01.png.transform/1col/image.png
1261,9972,5,Gabriel BORTOLETO,BOR,Gabriel,Bortoleto,Kick Sauber,01C00E,https://media.formula1.com/d_driver_fallback_image.png/content/dam/fom-website/drivers/G/GABBOR01_Gabriel_Bortoleto/gabbor01.png.transform/1col/image.png
1261,9972,6,Isack HADJAR,HAD,Isack,Hadjar,Racing Bulls,6C98FF,https://media.formula1.com/d_driver_fallback_image.png/content/dam/fom-website/drivers/I/ISAHAD01_Isack_Hadjar/isahad01.png.transform/1col/image.png
1261,9972,10,Pierre GASLY,GAS,Pierre,Gasly,Alpine,00A1E8,https://media.formula1.com/d_driver_fallback_image.png/content/dam/fom-website/drivers/P/PIEGAS01_Pierre_Gasly/piegas01.png.transform/1col/image.png
1261,9972,12,Kimi ANTONELLI,ANT,Kimi,Antonelli,Mercedes,00D7B6,https://media.formula1.com/d_driver_fallback_image.png/content/dam/fom-website/drivers/A/ANDANT01_Andrea%20Kimi_Antonelli/andant01.png.transform/1col/image.png
1261,9972,14,Fernando ALONSO,ALO,Fernando,Alonso,Aston Martin,229971,https://media.formula1.com/d_driver_fallback_image.png/content/dam/fom-website/drivers/F/FERALO01_Fernando_Alonso/feralo01.png.transform/1col/image.png
1261,9972,16,Charles LECLERC,LEC,Charles,Leclerc,Ferrari,ED1131,https://media.formula1.com/d_driver_fallback_image.png/content/dam/fom-website/drivers/C/CHALEC01_Charles_Leclerc/chalec01.png.transform/1col/image.png
1261,9972,18,Lance STROLL,STR,Lance,Stroll,Aston Martin,229971,https://media.formula1.com/d_driver_fallback_image.png/content/dam/fom-website/drivers/L/LANSTR01_Lance_Stroll/lanstr01.png.transform/1col/image.png
1261,9972,22,Yuki TSUNODA,TSU,Yuki,Tsunoda,Red Bull Racing,4781D7,https://media.formula1.com/d_driver_fallback_image.png/content/dam/fom-website/drivers/Y/YUKTSU01_Yuki_Tsunoda/yuktsu01.png.transform/1col/image.png
1261,9972,23,Alexander ALBON,ALB,Alexander,Albon,Williams,1868DB,https://media.formula1.com/d_driver_fallback_image.png/content/dam/fom-website/drivers/A/ALEALB01_Alexander_Albon/alealb01.png.transform/1col/image.png
1261,9972,27,Nico HULKENBERG,HUL,Nico,Hulkenberg,Kick Sauber,01C00E,https://media.formula1.com/d_driver_fallback_image.png/content/dam/fom-website/drivers/N/NICHUL01_Nico_Hulkenberg/nichul01.png.transform/1col/image.png
1261,9972,30,Liam LAWSON,LAW,Liam,Lawson,Racing Bulls,6C98FF,https://media.formula1.com/d_driver_fallback_image.png/content/dam/fom-website/drivers/L/LIALAW01_Liam_Lawson/lialaw01.png.transform/1col/image.png
1261,9972,31,Esteban OCON,OCO,Esteban,Ocon,Haas F1 Team,9C9FA2,https://media.formula1.com/d_driver_fallback_image.png/content/dam/fom-website/drivers/E/ESTOCO01_Esteban_Ocon/estoco01.png.transform/1col/image.png
1261,9972,43,Franco COLAPINTO,COL,Franco,Colapinto,Alpine,00A1E8,
1261,9972,44,Lewis HAMILTON,HAM,Lewis,Hamilton,Ferrari,ED1131,https://media.formula1.com/d_driver_fallback_image.png/content/dam/fom-website/drivers/L/LEWHAM01_Lewis_Hamilton/lewham01.png.transform/1col/image.png
1261,9972,55,Carlos SAINZ,SAI,Carlos,Sainz,Williams,1868DB,https://media.formula1.com/d_driver_fallback_image.png/content/dam/fom-website/drivers/C/CARSAI01_Carlos_Sainz/carsai01.png.transform/1col/image.png
1261,9972,63,George RUSSELL,RUS,George,Russell,Mercedes,00D7B6,https://media.formula1.com/d_driver_fallback_image.png/content/dam/fom-website/drivers/G/GEORUS01_George_Russell/georus01.png.transform/1col/image.png
1261,9972,81,Oscar PIASTRI,PIA,Oscar,Piastri,McLaren,F47600,https://media.formula1.com/d_driver_fallback_image.png/content/dam/fom-website/drivers/O/OSCPIA01_Oscar_Piastri/oscpia01.png.transform/1col/image.png
1261,9972,87,Oliver BEARMAN,BEA,Oliver,Bearman,Haas F1 Team,9C9FA2,https://media.formula1.com/d_driver_fallback_image.png/content/dam/fom-website/drivers/O/OLIBEA01_Oliver_Bearman/olibea01.png.transform/1col/image.png
1261,9973,1,Max VERSTAPPEN,VER,Max,Verstappen,Red Bull Racing,4781D7,https://media.formula1.com/d_driver_fallback_image.png/content/dam/fom-website/drivers/M/MAXVER01_Max_Verstappen/maxver01.png.transform/1col/image.png
1261,9973,4,Lando NORRIS,NOR,Lando,Norris,McLaren,F47600,https://media.formula1.com/d_driver_fallback_image.png/content/dam/fom-website/drivers/L/LANNOR01_Lando_Norris/lannor01.png.transform/1col/image.png
1261,9973,5,Gabriel BORTOLETO,BOR,Gabriel,Bortoleto,Kick Sauber,01C00E,https://media.formula1.com/d_driver_fallback_image.png/content/dam/fom-website/drivers/G/GABBOR01_Gabriel_Bortoleto/gabbor01.png.transform/1col/image.png
1261,9973,6,Isack HADJAR,HAD,Isack,Hadjar,Racing Bulls,6C98FF,https://media.formula1.com/d_driver_fallback_image.png/content/dam/fom-website/drivers/I/ISAHAD01_Isack_Hadjar/isahad01.png.transform/1col/image.png
1261,9973,10,Pierre GASLY,GAS,Pierre,Gasly,Alpine,00A1E8,https://media.formula1.com/d_driver_fallback_image.png/content/dam/fom-website/drivers/P/PIEGAS01_Pierre_Gasly/piegas01.png.transform/1col/image.png
1261,9973,12,Kimi ANTONELLI,ANT,Kimi,Antonelli,Mercedes,00D7B6,https://media.formula1.com/d_driver_fallback_image.png/content/dam/fom-website/drivers/A/ANDANT01_Andrea%20Kimi_Antonelli/andant01.png.transform/1col/image.png
1261,9973,14,Fernando ALONSO,ALO,Fernando,Alonso,Aston Martin,229971,https://media.formula1.com/d_driver_fallback_image.png/content/dam/fom-website/drivers/F/FERALO01_Fernando_Alonso/feralo01.png.transform/1col/image.png
1261,9973,16,Charles LECLERC,LEC,Charles,Leclerc,Ferrari,ED1131,https://media.formula1.com/d_driver_fallback_image.png/content/dam/fom-website/drivers/C/CHALEC01_Charles_Leclerc/chalec01.png.transform/1col/image.png
1261,9973,18,Lance STROLL,STR,Lance,Stroll,Aston Martin,229971,https://media.formula1.com/d_driver_fallback_image.png/content/dam/fom-website/drivers/L/LANSTR01_Lance_Stroll/lanstr01.png.transform/1col/image.png
1261,9973,22,Yuki TSUNODA,TSU,Yuki,Tsunoda,Red Bull Racing,4781D7,https://media.formula1.com/d_driver_fallback_image.png/content/dam/fom-website/drivers/Y/YUKTSU01_Yuki_Tsunoda/yuktsu01.png.transform/1col/image.png
1261,9973,23,Alexander ALBON,ALB,Alexander,Albon,Williams,1868DB,https://media.formula1.com/d_driver_fallback_image.png/content/dam/fom-website/drivers/A/ALEALB01_Alexander_Albon/alealb01.png.transform/1col/image.png
1261,9973,27,Nico HULKENBERG,HUL,Nico,Hulkenberg,Kick Sauber,01C00E,https://media.formula1.com/d_driver_fallback_image.png/content/dam/fom-website/drivers/N/NICHUL01_Nico_Hulkenberg/nichul01.png.transform/1col/image.png
1261,9973,30,Liam LAWSON,LAW,Liam,Lawson,Racing Bulls,6C98FF,https://media.formula1.com/d_driver_fallback_image.png/content/dam/fom-website/drivers/L/LIALAW01_Liam_Lawson/lialaw01.png.transform/1col/image.png
1261,9973,31,Esteban OCON,OCO,Esteban,Ocon,Haas F1 Team,9C9FA2,https://media.formula1.com/d_driver_fallback_image.png/content/dam/fom-website/drivers/E/ESTOCO01_Esteban_Ocon/estoco01.png.transform/1col/image.png
1261,9973,43,Franco COLAPINTO,COL,Franco,Colapinto,Alpine,00A1E8,
1261,9973,44,Lewis HAMILTON,HAM,Lewis,Hamilton,Ferrari,ED1131,https://media.formula1.com/d_driver_fallback_image.png/content/dam/fom-website/drivers/L/LEWHAM01_Lewis_Hamilton/lewham01.png.transform/1col/image.png
1261,9973,55,Carlos SAINZ,SAI,Carlos,Sainz,Williams,1868DB,https://media.formula1.com/d_driver_fallback_image.png/content/dam/fom-website/drivers/C/CARSAI01_Carlos_Sainz/carsai01.png.transform/1col/image.png
1261,9973,63,George RUSSELL,RUS,George,Russell,Mercedes,00D7B6,https://media.formula1.com/d_driver_fallback_image.png/content/dam/fom-website/drivers/G/GEORUS01_George_Russell/georus01.png.transform/1col/image.png
1261,9973,81,Oscar PIASTRI,PIA,Oscar,Piastri,McLaren,F47600,https://media.formula1.com/d_driver_fallback_image.png/content/dam/fom-website/drivers/O/OSCPIA01_Oscar_Piastri/oscpia01.png.transform/1col/image.png
1261,9973,87,Oliver BEARMAN,BEA,Oliver,Bearman,Haas F1 Team,9C9FA2,https://media.formula1.com/d_driver_fallback_image.png/content/dam/fom-website/drivers/O/OLIBEA01_Oliver_Bearman/olibea01.png.transform/1col/image.png
1261,9974,1,Max VERSTAPPEN,VER,Max,Verstappen,Red Bull Racing,4781D7,https://media.formula1.com/d_driver_fallback_image.png/content/dam/fom-website/drivers/M/MAXVER01_Max_Verstappen/maxver01.png.transform/1col/image.png
1261,9974,4,Lando NORRIS,NOR,Lando,Norris,McLaren,F47600,https://media.formula1.com/d_driver_fallback_image.png/content/dam/fom-website/drivers/L/LANNOR01_Lando_Norris/lannor01.png.transform/1col/image.png
1261,9974,5,Gabriel BORTOLETO,BOR,Gabriel,Bortoleto,Kick Sauber,01C00E,https://media.formula1.com/d_driver_fallback_image.png/content/dam/fom-website/drivers/G/GABBOR01_Gabriel_Bortoleto/gabbor01.png.transform/1col/image.png
1261,9974,6,Isack HADJAR,HAD,Isack,Hadjar,Racing Bulls,6C98FF,https://media.formula1.com/d_driver_fallback_image.png/content/dam/fom-website/drivers/I/ISAHAD01_Isack_Hadjar/isahad01.png.transform/1col/image.png
1261,9974,10,Pierre GASLY,GAS,Pierre,Gasly,Alpine,00A1E8,https://media.formula1.com/d_driver_fallback_image.png/content/dam/fom-website/drivers/P/PIEGAS01_Pierre_Gasly/piegas01.png.transform/1col/image.png
1261,9974,12,Kimi ANTONELLI,ANT,Kimi,Antonelli,Mercedes,00D7B6,https://media.formula1.com/d_driver_fallback_image.png/content/dam/fom-website/drivers/A/ANDANT01_Andrea%20Kimi_Antonelli/andant01.png.transform/1col/image.png
1261,9974,14,Fernando ALONSO,ALO,Fernando,Alonso,Aston Martin,229971,https://media.formula1.com/d_driver_fallback_image.png/content/dam/fom-website/drivers/F/FERALO01_Fernando_Alonso/feralo01.png.transform/1col/image.png
1261,9974,16,Charles LECLERC,LEC,Charles,Leclerc,Ferrari,ED1131,https://media.formula1.com/d_driver_fallback_image.png/content/dam/fom-website/drivers/C/CHALEC01_Charles_Leclerc/chalec01.png.transform/1col/image.png
1261,9974,18,Lance STROLL,STR,Lance,Stroll,Aston Martin,229971,https://media.formula1.com/d_driver_fallback_image.png/content/dam/fom-website/drivers/L/LANSTR01_Lance_Stroll/lanstr01.png.transform/1col/image.png
1261,9974,22,Yuki TSUNODA,TSU,Yuki,Tsunoda,Red Bull Racing,4781D7,https://media.formula1.com/d_driver_fallback_image.png/content/dam/fom-website/drivers/Y/YUKTSU01_Yuki_Tsunoda/yuktsu01.png.transform/1col/image.png
1261,9974,23,Alexander ALBON,ALB,Alexander,Albon,Williams,1868DB,https://media.formula1.com/d_driver_fallback_image.png/content/dam/fom-website/drivers/A/ALEALB01_Alexander_Albon/alealb01.png.transform/1col/image.png
1261,9974,27,Nico HULKENBERG,HUL,Nico,Hulkenberg,Kick Sauber,01C00E,https://media.formula1.com/d_driver_fallback_image.png/content/dam/fom-website/drivers/N/NICHUL01_Nico_Hulkenberg/nichul01.png.transform/1col/image.png
1261,9974,30,Liam LAWSON,LAW,Liam,Lawson,Racing Bulls,6C98FF,https://media.formula1.com/d_driver_fallback_image.png/content/dam/fom-website/drivers/L/LIALAW01_Liam_Lawson/lialaw01.png.transform/1col/image.png
1261,9974,31,Esteban OCON,OCO,Esteban,Ocon,Haas F1 Team,9C9FA2,https://media.formula1.com/d_driver_fallback_image.png/content/dam/fom-website/drivers/E/ESTOCO01_Esteban_Ocon/estoco01.png.transform/1col/image.png
1261,9974,43,Franco COLAPINTO,COL,Franco,Colapinto,Alpine,00A1E8,
1261,9974,44,Lewis HAMILTON,HAM,Lewis,Hamilton,Ferrari,ED1131,https://media.formula1.com/d_driver_fallback_image.png/content/dam/fom-website/drivers/L/LEWHAM01_Lewis_Hamilton/lewham01.png.transform/1col/image.png
1261,9974,55,Carlos SAINZ,SAI,Carlos,Sainz,Williams,1868DB,https://media.formula1.com/d_driver_fallback_image.png/content/dam/fom-website/drivers/C/CARSAI01_Carlos_Sainz/carsai01.png.transform/1col/image.png
1261,9974,63,George RUSSELL,RUS,George,Russell,Mercedes,00D7B6,https://media.formula1.com/d_driver_fallback_image.png/content/dam/fom-website/drivers/G/GEORUS01_George_Russell/georus01.png.transform/1col/image.png
1261,9974,81,Oscar PIASTRI,PIA,Oscar,Piastri,McLaren,F47600,https://media.formula1.com/d_driver_fallback_image.png/content/dam/fom-website/drivers/O/OSCPIA01_Oscar_Piastri/oscpia01.png.transform/1col/image.png
1261,9974,87,Oliver BEARMAN,BEA,Oliver,Bearman,Haas F1 Team,9C9FA2,https://media.formula1.com/d_driver_fallback_image.png/content/dam/fom-website/drivers/O/OLIBEA01_Oliver_Bearman/olibea01.png.transform/1col/image.png
1261,9975,1,Max VERSTAPPEN,VER,Max,Verstappen,Red Bull Racing,4781D7,https://media.formula1.com/d_driver_fallback_image.png/content/dam/fom-website/drivers/M/MAXVER01_Max_Verstappen/maxver01.png.transform/1col/image.png
1261,9975,4,Lando NORRIS,NOR,Lando,Norris,McLaren,F47600,https://media.formula1.com/d_driver_fallback_image.png/content/dam/fom-website/drivers/L/LANNOR01_Lando_Norris/lannor01.png.transform/1col/image.png
1261,9975,5,Gabriel BORTOLETO,BOR,Gabriel,Bortoleto,Kick Sauber,01C00E,https://media.formula1.com/d_driver_fallback_image.png/content/dam/fom-website/drivers/G/GABBOR01_Gabriel_Bortoleto/gabbor01.png.transform/1col/image.png
1261,9975,6,Isack HADJAR,HAD,Isack,Hadjar,Racing Bulls,6C98FF,https://media.formula1.com/d_driver_fallback_image.png/content/dam/fom-website/drivers/I/ISAHAD01_Isack_Hadjar/isahad01.png.transform/1col/image.png
1261,9975,10,Pierre GASLY,GAS,Pierre,Gasly,Alpine,00A1E8,https://media.formula1.com/d_driver_fallback_image.png/content/dam/fom-website/drivers/P/PIEGAS01_Pierre_Gasly/piegas01.png.transform/1col/image.png
1261,9975,12,Kimi ANTONELLI,ANT,Kimi,Antonelli,Mercedes,00D7B6,https://media.formula1.com/d_driver_fallback_image.png/content/dam/fom-website/drivers/A/ANDANT01_Andrea%20Kimi_Antonelli/andant01.png.transform/1col/image.png
1261,9975,14,Fernando ALONSO,ALO,Fernando,Alonso,Aston Martin,229971,https://media.formula1.com/d_driver_fallback_image.png/content/dam/fom-website/drivers/F/FERALO01_Fernando_Alonso/feralo01.png.transform/1col/image.png
1261,9975,16,Charles LECLERC,LEC,Charles,Leclerc,Ferrari,ED1131,https://media.formula1.com/d_driver_fallback_image.png/content/dam/fom-website/drivers/C/CHALEC01_Charles_Leclerc/chalec01.png.transform/1col/image.png
1261,9975,18,Lance STROLL,STR,Lance,Stroll,Aston Martin,229971,https://media.formula1.com/d_driver_fallback_image.png/content/dam/fom-website/drivers/L/LANSTR01_Lance_Stroll/lanstr01.png.transform/1col/image.png
1261,9975,22,Yuki TSUNODA,TSU,Yuki,Tsunoda,Red Bull Racing,4781D7,https://media.formula1.com/d_driver_fallback_image.png/content/dam/fom-website/drivers/Y/YUKTSU01_Yuki_Tsunoda/yuktsu01.png.transform/1col/image.png
1261,9975,23,Alexander ALBON,ALB,Alexander,Albon,Williams,1868DB,https://media.formula1.com/d_driver_fallback_image.png/content/dam/fom-website/drivers/A/ALEALB01_Alexander_Albon/alealb01.png.transform/1col/image.png
1261,9975,27,Nico HULKENBERG,HUL,Nico,Hulkenberg,Kick Sauber,01C00E,https://media.formula1.com/d_driver_fallback_image.png/content/dam/fom-website/drivers/N/NICHUL01_Nico_Hulkenberg/nichul01.png.transform/1col/image.png
1261,9975,30,Liam LAWSON,LAW,Liam,Lawson,Racing Bulls,6C98FF,https://media.formula1.com/d_driver_fallback_image.png/content/dam/fom-website/drivers/L/LIALAW01_Liam_Lawson/lialaw01.png.transform/1col/image.png
1261,9975,31,Esteban OCON,OCO,Esteban,Ocon,Haas F1 Team,9C9FA2,https://media.formula1.com/d_driver_fallback_image.png/content/dam/fom-website/drivers/E/ESTOCO01_Esteban_Ocon/estoco01.png.transform/1col/image.png
1261,9975,43,Franco COLAPINTO,COL,Franco,Colapinto,Alpine,00A1E8,
1261,9975,44,Lewis HAMILTON,HAM,Lewis,Hamilton,Ferrari,ED1131,https://media.formula1.com/d_driver_fallback_image.png/content/dam/fom-website/drivers/L/LEWHAM01_Lewis_Hamilton/lewham01.png.transform/1col/image.png
1261,9975,55,Carlos SAINZ,SAI,Carlos,Sainz,Williams,1868DB,https://media.formula1.com/d_driver_fallback_image.png/content/dam/fom-website/drivers/C/CARSAI01_Carlos_Sainz/carsai01.png.transform/1col/image.png
1261,9975,63,George RUSSELL,RUS,George,Russell,Mercedes,00D7B6,https://media.formula1.com/d_driver_fallback_image.png/content/dam/fom-website/drivers/G/GEORUS01_George_Russell/georus01.png.transform/1col/image.png
1261,9975,81,Oscar PIASTRI,PIA,Oscar,Piastri,McLaren,F47600,https://media.formula1.com/d_driver_fallback_image.png/content/dam/fom-website/drivers/O/OSCPIA01_Oscar_Piastri/oscpia01.png.transform/1col/image.png
1261,9975,87,Oliver BEARMAN,BEA,Oliver,Bearman,Haas F1 Team,9C9FA2,https://media.formula1.com/d_driver_fallback_image.png/content/dam/fom-website/drivers/O/OLIBEA01_Oliver_Bearman/olibea01.png.transform/1col/image.png
1261,9979,1,Max VERSTAPPEN,VER,Max,Verstappen,Red Bull Racing,4781D7,https://media.formula1.com/d_driver_fallback_image.png/content/dam/fom-website/drivers/M/MAXVER01_Max_Verstappen/maxver01.png.transform/1col/image.png
1261,9979,4,Lando NORRIS,NOR,Lando,Norris,McLaren,F47600,https://media.formula1.com/d_driver_fallback_image.png/content/dam/fom-website/drivers/L/LANNOR01_Lando_Norris/lannor01.png.transform/1col/image.png
1261,9979,5,Gabriel BORTOLETO,BOR,Gabriel,Bortoleto,Kick Sauber,01C00E,https://media.formula1.com/d_driver_fallback_image.png/content/dam/fom-website/drivers/G/GABBOR01_Gabriel_Bortoleto/gabbor01.png.transform/1col/image.png
1261,9979,6,Isack HADJAR,HAD,Isack,Hadjar,Racing Bulls,6C98FF,https://media.formula1.com/d_driver_fallback_image.png/content/dam/fom-website/drivers/I/ISAHAD01_Isack_Hadjar/isahad01.png.transform/1col/image.png
1261,9979,10,Pierre GASLY,GAS,Pierre,Gasly,Alpine,00A1E8,https://media.formula1.com/d_driver_fallback_image.png/content/dam/fom-website/drivers/P/PIEGAS01_Pierre_Gasly/piegas01.png.transform/1col/image.png
1261,9979,12,Kimi ANTONELLI,ANT,Kimi,Antonelli,Mercedes,00D7B6,https://media.formula1.com/d_driver_fallback_image.png/content/dam/fom-website/drivers/A/ANDANT01_Andrea%20Kimi_Antonelli/andant01.png.transform/1col/image.png
1261,9979,14,Fernando ALONSO,ALO,Fernando,Alonso,Aston Martin,229971,https://media.formula1.com/d_driver_fallback_image.png/content/dam/fom-website/drivers/F/FERALO01_Fernando_Alonso/feralo01.png.transform/1col/image.png
1261,9979,16,Charles LECLERC,LEC,Charles,Leclerc,Ferrari,ED1131,https://media.formula1.com/d_driver_fallback_image.png/content/dam/fom-website/drivers/C/CHALEC01_Charles_Leclerc/chalec01.png.transform/1col/image.png
1261,9979,18,Lance STROLL,STR,Lance,Stroll,Aston Martin,229971,https://media.formula1.com/d_driver_fallback_image.png/content/dam/fom-website/drivers/L/LANSTR01_Lance_Stroll/lanstr01.png.transform/1col/image.png
1261,9979,22,Yuki TSUNODA,TSU,Yuki,Tsunoda,Red Bull Racing,4781D7,https://media.formula1.com/d_driver_fallback_image.png/content/dam/fom-website/drivers/Y/YUKTSU01_Yuki_Tsunoda/yuktsu01.png.transform/1col/image.png
1261,9979,23,Alexander ALBON,ALB,Alexander,Albon,Williams,1868DB,https://media.formula1.com/d_driver_fallback_image.png/content/dam/fom-website/drivers/A/ALEALB01_Alexander_Albon/alealb01.png.transform/1col/image.png
1261,9979,27,Nico HULKENBERG,HUL,Nico,Hulkenberg,Kick Sauber,01C00E,https://media.formula1.com/d_driver_fallback_image.png/content/dam/fom-website/drivers/N/NICHUL01_Nico_Hulkenberg/nichul01.png.transform/1col/image.png
1261,9979,30,Liam LAWSON,LAW,Liam,Lawson,Racing Bulls,6C98FF,https://media.formula1.com/d_driver_fallback_image.png/content/dam/fom-website/drivers/L/LIALAW01_Liam_Lawson/lialaw01.png.transform/1col/image.png
1261,9979,31,Esteban OCON,OCO,Esteban,Ocon,Haas F1 Team,9C9FA2,https://media.formula1.com/d_driver_fallback_image.png/content/dam/fom-website/drivers/E/ESTOCO01_Esteban_Ocon/estoco01.png.transform/1col/image.png
1261,9979,43,Franco COLAPINTO,COL,Franco,Colapinto,Alpine,00A1E8,
1261,9979,44,Lewis HAMILTON,HAM,Lewis,Hamilton,Ferrari,ED1131,https://media.formula1.com/d_driver_fallback_image.png/content/dam/fom-website/drivers/L/LEWHAM01_Lewis_Hamilton/lewham01.png.transform/1col/image.png
1261,9979,55,Carlos SAINZ,SAI,Carlos,Sainz,Williams,1868DB,https://media.formula1.com/d_driver_fallback_image.png/content/dam/fom-website/drivers/C/CARSAI01_Carlos_Sainz/carsai01.png.transform/1col/image.png
1261,9979,63,George RUSSELL,RUS,George,Russell,Mercedes,00D7B6,https://media.formula1.com/d_driver_fallback_image.png/content/dam/fom-website/drivers/G/GEORUS01_George_Russell/georus01.png.transform/1col/image.png
1261,9979,81,Oscar PIASTRI,PIA,Oscar,Piastri,McLaren,F47600,https://media.formula1.com/d_driver_fallback_image.png/content/dam/fom-website/drivers/O/OSCPIA01_Oscar_Piastri/oscpia01.png.transform/1col/image.png
1261,9979,87,Oliver BEARMAN,BEA,Oliver,Bearman,Haas F1 Team,9C9FA2,https://media.formula1.com/d_driver_fallback_image.png/content/dam/fom-website/drivers/O/OLIBEA01_Oliver_Bearman/olibea01.png.transform/1col/image.png
1262,9964,1,Max VERSTAPPEN,VER,Max,Verstappen,Red Bull Racing,4781D7,https://media.formula1.com/d_driver_fallback_image.png/content/dam/fom-website/drivers/M/MAXVER01_Max_Verstappen/maxver01.png.transform/1col/image.png
1262,9964,4,Lando NORRIS,NOR,Lando,Norris,McLaren,F47600,https://media.formula1.com/d_driver_fallback_image.png/content/dam/fom-website/drivers/L/LANNOR01_Lando_Norris/lannor01.png.transform/1col/image.png
1262,9964,5,Gabriel BORTOLETO,BOR,Gabriel,Bortoleto,Kick Sauber,01C00E,https://media.formula1.com/d_driver_fallback_image.png/content/dam/fom-website/drivers/G/GABBOR01_Gabriel_Bortoleto/gabbor01.png.transform/1col/image.png
1262,9964,6,Isack HADJAR,HAD,Isack,Hadjar,Racing Bulls,6C98FF,https://media.formula1.com/d_driver_fallback_image.png/content/dam/fom-website/drivers/I/ISAHAD01_Isack_Hadjar/isahad01.png.transform/1col/image.png
1262,9964,10,Pierre GASLY,GAS,Pierre,Gasly,Alpine,00A1E8,https://media.formula1.com/d_driver_fallback_image.png/content/dam/fom-website/drivers/P/PIEGAS01_Pierre_Gasly/piegas01.png.transform/1col/image.png
1262,9964,12,Kimi ANTONELLI,ANT,Kimi,Antonelli,Mercedes,00D7B6,https://media.formula1.com/d_driver_fallback_image.png/content/dam/fom-website/drivers/A/ANDANT01_Andrea%20Kimi_Antonelli/andant01.png.transform/1col/image.png
1262,9964,14,Fernando ALONSO,ALO,Fernando,Alonso,Aston Martin,229971,https://media.formula1.com/d_driver_fallback_image.png/content/dam/fom-website/drivers/F/FERALO01_Fernando_Alonso/feralo01.png.transform/1col/image.png
1262,9964,16,Charles LECLERC,LEC,Charles,Leclerc,Ferrari,ED1131,https://media.formula1.com/d_driver_fallback_image.png/content/dam/fom-website/drivers/C/CHALEC01_Charles_Leclerc/chalec01.png.transform/1col/image.png
1262,9964,18,Lance STROLL,STR,Lance,Stroll,Aston Martin,229971,https://media.formula1.com/d_driver_fallback_image.png/content/dam/fom-website/drivers/L/LANSTR01_Lance_Stroll/lanstr01.png.transform/1col/image.png
1262,9964,22,Yuki TSUNODA,TSU,Yuki,Tsunoda,Red Bull Racing,4781D7,https://media.formula1.com/d_driver_fallback_image.png/content/dam/fom-website/drivers/Y/YUKTSU01_Yuki_Tsunoda/yuktsu01.png.transform/1col/image.png
1262,9964,27,Nico HULKENBERG,HUL,Nico,Hulkenberg,Kick Sauber,01C00E,https://media.formula1.com/d_driver_fallback_image.png/content/dam/fom-website/drivers/N/NICHUL01_Nico_Hulkenberg/nichul01.png.transform/1col/image.png
1262,9964,30,Liam LAWSON,LAW,Liam,Lawson,Racing Bulls,6C98FF,https://media.formula1.com/d_driver_fallback_image.png/content/dam/fom-website/drivers/L/LIALAW01_Liam_Lawson/lialaw01.png.transform/1col/image.png
1262,9964,43,Franco COLAPINTO,COL,Franco,Colapinto,Alpine,00A1E8,
1262,9964,44,Lewis HAMILTON,HAM,Lewis,Hamilton,Ferrari,ED1131,https://media.formula1.com/d_driver_fallback_image.png/content/dam/fom-website/drivers/L/LEWHAM01_Lewis_Hamilton/lewham01.png.transform/1col/image.png
1262,9964,45,Victor MARTINS,MAR,Victor,Martins,Williams,1868DB,
1262,9964,50,Ryo HIRAKAWA,HIR,Ryo,Hirakawa,Haas F1 Team,9C9FA2,
1262,9964,55,Carlos SAINZ,SAI,Carlos,Sainz,Williams,1868DB,https://media.formula1.com/d_driver_fallback_image.png/content/dam/fom-website/drivers/C/CARSAI01_Carlos_Sainz/carsai01.png.transform/1col/image.png
1262,9964,63,George RUSSELL,RUS,George,Russell,Mercedes,00D7B6,https://media.formula1.com/d_driver_fallback_image.png/content/dam/fom-website/drivers/G/GEORUS01_George_Russell/georus01.png.transform/1col/image.png
1262,9964,81,Oscar PIASTRI,PIA,Oscar,Piastri,McLaren,F47600,https://media.formula1.com/d_driver_fallback_image.png/content/dam/fom-website/drivers/O/OSCPIA01_Oscar_Piastri/oscpia01.png.transform/1col/image.png
1262,9964,87,Oliver BEARMAN,BEA,Oliver,Bearman,Haas F1 Team,9C9FA2,https://media.formula1.com/d_driver_fallback_image.png/content/dam/fom-website/drivers/O/OLIBEA01_Oliver_Bearman/olibea01.png.transform/1col/image.png
1262,9965,1,Max VERSTAPPEN,VER,Max,Verstappen,Red Bull Racing,4781D7,https://media.formula1.com/d_driver_fallback_image.png/content/dam/fom-website/drivers/M/MAXVER01_Max_Verstappen/maxver01.png.transform/1col/image.png
1262,9965,4,Lando NORRIS,NOR,Lando,Norris,McLaren,F47600,https://media.formula1.com/d_driver_fallback_image.png/content/dam/fom-website/drivers/L/LANNOR01_Lando_Norris/lannor01.png.transform/1col/image.png
1262,9965,5,Gabriel BORTOLETO,BOR,Gabriel,Bortoleto,Kick Sauber,01C00E,https://media.formula1.com/d_driver_fallback_image.png/content/dam/fom-website/drivers/G/GABBOR01_Gabriel_Bortoleto/gabbor01.png.transform/1col/image.png
1262,9965,6,Isack HADJAR,HAD,Isack,Hadjar,Racing Bulls,6C98FF,https://media.formula1.com/d_driver_fallback_image.png/content/dam/fom-website/drivers/I/ISAHAD01_Isack_Hadjar/isahad01.png.transform/1col/image.png
1262,9965,10,Pierre GASLY,GAS,Pierre,Gasly,Alpine,00A1E8,https://media.formula1.com/d_driver_fallback_image.png/content/dam/fom-website/drivers/P/PIEGAS01_Pierre_Gasly/piegas01.png.transform/1col/image.png
1262,9965,12,Kimi ANTONELLI,ANT,Kimi,Antonelli,Mercedes,00D7B6,https://media.formula1.com/d_driver_fallback_image.png/content/dam/fom-website/drivers/A/ANDANT01_Andrea%20Kimi_Antonelli/andant01.png.transform/1col/image.png
1262,9965,14,Fernando ALONSO,ALO,Fernando,Alonso,Aston Martin,229971,https://media.formula1.com/d_driver_fallback_image.png/content/dam/fom-website/drivers/F/FERALO01_Fernando_Alonso/feralo01.png.transform/1col/image.png
1262,9965,16,Charles LECLERC,LEC,Charles,Leclerc,Ferrari,ED1131,https://media.formula1.com/d_driver_fallback_image.png/content/dam/fom-website/drivers/C/CHALEC01_Charles_Leclerc/chalec01.png.transform/1col/image.png
1262,9965,18,Lance STROLL,STR,Lance,Stroll,Aston Martin,229971,https://media.formula1.com/d_driver_fallback_image.png/content/dam/fom-website/drivers/L/LANSTR01_Lance_Stroll/lanstr01.png.transform/1col/image.png
1262,9965,22,Yuki TSUNODA,TSU,Yuki,Tsunoda,Red Bull Racing,4781D7,https://media.formula1.com/d_driver_fallback_image.png/content/dam/fom-website/drivers/Y/YUKTSU01_Yuki_Tsunoda/yuktsu01.png.transform/1col/image.png
1262,9965,23,Alexander ALBON,ALB,Alexander,Albon,Williams,1868DB,https://media.formula1.com/d_driver_fallback_image.png/content/dam/fom-website/drivers/A/ALEALB01_Alexander_Albon/alealb01.png.transform/1col/image.png
1262,9965,27,Nico HULKENBERG,HUL,Nico,Hulkenberg,Kick Sauber,01C00E,https://media.formula1.com/d_driver_fallback_image.png/content/dam/fom-website/drivers/N/NICHUL01_Nico_Hulkenberg/nichul01.png.transform/1col/image.png
1262,9965,30,Liam LAWSON,LAW,Liam,Lawson,Racing Bulls,6C98FF,https://media.formula1.com/d_driver_fallback_image.png/content/dam/fom-website/drivers/L/LIALAW01_Liam_Lawson/lialaw01.png.transform/1col/image.png
1262,9965,31,Esteban OCON,OCO,Esteban,Ocon,Haas F1 Team,9C9FA2,https://media.formula1.com/d_driver_fallback_image.png/content/dam/fom-website/drivers/E/ESTOCO01_Esteban_Ocon/estoco01.png.transform/1col/image.png
1262,9965,43,Franco COLAPINTO,COL,Franco,Colapinto,Alpine,00A1E8,
1262,9965,44,Lewis HAMILTON,HAM,Lewis,Hamilton,Ferrari,ED1131,https://media.formula1.com/d_driver_fallback_image.png/content/dam/fom-website/drivers/L/LEWHAM01_Lewis_Hamilton/lewham01.png.transform/1col/image.png
1262,9965,55,Carlos SAINZ,SAI,Carlos,Sainz,Williams,1868DB,https://media.formula1.com/d_driver_fallback_image.png/content/dam/fom-website/drivers/C/CARSAI01_Carlos_Sainz/carsai01.png.transform/1col/image.png
1262,9965,63,George RUSSELL,RUS,George,Russell,Mercedes,00D7B6,https://media.formula1.com/d_driver_fallback_image.png/content/dam/fom-website/drivers/G/GEORUS01_George_Russell/georus01.png.transform/1col/image.png
1262,9965,81,Oscar PIASTRI,PIA,Oscar,Piastri,McLaren,F47600,https://media.formula1.com/d_driver_fallback_image.png/content/dam/fom-website/drivers/O/OSCPIA01_Oscar_Piastri/oscpia01.png.transform/1col/image.png
1262,9965,87,Oliver BEARMAN,BEA,Oliver,Bearman,Haas F1 Team,9C9FA2,https://media.formula1.com/d_driver_fallback_image.png/content/dam/fom-website/drivers/O/OLIBEA01_Oliver_Bearman/olibea01.png.transform/1col/image.png
1262,9966,1,Max VERSTAPPEN,VER,Max,Verstappen,Red Bull Racing,4781D7,https://media.formula1.com/d_driver_fallback_image.png/content/dam/fom-website/drivers/M/MAXVER01_Max_Verstappen/maxver01.png.transform/1col/image.png
1262,9966,4,Lando NORRIS,NOR,Lando,Norris,McLaren,F47600,https://media.formula1.com/d_driver_fallback_image.png/content/dam/fom-website/drivers/L/LANNOR01_Lando_Norris/lannor01.png.transform/1col/image.png
1262,9966,5,Gabriel BORTOLETO,BOR,Gabriel,Bortoleto,Kick Sauber,01C00E,https://media.formula1.com/d_driver_fallback_image.png/content/dam/fom-website/drivers/G/GABBOR01_Gabriel_Bortoleto/gabbor01.png.transform/1col/image.png
1262,9966,6,Isack HADJAR,HAD,Isack,Hadjar,Racing Bulls,6C98FF,https://media.formula1.com/d_driver_fallback_image.png/content/dam/fom-website/drivers/I/ISAHAD01_Isack_Hadjar/isahad01.png.transform/1col/image.png
1262,9966,10,Pierre GASLY,GAS,Pierre,Gasly,Alpine,00A1E8,https://media.formula1.com/d_driver_fallback_image.png/content/dam/fom-website/drivers/P/PIEGAS01_Pierre_Gasly/piegas01.png.transform/1col/image.png
1262,9966,12,Kimi ANTONELLI,ANT,Kimi,Antonelli,Mercedes,00D7B6,https://media.formula1.com/d_driver_fallback_image.png/content/dam/fom-website/drivers/A/ANDANT01_Andrea%20Kimi_Antonelli/andant01.png.transform/1col/image.png
1262,9966,14,Fernando ALONSO,ALO,Fernando,Alonso,Aston Martin,229971,https://media.formula1.com/d_driver_fallback_image.png/content/dam/fom-website/drivers/F/FERALO01_Fernando_Alonso/feralo01.png.transform/1col/image.png
1262,9966,16,Charles LECLERC,LEC,Charles,Leclerc,Ferrari,ED1131,https://media.formula1.com/d_driver_fallback_image.png/content/dam/fom-website/drivers/C/CHALEC01_Charles_Leclerc/chalec01.png.transform/1col/image.png
1262,9966,18,Lance STROLL,STR,Lance,Stroll,Aston Martin,229971,https://media.formula1.com/d_driver_fallback_image.png/content/dam/fom-website/drivers/L/LANSTR01_Lance_Stroll/lanstr01.png.transform/1col/image.png
1262,9966,22,Yuki TSUNODA,TSU,Yuki,Tsunoda,Red Bull Racing,4781D7,https://media.formula1.com/d_driver_fallback_image.png/content/dam/fom-website/drivers/Y/YUKTSU01_Yuki_Tsunoda/yuktsu01.png.transform/1col/image.png
1262,9966,23,Alexander ALBON,ALB,Alexander,Albon,Williams,1868DB,https://media.formula1.com/d_driver_fallback_image.png/content/dam/fom-website/drivers/A/ALEALB01_Alexander_Albon/alealb01.png.transform/1col/image.png
1262,9966,27,Nico HULKENBERG,HUL,Nico,Hulkenberg,Kick Sauber,01C00E,https://media.formula1.com/d_driver_fallback_image.png/content/dam/fom-website/drivers/N/NICHUL01_Nico_Hulkenberg/nichul01.png.transform/1col/image.png
1262,9966,30,Liam LAWSON,LAW,Liam,Lawson,Racing Bulls,6C98FF,https://media.formula1.com/d_driver_fallback_image.png/content/dam/fom-website/drivers/L/LIALAW01_Liam_Lawson/lialaw01.png.transform/1col/image.png
1262,9966,31,Esteban OCON,OCO,Esteban,Ocon,Haas F1 Team,9C9FA2,https://media.formula1.com/d_driver_fallback_image.png/content/dam/fom-website/drivers/E/ESTOCO01_Esteban_Ocon/estoco01.png.transform/1col/image.png
1262,9966,43,Franco COLAPINTO,COL,Franco,Colapinto,Alpine,00A1E8,
1262,9966,44,Lewis HAMILTON,HAM,Lewis,Hamilton,Ferrari,ED1131,https://media.formula1.com/d_driver_fallback_image.png/content/dam/fom-website/drivers/L/LEWHAM01_Lewis_Hamilton/lewham01.png.transform/1col/image.png
1262,9966,55,Carlos SAINZ,SAI,Carlos,Sainz,Williams,1868DB,https://media.formula1.com/d_driver_fallback_image.png/content/dam/fom-website/drivers/C/CARSAI01_Carlos_Sainz/carsai01.png.transform/1col/image.png
1262,9966,63,George RUSSELL,RUS,George,Russell,Mercedes,00D7B6,https://media.formula1.com/d_driver_fallback_image.png/content/dam/fom-website/drivers/G/GEORUS01_George_Russell/georus01.png.transform/1col/image.png
1262,9966,81,Oscar PIASTRI,PIA,Oscar,Piastri,McLaren,F47600,https://media.formula1.com/d_driver_fallback_image.png/content/dam/fom-website/drivers/O/OSCPIA01_Oscar_Piastri/oscpia01.png.transform/1col/image.png
1262,9966,87,Oliver BEARMAN,BEA,Oliver,Bearman,Haas F1 Team,9C9FA2,https://media.formula1.com/d_driver_fallback_image.png/content/dam/fom-website/drivers/O/OLIBEA01_Oliver_Bearman/olibea01.png.transform/1col/image.png
1262,9967,1,Max VERSTAPPEN,VER,Max,Verstappen,Red Bull Racing,4781D7,https://media.formula1.com/d_driver_fallback_image.png/content/dam/fom-website/drivers/M/MAXVER01_Max_Verstappen/maxver01.png.transform/1col/image.png
1262,9967,4,Lando NORRIS,NOR,Lando,Norris,McLaren,F47600,https://media.formula1.com/d_driver_fallback_image.png/content/dam/fom-website/drivers/L/LANNOR01_Lando_Norris/lannor01.png.transform/1col/image.png
1262,9967,5,Gabriel BORTOLETO,BOR,Gabriel,Bortoleto,Kick Sauber,01C00E,https://media.formula1.com/d_driver_fallback_image.png/content/dam/fom-website/drivers/G/GABBOR01_Gabriel_Bortoleto/gabbor01.png.transform/1col/image.png
1262,9967,6,Isack HADJAR,HAD,Isack,Hadjar,Racing Bulls,6C98FF,https://media.formula1.com/d_driver_fallback_image.png/content/dam/fom-website/drivers/I/ISAHAD01_Isack_Hadjar/isahad01.png.transform/1col/image.png
1262,9967,10,Pierre GASLY,GAS,Pierre,Gasly,Alpine,00A1E8,https://media.formula1.com/d_driver_fallback_image.png/content/dam/fom-website/drivers/P/PIEGAS01_Pierre_Gasly/piegas01.png.transform/1col/image.png
1262,9967,12,Kimi ANTONELLI,ANT,Kimi,Antonelli,Mercedes,00D7B6,https://media.formula1.com/d_driver_fallback_image.png/content/dam/fom-website/drivers/A/ANDANT01_Andrea%20Kimi_Antonelli/andant01.png.transform/1col/image.png
1262,9967,14,Fernando ALONSO,ALO,Fernando,Alonso,Aston Martin,229971,https://media.formula1.com/d_driver_fallback_image.png/content/dam/fom-website/drivers/F/FERALO01_Fernando_Alonso/feralo01.png.transform/1col/image.png
1262,9967,16,Charles LECLERC,LEC,Charles,Leclerc,Ferrari,ED1131,https://media.formula1.com/d_driver_fallback_image.png/content/dam/fom-website/drivers/C/CHALEC01_Charles_Leclerc/chalec01.png.transform/1col/image.png
1262,9967,18,Lance STROLL,STR,Lance,Stroll,Aston Martin,229971,https://media.formula1.com/d_driver_fallback_image.png/content/dam/fom-website/drivers/L/LANSTR01_Lance_Stroll/lanstr01.png.transform/1col/image.png
1262,9967,22,Yuki TSUNODA,TSU,Yuki,Tsunoda,Red Bull Racing,4781D7,https://media.formula1.com/d_driver_fallback_image.png/content/dam/fom-website/drivers/Y/YUKTSU01_Yuki_Tsunoda/yuktsu01.png.transform/1col/image.png
1262,9967,23,Alexander ALBON,ALB,Alexander,Albon,Williams,1868DB,https://media.formula1.com/d_driver_fallback_image.png/content/dam/fom-website/drivers/A/ALEALB01_Alexander_Albon/alealb01.png.transform/1col/image.png
1262,9967,27,Nico HULKENBERG,HUL,Nico,Hulkenberg,Kick Sauber,01C00E,https://media.formula1.com/d_driver_fallback_image.png/content/dam/fom-website/drivers/N/NICHUL01_Nico_Hulkenberg/nichul01.png.transform/1col/image.png
1262,9967,30,Liam LAWSON,LAW,Liam,Lawson,Racing Bulls,6C98FF,https://media.formula1.com/d_driver_fallback_image.png/content/dam/fom-website/drivers/L/LIALAW01_Liam_Lawson/lialaw01.png.transform/1col/image.png
1262,9967,31,Esteban OCON,OCO,Esteban,Ocon,Haas F1 Team,9C9FA2,https://media.formula1.com/d_driver_fallback_image.png/content/dam/fom-website/drivers/E/ESTOCO01_Esteban_Ocon/estoco01.png.transform/1col/image.png
1262,9967,43,Franco COLAPINTO,COL,Franco,Colapinto,Alpine,00A1E8,
1262,9967,44,Lewis HAMILTON,HAM,Lewis,Hamilton,Ferrari,ED1131,https://media.formula1.com/d_driver_fallback_image.png/content/dam/fom-website/drivers/L/LEWHAM01_Lewis_Hamilton/lewham01.png.transform/1col/image.png
1262,9967,55,Carlos SAINZ,SAI,Carlos,Sainz,Williams,1868DB,https://media.formula1.com/d_driver_fallback_image.png/content/dam/fom-website/drivers/C/CARSAI01_Carlos_Sainz/carsai01.png.transform/1col/image.png
1262,9967,63,George RUSSELL,RUS,George,Russell,Mercedes,00D7B6,https://media.formula1.com/d_driver_fallback_image.png/content/dam/fom-website/drivers/G/GEORUS01_George_Russell/georus01.png.transform/1col/image.png
1262,9967,81,Oscar PIASTRI,PIA,Oscar,Piastri,McLaren,F47600,https://media.formula1.com/d_driver_fallback_image.png/content/dam/fom-website/drivers/O/OSCPIA01_Oscar_Piastri/oscpia01.png.transform/1col/image.png
1262,9967,87,Oliver BEARMAN,BEA,Oliver,Bearman,Haas F1 Team,9C9FA2,https://media.formula1.com/d_driver_fallback_image.png/content/dam/fom-website/drivers/O/OLIBEA01_Oliver_Bearman/olibea01.png.transform/1col/image.png
1262,9971,1,Max VERSTAPPEN,VER,Max,Verstappen,Red Bull Racing,4781D7,https://media.formula1.com/d_driver_fallback_image.png/content/dam/fom-website/drivers/M/MAXVER01_Max_Verstappen/maxver01.png.transform/1col/image.png
1262,9971,4,Lando NORRIS,NOR,Lando,Norris,McLaren,F47600,https://media.formula1.com/d_driver_fallback_image.png/content/dam/fom-website/drivers/L/LANNOR01_Lando_Norris/lannor01.png.transform/1col/image.png
1262,9971,5,Gabriel BORTOLETO,BOR,Gabriel,Bortoleto,Kick Sauber,01C00E,https://media.formula1.com/d_driver_fallback_image.png/content/dam/fom-website/drivers/G/GABBOR01_Gabriel_Bortoleto/gabbor01.png.transform/1col/image.png
1262,9971,6,Isack HADJAR,HAD,Isack,Hadjar,Racing Bulls,6C98FF,https://media.formula1.com/d_driver_fallback_image.png/content/dam/fom-website/drivers/I/ISAHAD01_Isack_Hadjar/isahad01.png.transform/1col/image.png
1262,9971,10,Pierre GASLY,GAS,Pierre,Gasly,Alpine,00A1E8,https://media.formula1.com/d_driver_fallback_image.png/content/dam/fom-website/drivers/P/PIEGAS01_Pierre_Gasly/piegas01.png.transform/1col/image.png
1262,9971,12,Kimi ANTONELLI,ANT,Kimi,Antonelli,Mercedes,00D7B6,https://media.formula1.com/d_driver_fallback_image.png/content/dam/fom-website/drivers/A/ANDANT01_Andrea%20Kimi_Antonelli/andant01.png.transform/1col/image.png
1262,9971,14,Fernando ALONSO,ALO,Fernando,Alonso,Aston Martin,229971,https://media.formula1.com/d_driver_fallback_image.png/content/dam/fom-website/drivers/F/FERALO01_Fernando_Alonso/feralo01.png.transform/1col/image.png
1262,9971,16,Charles LECLERC,LEC,Charles,Leclerc,Ferrari,ED1131,https://media.formula1.com/d_driver_fallback_image.png/content/dam/fom-website/drivers/C/CHALEC01_Charles_Leclerc/chalec01.png.transform/1col/image.png
1262,9971,22,Yuki TSUNODA,TSU,Yuki,Tsunoda,Red Bull Racing,4781D7,https://media.formula1.com/d_driver_fallback_image.png/content/dam/fom-website/drivers/Y/YUKTSU01_Yuki_Tsunoda/yuktsu01.png.transform/1col/image.png
1262,9971,23,Alexander ALBON,ALB,Alexander,Albon,Williams,1868DB,https://media.formula1.com/d_driver_fallback_image.png/content/dam/fom-website/drivers/A/ALEALB01_Alexander_Albon/alealb01.png.transform/1col/image.png
1262,9971,27,Nico HULKENBERG,HUL,Nico,Hulkenberg,Kick Sauber,01C00E,https://media.formula1.com/d_driver_fallback_image.png/content/dam/fom-website/drivers/N/NICHUL01_Nico_Hulkenberg/nichul01.png.transform/1col/image.png
1262,9971,30,Liam LAWSON,LAW,Liam,Lawson,Racing Bulls,6C98FF,https://media.formula1.com/d_driver_fallback_image.png/content/dam/fom-website/drivers/L/LIALAW01_Liam_Lawson/lialaw01.png.transform/1col/image.png
1262,9971,31,Esteban OCON,OCO,Esteban,Ocon,Haas F1 Team,9C9FA2,https://media.formula1.com/d_driver_fallback_image.png/content/dam/fom-website/drivers/E/ESTOCO01_Esteban_Ocon/estoco01.png.transform/1col/image.png
1262,9971,43,Franco COLAPINTO,COL,Franco,Colapinto,Alpine,00A1E8,
1262,9971,44,Lewis HAMILTON,HAM,Lewis,Hamilton,Ferrari,ED1131,https://media.formula1.com/d_driver_fallback_image.png/content/dam/fom-website/drivers/L/LEWHAM01_Lewis_Hamilton/lewham01.png.transform/1col/image.png
1262,9971,55,Carlos SAINZ,SAI,Carlos,Sainz,Williams,1868DB,https://media.formula1.com/d_driver_fallback_image.png/content/dam/fom-website/drivers/C/CARSAI01_Carlos_Sainz/carsai01.png.transform/1col/image.png
1262,9971,63,George RUSSELL,RUS,George,Russell,Mercedes,00D7B6,https://media.formula1.com/d_driver_fallback_image.png/content/dam/fom-website/drivers/G/GEORUS01_George_Russell/georus01.png.transform/1col/image.png
1262,9971,81,Oscar PIASTRI,PIA,Oscar,Piastri,McLaren,F47600,https://media.formula1.com/d_driver_fallback_image.png/content/dam/fom-website/drivers/O/OSCPIA01_Oscar_Piastri/oscpia01.png.transform/1col/image.png
1262,9971,87,Oliver BEARMAN,BEA,Oliver,Bearman,Haas F1 Team,9C9FA2,https://media.formula1.com/d_driver_fallback_image.png/content/dam/fom-website/drivers/O/OLIBEA01_Oliver_Bearman/olibea01.png.transform/1col/image.png
1263,9956,1,Max VERSTAPPEN,VER,Max,Verstappen,Red Bull Racing,4781D7,https://media.formula1.com/d_driver_fallback_image.png/content/dam/fom-website/drivers/M/MAXVER01_Max_Verstappen/maxver01.png.transform/1col/image.png
1263,9956,4,Lando NORRIS,NOR,Lando,Norris,McLaren,F47600,https://media.formula1.com/d_driver_fallback_image.png/content/dam/fom-website/drivers/L/LANNOR01_Lando_Norris/lannor01.png.transform/1col/image.png
1263,9956,5,Gabriel BORTOLETO,BOR,Gabriel,Bortoleto,Kick Sauber,01C00E,https://media.formula1.com/d_driver_fallback_image.png/content/dam/fom-website/drivers/G/GABBOR01_Gabriel_Bortoleto/gabbor01.png.transform/1col/image.png
1263,9956,6,Isack HADJAR,HAD,Isack,Hadjar,Racing Bulls,6C98FF,https://media.formula1.com/d_driver_fallback_image.png/content/dam/fom-website/drivers/I/ISAHAD01_Isack_Hadjar/isahad01.png.transform/1col/image.png
1263,9956,10,Pierre GASLY,GAS,Pierre,Gasly,Alpine,00A1E8,https://media.formula1.com/d_driver_fallback_image.png/content/dam/fom-website/drivers/P/PIEGAS01_Pierre_Gasly/piegas01.png.transform/1col/image.png
1263,9956,12,Kimi ANTONELLI,ANT,Kimi,Antonelli,Mercedes,00D7B6,https://media.formula1.com/d_driver_fallback_image.png/content/dam/fom-website/drivers/A/ANDANT01_Andrea%20Kimi_Antonelli/andant01.png.transform/1col/image.png
1263,9956,14,Fernando ALONSO,ALO,Fernando,Alonso,Aston Martin,229971,https://media.formula1.com/d_driver_fallback_image.png/content/dam/fom-website/drivers/F/FERALO01_Fernando_Alonso/feralo01.png.transform/1col/image.png
1263,9956,16,Charles LECLERC,LEC,Charles,Leclerc,Ferrari,ED1131,https://media.formula1.com/d_driver_fallback_image.png/content/dam/fom-website/drivers/C/CHALEC01_Charles_Leclerc/chalec01.png.transform/1col/image.png
1263,9956,18,Lance STROLL,STR,Lance,Stroll,Aston Martin,229971,https://media.formula1.com/d_driver_fallback_image.png/content/dam/fom-website/drivers/L/LANSTR01_Lance_Stroll/lanstr01.png.transform/1col/image.png
1263,9956,22,Yuki TSUNODA,TSU,Yuki,Tsunoda,Red Bull Racing,4781D7,https://media.formula1.com/d_driver_fallback_image.png/content/dam/fom-website/drivers/Y/YUKTSU01_Yuki_Tsunoda/yuktsu01.png.transform/1col/image.png
1263,9956,23,Alexander ALBON,ALB,Alexander,Albon,Williams,1868DB,https://media.formula1.com/d_driver_fallback_image.png/content/dam/fom-website/drivers/A/ALEALB01_Alexander_Albon/alealb01.png.transform/1col/image.png
1263,9956,27,Nico HULKENBERG,HUL,Nico,Hulkenberg,Kick Sauber,01C00E,https://media.formula1.com/d_driver_fallback_image.png/content/dam/fom-website/drivers/N/NICHUL01_Nico_Hulkenberg/nichul01.png.transform/1col/image.png
1263,9956,30,Liam LAWSON,LAW,Liam,Lawson,Racing Bulls,6C98FF,https://media.formula1.com/d_driver_fallback_image.png/content/dam/fom-website/drivers/L/LIALAW01_Liam_Lawson/lialaw01.png.transform/1col/image.png
1263,9956,31,Esteban OCON,OCO,Esteban,Ocon,Haas F1 Team,9C9FA2,https://media.formula1.com/d_driver_fallback_image.png/content/dam/fom-website/drivers/E/ESTOCO01_Esteban_Ocon/estoco01.png.transform/1col/image.png
1263,9956,43,Franco COLAPINTO,COL,Franco,Colapinto,Alpine,00A1E8,
1263,9956,44,Lewis HAMILTON,HAM,Lewis,Hamilton,Ferrari,ED1131,https://media.formula1.com/d_driver_fallback_image.png/content/dam/fom-website/drivers/L/LEWHAM01_Lewis_Hamilton/lewham01.png.transform/1col/image.png
1263,9956,55,Carlos SAINZ,SAI,Carlos,Sainz,Williams,1868DB,https://media.formula1.com/d_driver_fallback_image.png/content/dam/fom-website/drivers/C/CARSAI01_Carlos_Sainz/carsai01.png.transform/1col/image.png
1263,9956,63,George RUSSELL,RUS,George,Russell,Mercedes,00D7B6,https://media.formula1.com/d_driver_fallback_image.png/content/dam/fom-website/drivers/G/GEORUS01_George_Russell/georus01.png.transform/1col/image.png
1263,9956,81,Oscar PIASTRI,PIA,Oscar,Piastri,McLaren,F47600,https://media.formula1.com/d_driver_fallback_image.png/content/dam/fom-website/drivers/O/OSCPIA01_Oscar_Piastri/oscpia01.png.transform/1col/image.png
1263,9956,87,Oliver BEARMAN,BEA,Oliver,Bearman,Haas F1 Team,9C9FA2,https://media.formula1.com/d_driver_fallback_image.png/content/dam/fom-website/drivers/O/OLIBEA01_Oliver_Bearman/olibea01.png.transform/1col/image.png
1263,9957,1,Max VERSTAPPEN,VER,Max,Verstappen,Red Bull Racing,4781D7,https://media.formula1.com/d_driver_fallback_image.png/content/dam/fom-website/drivers/M/MAXVER01_Max_Verstappen/maxver01.png.transform/1col/image.png
1263,9957,4,Lando NORRIS,NOR,Lando,Norris,McLaren,F47600,https://media.formula1.com/d_driver_fallback_image.png/content/dam/fom-website/drivers/L/LANNOR01_Lando_Norris/lannor01.png.transform/1col/image.png
1263,9957,5,Gabriel BORTOLETO,BOR,Gabriel,Bortoleto,Kick Sauber,01C00E,https://media.formula1.com/d_driver_fallback_image.png/content/dam/fom-website/drivers/G/GABBOR01_Gabriel_Bortoleto/gabbor01.png.transform/1col/image.png
1263,9957,6,Isack HADJAR,HAD,Isack,Hadjar,Racing Bulls,6C98FF,https://media.formula1.com/d_driver_fallback_image.png/content/dam/fom-website/drivers/I/ISAHAD01_Isack_Hadjar/isahad01.png.transform/1col/image.png
1263,9957,10,Pierre GASLY,GAS,Pierre,Gasly,Alpine,00A1E8,https://media.formula1.com/d_driver_fallback_image.png/content/dam/fom-website/drivers/P/PIEGAS01_Pierre_Gasly/piegas01.png.transform/1col/image.png
1263,9957,12,Kimi ANTONELLI,ANT,Kimi,Antonelli,Mercedes,00D7B6,https://media.formula1.com/d_driver_fallback_image.png/content/dam/fom-website/drivers/A/ANDANT01_Andrea%20Kimi_Antonelli/andant01.png.transform/1col/image.png
1263,9957,14,Fernando ALONSO,ALO,Fernando,Alonso,Aston Martin,229971,https://media.formula1.com/d_driver_fallback_image.png/content/dam/fom-website/drivers/F/FERALO01_Fernando_Alonso/feralo01.png.transform/1col/image.png
1263,9957,16,Charles LECLERC,LEC,Charles,Leclerc,Ferrari,ED1131,https://media.formula1.com/d_driver_fallback_image.png/content/dam/fom-website/drivers/C/CHALEC01_Charles_Leclerc/chalec01.png.transform/1col/image.png
1263,9957,18,Lance STROLL,STR,Lance,Stroll,Aston Martin,229971,https://media.formula1.com/d_driver_fallback_image.png/content/dam/fom-website/drivers/L/LANSTR01_Lance_Stroll/lanstr01.png.transform/1col/image.png
1263,9957,22,Yuki TSUNODA,TSU,Yuki,Tsunoda,Red Bull Racing,4781D7,https://media.formula1.com/d_driver_fallback_image.png/content/dam/fom-website/drivers/Y/YUKTSU01_Yuki_Tsunoda/yuktsu01.png.transform/1col/image.png
1263,9957,23,Alexander ALBON,ALB,Alexander,Albon,Williams,1868DB,https://media.formula1.com/d_driver_fallback_image.png/content/dam/fom-website/drivers/A/ALEALB01_Alexander_Albon/alealb01.png.transform/1col/image.png
1263,9957,27,Nico HULKENBERG,HUL,Nico,Hulkenberg,Kick Sauber,01C00E,https://media.formula1.com/d_driver_fallback_image.png/content/dam/fom-website/drivers/N/NICHUL01_Nico_Hulkenberg/nichul01.png.transform/1col/image.png
1263,9957,30,Liam LAWSON,LAW,Liam,Lawson,Racing Bulls,6C98FF,https://media.formula1.com/d_driver_fallback_image.png/content/dam/fom-website/drivers/L/LIALAW01_Liam_Lawson/lialaw01.png.transform/1col/image.png
1263,9957,31,Esteban OCON,OCO,Esteban,Ocon,Haas F1 Team,9C9FA2,https://media.formula1.com/d_driver_fallback_image.png/content/dam/fom-website/drivers/E/ESTOCO01_Esteban_Ocon/estoco01.png.transform/1col/image.png
1263,9957,43,Franco COLAPINTO,COL,Franco,Colapinto,Alpine,00A1E8,
1263,9957,44,Lewis HAMILTON,HAM,Lewis,Hamilton,Ferrari,ED1131,https://media.formula1.com/d_driver_fallback_image.png/content/dam/fom-website/drivers/L/LEWHAM01_Lewis_Hamilton/lewham01.png.transform/1col/image.png
1263,9957,55,Carlos SAINZ,SAI,Carlos,Sainz,Williams,1868DB,https://media.formula1.com/d_driver_fallback_image.png/content/dam/fom-website/drivers/C/CARSAI01_Carlos_Sainz/carsai01.png.transform/1col/image.png
1263,9957,63,George RUSSELL,RUS,George,Russell,Mercedes,00D7B6,https://media.formula1.com/d_driver_fallback_image.png/content/dam/fom-website/drivers/G/GEORUS01_George_Russell/georus01.png.transform/1col/image.png
1263,9957,81,Oscar PIASTRI,PIA,Oscar,Piastri,McLaren,F47600,https://media.formula1.com/d_driver_fallback_image.png/content/dam/fom-website/drivers/O/OSCPIA01_Oscar_Piastri/oscpia01.png.transform/1col/image.png
1263,9957,87,Oliver BEARMAN,BEA,Oliver,Bearman,Haas F1 Team,9C9FA2,https://media.formula1.com/d_driver_fallback_image.png/content/dam/fom-website/drivers/O/OLIBEA01_Oliver_Bearman/olibea01.png.transform/1col/image.png
1263,9958,1,Max VERSTAPPEN,VER,Max,Verstappen,Red Bull Racing,4781D7,https://media.formula1.com/d_driver_fallback_image.png/content/dam/fom-website/drivers/M/MAXVER01_Max_Verstappen/maxver01.png.transform/1col/image.png
1263,9958,4,Lando NORRIS,NOR,Lando,Norris,McLaren,F47600,https://media.formula1.com/d_driver_fallback_image.png/content/dam/fom-website/drivers/L/LANNOR01_Lando_Norris/lannor01.png.transform/1col/image.png
1263,9958,5,Gabriel BORTOLETO,BOR,Gabriel,Bortoleto,Kick Sauber,01C00E,https://media.formula1.com/d_driver_fallback_image.png/content/dam/fom-website/drivers/G/GABBOR01_Gabriel_Bortoleto/gabbor01.png.transform/1col/image.png
1263,9958,6,Isack HADJAR,HAD,Isack,Hadjar,Racing Bulls,6C98FF,https://media.formula1.com/d_driver_fallback_image.png/content/dam/fom-website/drivers/I/ISAHAD01_Isack_Hadjar/isahad01.png.transform/1col/image.png
1263,9958,10,Pierre GASLY,GAS,Pierre,Gasly,Alpine,00A1E8,https://media.formula1.com/d_driver_fallback_image.png/content/dam/fom-website/drivers/P/PIEGAS01_Pierre_Gasly/piegas01.png.transform/1col/image.png
1263,9958,12,Kimi ANTONELLI,ANT,Kimi,Antonelli,Mercedes,00D7B6,https://media.formula1.com/d_driver_fallback_image.png/content/dam/fom-website/drivers/A/ANDANT01_Andrea%20Kimi_Antonelli/andant01.png.transform/1col/image.png
1263,9958,14,Fernando ALONSO,ALO,Fernando,Alonso,Aston Martin,229971,https://media.formula1.com/d_driver_fallback_image.png/content/dam/fom-website/drivers/F/FERALO01_Fernando_Alonso/feralo01.png.transform/1col/image.png
1263,9958,16,Charles LECLERC,LEC,Charles,Leclerc,Ferrari,ED1131,https://media.formula1.com/d_driver_fallback_image.png/content/dam/fom-website/drivers/C/CHALEC01_Charles_Leclerc/chalec01.png.transform/1col/image.png
1263,9958,18,Lance STROLL,STR,Lance,Stroll,Aston Martin,229971,https://media.formula1.com/d_driver_fallback_image.png/content/dam/fom-website/drivers/L/LANSTR01_Lance_Stroll/lanstr01.png.transform/1col/image.png
1263,9958,22,Yuki TSUNODA,TSU,Yuki,Tsunoda,Red Bull Racing,4781D7,https://media.formula1.com/d_driver_fallback_image.png/content/dam/fom-website/drivers/Y/YUKTSU01_Yuki_Tsunoda/yuktsu01.png.transform/1col/image.png
1263,9958,23,Alexander ALBON,ALB,Alexander,Albon,Williams,1868DB,https://media.formula1.com/d_driver_fallback_image.png/content/dam/fom-website/drivers/A/ALEALB01_Alexander_Albon/alealb01.png.transform/1col/image.png
1263,9958,27,Nico HULKENBERG,HUL,Nico,Hulkenberg,Kick Sauber,01C00E,https://media.formula1.com/d_driver_fallback_image.png/content/dam/fom-website/drivers/N/NICHUL01_Nico_Hulkenberg/nichul01.png.transform/1col/image.png
1263,9958,30,Liam LAWSON,LAW,Liam,Lawson,Racing Bulls,6C98FF,https://media.formula1.com/d_driver_fallback_image.png/content/dam/fom-website/drivers/L/LIALAW01_Liam_Lawson/lialaw01.png.transform/1col/image.png
1263,9958,31,Esteban OCON,OCO,Esteban,Ocon,Haas F1 Team,9C9FA2,https://media.formula1.com/d_driver_fallback_image.png/content/dam/fom-website/drivers/E/ESTOCO01_Esteban_Ocon/estoco01.png.transform/1col/image.png
1263,9958,43,Franco COLAPINTO,COL,Franco,Colapinto,Alpine,00A1E8,
1263,9958,44,Lewis HAMILTON,HAM,Lewis,Hamilton,Ferrari,ED1131,https://media.formula1.com/d_driver_fallback_image.png/content/dam/fom-website/drivers/L/LEWHAM01_Lewis_Hamilton/lewham01.png.transform/1col/image.png
1263,9958,55,Carlos SAINZ,SAI,Carlos,Sainz,Williams,1868DB,https://media.formula1.com/d_driver_fallback_image.png/content/dam/fom-website/drivers/C/CARSAI01_Carlos_Sainz/carsai01.png.transform/1col/image.png
1263,9958,63,George RUSSELL,RUS,George,Russell,Mercedes,00D7B6,https://media.formula1.com/d_driver_fallback_image.png/content/dam/fom-website/drivers/G/GEORUS01_George_Russell/georus01.png.transform/1col/image.png
1263,9958,81,Oscar PIASTRI,PIA,Oscar,Piastri,McLaren,F47600,https://media.formula1.com/d_driver_fallback_image.png/content/dam/fom-website/drivers/O/OSCPIA01_Oscar_Piastri/oscpia01.png.transform/1col/image.png
1263,9958,87,Oliver BEARMAN,BEA,Oliver,Bearman,Haas F1 Team,9C9FA2,https://media.formula1.com/d_driver_fallback_image.png/content/dam/fom-website/drivers/O/OLIBEA01_Oliver_Bearman/olibea01.png.transform/1col/image.png
1263,9959,1,Max VERSTAPPEN,VER,Max,Verstappen,Red Bull Racing,4781D7,https://media.formula1.com/d_driver_fallback_image.png/content/dam/fom-website/drivers/M/MAXVER01_Max_Verstappen/maxver01.png.transform/1col/image.png
1263,9959,4,Lando NORRIS,NOR,Lando,Norris,McLaren,F47600,https://media.formula1.com/d_driver_fallback_image.png/content/dam/fom-website/drivers/L/LANNOR01_Lando_Norris/lannor01.png.transform/1col/image.png
1263,9959,5,Gabriel BORTOLETO,BOR,Gabriel,Bortoleto,Kick Sauber,01C00E,https://media.formula1.com/d_driver_fallback_image.png/content/dam/fom-website/drivers/G/GABBOR01_Gabriel_Bortoleto/gabbor01.png.transform/1col/image.png
1263,9959,6,Isack HADJAR,HAD,Isack,Hadjar,Racing Bulls,6C98FF,https://media.formula1.com/d_driver_fallback_image.png/content/dam/fom-website/drivers/I/ISAHAD01_Isack_Hadjar/isahad01.png.transform/1col/image.png
1263,9959,10,Pierre GASLY,GAS,Pierre,Gasly,Alpine,00A1E8,https://media.formula1.com/d_driver_fallback_image.png/content/dam/fom-website/drivers/P/PIEGAS01_Pierre_Gasly/piegas01.png.transform/1col/image.png
1263,9959,12,Kimi ANTONELLI,ANT,Kimi,Antonelli,Mercedes,00D7B6,https://media.formula1.com/d_driver_fallback_image.png/content/dam/fom-website/drivers/A/ANDANT01_Andrea%20Kimi_Antonelli/andant01.png.transform/1col/image.png
1263,9959,14,Fernando ALONSO,ALO,Fernando,Alonso,Aston Martin,229971,https://media.formula1.com/d_driver_fallback_image.png/content/dam/fom-website/drivers/F/FERALO01_Fernando_Alonso/feralo01.png.transform/1col/image.png
1263,9959,16,Charles LECLERC,LEC,Charles,Leclerc,Ferrari,ED1131,https://media.formula1.com/d_driver_fallback_image.png/content/dam/fom-website/drivers/C/CHALEC01_Charles_Leclerc/chalec01.png.transform/1col/image.png
1263,9959,18,Lance STROLL,STR,Lance,Stroll,Aston Martin,229971,https://media.formula1.com/d_driver_fallback_image.png/content/dam/fom-website/drivers/L/LANSTR01_Lance_Stroll/lanstr01.png.transform/1col/image.png
1263,9959,22,Yuki TSUNODA,TSU,Yuki,Tsunoda,Red Bull Racing,4781D7,https://media.formula1.com/d_driver_fallback_image.png/content/dam/fom-website/drivers/Y/YUKTSU01_Yuki_Tsunoda/yuktsu01.png.transform/1col/image.png
1263,9959,23,Alexander ALBON,ALB,Alexander,Albon,Williams,1868DB,https://media.formula1.com/d_driver_fallback_image.png/content/dam/fom-website/drivers/A/ALEALB01_Alexander_Albon/alealb01.png.transform/1col/image.png
1263,9959,27,Nico HULKENBERG,HUL,Nico,Hulkenberg,Kick Sauber,01C00E,https://media.formula1.com/d_driver_fallback_image.png/content/dam/fom-website/drivers/N/NICHUL01_Nico_Hulkenberg/nichul01.png.transform/1col/image.png
1263,9959,30,Liam LAWSON,LAW,Liam,Lawson,Racing Bulls,6C98FF,https://media.formula1.com/d_driver_fallback_image.png/content/dam/fom-website/drivers/L/LIALAW01_Liam_Lawson/lialaw01.png.transform/1col/image.png
1263,9959,31,Esteban OCON,OCO,Esteban,Ocon,Haas F1 Team,9C9FA2,https://media.formula1.com/d_driver_fallback_image.png/content/dam/fom-website/drivers/E/ESTOCO01_Esteban_Ocon/estoco01.png.transform/1col/image.png
1263,9959,43,Franco COLAPINTO,COL,Franco,Colapinto,Alpine,00A1E8,
1263,9959,44,Lewis HAMILTON,HAM,Lewis,Hamilton,Ferrari,ED1131,https://media.formula1.com/d_driver_fallback_image.png/content/dam/fom-website/drivers/L/LEWHAM01_Lewis_Hamilton/lewham01.png.transform/1col/image.png
1263,9959,55,Carlos SAINZ,SAI,Carlos,Sainz,Williams,1868DB,https://media.formula1.com/d_driver_fallback_image.png/content/dam/fom-website/drivers/C/CARSAI01_Carlos_Sainz/carsai01.png.transform/1col/image.png
1263,9959,63,George RUSSELL,RUS,George,Russell,Mercedes,00D7B6,https://media.formula1.com/d_driver_fallback_image.png/content/dam/fom-website/drivers/G/GEORUS01_George_Russell/georus01.png.transform/1col/image.png
1263,9959,81,Oscar PIASTRI,PIA,Oscar,Piastri,McLaren,F47600,https://media.formula1.com/d_driver_fallback_image.png/content/dam/fom-website/drivers/O/OSCPIA01_Oscar_Piastri/oscpia01.png.transform/1col/image.png
1263,9959,87,Oliver BEARMAN,BEA,Oliver,Bearman,Haas F1 Team,9C9FA2,https://media.formula1.com/d_driver_fallback_image.png/content/dam/fom-website/drivers/O/OLIBEA01_Oliver_Bearman/olibea01.png.transform/1col/image.png
1263,9963,1,Max VERSTAPPEN,VER,Max,Verstappen,Red Bull Racing,4781D7,https://media.formula1.com/d_driver_fallback_image.png/content/dam/fom-website/drivers/M/MAXVER01_Max_Verstappen/maxver01.png.transform/1col/image.png
1263,9963,4,Lando NORRIS,NOR,Lando,Norris,McLaren,F47600,https://media.formula1.com/d_driver_fallback_image.png/content/dam/fom-website/drivers/L/LANNOR01_Lando_Norris/lannor01.png.transform/1col/image.png
1263,9963,5,Gabriel BORTOLETO,BOR,Gabriel,Bortoleto,Kick Sauber,01C00E,https://media.formula1.com/d_driver_fallback_image.png/content/dam/fom-website/drivers/G/GABBOR01_Gabriel_Bortoleto/gabbor01.png.transform/1col/image.png
1263,9963,6,Isack HADJAR,HAD,Isack,Hadjar,Racing Bulls,6C98FF,https://media.formula1.com/d_driver_fallback_image.png/content/dam/fom-website/drivers/I/ISAHAD01_Isack_Hadjar/isahad01.png.transform/1col/image.png
1263,9963,10,Pierre GASLY,GAS,Pierre,Gasly,Alpine,00A1E8,https://media.formula1.com/d_driver_fallback_image.png/content/dam/fom-website/drivers/P/PIEGAS01_Pierre_Gasly/piegas01.png.transform/1col/image.png
1263,9963,12,Kimi ANTONELLI,ANT,Kimi,Antonelli,Mercedes,00D7B6,https://media.formula1.com/d_driver_fallback_image.png/content/dam/fom-website/drivers/A/ANDANT01_Andrea%20Kimi_Antonelli/andant01.png.transform/1col/image.png
1263,9963,14,Fernando ALONSO,ALO,Fernando,Alonso,Aston Martin,229971,https://media.formula1.com/d_driver_fallback_image.png/content/dam/fom-website/drivers/F/FERALO01_Fernando_Alonso/feralo01.png.transform/1col/image.png
1263,9963,16,Charles LECLERC,LEC,Charles,Leclerc,Ferrari,ED1131,https://media.formula1.com/d_driver_fallback_image.png/content/dam/fom-website/drivers/C/CHALEC01_Charles_Leclerc/chalec01.png.transform/1col/image.png
1263,9963,18,Lance STROLL,STR,Lance,Stroll,Aston Martin,229971,https://media.formula1.com/d_driver_fallback_image.png/content/dam/fom-website/drivers/L/LANSTR01_Lance_Stroll/lanstr01.png.transform/1col/image.png
1263,9963,22,Yuki TSUNODA,TSU,Yuki,Tsunoda,Red Bull Racing,4781D7,https://media.formula1.com/d_driver_fallback_image.png/content/dam/fom-website/drivers/Y/YUKTSU01_Yuki_Tsunoda/yuktsu01.png.transform/1col/image.png
1263,9963,23,Alexander ALBON,ALB,Alexander,Albon,Williams,1868DB,https://media.formula1.com/d_driver_fallback_image.png/content/dam/fom-website/drivers/A/ALEALB01_Alexander_Albon/alealb01.png.transform/1col/image.png
1263,9963,27,Nico HULKENBERG,HUL,Nico,Hulkenberg,Kick Sauber,01C00E,https://media.formula1.com/d_driver_fallback_image.png/content/dam/fom-website/drivers/N/NICHUL01_Nico_Hulkenberg/nichul01.png.transform/1col/image.png
1263,9963,30,Liam LAWSON,LAW,Liam,Lawson,Racing Bulls,6C98FF,https://media.formula1.com/d_driver_fallback_image.png/content/dam/fom-website/drivers/L/LIALAW01_Liam_Lawson/lialaw01.png.transform/1col/image.png
1263,9963,31,Esteban OCON,OCO,Esteban,Ocon,Haas F1 Team,9C9FA2,https://media.formula1.com/d_driver_fallback_image.png/content/dam/fom-website/drivers/E/ESTOCO01_Esteban_Ocon/estoco01.png.transform/1col/image.png
1263,9963,43,Franco COLAPINTO,COL,Franco,Colapinto,Alpine,00A1E8,
1263,9963,44,Lewis HAMILTON,HAM,Lewis,Hamilton,Ferrari,ED1131,https://media.formula1.com/d_driver_fallback_image.png/content/dam/fom-website/drivers/L/LEWHAM01_Lewis_Hamilton/lewham01.png.transform/1col/image.png
1263,9963,55,Carlos SAINZ,SAI,Carlos,Sainz,Williams,1868DB,https://media.formula1.com/d_driver_fallback_image.png/content/dam/fom-website/drivers/C/CARSAI01_Carlos_Sainz/carsai01.png.transform/1col/image.png
1263,9963,63,George RUSSELL,RUS,George,Russell,Mercedes,00D7B6,https://media.formula1.com/d_driver_fallback_image.png/content/dam/fom-website/drivers/G/GEORUS01_George_Russell/georus01.png.transform/1col/image.png
1263,9963,81,Oscar PIASTRI,PIA,Oscar,Piastri,McLaren,F47600,https://media.formula1.com/d_driver_fallback_image.png/content/dam/fom-website/drivers/O/OSCPIA01_Oscar_Piastri/oscpia01.png.transform/1col/image.png
1263,9963,87,Oliver BEARMAN,BEA,Oliver,Bearman,Haas F1 Team,9C9FA2,https://media.formula1.com/d_driver_fallback_image.png/content/dam/fom-website/drivers/O/OLIBEA01_Oliver_Bearman/olibea01.png.transform/1col/image.png
1264,9948,1,Max VERSTAPPEN,VER,Max,Verstappen,Red Bull Racing,4781D7,https://media.formula1.com/d_driver_fallback_image.png/content/dam/fom-website/drivers/M/MAXVER01_Max_Verstappen/maxver01.png.transform/1col/image.png
1264,9948,5,Gabriel BORTOLETO,BOR,Gabriel,Bortoleto,Kick Sauber,01C00E,https://media.formula1.com/d_driver_fallback_image.png/content/dam/fom-website/drivers/G/GABBOR01_Gabriel_Bortoleto/gabbor01.png.transform/1col/image.png
1264,9948,6,Isack HADJAR,HAD,Isack,Hadjar,Racing Bulls,6C98FF,https://media.formula1.com/d_driver_fallback_image.png/content/dam/fom-website/drivers/I/ISAHAD01_Isack_Hadjar/isahad01.png.transform/1col/image.png
1264,9948,10,Pierre GASLY,GAS,Pierre,Gasly,Alpine,00A1E8,https://media.formula1.com/d_driver_fallback_image.png/content/dam/fom-website/drivers/P/PIEGAS01_Pierre_Gasly/piegas01.png.transform/1col/image.png
1264,9948,12,Kimi ANTONELLI,ANT,Kimi,Antonelli,Mercedes,00D7B6,https://media.formula1.com/d_driver_fallback_image.png/content/dam/fom-website/drivers/A/ANDANT01_Andrea%20Kimi_Antonelli/andant01.png.transform/1col/image.png
1264,9948,14,Fernando ALONSO,ALO,Fernando,Alonso,Aston Martin,229971,https://media.formula1.com/d_driver_fallback_image.png/content/dam/fom-website/drivers/F/FERALO01_Fernando_Alonso/feralo01.png.transform/1col/image.png
1264,9948,18,Lance STROLL,STR,Lance,Stroll,Aston Martin,229971,https://media.formula1.com/d_driver_fallback_image.png/content/dam/fom-website/drivers/L/LANSTR01_Lance_Stroll/lanstr01.png.transform/1col/image.png
1264,9948,22,Yuki TSUNODA,TSU,Yuki,Tsunoda,Red Bull Racing,4781D7,https://media.formula1.com/d_driver_fallback_image.png/content/dam/fom-website/drivers/Y/YUKTSU01_Yuki_Tsunoda/yuktsu01.png.transform/1col/image.png
1264,9948,23,Alexander ALBON,ALB,Alexander,Albon,Williams,1868DB,https://media.formula1.com/d_driver_fallback_image.png/content/dam/fom-website/drivers/A/ALEALB01_Alexander_Albon/alealb01.png.transform/1col/image.png
1264,9948,27,Nico HULKENBERG,HUL,Nico,Hulkenberg,Kick Sauber,01C00E,https://media.formula1.com/d_driver_fallback_image.png/content/dam/fom-website/drivers/N/NICHUL01_Nico_Hulkenberg/nichul01.png.transform/1col/image.png
1264,9948,30,Liam LAWSON,LAW,Liam,Lawson,Racing Bulls,6C98FF,https://media.formula1.com/d_driver_fallback_image.png/content/dam/fom-website/drivers/L/LIALAW01_Liam_Lawson/lialaw01.png.transform/1col/image.png
1264,9948,31,Esteban OCON,OCO,Esteban,Ocon,Haas F1 Team,9C9FA2,https://media.formula1.com/d_driver_fallback_image.png/content/dam/fom-website/drivers/E/ESTOCO01_Esteban_Ocon/estoco01.png.transform/1col/image.png
1264,9948,38,Dino BEGANOVIC,BEG,Dino,Beganovic,Ferrari,ED1131,
1264,9948,43,Franco COLAPINTO,COL,Franco,Colapinto,Alpine,00A1E8,
1264,9948,44,Lewis HAMILTON,HAM,Lewis,Hamilton,Ferrari,ED1131,https://media.formula1.com/d_driver_fallback_image.png/content/dam/fom-website/drivers/L/LEWHAM01_Lewis_Hamilton/lewham01.png.transform/1col/image.png
1264,9948,55,Carlos SAINZ,SAI,Carlos,Sainz,Williams,1868DB,https://media.formula1.com/d_driver_fallback_image.png/content/dam/fom-website/drivers/C/CARSAI01_Carlos_Sainz/carsai01.png.transform/1col/image.png
1264,9948,63,George RUSSELL,RUS,George,Russell,Mercedes,00D7B6,https://media.formula1.com/d_driver_fallback_image.png/content/dam/fom-website/drivers/G/GEORUS01_George_Russell/georus01.png.transform/1col/image.png
1264,9948,81,Oscar PIASTRI,PIA,Oscar,Piastri,McLaren,F47600,https://media.formula1.com/d_driver_fallback_image.png/content/dam/fom-website/drivers/O/OSCPIA01_Oscar_Piastri/oscpia01.png.transform/1col/image.png
1264,9948,87,Oliver BEARMAN,BEA,Oliver,Bearman,Haas F1 Team,9C9FA2,https://media.formula1.com/d_driver_fallback_image.png/content/dam/fom-website/drivers/O/OLIBEA01_Oliver_Bearman/olibea01.png.transform/1col/image.png
1264,9948,89,Alexander DUNNE,DUN,Alexander,Dunne,McLaren,F47600,
1264,9949,1,Max VERSTAPPEN,VER,Max,Verstappen,Red Bull Racing,4781D7,https://media.formula1.com/d_driver_fallback_image.png/content/dam/fom-website/drivers/M/MAXVER01_Max_Verstappen/maxver01.png.transform/1col/image.png
1264,9949,4,Lando NORRIS,NOR,Lando,Norris,McLaren,F47600,https://media.formula1.com/d_driver_fallback_image.png/content/dam/fom-website/drivers/L/LANNOR01_Lando_Norris/lannor01.png.transform/1col/image.png
1264,9949,5,Gabriel BORTOLETO,BOR,Gabriel,Bortoleto,Kick Sauber,01C00E,https://media.formula1.com/d_driver_fallback_image.png/content/dam/fom-website/drivers/G/GABBOR01_Gabriel_Bortoleto/gabbor01.png.transform/1col/image.png
1264,9949,6,Isack HADJAR,HAD,Isack,Hadjar,Racing Bulls,6C98FF,https://media.formula1.com/d_driver_fallback_image.png/content/dam/fom-website/drivers/I/ISAHAD01_Isack_Hadjar/isahad01.png.transform/1col/image.png
1264,9949,10,Pierre GASLY,GAS,Pierre,Gasly,Alpine,00A1E8,https://media.formula1.com/d_driver_fallback_image.png/content/dam/fom-website/drivers/P/PIEGAS01_Pierre_Gasly/piegas01.png.transform/1col/image.png
1264,9949,12,Kimi ANTONELLI,ANT,Kimi,Antonelli,Mercedes,00D7B6,https://media.formula1.com/d_driver_fallback_image.png/content/dam/fom-website/drivers/A/ANDANT01_Andrea%20Kimi_Antonelli/andant01.png.transform/1col/image.png
1264,9949,14,Fernando ALONSO,ALO,Fernando,Alonso,Aston Martin,229971,https://media.formula1.com/d_driver_fallback_image.png/content/dam/fom-website/drivers/F/FERALO01_Fernando_Alonso/feralo01.png.transform/1col/image.png
1264,9949,16,Charles LECLERC,LEC,Charles,Leclerc,Ferrari,ED1131,https://media.formula1.com/d_driver_fallback_image.png/content/dam/fom-website/drivers/C/CHALEC01_Charles_Leclerc/chalec01.png.transform/1col/image.png
1264,9949,18,Lance STROLL,STR,Lance,Stroll,Aston Martin,229971,https://media.formula1.com/d_driver_fallback_image.png/content/dam/fom-website/drivers/L/LANSTR01_Lance_Stroll/lanstr01.png.transform/1col/image.png
1264,9949,22,Yuki TSUNODA,TSU,Yuki,Tsunoda,Red Bull Racing,4781D7,https://media.formula1.com/d_driver_fallback_image.png/content/dam/fom-website/drivers/Y/YUKTSU01_Yuki_Tsunoda/yuktsu01.png.transform/1col/image.png
1264,9949,23,Alexander ALBON,ALB,Alexander,Albon,Williams,1868DB,https://media.formula1.com/d_driver_fallback_image.png/content/dam/fom-website/drivers/A/ALEALB01_Alexander_Albon/alealb01.png.transform/1col/image.png
1264,9949,27,Nico HULKENBERG,HUL,Nico,Hulkenberg,Kick Sauber,01C00E,https://media.formula1.com/d_driver_fallback_image.png/content/dam/fom-website/drivers/N/NICHUL01_Nico_Hulkenberg/nichul01.png.transform/1col/image.png
1264,9949,30,Liam LAWSON,LAW,Liam,Lawson,Racing Bulls,6C98FF,https://media.formula1.com/d_driver_fallback_image.png/content/dam/fom-website/drivers/L/LIALAW01_Liam_Lawson/lialaw01.png.transform/1col/image.png
1264,9949,31,Esteban OCON,OCO,Esteban,Ocon,Haas F1 Team,9C9FA2,https://media.formula1.com/d_driver_fallback_image.png/content/dam/fom-website/drivers/E/ESTOCO01_Esteban_Ocon/estoco01.png.transform/1col/image.png
1264,9949,43,Franco COLAPINTO,COL,Franco,Colapinto,Alpine,00A1E8,
1264,9949,44,Lewis HAMILTON,HAM,Lewis,Hamilton,Ferrari,ED1131,https://media.formula1.com/d_driver_fallback_image.png/content/dam/fom-website/drivers/L/LEWHAM01_Lewis_Hamilton/lewham01.png.transform/1col/image.png
1264,9949,55,Carlos SAINZ,SAI,Carlos,Sainz,Williams,1868DB,https://media.formula1.com/d_driver_fallback_image.png/content/dam/fom-website/drivers/C/CARSAI01_Carlos_Sainz/carsai01.png.transform/1col/image.png
1264,9949,63,George RUSSELL,RUS,George,Russell,Mercedes,00D7B6,https://media.formula1.com/d_driver_fallback_image.png/content/dam/fom-website/drivers/G/GEORUS01_George_Russell/georus01.png.transform/1col/image.png
1264,9949,81,Oscar PIASTRI,PIA,Oscar,Piastri,McLaren,F47600,https://media.formula1.com/d_driver_fallback_image.png/content/dam/fom-website/drivers/O/OSCPIA01_Oscar_Piastri/oscpia01.png.transform/1col/image.png
1264,9949,87,Oliver BEARMAN,BEA,Oliver,Bearman,Haas F1 Team,9C9FA2,https://media.formula1.com/d_driver_fallback_image.png/content/dam/fom-website/drivers/O/OLIBEA01_Oliver_Bearman/olibea01.png.transform/1col/image.png
1264,9950,1,Max VERSTAPPEN,VER,Max,Verstappen,Red Bull Racing,4781D7,https://media.formula1.com/d_driver_fallback_image.png/content/dam/fom-website/drivers/M/MAXVER01_Max_Verstappen/maxver01.png.transform/1col/image.png
1264,9950,4,Lando NORRIS,NOR,Lando,Norris,McLaren,F47600,https://media.formula1.com/d_driver_fallback_image.png/content/dam/fom-website/drivers/L/LANNOR01_Lando_Norris/lannor01.png.transform/1col/image.png
1264,9950,5,Gabriel BORTOLETO,BOR,Gabriel,Bortoleto,Kick Sauber,01C00E,https://media.formula1.com/d_driver_fallback_image.png/content/dam/fom-website/drivers/G/GABBOR01_Gabriel_Bortoleto/gabbor01.png.transform/1col/image.png
1264,9950,6,Isack HADJAR,HAD,Isack,Hadjar,Racing Bulls,6C98FF,https://media.formula1.com/d_driver_fallback_image.png/content/dam/fom-website/drivers/I/ISAHAD01_Isack_Hadjar/isahad01.png.transform/1col/image.png
1264,9950,10,Pierre GASLY,GAS,Pierre,Gasly,Alpine,00A1E8,https://media.formula1.com/d_driver_fallback_image.png/content/dam/fom-website/drivers/P/PIEGAS01_Pierre_Gasly/piegas01.png.transform/1col/image.png
1264,9950,12,Kimi ANTONELLI,ANT,Kimi,Antonelli,Mercedes,00D7B6,https://media.formula1.com/d_driver_fallback_image.png/content/dam/fom-website/drivers/A/ANDANT01_Andrea%20Kimi_Antonelli/andant01.png.transform/1col/image.png
1264,9950,14,Fernando ALONSO,ALO,Fernando,Alonso,Aston Martin,229971,https://media.formula1.com/d_driver_fallback_image.png/content/dam/fom-website/drivers/F/FERALO01_Fernando_Alonso/feralo01.png.transform/1col/image.png
1264,9950,16,Charles LECLERC,LEC,Charles,Leclerc,Ferrari,ED1131,https://media.formula1.com/d_driver_fallback_image.png/content/dam/fom-website/drivers/C/CHALEC01_Charles_Leclerc/chalec01.png.transform/1col/image.png
1264,9950,18,Lance STROLL,STR,Lance,Stroll,Aston Martin,229971,https://media.formula1.com/d_driver_fallback_image.png/content/dam/fom-website/drivers/L/LANSTR01_Lance_Stroll/lanstr01.png.transform/1col/image.png
1264,9950,22,Yuki TSUNODA,TSU,Yuki,Tsunoda,Red Bull Racing,4781D7,https://media.formula1.com/d_driver_fallback_image.png/content/dam/fom-website/drivers/Y/YUKTSU01_Yuki_Tsunoda/yuktsu01.png.transform/1col/image.png
1264,9950,23,Alexander ALBON,ALB,Alexander,Albon,Williams,1868DB,https://media.formula1.com/d_driver_fallback_image.png/content/dam/fom-website/drivers/A/ALEALB01_Alexander_Albon/alealb01.png.transform/1col/image.png
1264,9950,27,Nico HULKENBERG,HUL,Nico,Hulkenberg,Kick Sauber,01C00E,https://media.formula1.com/d_driver_fallback_image.png/content/dam/fom-website/drivers/N/NICHUL01_Nico_Hulkenberg/nichul01.png.transform/1col/image.png
1264,9950,30,Liam LAWSON,LAW,Liam,Lawson,Racing Bulls,6C98FF,https://media.formula1.com/d_driver_fallback_image.png/content/dam/fom-website/drivers/L/LIALAW01_Liam_Lawson/lialaw01.png.transform/1col/image.png
1264,9950,31,Esteban OCON,OCO,Esteban,Ocon,Haas F1 Team,9C9FA2,https://media.formula1.com/d_driver_fallback_image.png/content/dam/fom-website/drivers/E/ESTOCO01_Esteban_Ocon/estoco01.png.transform/1col/image.png
1264,9950,43,Franco COLAPINTO,COL,Franco,Colapinto,Alpine,00A1E8,
1264,9950,44,Lewis HAMILTON,HAM,Lewis,Hamilton,Ferrari,ED1131,https://media.formula1.com/d_driver_fallback_image.png/content/dam/fom-website/drivers/L/LEWHAM01_Lewis_Hamilton/lewham01.png.transform/1col/image.png
1264,9950,55,Carlos SAINZ,SAI,Carlos,Sainz,Williams,1868DB,https://media.formula1.com/d_driver_fallback_image.png/content/dam/fom-website/drivers/C/CARSAI01_Carlos_Sainz/carsai01.png.transform/1col/image.png
1264,9950,63,George RUSSELL,RUS,George,Russell,Mercedes,00D7B6,https://media.formula1.com/d_driver_fallback_image.png/content/dam/fom-website/drivers/G/GEORUS01_George_Russell/georus01.png.transform/1col/image.png
1264,9950,81,Oscar PIASTRI,PIA,Oscar,Piastri,McLaren,F47600,https://media.formula1.com/d_driver_fallback_image.png/content/dam/fom-website/drivers/O/OSCPIA01_Oscar_Piastri/oscpia01.png.transform/1col/image.png
1264,9950,87,Oliver BEARMAN,BEA,Oliver,Bearman,Haas F1 Team,9C9FA2,https://media.formula1.com/d_driver_fallback_image.png/content/dam/fom-website/drivers/O/OLIBEA01_Oliver_Bearman/olibea01.png.transform/1col/image.png
1264,9951,1,Max VERSTAPPEN,VER,Max,Verstappen,Red Bull Racing,4781D7,https://media.formula1.com/d_driver_fallback_image.png/content/dam/fom-website/drivers/M/MAXVER01_Max_Verstappen/maxver01.png.transform/1col/image.png
1264,9951,4,Lando NORRIS,NOR,Lando,Norris,McLaren,F47600,https://media.formula1.com/d_driver_fallback_image.png/content/dam/fom-website/drivers/L/LANNOR01_Lando_Norris/lannor01.png.transform/1col/image.png
1264,9951,5,Gabriel BORTOLETO,BOR,Gabriel,Bortoleto,Kick Sauber,01C00E,https://media.formula1.com/d_driver_fallback_image.png/content/dam/fom-website/drivers/G/GABBOR01_Gabriel_Bortoleto/gabbor01.png.transform/1col/image.png
1264,9951,6,Isack HADJAR,HAD,Isack,Hadjar,Racing Bulls,6C98FF,https://media.formula1.com/d_driver_fallback_image.png/content/dam/fom-website/drivers/I/ISAHAD01_Isack_Hadjar/isahad01.png.transform/1col/image.png
1264,9951,10,Pierre GASLY,GAS,Pierre,Gasly,Alpine,00A1E8,https://media.formula1.com/d_driver_fallback_image.png/content/dam/fom-website/drivers/P/PIEGAS01_Pierre_Gasly/piegas01.png.transform/1col/image.png
1264,9951,12,Kimi ANTONELLI,ANT,Kimi,Antonelli,Mercedes,00D7B6,https://media.formula1.com/d_driver_fallback_image.png/content/dam/fom-website/drivers/A/ANDANT01_Andrea%20Kimi_Antonelli/andant01.png.transform/1col/image.png
1264,9951,14,Fernando ALONSO,ALO,Fernando,Alonso,Aston Martin,229971,https://media.formula1.com/d_driver_fallback_image.png/content/dam/fom-website/drivers/F/FERALO01_Fernando_Alonso/feralo01.png.transform/1col/image.png
1264,9951,16,Charles LECLERC,LEC,Charles,Leclerc,Ferrari,ED1131,https://media.formula1.com/d_driver_fallback_image.png/content/dam/fom-website/drivers/C/CHALEC01_Charles_Leclerc/chalec01.png.transform/1col/image.png
1264,9951,18,Lance STROLL,STR,Lance,Stroll,Aston Martin,229971,https://media.formula1.com/d_driver_fallback_image.png/content/dam/fom-website/drivers/L/LANSTR01_Lance_Stroll/lanstr01.png.transform/1col/image.png
1264,9951,22,Yuki TSUNODA,TSU,Yuki,Tsunoda,Red Bull Racing,4781D7,https://media.formula1.com/d_driver_fallback_image.png/content/dam/fom-website/drivers/Y/YUKTSU01_Yuki_Tsunoda/yuktsu01.png.transform/1col/image.png
1264,9951,23,Alexander ALBON,ALB,Alexander,Albon,Williams,1868DB,https://media.formula1.com/d_driver_fallback_image.png/content/dam/fom-website/drivers/A/ALEALB01_Alexander_Albon/alealb01.png.transform/1col/image.png
1264,9951,27,Nico HULKENBERG,HUL,Nico,Hulkenberg,Kick Sauber,01C00E,https://media.formula1.com/d_driver_fallback_image.png/content/dam/fom-website/drivers/N/NICHUL01_Nico_Hulkenberg/nichul01.png.transform/1col/image.png
1264,9951,30,Liam LAWSON,LAW,Liam,Lawson,Racing Bulls,6C98FF,https://media.formula1.com/d_driver_fallback_image.png/content/dam/fom-website/drivers/L/LIALAW01_Liam_Lawson/lialaw01.png.transform/1col/image.png
1264,9951,31,Esteban OCON,OCO,Esteban,Ocon,Haas F1 Team,9C9FA2,https://media.formula1.com/d_driver_fallback_image.png/content/dam/fom-website/drivers/E/ESTOCO01_Esteban_Ocon/estoco01.png.transform/1col/image.png
1264,9951,43,Franco COLAPINTO,COL,Franco,Colapinto,Alpine,00A1E8,
1264,9951,44,Lewis HAMILTON,HAM,Lewis,Hamilton,Ferrari,ED1131,https://media.formula1.com/d_driver_fallback_image.png/content/dam/fom-website/drivers/L/LEWHAM01_Lewis_Hamilton/lewham01.png.transform/1col/image.png
1264,9951,55,Carlos SAINZ,SAI,Carlos,Sainz,Williams,1868DB,https://media.formula1.com/d_driver_fallback_image.png/content/dam/fom-website/drivers/C/CARSAI01_Carlos_Sainz/carsai01.png.transform/1col/image.png
1264,9951,63,George RUSSELL,RUS,George,Russell,Mercedes,00D7B6,https://media.formula1.com/d_driver_fallback_image.png/content/dam/fom-website/drivers/G/GEORUS01_George_Russell/georus01.png.transform/1col/image.png
1264,9951,81,Oscar PIASTRI,PIA,Oscar,Piastri,McLaren,F47600,https://media.formula1.com/d_driver_fallback_image.png/content/dam/fom-website/drivers/O/OSCPIA01_Oscar_Piastri/oscpia01.png.transform/1col/image.png
1264,9951,87,Oliver BEARMAN,BEA,Oliver,Bearman,Haas F1 Team,9C9FA2,https://media.formula1.com/d_driver_fallback_image.png/content/dam/fom-website/drivers/O/OLIBEA01_Oliver_Bearman/olibea01.png.transform/1col/image.png
1264,9955,1,Max VERSTAPPEN,VER,Max,Verstappen,Red Bull Racing,4781D7,https://media.formula1.com/d_driver_fallback_image.png/content/dam/fom-website/drivers/M/MAXVER01_Max_Verstappen/maxver01.png.transform/1col/image.png
1264,9955,4,Lando NORRIS,NOR,Lando,Norris,McLaren,F47600,https://media.formula1.com/d_driver_fallback_image.png/content/dam/fom-website/drivers/L/LANNOR01_Lando_Norris/lannor01.png.transform/1col/image.png
1264,9955,5,Gabriel BORTOLETO,BOR,Gabriel,Bortoleto,Kick Sauber,01C00E,https://media.formula1.com/d_driver_fallback_image.png/content/dam/fom-website/drivers/G/GABBOR01_Gabriel_Bortoleto/gabbor01.png.transform/1col/image.png
1264,9955,6,Isack HADJAR,HAD,Isack,Hadjar,Racing Bulls,6C98FF,https://media.formula1.com/d_driver_fallback_image.png/content/dam/fom-website/drivers/I/ISAHAD01_Isack_Hadjar/isahad01.png.transform/1col/image.png
1264,9955,10,Pierre GASLY,GAS,Pierre,Gasly,Alpine,00A1E8,https://media.formula1.com/d_driver_fallback_image.png/content/dam/fom-website/drivers/P/PIEGAS01_Pierre_Gasly/piegas01.png.transform/1col/image.png
1264,9955,12,Kimi ANTONELLI,ANT,Kimi,Antonelli,Mercedes,00D7B6,https://media.formula1.com/d_driver_fallback_image.png/content/dam/fom-website/drivers/A/ANDANT01_Andrea%20Kimi_Antonelli/andant01.png.transform/1col/image.png
1264,9955,14,Fernando ALONSO,ALO,Fernando,Alonso,Aston Martin,229971,https://media.formula1.com/d_driver_fallback_image.png/content/dam/fom-website/drivers/F/FERALO01_Fernando_Alonso/feralo01.png.transform/1col/image.png
1264,9955,16,Charles LECLERC,LEC,Charles,Leclerc,Ferrari,ED1131,https://media.formula1.com/d_driver_fallback_image.png/content/dam/fom-website/drivers/C/CHALEC01_Charles_Leclerc/chalec01.png.transform/1col/image.png
1264,9955,18,Lance STROLL,STR,Lance,Stroll,Aston Martin,229971,https://media.formula1.com/d_driver_fallback_image.png/content/dam/fom-website/drivers/L/LANSTR01_Lance_Stroll/lanstr01.png.transform/1col/image.png
1264,9955,22,Yuki TSUNODA,TSU,Yuki,Tsunoda,Red Bull Racing,4781D7,https://media.formula1.com/d_driver_fallback_image.png/content/dam/fom-website/drivers/Y/YUKTSU01_Yuki_Tsunoda/yuktsu01.png.transform/1col/image.png
1264,9955,23,Alexander ALBON,ALB,Alexander,Albon,Williams,1868DB,https://media.formula1.com/d_driver_fallback_image.png/content/dam/fom-website/drivers/A/ALEALB01_Alexander_Albon/alealb01.png.transform/1col/image.png
1264,9955,27,Nico HULKENBERG,HUL,Nico,Hulkenberg,Kick Sauber,01C00E,https://media.formula1.com/d_driver_fallback_image.png/content/dam/fom-website/drivers/N/NICHUL01_Nico_Hulkenberg/nichul01.png.transform/1col/image.png
1264,9955,30,Liam LAWSON,LAW,Liam,Lawson,Racing Bulls,6C98FF,https://media.formula1.com/d_driver_fallback_image.png/content/dam/fom-website/drivers/L/LIALAW01_Liam_Lawson/lialaw01.png.transform/1col/image.png
1264,9955,31,Esteban OCON,OCO,Esteban,Ocon,Haas F1 Team,9C9FA2,https://media.formula1.com/d_driver_fallback_image.png/content/dam/fom-website/drivers/E/ESTOCO01_Esteban_Ocon/estoco01.png.transform/1col/image.png
1264,9955,43,Franco COLAPINTO,COL,Franco,Colapinto,Alpine,00A1E8,
1264,9955,44,Lewis HAMILTON,HAM,Lewis,Hamilton,Ferrari,ED1131,https://media.formula1.com/d_driver_fallback_image.png/content/dam/fom-website/drivers/L/LEWHAM01_Lewis_Hamilton/lewham01.png.transform/1col/image.png
1264,9955,55,Carlos SAINZ,SAI,Carlos,Sainz,Williams,1868DB,https://media.formula1.com/d_driver_fallback_image.png/content/dam/fom-website/drivers/C/CARSAI01_Carlos_Sainz/carsai01.png.transform/1col/image.png
1264,9955,63,George RUSSELL,RUS,George,Russell,Mercedes,00D7B6,https://media.formula1.com/d_driver_fallback_image.png/content/dam/fom-website/drivers/G/GEORUS01_George_Russell/georus01.png.transform/1col/image.png
1264,9955,81,Oscar PIASTRI,PIA,Oscar,Piastri,McLaren,F47600,https://media.formula1.com/d_driver_fallback_image.png/content/dam/fom-website/drivers/O/OSCPIA01_Oscar_Piastri/oscpia01.png.transform/1col/image.png
1264,9955,87,Oliver BEARMAN,BEA,Oliver,Bearman,Haas F1 Team,9C9FA2,https://media.formula1.com/d_driver_fallback_image.png/content/dam/fom-website/drivers/O/OLIBEA01_Oliver_Bearman/olibea01.png.transform/1col/image.png
1277,9940,1,Max VERSTAPPEN,VER,Max,Verstappen,Red Bull Racing,4781D7,https://media.formula1.com/d_driver_fallback_image.png/content/dam/fom-website/drivers/M/MAXVER01_Max_Verstappen/maxver01.png.transform/1col/image.png
1277,9940,4,Lando NORRIS,NOR,Lando,Norris,McLaren,F47600,https://media.formula1.com/d_driver_fallback_image.png/content/dam/fom-website/drivers/L/LANNOR01_Lando_Norris/lannor01.png.transform/1col/image.png
1277,9940,5,Gabriel BORTOLETO,BOR,Gabriel,Bortoleto,Kick Sauber,01C00E,https://media.formula1.com/d_driver_fallback_image.png/content/dam/fom-website/drivers/G/GABBOR01_Gabriel_Bortoleto/gabbor01.png.transform/1col/image.png
1277,9940,6,Isack HADJAR,HAD,Isack,Hadjar,Racing Bulls,6C98FF,https://media.formula1.com/d_driver_fallback_image.png/content/dam/fom-website/drivers/I/ISAHAD01_Isack_Hadjar/isahad01.png.transform/1col/image.png
1277,9940,10,Pierre GASLY,GAS,Pierre,Gasly,Alpine,00A1E8,https://media.formula1.com/d_driver_fallback_image.png/content/dam/fom-website/drivers/P/PIEGAS01_Pierre_Gasly/piegas01.png.transform/1col/image.png
1277,9940,12,Kimi ANTONELLI,ANT,Kimi,Antonelli,Mercedes,00D7B6,https://media.formula1.com/d_driver_fallback_image.png/content/dam/fom-website/drivers/A/ANDANT01_Andrea%20Kimi_Antonelli/andant01.png.transform/1col/image.png
1277,9940,14,Fernando ALONSO,ALO,Fernando,Alonso,Aston Martin,229971,https://media.formula1.com/d_driver_fallback_image.png/content/dam/fom-website/drivers/F/FERALO01_Fernando_Alonso/feralo01.png.transform/1col/image.png
1277,9940,16,Charles LECLERC,LEC,Charles,Leclerc,Ferrari,ED1131,https://media.formula1.com/d_driver_fallback_image.png/content/dam/fom-website/drivers/C/CHALEC01_Charles_Leclerc/chalec01.png.transform/1col/image.png
1277,9940,18,Lance STROLL,STR,Lance,Stroll,Aston Martin,229971,https://media.formula1.com/d_driver_fallback_image.png/content/dam/fom-website/drivers/L/LANSTR01_Lance_Stroll/lanstr01.png.transform/1col/image.png
1277,9940,23,Alexander ALBON,ALB,Alexander,Albon,Williams,1868DB,https://media.formula1.com/d_driver_fallback_image.png/content/dam/fom-website/drivers/A/ALEALB01_Alexander_Albon/alealb01.png.transform/1col/image.png
1277,9940,30,Liam LAWSON,LAW,Liam,Lawson,Racing Bulls,6C98FF,https://media.formula1.com/d_driver_fallback_image.png/content/dam/fom-website/drivers/L/LIALAW01_Liam_Lawson/lialaw01.png.transform/1col/image.png
1277,9940,31,Esteban OCON,OCO,Esteban,Ocon,Haas F1 Team,9C9FA2,https://media.formula1.com/d_driver_fallback_image.png/content/dam/fom-website/drivers/E/ESTOCO01_Esteban_Ocon/estoco01.png.transform/1col/image.png
1277,9940,36,Arvid LINDBLAD,LIN,Arvid,Lindblad,Red Bull Racing,4781D7,
1277,9940,43,Franco COLAPINTO,COL,Franco,Colapinto,Alpine,00A1E8,
1277,9940,44,Lewis HAMILTON,HAM,Lewis,Hamilton,Ferrari,ED1131,https://media.formula1.com/d_driver_fallback_image.png/content/dam/fom-website/drivers/L/LEWHAM01_Lewis_Hamilton/lewham01.png.transform/1col/image.png
1277,9940,55,Carlos SAINZ,SAI,Carlos,Sainz,Williams,1868DB,https://media.formula1.com/d_driver_fallback_image.png/content/dam/fom-website/drivers/C/CARSAI01_Carlos_Sainz/carsai01.png.transform/1col/image.png
1277,9940,63,George RUSSELL,RUS,George,Russell,Mercedes,00D7B6,https://media.formula1.com/d_driver_fallback_image.png/content/dam/fom-website/drivers/G/GEORUS01_George_Russell/georus01.png.transform/1col/image.png
1277,9940,81,Oscar PIASTRI,PIA,Oscar,Piastri,McLaren,F47600,https://media.formula1.com/d_driver_fallback_image.png/content/dam/fom-website/drivers/O/OSCPIA01_Oscar_Piastri/oscpia01.png.transform/1col/image.png
1277,9940,87,Oliver BEARMAN,BEA,Oliver,Bearman,Haas F1 Team,9C9FA2,https://media.formula1.com/d_driver_fallback_image.png/content/dam/fom-website/drivers/O/OLIBEA01_Oliver_Bearman/olibea01.png.transform/1col/image.png
1277,9940,97,Paul ARON,ARO,Paul,Aron,Kick Sauber,01C00E,
1277,9941,1,Max VERSTAPPEN,VER,Max,Verstappen,Red Bull Racing,4781D7,https://media.formula1.com/d_driver_fallback_image.png/content/dam/fom-website/drivers/M/MAXVER01_Max_Verstappen/maxver01.png.transform/1col/image.png
1277,9941,4,Lando NORRIS,NOR,Lando,Norris,McLaren,F47600,https://media.formula1.com/d_driver_fallback_image.png/content/dam/fom-website/drivers/L/LANNOR01_Lando_Norris/lannor01.png.transform/1col/image.png
1277,9941,5,Gabriel BORTOLETO,BOR,Gabriel,Bortoleto,Kick Sauber,01C00E,https://media.formula1.com/d_driver_fallback_image.png/content/dam/fom-website/drivers/G/GABBOR01_Gabriel_Bortoleto/gabbor01.png.transform/1col/image.png
1277,9941,6,Isack HADJAR,HAD,Isack,Hadjar,Racing Bulls,6C98FF,https://media.formula1.com/d_driver_fallback_image.png/content/dam/fom-website/drivers/I/ISAHAD01_Isack_Hadjar/isahad01.png.transform/1col/image.png
1277,9941,10,Pierre GASLY,GAS,Pierre,Gasly,Alpine,00A1E8,https://media.formula1.com/d_driver_fallback_image.png/content/dam/fom-website/drivers/P/PIEGAS01_Pierre_Gasly/piegas01.png.transform/1col/image.png
1277,9941,12,Kimi ANTONELLI,ANT,Kimi,Antonelli,Mercedes,00D7B6,https://media.formula1.com/d_driver_fallback_image.png/content/dam/fom-website/drivers/A/ANDANT01_Andrea%20Kimi_Antonelli/andant01.png.transform/1col/image.png
1277,9941,14,Fernando ALONSO,ALO,Fernando,Alonso,Aston Martin,229971,https://media.formula1.com/d_driver_fallback_image.png/content/dam/fom-website/drivers/F/FERALO01_Fernando_Alonso/feralo01.png.transform/1col/image.png
1277,9941,16,Charles LECLERC,LEC,Charles,Leclerc,Ferrari,ED1131,https://media.formula1.com/d_driver_fallback_image.png/content/dam/fom-website/drivers/C/CHALEC01_Charles_Leclerc/chalec01.png.transform/1col/image.png
1277,9941,18,Lance STROLL,STR,Lance,Stroll,Aston Martin,229971,https://media.formula1.com/d_driver_fallback_image.png/content/dam/fom-website/drivers/L/LANSTR01_Lance_Stroll/lanstr01.png.transform/1col/image.png
1277,9941,22,Yuki TSUNODA,TSU,Yuki,Tsunoda,Red Bull Racing,4781D7,https://media.formula1.com/d_driver_fallback_image.png/content/dam/fom-website/drivers/Y/YUKTSU01_Yuki_Tsunoda/yuktsu01.png.transform/1col/image.png
1277,9941,23,Alexander ALBON,ALB,Alexander,Albon,Williams,1868DB,https://media.formula1.com/d_driver_fallback_image.png/content/dam/fom-website/drivers/A/ALEALB01_Alexander_Albon/alealb01.png.transform/1col/image.png
1277,9941,27,Nico HULKENBERG,HUL,Nico,Hulkenberg,Kick Sauber,01C00E,https://media.formula1.com/d_driver_fallback_image.png/content/dam/fom-website/drivers/N/NICHUL01_Nico_Hulkenberg/nichul01.png.transform/1col/image.png
1277,9941,30,Liam LAWSON,LAW,Liam,Lawson,Racing Bulls,6C98FF,https://media.formula1.com/d_driver_fallback_image.png/content/dam/fom-website/drivers/L/LIALAW01_Liam_Lawson/lialaw01.png.transform/1col/image.png
1277,9941,31,Esteban OCON,OCO,Esteban,Ocon,Haas F1 Team,9C9FA2,https://media.formula1.com/d_driver_fallback_image.png/content/dam/fom-website/drivers/E/ESTOCO01_Esteban_Ocon/estoco01.png.transform/1col/image.png
1277,9941,43,Franco COLAPINTO,COL,Franco,Colapinto,Alpine,00A1E8,
1277,9941,44,Lewis HAMILTON,HAM,Lewis,Hamilton,Ferrari,ED1131,https://media.formula1.com/d_driver_fallback_image.png/content/dam/fom-website/drivers/L/LEWHAM01_Lewis_Hamilton/lewham01.png.transform/1col/image.png
1277,9941,55,Carlos SAINZ,SAI,Carlos,Sainz,Williams,1868DB,https://media.formula1.com/d_driver_fallback_image.png/content/dam/fom-website/drivers/C/CARSAI01_Carlos_Sainz/carsai01.png.transform/1col/image.png
1277,9941,63,George RUSSELL,RUS,George,Russell,Mercedes,00D7B6,https://media.formula1.com/d_driver_fallback_image.png/content/dam/fom-website/drivers/G/GEORUS01_George_Russell/georus01.png.transform/1col/image.png
1277,9941,81,Oscar PIASTRI,PIA,Oscar,Piastri,McLaren,F47600,https://media.formula1.com/d_driver_fallback_image.png/content/dam/fom-website/drivers/O/OSCPIA01_Oscar_Piastri/oscpia01.png.transform/1col/image.png
1277,9941,87,Oliver BEARMAN,BEA,Oliver,Bearman,Haas F1 Team,9C9FA2,https://media.formula1.com/d_driver_fallback_image.png/content/dam/fom-website/drivers/O/OLIBEA01_Oliver_Bearman/olibea01.png.transform/1col/image.png
1277,9942,1,Max VERSTAPPEN,VER,Max,Verstappen,Red Bull Racing,4781D7,https://media.formula1.com/d_driver_fallback_image.png/content/dam/fom-website/drivers/M/MAXVER01_Max_Verstappen/maxver01.png.transform/1col/image.png
1277,9942,4,Lando NORRIS,NOR,Lando,Norris,McLaren,F47600,https://media.formula1.com/d_driver_fallback_image.png/content/dam/fom-website/drivers/L/LANNOR01_Lando_Norris/lannor01.png.transform/1col/image.png
1277,9942,5,Gabriel BORTOLETO,BOR,Gabriel,Bortoleto,Kick Sauber,01C00E,https://media.formula1.com/d_driver_fallback_image.png/content/dam/fom-website/drivers/G/GABBOR01_Gabriel_Bortoleto/gabbor01.png.transform/1col/image.png
1277,9942,6,Isack HADJAR,HAD,Isack,Hadjar,Racing Bulls,6C98FF,https://media.formula1.com/d_driver_fallback_image.png/content/dam/fom-website/drivers/I/ISAHAD01_Isack_Hadjar/isahad01.png.transform/1col/image.png
1277,9942,10,Pierre GASLY,GAS,Pierre,Gasly,Alpine,00A1E8,https://media.formula1.com/d_driver_fallback_image.png/content/dam/fom-website/drivers/P/PIEGAS01_Pierre_Gasly/piegas01.png.transform/1col/image.png
1277,9942,12,Kimi ANTONELLI,ANT,Kimi,Antonelli,Mercedes,00D7B6,https://media.formula1.com/d_driver_fallback_image.png/content/dam/fom-website/drivers/A/ANDANT01_Andrea%20Kimi_Antonelli/andant01.png.transform/1col/image.png
1277,9942,14,Fernando ALONSO,ALO,Fernando,Alonso,Aston Martin,229971,https://media.formula1.com/d_driver_fallback_image.png/content/dam/fom-website/drivers/F/FERALO01_Fernando_Alonso/feralo01.png.transform/1col/image.png
1277,9942,16,Charles LECLERC,LEC,Charles,Leclerc,Ferrari,ED1131,https://media.formula1.com/d_driver_fallback_image.png/content/dam/fom-website/drivers/C/CHALEC01_Charles_Leclerc/chalec01.png.transform/1col/image.png
1277,9942,18,Lance STROLL,STR,Lance,Stroll,Aston Martin,229971,https://media.formula1.com/d_driver_fallback_image.png/content/dam/fom-website/drivers/L/LANSTR01_Lance_Stroll/lanstr01.png.transform/1col/image.png
1277,9942,22,Yuki TSUNODA,TSU,Yuki,Tsunoda,Red Bull Racing,4781D7,https://media.formula1.com/d_driver_fallback_image.png/content/dam/fom-website/drivers/Y/YUKTSU01_Yuki_Tsunoda/yuktsu01.png.transform/1col/image.png
1277,9942,23,Alexander ALBON,ALB,Alexander,Albon,Williams,1868DB,https://media.formula1.com/d_driver_fallback_image.png/content/dam/fom-website/drivers/A/ALEALB01_Alexander_Albon/alealb01.png.transform/1col/image.png
1277,9942,27,Nico HULKENBERG,HUL,Nico,Hulkenberg,Kick Sauber,01C00E,https://media.formula1.com/d_driver_fallback_image.png/content/dam/fom-website/drivers/N/NICHUL01_Nico_Hulkenberg/nichul01.png.transform/1col/image.png
1277,9942,30,Liam LAWSON,LAW,Liam,Lawson,Racing Bulls,6C98FF,https://media.formula1.com/d_driver_fallback_image.png/content/dam/fom-website/drivers/L/LIALAW01_Liam_Lawson/lialaw01.png.transform/1col/image.png
1277,9942,31,Esteban OCON,OCO,Esteban,Ocon,Haas F1 Team,9C9FA2,https://media.formula1.com/d_driver_fallback_image.png/content/dam/fom-website/drivers/E/ESTOCO01_Esteban_Ocon/estoco01.png.transform/1col/image.png
1277,9942,43,Franco COLAPINTO,COL,Franco,Colapinto,Alpine,00A1E8,
1277,9942,44,Lewis HAMILTON,HAM,Lewis,Hamilton,Ferrari,ED1131,https://media.formula1.com/d_driver_fallback_image.png/content/dam/fom-website/drivers/L/LEWHAM01_Lewis_Hamilton/lewham01.png.transform/1col/image.png
1277,9942,55,Carlos SAINZ,SAI,Carlos,Sainz,Williams,1868DB,https://media.formula1.com/d_driver_fallback_image.png/content/dam/fom-website/drivers/C/CARSAI01_Carlos_Sainz/carsai01.png.transform/1col/image.png
1277,9942,63,George RUSSELL,RUS,George,Russell,Mercedes,00D7B6,https://media.formula1.com/d_driver_fallback_image.png/content/dam/fom-website/drivers/G/GEORUS01_George_Russell/georus01.png.transform/1col/image.png
1277,9942,81,Oscar PIASTRI,PIA,Oscar,Piastri,McLaren,F47600,https://media.formula1.com/d_driver_fallback_image.png/content/dam/fom-website/drivers/O/OSCPIA01_Oscar_Piastri/oscpia01.png.transform/1col/image.png
1277,9942,87,Oliver BEARMAN,BEA,Oliver,Bearman,Haas F1 Team,9C9FA2,https://media.formula1.com/d_driver_fallback_image.png/content/dam/fom-website/drivers/O/OLIBEA01_Oliver_Bearman/olibea01.png.transform/1col/image.png
1277,9943,1,Max VERSTAPPEN,VER,Max,Verstappen,Red Bull Racing,4781D7,https://media.formula1.com/d_driver_fallback_image.png/content/dam/fom-website/drivers/M/MAXVER01_Max_Verstappen/maxver01.png.transform/1col/image.png
1277,9943,4,Lando NORRIS,NOR,Lando,Norris,McLaren,F47600,https://media.formula1.com/d_driver_fallback_image.png/content/dam/fom-website/drivers/L/LANNOR01_Lando_Norris/lannor01.png.transform/1col/image.png
1277,9943,5,Gabriel BORTOLETO,BOR,Gabriel,Bortoleto,Kick Sauber,01C00E,https://media.formula1.com/d_driver_fallback_image.png/content/dam/fom-website/drivers/G/GABBOR01_Gabriel_Bortoleto/gabbor01.png.transform/1col/image.png
1277,9943,6,Isack HADJAR,HAD,Isack,Hadjar,Racing Bulls,6C98FF,https://media.formula1.com/d_driver_fallback_image.png/content/dam/fom-website/drivers/I/ISAHAD01_Isack_Hadjar/isahad01.png.transform/1col/image.png
1277,9943,10,Pierre GASLY,GAS,Pierre,Gasly,Alpine,00A1E8,https://media.formula1.com/d_driver_fallback_image.png/content/dam/fom-website/drivers/P/PIEGAS01_Pierre_Gasly/piegas01.png.transform/1col/image.png
1277,9943,12,Kimi ANTONELLI,ANT,Kimi,Antonelli,Mercedes,00D7B6,https://media.formula1.com/d_driver_fallback_image.png/content/dam/fom-website/drivers/A/ANDANT01_Andrea%20Kimi_Antonelli/andant01.png.transform/1col/image.png
1277,9943,14,Fernando ALONSO,ALO,Fernando,Alonso,Aston Martin,229971,https://media.formula1.com/d_driver_fallback_image.png/content/dam/fom-website/drivers/F/FERALO01_Fernando_Alonso/feralo01.png.transform/1col/image.png
1277,9943,16,Charles LECLERC,LEC,Charles,Leclerc,Ferrari,ED1131,https://media.formula1.com/d_driver_fallback_image.png/content/dam/fom-website/drivers/C/CHALEC01_Charles_Leclerc/chalec01.png.transform/1col/image.png
1277,9943,18,Lance STROLL,STR,Lance,Stroll,Aston Martin,229971,https://media.formula1.com/d_driver_fallback_image.png/content/dam/fom-website/drivers/L/LANSTR01_Lance_Stroll/lanstr01.png.transform/1col/image.png
1277,9943,22,Yuki TSUNODA,TSU,Yuki,Tsunoda,Red Bull Racing,4781D7,https://media.formula1.com/d_driver_fallback_image.png/content/dam/fom-website/drivers/Y/YUKTSU01_Yuki_Tsunoda/yuktsu01.png.transform/1col/image.png
1277,9943,23,Alexander ALBON,ALB,Alexander,Albon,Williams,1868DB,https://media.formula1.com/d_driver_fallback_image.png/content/dam/fom-website/drivers/A/ALEALB01_Alexander_Albon/alealb01.png.transform/1col/image.png
1277,9943,27,Nico HULKENBERG,HUL,Nico,Hulkenberg,Kick Sauber,01C00E,https://media.formula1.com/d_driver_fallback_image.png/content/dam/fom-website/drivers/N/NICHUL01_Nico_Hulkenberg/nichul01.png.transform/1col/image.png
1277,9943,30,Liam LAWSON,LAW,Liam,Lawson,Racing Bulls,6C98FF,https://media.formula1.com/d_driver_fallback_image.png/content/dam/fom-website/drivers/L/LIALAW01_Liam_Lawson/lialaw01.png.transform/1col/image.png
1277,9943,31,Esteban OCON,OCO,Esteban,Ocon,Haas F1 Team,9C9FA2,https://media.formula1.com/d_driver_fallback_image.png/content/dam/fom-website/drivers/E/ESTOCO01_Esteban_Ocon/estoco01.png.transform/1col/image.png
1277,9943,43,Franco COLAPINTO,COL,Franco,Colapinto,Alpine,00A1E8,
1277,9943,44,Lewis HAMILTON,HAM,Lewis,Hamilton,Ferrari,ED1131,https://media.formula1.com/d_driver_fallback_image.png/content/dam/fom-website/drivers/L/LEWHAM01_Lewis_Hamilton/lewham01.png.transform/1col/image.png
1277,9943,55,Carlos SAINZ,SAI,Carlos,Sainz,Williams,1868DB,https://media.formula1.com/d_driver_fallback_image.png/content/dam/fom-website/drivers/C/CARSAI01_Carlos_Sainz/carsai01.png.transform/1col/image.png
1277,9943,63,George RUSSELL,RUS,George,Russell,Mercedes,00D7B6,https://media.formula1.com/d_driver_fallback_image.png/content/dam/fom-website/drivers/G/GEORUS01_George_Russell/georus01.png.transform/1col/image.png
1277,9943,81,Oscar PIASTRI,PIA,Oscar,Piastri,McLaren,F47600,https://media.formula1.com/d_driver_fallback_image.png/content/dam/fom-website/drivers/O/OSCPIA01_Oscar_Piastri/oscpia01.png.transform/1col/image.png
1277,9943,87,Oliver BEARMAN,BEA,Oliver,Bearman,Haas F1 Team,9C9FA2,https://media.formula1.com/d_driver_fallback_image.png/content/dam/fom-website/drivers/O/OLIBEA01_Oliver_Bearman/olibea01.png.transform/1col/image.png
1277,9947,1,Max VERSTAPPEN,VER,Max,Verstappen,Red Bull Racing,4781D7,https://media.formula1.com/d_driver_fallback_image.png/content/dam/fom-website/drivers/M/MAXVER01_Max_Verstappen/maxver01.png.transform/1col/image.png
1277,9947,4,Lando NORRIS,NOR,Lando,Norris,McLaren,F47600,https://media.formula1.com/d_driver_fallback_image.png/content/dam/fom-website/drivers/L/LANNOR01_Lando_Norris/lannor01.png.transform/1col/image.png
1277,9947,5,Gabriel BORTOLETO,BOR,Gabriel,Bortoleto,Kick Sauber,01C00E,https://media.formula1.com/d_driver_fallback_image.png/content/dam/fom-website/drivers/G/GABBOR01_Gabriel_Bortoleto/gabbor01.png.transform/1col/image.png
1277,9947,6,Isack HADJAR,HAD,Isack,Hadjar,Racing Bulls,6C98FF,https://media.formula1.com/d_driver_fallback_image.png/content/dam/fom-website/drivers/I/ISAHAD01_Isack_Hadjar/isahad01.png.transform/1col/image.png
1277,9947,10,Pierre GASLY,GAS,Pierre,Gasly,Alpine,00A1E8,https://media.formula1.com/d_driver_fallback_image.png/content/dam/fom-website/drivers/P/PIEGAS01_Pierre_Gasly/piegas01.png.transform/1col/image.png
1277,9947,12,Kimi ANTONELLI,ANT,Kimi,Antonelli,Mercedes,00D7B6,https://media.formula1.com/d_driver_fallback_image.png/content/dam/fom-website/drivers/A/ANDANT01_Andrea%20Kimi_Antonelli/andant01.png.transform/1col/image.png
1277,9947,14,Fernando ALONSO,ALO,Fernando,Alonso,Aston Martin,229971,https://media.formula1.com/d_driver_fallback_image.png/content/dam/fom-website/drivers/F/FERALO01_Fernando_Alonso/feralo01.png.transform/1col/image.png
1277,9947,16,Charles LECLERC,LEC,Charles,Leclerc,Ferrari,ED1131,https://media.formula1.com/d_driver_fallback_image.png/content/dam/fom-website/drivers/C/CHALEC01_Charles_Leclerc/chalec01.png.transform/1col/image.png
1277,9947,18,Lance STROLL,STR,Lance,Stroll,Aston Martin,229971,https://media.formula1.com/d_driver_fallback_image.png/content/dam/fom-website/drivers/L/LANSTR01_Lance_Stroll/lanstr01.png.transform/1col/image.png
1277,9947,22,Yuki TSUNODA,TSU,Yuki,Tsunoda,Red Bull Racing,4781D7,https://media.formula1.com/d_driver_fallback_image.png/content/dam/fom-website/drivers/Y/YUKTSU01_Yuki_Tsunoda/yuktsu01.png.transform/1col/image.png
1277,9947,23,Alexander ALBON,ALB,Alexander,Albon,Williams,1868DB,https://media.formula1.com/d_driver_fallback_image.png/content/dam/fom-website/drivers/A/ALEALB01_Alexander_Albon/alealb01.png.transform/1col/image.png
1277,9947,27,Nico HULKENBERG,HUL,Nico,Hulkenberg,Kick Sauber,01C00E,https://media.formula1.com/d_driver_fallback_image.png/content/dam/fom-website/drivers/N/NICHUL01_Nico_Hulkenberg/nichul01.png.transform/1col/image.png
1277,9947,30,Liam LAWSON,LAW,Liam,Lawson,Racing Bulls,6C98FF,https://media.formula1.com/d_driver_fallback_image.png/content/dam/fom-website/drivers/L/LIALAW01_Liam_Lawson/lialaw01.png.transform/1col/image.png
1277,9947,31,Esteban OCON,OCO,Esteban,Ocon,Haas F1 Team,9C9FA2,https://media.formula1.com/d_driver_fallback_image.png/content/dam/fom-website/drivers/E/ESTOCO01_Esteban_Ocon/estoco01.png.transform/1col/image.png
1277,9947,43,Franco COLAPINTO,COL,Franco,Colapinto,Alpine,00A1E8,
1277,9947,44,Lewis HAMILTON,HAM,Lewis,Hamilton,Ferrari,ED1131,https://media.formula1.com/d_driver_fallback_image.png/content/dam/fom-website/drivers/L/LEWHAM01_Lewis_Hamilton/lewham01.png.transform/1col/image.png
1277,9947,55,Carlos SAINZ,SAI,Carlos,Sainz,Williams,1868DB,https://media.formula1.com/d_driver_fallback_image.png/content/dam/fom-website/drivers/C/CARSAI01_Carlos_Sainz/carsai01.png.transform/1col/image.png
1277,9947,63,George RUSSELL,RUS,George,Russell,Mercedes,00D7B6,https://media.formula1.com/d_driver_fallback_image.png/content/dam/fom-website/drivers/G/GEORUS01_George_Russell/georus01.png.transform/1col/image.png
1277,9947,81,Oscar PIASTRI,PIA,Oscar,Piastri,McLaren,F47600,https://media.formula1.com/d_driver_fallback_image.png/content/dam/fom-website/drivers/O/OSCPIA01_Oscar_Piastri/oscpia01.png.transform/1col/image.png
1277,9947,87,Oliver BEARMAN,BEA,Oliver,Bearman,Haas F1 Team,9C9FA2,https://media.formula1.com/d_driver_fallback_image.png/content/dam/fom-website/drivers/O/OLIBEA01_Oliver_Bearman/olibea01.png.transform/1col/image.png
1265,9929,1,Max VERSTAPPEN,VER,Max,Verstappen,Red Bull Racing,4781D7,https://media.formula1.com/d_driver_fallback_image.png/content/dam/fom-website/drivers/M/MAXVER01_Max_Verstappen/maxver01.png.transform/1col/image.png
1265,9929,4,Lando NORRIS,NOR,Lando,Norris,McLaren,F47600,https://media.formula1.com/d_driver_fallback_image.png/content/dam/fom-website/drivers/L/LANNOR01_Lando_Norris/lannor01.png.transform/1col/image.png
1265,9929,5,Gabriel BORTOLETO,BOR,Gabriel,Bortoleto,Kick Sauber,01C00E,https://media.formula1.com/d_driver_fallback_image.png/content/dam/fom-website/drivers/G/GABBOR01_Gabriel_Bortoleto/gabbor01.png.transform/1col/image.png
1265,9929,6,Isack HADJAR,HAD,Isack,Hadjar,Racing Bulls,6C98FF,https://media.formula1.com/d_driver_fallback_image.png/content/dam/fom-website/drivers/I/ISAHAD01_Isack_Hadjar/isahad01.png.transform/1col/image.png
1265,9929,10,Pierre GASLY,GAS,Pierre,Gasly,Alpine,00A1E8,https://media.formula1.com/d_driver_fallback_image.png/content/dam/fom-website/drivers/P/PIEGAS01_Pierre_Gasly/piegas01.png.transform/1col/image.png
1265,9929,12,Kimi ANTONELLI,ANT,Kimi,Antonelli,Mercedes,00D7B6,https://media.formula1.com/d_driver_fallback_image.png/content/dam/fom-website/drivers/A/ANDANT01_Andrea%20Kimi_Antonelli/andant01.png.transform/1col/image.png
1265,9929,14,Fernando ALONSO,ALO,Fernando,Alonso,Aston Martin,229971,https://media.formula1.com/d_driver_fallback_image.png/content/dam/fom-website/drivers/F/FERALO01_Fernando_Alonso/feralo01.png.transform/1col/image.png
1265,9929,16,Charles LECLERC,LEC,Charles,Leclerc,Ferrari,ED1131,https://media.formula1.com/d_driver_fallback_image.png/content/dam/fom-website/drivers/C/CHALEC01_Charles_Leclerc/chalec01.png.transform/1col/image.png
1265,9929,18,Lance STROLL,STR,Lance,Stroll,Aston Martin,229971,https://media.formula1.com/d_driver_fallback_image.png/content/dam/fom-website/drivers/L/LANSTR01_Lance_Stroll/lanstr01.png.transform/1col/image.png
1265,9929,22,Yuki TSUNODA,TSU,Yuki,Tsunoda,Red Bull Racing,4781D7,https://media.formula1.com/d_driver_fallback_image.png/content/dam/fom-website/drivers/Y/YUKTSU01_Yuki_Tsunoda/yuktsu01.png.transform/1col/image.png
1265,9929,23,Alexander ALBON,ALB,Alexander,Albon,Williams,1868DB,https://media.formula1.com/d_driver_fallback_image.png/content/dam/fom-website/drivers/A/ALEALB01_Alexander_Albon/alealb01.png.transform/1col/image.png
1265,9929,27,Nico HULKENBERG,HUL,Nico,Hulkenberg,Kick Sauber,01C00E,https://media.formula1.com/d_driver_fallback_image.png/content/dam/fom-website/drivers/N/NICHUL01_Nico_Hulkenberg/nichul01.png.transform/1col/image.png
1265,9929,30,Liam LAWSON,LAW,Liam,Lawson,Racing Bulls,6C98FF,https://media.formula1.com/d_driver_fallback_image.png/content/dam/fom-website/drivers/L/LIALAW01_Liam_Lawson/lialaw01.png.transform/1col/image.png
1265,9929,31,Esteban OCON,OCO,Esteban,Ocon,Haas F1 Team,9C9FA2,https://media.formula1.com/d_driver_fallback_image.png/content/dam/fom-website/drivers/E/ESTOCO01_Esteban_Ocon/estoco01.png.transform/1col/image.png
1265,9929,43,Franco COLAPINTO,COL,Franco,Colapinto,Alpine,00A1E8,
1265,9929,44,Lewis HAMILTON,HAM,Lewis,Hamilton,Ferrari,ED1131,https://media.formula1.com/d_driver_fallback_image.png/content/dam/fom-website/drivers/L/LEWHAM01_Lewis_Hamilton/lewham01.png.transform/1col/image.png
1265,9929,55,Carlos SAINZ,SAI,Carlos,Sainz,Williams,1868DB,https://media.formula1.com/d_driver_fallback_image.png/content/dam/fom-website/drivers/C/CARSAI01_Carlos_Sainz/carsai01.png.transform/1col/image.png
1265,9929,63,George RUSSELL,RUS,George,Russell,Mercedes,00D7B6,https://media.formula1.com/d_driver_fallback_image.png/content/dam/fom-website/drivers/G/GEORUS01_George_Russell/georus01.png.transform/1col/image.png
1265,9929,81,Oscar PIASTRI,PIA,Oscar,Piastri,McLaren,F47600,https://media.formula1.com/d_driver_fallback_image.png/content/dam/fom-website/drivers/O/OSCPIA01_Oscar_Piastri/oscpia01.png.transform/1col/image.png
1265,9929,87,Oliver BEARMAN,BEA,Oliver,Bearman,Haas F1 Team,9C9FA2,https://media.formula1.com/d_driver_fallback_image.png/content/dam/fom-website/drivers/O/OLIBEA01_Oliver_Bearman/olibea01.png.transform/1col/image.png
1265,9930,1,Max VERSTAPPEN,VER,Max,Verstappen,Red Bull Racing,4781D7,https://media.formula1.com/d_driver_fallback_image.png/content/dam/fom-website/drivers/M/MAXVER01_Max_Verstappen/maxver01.png.transform/1col/image.png
1265,9930,4,Lando NORRIS,NOR,Lando,Norris,McLaren,F47600,https://media.formula1.com/d_driver_fallback_image.png/content/dam/fom-website/drivers/L/LANNOR01_Lando_Norris/lannor01.png.transform/1col/image.png
1265,9930,5,Gabriel BORTOLETO,BOR,Gabriel,Bortoleto,Kick Sauber,01C00E,https://media.formula1.com/d_driver_fallback_image.png/content/dam/fom-website/drivers/G/GABBOR01_Gabriel_Bortoleto/gabbor01.png.transform/1col/image.png
1265,9930,6,Isack HADJAR,HAD,Isack,Hadjar,Racing Bulls,6C98FF,https://media.formula1.com/d_driver_fallback_image.png/content/dam/fom-website/drivers/I/ISAHAD01_Isack_Hadjar/isahad01.png.transform/1col/image.png
1265,9930,10,Pierre GASLY,GAS,Pierre,Gasly,Alpine,00A1E8,https://media.formula1.com/d_driver_fallback_image.png/content/dam/fom-website/drivers/P/PIEGAS01_Pierre_Gasly/piegas01.png.transform/1col/image.png
1265,9930,12,Kimi ANTONELLI,ANT,Kimi,Antonelli,Mercedes,00D7B6,https://media.formula1.com/d_driver_fallback_image.png/content/dam/fom-website/drivers/A/ANDANT01_Andrea%20Kimi_Antonelli/andant01.png.transform/1col/image.png
1265,9930,14,Fernando ALONSO,ALO,Fernando,Alonso,Aston Martin,229971,https://media.formula1.com/d_driver_fallback_image.png/content/dam/fom-website/drivers/F/FERALO01_Fernando_Alonso/feralo01.png.transform/1col/image.png
1265,9930,16,Charles LECLERC,LEC,Charles,Leclerc,Ferrari,ED1131,https://media.formula1.com/d_driver_fallback_image.png/content/dam/fom-website/drivers/C/CHALEC01_Charles_Leclerc/chalec01.png.transform/1col/image.png
1265,9930,18,Lance STROLL,STR,Lance,Stroll,Aston Martin,229971,https://media.formula1.com/d_driver_fallback_image.png/content/dam/fom-website/drivers/L/LANSTR01_Lance_Stroll/lanstr01.png.transform/1col/image.png
1265,9930,22,Yuki TSUNODA,TSU,Yuki,Tsunoda,Red Bull Racing,4781D7,https://media.formula1.com/d_driver_fallback_image.png/content/dam/fom-website/drivers/Y/YUKTSU01_Yuki_Tsunoda/yuktsu01.png.transform/1col/image.png
1265,9930,23,Alexander ALBON,ALB,Alexander,Albon,Williams,1868DB,https://media.formula1.com/d_driver_fallback_image.png/content/dam/fom-website/drivers/A/ALEALB01_Alexander_Albon/alealb01.png.transform/1col/image.png
1265,9930,27,Nico HULKENBERG,HUL,Nico,Hulkenberg,Kick Sauber,01C00E,https://media.formula1.com/d_driver_fallback_image.png/content/dam/fom-website/drivers/N/NICHUL01_Nico_Hulkenberg/nichul01.png.transform/1col/image.png
1265,9930,30,Liam LAWSON,LAW,Liam,Lawson,Racing Bulls,6C98FF,https://media.formula1.com/d_driver_fallback_image.png/content/dam/fom-website/drivers/L/LIALAW01_Liam_Lawson/lialaw01.png.transform/1col/image.png
1265,9930,31,Esteban OCON,OCO,Esteban,Ocon,Haas F1 Team,9C9FA2,https://media.formula1.com/d_driver_fallback_image.png/content/dam/fom-website/drivers/E/ESTOCO01_Esteban_Ocon/estoco01.png.transform/1col/image.png
1265,9930,43,Franco COLAPINTO,COL,Franco,Colapinto,Alpine,00A1E8,
1265,9930,44,Lewis HAMILTON,HAM,Lewis,Hamilton,Ferrari,ED1131,https://media.formula1.com/d_driver_fallback_image.png/content/dam/fom-website/drivers/L/LEWHAM01_Lewis_Hamilton/lewham01.png.transform/1col/image.png
1265,9930,55,Carlos SAINZ,SAI,Carlos,Sainz,Williams,1868DB,https://media.formula1.com/d_driver_fallback_image.png/content/dam/fom-website/drivers/C/CARSAI01_Carlos_Sainz/carsai01.png.transform/1col/image.png
1265,9930,63,George RUSSELL,RUS,George,Russell,Mercedes,00D7B6,https://media.formula1.com/d_driver_fallback_image.png/content/dam/fom-website/drivers/G/GEORUS01_George_Russell/georus01.png.transform/1col/image.png
1265,9930,81,Oscar PIASTRI,PIA,Oscar,Piastri,McLaren,F47600,https://media.formula1.com/d_driver_fallback_image.png/content/dam/fom-website/drivers/O/OSCPIA01_Oscar_Piastri/oscpia01.png.transform/1col/image.png
1265,9930,87,Oliver BEARMAN,BEA,Oliver,Bearman,Haas F1 Team,9C9FA2,https://media.formula1.com/d_driver_fallback_image.png/content/dam/fom-website/drivers/O/OLIBEA01_Oliver_Bearman/olibea01.png.transform/1col/image.png
1265,9934,1,Max VERSTAPPEN,VER,Max,Verstappen,Red Bull Racing,4781D7,https://media.formula1.com/d_driver_fallback_image.png/content/dam/fom-website/drivers/M/MAXVER01_Max_Verstappen/maxver01.png.transform/1col/image.png
1265,9934,4,Lando NORRIS,NOR,Lando,Norris,McLaren,F47600,https://media.formula1.com/d_driver_fallback_image.png/content/dam/fom-website/drivers/L/LANNOR01_Lando_Norris/lannor01.png.transform/1col/image.png
1265,9934,5,Gabriel BORTOLETO,BOR,Gabriel,Bortoleto,Kick Sauber,01C00E,https://media.formula1.com/d_driver_fallback_image.png/content/dam/fom-website/drivers/G/GABBOR01_Gabriel_Bortoleto/gabbor01.png.transform/1col/image.png
1265,9934,6,Isack HADJAR,HAD,Isack,Hadjar,Racing Bulls,6C98FF,https://media.formula1.com/d_driver_fallback_image.png/content/dam/fom-website/drivers/I/ISAHAD01_Isack_Hadjar/isahad01.png.transform/1col/image.png
1265,9934,10,Pierre GASLY,GAS,Pierre,Gasly,Alpine,00A1E8,https://media.formula1.com/d_driver_fallback_image.png/content/dam/fom-website/drivers/P/PIEGAS01_Pierre_Gasly/piegas01.png.transform/1col/image.png
1265,9934,12,Kimi ANTONELLI,ANT,Kimi,Antonelli,Mercedes,00D7B6,https://media.formula1.com/d_driver_fallback_image.png/content/dam/fom-website/drivers/A/ANDANT01_Andrea%20Kimi_Antonelli/andant01.png.transform/1col/image.png
1265,9934,14,Fernando ALONSO,ALO,Fernando,Alonso,Aston Martin,229971,https://media.formula1.com/d_driver_fallback_image.png/content/dam/fom-website/drivers/F/FERALO01_Fernando_Alonso/feralo01.png.transform/1col/image.png
1265,9934,16,Charles LECLERC,LEC,Charles,Leclerc,Ferrari,ED1131,https://media.formula1.com/d_driver_fallback_image.png/content/dam/fom-website/drivers/C/CHALEC01_Charles_Leclerc/chalec01.png.transform/1col/image.png
1265,9934,18,Lance STROLL,STR,Lance,Stroll,Aston Martin,229971,https://media.formula1.com/d_driver_fallback_image.png/content/dam/fom-website/drivers/L/LANSTR01_Lance_Stroll/lanstr01.png.transform/1col/image.png
1265,9934,22,Yuki TSUNODA,TSU,Yuki,Tsunoda,Red Bull Racing,4781D7,https://media.formula1.com/d_driver_fallback_image.png/content/dam/fom-website/drivers/Y/YUKTSU01_Yuki_Tsunoda/yuktsu01.png.transform/1col/image.png
1265,9934,23,Alexander ALBON,ALB,Alexander,Albon,Williams,1868DB,https://media.formula1.com/d_driver_fallback_image.png/content/dam/fom-website/drivers/A/ALEALB01_Alexander_Albon/alealb01.png.transform/1col/image.png
1265,9934,27,Nico HULKENBERG,HUL,Nico,Hulkenberg,Kick Sauber,01C00E,https://media.formula1.com/d_driver_fallback_image.png/content/dam/fom-website/drivers/N/NICHUL01_Nico_Hulkenberg/nichul01.png.transform/1col/image.png
1265,9934,30,Liam LAWSON,LAW,Liam,Lawson,Racing Bulls,6C98FF,https://media.formula1.com/d_driver_fallback_image.png/content/dam/fom-website/drivers/L/LIALAW01_Liam_Lawson/lialaw01.png.transform/1col/image.png
1265,9934,31,Esteban OCON,OCO,Esteban,Ocon,Haas F1 Team,9C9FA2,https://media.formula1.com/d_driver_fallback_image.png/content/dam/fom-website/drivers/E/ESTOCO01_Esteban_Ocon/estoco01.png.transform/1col/image.png
1265,9934,43,Franco COLAPINTO,COL,Franco,Colapinto,Alpine,00A1E8,
1265,9934,44,Lewis HAMILTON,HAM,Lewis,Hamilton,Ferrari,ED1131,https://media.formula1.com/d_driver_fallback_image.png/content/dam/fom-website/drivers/L/LEWHAM01_Lewis_Hamilton/lewham01.png.transform/1col/image.png
1265,9934,55,Carlos SAINZ,SAI,Carlos,Sainz,Williams,1868DB,https://media.formula1.com/d_driver_fallback_image.png/content/dam/fom-website/drivers/C/CARSAI01_Carlos_Sainz/carsai01.png.transform/1col/image.png
1265,9934,63,George RUSSELL,RUS,George,Russell,Mercedes,00D7B6,https://media.formula1.com/d_driver_fallback_image.png/content/dam/fom-website/drivers/G/GEORUS01_George_Russell/georus01.png.transform/1col/image.png
1265,9934,81,Oscar PIASTRI,PIA,Oscar,Piastri,McLaren,F47600,https://media.formula1.com/d_driver_fallback_image.png/content/dam/fom-website/drivers/O/OSCPIA01_Oscar_Piastri/oscpia01.png.transform/1col/image.png
1265,9934,87,Oliver BEARMAN,BEA,Oliver,Bearman,Haas F1 Team,9C9FA2,https://media.formula1.com/d_driver_fallback_image.png/content/dam/fom-website/drivers/O/OLIBEA01_Oliver_Bearman/olibea01.png.transform/1col/image.png
1265,9935,1,Max VERSTAPPEN,VER,Max,Verstappen,Red Bull Racing,4781D7,https://media.formula1.com/d_driver_fallback_image.png/content/dam/fom-website/drivers/M/MAXVER01_Max_Verstappen/maxver01.png.transform/1col/image.png
1265,9935,4,Lando NORRIS,NOR,Lando,Norris,McLaren,F47600,https://media.formula1.com/d_driver_fallback_image.png/content/dam/fom-website/drivers/L/LANNOR01_Lando_Norris/lannor01.png.transform/1col/image.png
1265,9935,5,Gabriel BORTOLETO,BOR,Gabriel,Bortoleto,Kick Sauber,01C00E,https://media.formula1.com/d_driver_fallback_image.png/content/dam/fom-website/drivers/G/GABBOR01_Gabriel_Bortoleto/gabbor01.png.transform/1col/image.png
1265,9935,6,Isack HADJAR,HAD,Isack,Hadjar,Racing Bulls,6C98FF,https://media.formula1.com/d_driver_fallback_image.png/content/dam/fom-website/drivers/I/ISAHAD01_Isack_Hadjar/isahad01.png.transform/1col/image.png
1265,9935,10,Pierre GASLY,GAS,Pierre,Gasly,Alpine,00A1E8,https://media.formula1.com/d_driver_fallback_image.png/content/dam/fom-website/drivers/P/PIEGAS01_Pierre_Gasly/piegas01.png.transform/1col/image.png
1265,9935,12,Kimi ANTONELLI,ANT,Kimi,Antonelli,Mercedes,00D7B6,https://media.formula1.com/d_driver_fallback_image.png/content/dam/fom-website/drivers/A/ANDANT01_Andrea%20Kimi_Antonelli/andant01.png.transform/1col/image.png
1265,9935,14,Fernando ALONSO,ALO,Fernando,Alonso,Aston Martin,229971,https://media.formula1.com/d_driver_fallback_image.png/content/dam/fom-website/drivers/F/FERALO01_Fernando_Alonso/feralo01.png.transform/1col/image.png
1265,9935,16,Charles LECLERC,LEC,Charles,Leclerc,Ferrari,ED1131,https://media.formula1.com/d_driver_fallback_image.png/content/dam/fom-website/drivers/C/CHALEC01_Charles_Leclerc/chalec01.png.transform/1col/image.png
1265,9935,18,Lance STROLL,STR,Lance,Stroll,Aston Martin,229971,https://media.formula1.com/d_driver_fallback_image.png/content/dam/fom-website/drivers/L/LANSTR01_Lance_Stroll/lanstr01.png.transform/1col/image.png
1265,9935,22,Yuki TSUNODA,TSU,Yuki,Tsunoda,Red Bull Racing,4781D7,https://media.formula1.com/d_driver_fallback_image.png/content/dam/fom-website/drivers/Y/YUKTSU01_Yuki_Tsunoda/yuktsu01.png.transform/1col/image.png
1265,9935,23,Alexander ALBON,ALB,Alexander,Albon,Williams,1868DB,https://media.formula1.com/d_driver_fallback_image.png/content/dam/fom-website/drivers/A/ALEALB01_Alexander_Albon/alealb01.png.transform/1col/image.png
1265,9935,27,Nico HULKENBERG,HUL,Nico,Hulkenberg,Kick Sauber,01C00E,https://media.formula1.com/d_driver_fallback_image.png/content/dam/fom-website/drivers/N/NICHUL01_Nico_Hulkenberg/nichul01.png.transform/1col/image.png
1265,9935,30,Liam LAWSON,LAW,Liam,Lawson,Racing Bulls,6C98FF,https://media.formula1.com/d_driver_fallback_image.png/content/dam/fom-website/drivers/L/LIALAW01_Liam_Lawson/lialaw01.png.transform/1col/image.png
1265,9935,31,Esteban OCON,OCO,Esteban,Ocon,Haas F1 Team,9C9FA2,https://media.formula1.com/d_driver_fallback_image.png/content/dam/fom-website/drivers/E/ESTOCO01_Esteban_Ocon/estoco01.png.transform/1col/image.png
1265,9935,43,Franco COLAPINTO,COL,Franco,Colapinto,Alpine,00A1E8,
1265,9935,44,Lewis HAMILTON,HAM,Lewis,Hamilton,Ferrari,ED1131,https://media.formula1.com/d_driver_fallback_image.png/content/dam/fom-website/drivers/L/LEWHAM01_Lewis_Hamilton/lewham01.png.transform/1col/image.png
1265,9935,55,Carlos SAINZ,SAI,Carlos,Sainz,Williams,1868DB,https://media.formula1.com/d_driver_fallback_image.png/content/dam/fom-website/drivers/C/CARSAI01_Carlos_Sainz/carsai01.png.transform/1col/image.png
1265,9935,63,George RUSSELL,RUS,George,Russell,Mercedes,00D7B6,https://media.formula1.com/d_driver_fallback_image.png/content/dam/fom-website/drivers/G/GEORUS01_George_Russell/georus01.png.transform/1col/image.png
1265,9935,81,Oscar PIASTRI,PIA,Oscar,Piastri,McLaren,F47600,https://media.formula1.com/d_driver_fallback_image.png/content/dam/fom-website/drivers/O/OSCPIA01_Oscar_Piastri/oscpia01.png.transform/1col/image.png
1265,9935,87,Oliver BEARMAN,BEA,Oliver,Bearman,Haas F1 Team,9C9FA2,https://media.formula1.com/d_driver_fallback_image.png/content/dam/fom-website/drivers/O/OLIBEA01_Oliver_Bearman/olibea01.png.transform/1col/image.png
1265,9939,1,Max VERSTAPPEN,VER,Max,Verstappen,Red Bull Racing,4781D7,https://media.formula1.com/d_driver_fallback_image.png/content/dam/fom-website/drivers/M/MAXVER01_Max_Verstappen/maxver01.png.transform/1col/image.png
1265,9939,4,Lando NORRIS,NOR,Lando,Norris,McLaren,F47600,https://media.formula1.com/d_driver_fallback_image.png/content/dam/fom-website/drivers/L/LANNOR01_Lando_Norris/lannor01.png.transform/1col/image.png
1265,9939,5,Gabriel BORTOLETO,BOR,Gabriel,Bortoleto,Kick Sauber,01C00E,https://media.formula1.com/d_driver_fallback_image.png/content/dam/fom-website/drivers/G/GABBOR01_Gabriel_Bortoleto/gabbor01.png.transform/1col/image.png
1265,9939,6,Isack HADJAR,HAD,Isack,Hadjar,Racing Bulls,6C98FF,https://media.formula1.com/d_driver_fallback_image.png/content/dam/fom-website/drivers/I/ISAHAD01_Isack_Hadjar/isahad01.png.transform/1col/image.png
1265,9939,10,Pierre GASLY,GAS,Pierre,Gasly,Alpine,00A1E8,https://media.formula1.com/d_driver_fallback_image.png/content/dam/fom-website/drivers/P/PIEGAS01_Pierre_Gasly/piegas01.png.transform/1col/image.png
1265,9939,12,Kimi ANTONELLI,ANT,Kimi,Antonelli,Mercedes,00D7B6,https://media.formula1.com/d_driver_fallback_image.png/content/dam/fom-website/drivers/A/ANDANT01_Andrea%20Kimi_Antonelli/andant01.png.transform/1col/image.png
1265,9939,14,Fernando ALONSO,ALO,Fernando,Alonso,Aston Martin,229971,https://media.formula1.com/d_driver_fallback_image.png/content/dam/fom-website/drivers/F/FERALO01_Fernando_Alonso/feralo01.png.transform/1col/image.png
1265,9939,16,Charles LECLERC,LEC,Charles,Leclerc,Ferrari,ED1131,https://media.formula1.com/d_driver_fallback_image.png/content/dam/fom-website/drivers/C/CHALEC01_Charles_Leclerc/chalec01.png.transform/1col/image.png
1265,9939,18,Lance STROLL,STR,Lance,Stroll,Aston Martin,229971,https://media.formula1.com/d_driver_fallback_image.png/content/dam/fom-website/drivers/L/LANSTR01_Lance_Stroll/lanstr01.png.transform/1col/image.png
1265,9939,22,Yuki TSUNODA,TSU,Yuki,Tsunoda,Red Bull Racing,4781D7,https://media.formula1.com/d_driver_fallback_image.png/content/dam/fom-website/drivers/Y/YUKTSU01_Yuki_Tsunoda/yuktsu01.png.transform/1col/image.png
1265,9939,23,Alexander ALBON,ALB,Alexander,Albon,Williams,1868DB,https://media.formula1.com/d_driver_fallback_image.png/content/dam/fom-website/drivers/A/ALEALB01_Alexander_Albon/alealb01.png.transform/1col/image.png
1265,9939,27,Nico HULKENBERG,HUL,Nico,Hulkenberg,Kick Sauber,01C00E,https://media.formula1.com/d_driver_fallback_image.png/content/dam/fom-website/drivers/N/NICHUL01_Nico_Hulkenberg/nichul01.png.transform/1col/image.png
1265,9939,30,Liam LAWSON,LAW,Liam,Lawson,Racing Bulls,6C98FF,https://media.formula1.com/d_driver_fallback_image.png/content/dam/fom-website/drivers/L/LIALAW01_Liam_Lawson/lialaw01.png.transform/1col/image.png
1265,9939,31,Esteban OCON,OCO,Esteban,Ocon,Haas F1 Team,9C9FA2,https://media.formula1.com/d_driver_fallback_image.png/content/dam/fom-website/drivers/E/ESTOCO01_Esteban_Ocon/estoco01.png.transform/1col/image.png
1265,9939,43,Franco COLAPINTO,COL,Franco,Colapinto,Alpine,00A1E8,
1265,9939,44,Lewis HAMILTON,HAM,Lewis,Hamilton,Ferrari,ED1131,https://media.formula1.com/d_driver_fallback_image.png/content/dam/fom-website/drivers/L/LEWHAM01_Lewis_Hamilton/lewham01.png.transform/1col/image.png
1265,9939,55,Carlos SAINZ,SAI,Carlos,Sainz,Williams,1868DB,https://media.formula1.com/d_driver_fallback_image.png/content/dam/fom-website/drivers/C/CARSAI01_Carlos_Sainz/carsai01.png.transform/1col/image.png
1265,9939,63,George RUSSELL,RUS,George,Russell,Mercedes,00D7B6,https://media.formula1.com/d_driver_fallback_image.png/content/dam/fom-website/drivers/G/GEORUS01_George_Russell/georus01.png.transform/1col/image.png
1265,9939,81,Oscar PIASTRI,PIA,Oscar,Piastri,McLaren,F47600,https://media.formula1.com/d_driver_fallback_image.png/content/dam/fom-website/drivers/O/OSCPIA01_Oscar_Piastri/oscpia01.png.transform/1col/image.png
1265,9939,87,Oliver BEARMAN,BEA,Oliver,Bearman,Haas F1 Team,9C9FA2,https://media.formula1.com/d_driver_fallback_image.png/content/dam/fom-website/drivers/O/OLIBEA01_Oliver_Bearman/olibea01.png.transform/1col/image.png
1266,9921,1,Max VERSTAPPEN,VER,Max,Verstappen,Red Bull Racing,4781D7,https://media.formula1.com/d_driver_fallback_image.png/content/dam/fom-website/drivers/M/MAXVER01_Max_Verstappen/maxver01.png.transform/1col/image.png
1266,9921,4,Lando NORRIS,NOR,Lando,Norris,McLaren,F47600,https://media.formula1.com/d_driver_fallback_image.png/content/dam/fom-website/drivers/L/LANNOR01_Lando_Norris/lannor01.png.transform/1col/image.png
1266,9921,5,Gabriel BORTOLETO,BOR,Gabriel,Bortoleto,Kick Sauber,01C00E,https://media.formula1.com/d_driver_fallback_image.png/content/dam/fom-website/drivers/G/GABBOR01_Gabriel_Bortoleto/gabbor01.png.transform/1col/image.png
1266,9921,6,Isack HADJAR,HAD,Isack,Hadjar,Racing Bulls,6C98FF,https://media.formula1.com/d_driver_fallback_image.png/content/dam/fom-website/drivers/I/ISAHAD01_Isack_Hadjar/isahad01.png.transform/1col/image.png
1266,9921,10,Pierre GASLY,GAS,Pierre,Gasly,Alpine,00A1E8,https://media.formula1.com/d_driver_fallback_image.png/content/dam/fom-website/drivers/P/PIEGAS01_Pierre_Gasly/piegas01.png.transform/1col/image.png
1266,9921,12,Kimi ANTONELLI,ANT,Kimi,Antonelli,Mercedes,00D7B6,https://media.formula1.com/d_driver_fallback_image.png/content/dam/fom-website/drivers/A/ANDANT01_Andrea%20Kimi_Antonelli/andant01.png.transform/1col/image.png
1266,9921,16,Charles LECLERC,LEC,Charles,Leclerc,Ferrari,ED1131,https://media.formula1.com/d_driver_fallback_image.png/content/dam/fom-website/drivers/C/CHALEC01_Charles_Leclerc/chalec01.png.transform/1col/image.png
1266,9921,18,Lance STROLL,STR,Lance,Stroll,Aston Martin,229971,https://media.formula1.com/d_driver_fallback_image.png/content/dam/fom-website/drivers/L/LANSTR01_Lance_Stroll/lanstr01.png.transform/1col/image.png
1266,9921,22,Yuki TSUNODA,TSU,Yuki,Tsunoda,Red Bull Racing,4781D7,https://media.formula1.com/d_driver_fallback_image.png/content/dam/fom-website/drivers/Y/YUKTSU01_Yuki_Tsunoda/yuktsu01.png.transform/1col/image.png
1266,9921,23,Alexander ALBON,ALB,Alexander,Albon,Williams,1868DB,https://media.formula1.com/d_driver_fallback_image.png/content/dam/fom-website/drivers/A/ALEALB01_Alexander_Albon/alealb01.png.transform/1col/image.png
1266,9921,30,Liam LAWSON,LAW,Liam,Lawson,Racing Bulls,6C98FF,https://media.formula1.com/d_driver_fallback_image.png/content/dam/fom-website/drivers/L/LIALAW01_Liam_Lawson/lialaw01.png.transform/1col/image.png
1266,9921,31,Esteban OCON,OCO,Esteban,Ocon,Haas F1 Team,9C9FA2,https://media.formula1.com/d_driver_fallback_image.png/content/dam/fom-website/drivers/E/ESTOCO01_Esteban_Ocon/estoco01.png.transform/1col/image.png
1266,9921,34,Felipe DRUGOVICH,DRU,Felipe,Drugovich,Aston Martin,229971,
1266,9921,43,Franco COLAPINTO,COL,Franco,Colapinto,Alpine,00A1E8,
1266,9921,44,Lewis HAMILTON,HAM,Lewis,Hamilton,Ferrari,ED1131,https://media.formula1.com/d_driver_fallback_image.png/content/dam/fom-website/drivers/L/LEWHAM01_Lewis_Hamilton/lewham01.png.transform/1col/image.png
1266,9921,55,Carlos SAINZ,SAI,Carlos,Sainz,Williams,1868DB,https://media.formula1.com/d_driver_fallback_image.png/content/dam/fom-website/drivers/C/CARSAI01_Carlos_Sainz/carsai01.png.transform/1col/image.png
1266,9921,63,George RUSSELL,RUS,George,Russell,Mercedes,00D7B6,https://media.formula1.com/d_driver_fallback_image.png/content/dam/fom-website/drivers/G/GEORUS01_George_Russell/georus01.png.transform/1col/image.png
1266,9921,81,Oscar PIASTRI,PIA,Oscar,Piastri,McLaren,F47600,https://media.formula1.com/d_driver_fallback_image.png/content/dam/fom-website/drivers/O/OSCPIA01_Oscar_Piastri/oscpia01.png.transform/1col/image.png
1266,9921,87,Oliver BEARMAN,BEA,Oliver,Bearman,Haas F1 Team,9C9FA2,https://media.formula1.com/d_driver_fallback_image.png/content/dam/fom-website/drivers/O/OLIBEA01_Oliver_Bearman/olibea01.png.transform/1col/image.png
1266,9921,97,Paul ARON,ARO,Paul,Aron,Kick Sauber,01C00E,
1266,9922,1,Max VERSTAPPEN,VER,Max,Verstappen,Red Bull Racing,4781D7,https://media.formula1.com/d_driver_fallback_image.png/content/dam/fom-website/drivers/M/MAXVER01_Max_Verstappen/maxver01.png.transform/1col/image.png
1266,9922,4,Lando NORRIS,NOR,Lando,Norris,McLaren,F47600,https://media.formula1.com/d_driver_fallback_image.png/content/dam/fom-website/drivers/L/LANNOR01_Lando_Norris/lannor01.png.transform/1col/image.png
1266,9922,5,Gabriel BORTOLETO,BOR,Gabriel,Bortoleto,Kick Sauber,01C00E,https://media.formula1.com/d_driver_fallback_image.png/content/dam/fom-website/drivers/G/GABBOR01_Gabriel_Bortoleto/gabbor01.png.transform/1col/image.png
1266,9922,6,Isack HADJAR,HAD,Isack,Hadjar,Racing Bulls,6C98FF,https://media.formula1.com/d_driver_fallback_image.png/content/dam/fom-website/drivers/I/ISAHAD01_Isack_Hadjar/isahad01.png.transform/1col/image.png
1266,9922,10,Pierre GASLY,GAS,Pierre,Gasly,Alpine,00A1E8,https://media.formula1.com/d_driver_fallback_image.png/content/dam/fom-website/drivers/P/PIEGAS01_Pierre_Gasly/piegas01.png.transform/1col/image.png
1266,9922,12,Kimi ANTONELLI,ANT,Kimi,Antonelli,Mercedes,00D7B6,https://media.formula1.com/d_driver_fallback_image.png/content/dam/fom-website/drivers/A/ANDANT01_Andrea%20Kimi_Antonelli/andant01.png.transform/1col/image.png
1266,9922,14,Fernando ALONSO,ALO,Fernando,Alonso,Aston Martin,229971,https://media.formula1.com/d_driver_fallback_image.png/content/dam/fom-website/drivers/F/FERALO01_Fernando_Alonso/feralo01.png.transform/1col/image.png
1266,9922,16,Charles LECLERC,LEC,Charles,Leclerc,Ferrari,ED1131,https://media.formula1.com/d_driver_fallback_image.png/content/dam/fom-website/drivers/C/CHALEC01_Charles_Leclerc/chalec01.png.transform/1col/image.png
1266,9922,18,Lance STROLL,STR,Lance,Stroll,Aston Martin,229971,https://media.formula1.com/d_driver_fallback_image.png/content/dam/fom-website/drivers/L/LANSTR01_Lance_Stroll/lanstr01.png.transform/1col/image.png
1266,9922,22,Yuki TSUNODA,TSU,Yuki,Tsunoda,Red Bull Racing,4781D7,https://media.formula1.com/d_driver_fallback_image.png/content/dam/fom-website/drivers/Y/YUKTSU01_Yuki_Tsunoda/yuktsu01.png.transform/1col/image.png
1266,9922,23,Alexander ALBON,ALB,Alexander,Albon,Williams,1868DB,https://media.formula1.com/d_driver_fallback_image.png/content/dam/fom-website/drivers/A/ALEALB01_Alexander_Albon/alealb01.png.transform/1col/image.png
1266,9922,27,Nico HULKENBERG,HUL,Nico,Hulkenberg,Kick Sauber,01C00E,https://media.formula1.com/d_driver_fallback_image.png/content/dam/fom-website/drivers/N/NICHUL01_Nico_Hulkenberg/nichul01.png.transform/1col/image.png
1266,9922,30,Liam LAWSON,LAW,Liam,Lawson,Racing Bulls,6C98FF,https://media.formula1.com/d_driver_fallback_image.png/content/dam/fom-website/drivers/L/LIALAW01_Liam_Lawson/lialaw01.png.transform/1col/image.png
1266,9922,31,Esteban OCON,OCO,Esteban,Ocon,Haas F1 Team,9C9FA2,https://media.formula1.com/d_driver_fallback_image.png/content/dam/fom-website/drivers/E/ESTOCO01_Esteban_Ocon/estoco01.png.transform/1col/image.png
1266,9922,43,Franco COLAPINTO,COL,Franco,Colapinto,Alpine,00A1E8,
1266,9922,44,Lewis HAMILTON,HAM,Lewis,Hamilton,Ferrari,ED1131,https://media.formula1.com/d_driver_fallback_image.png/content/dam/fom-website/drivers/L/LEWHAM01_Lewis_Hamilton/lewham01.png.transform/1col/image.png
1266,9922,55,Carlos SAINZ,SAI,Carlos,Sainz,Williams,1868DB,https://media.formula1.com/d_driver_fallback_image.png/content/dam/fom-website/drivers/C/CARSAI01_Carlos_Sainz/carsai01.png.transform/1col/image.png
1266,9922,63,George RUSSELL,RUS,George,Russell,Mercedes,00D7B6,https://media.formula1.com/d_driver_fallback_image.png/content/dam/fom-website/drivers/G/GEORUS01_George_Russell/georus01.png.transform/1col/image.png
1266,9922,81,Oscar PIASTRI,PIA,Oscar,Piastri,McLaren,F47600,https://media.formula1.com/d_driver_fallback_image.png/content/dam/fom-website/drivers/O/OSCPIA01_Oscar_Piastri/oscpia01.png.transform/1col/image.png
1266,9922,87,Oliver BEARMAN,BEA,Oliver,Bearman,Haas F1 Team,9C9FA2,https://media.formula1.com/d_driver_fallback_image.png/content/dam/fom-website/drivers/O/OLIBEA01_Oliver_Bearman/olibea01.png.transform/1col/image.png
1266,9923,1,Max VERSTAPPEN,VER,Max,Verstappen,Red Bull Racing,4781D7,https://media.formula1.com/d_driver_fallback_image.png/content/dam/fom-website/drivers/M/MAXVER01_Max_Verstappen/maxver01.png.transform/1col/image.png
1266,9923,4,Lando NORRIS,NOR,Lando,Norris,McLaren,F47600,https://media.formula1.com/d_driver_fallback_image.png/content/dam/fom-website/drivers/L/LANNOR01_Lando_Norris/lannor01.png.transform/1col/image.png
1266,9923,5,Gabriel BORTOLETO,BOR,Gabriel,Bortoleto,Kick Sauber,01C00E,https://media.formula1.com/d_driver_fallback_image.png/content/dam/fom-website/drivers/G/GABBOR01_Gabriel_Bortoleto/gabbor01.png.transform/1col/image.png
1266,9923,6,Isack HADJAR,HAD,Isack,Hadjar,Racing Bulls,6C98FF,https://media.formula1.com/d_driver_fallback_image.png/content/dam/fom-website/drivers/I/ISAHAD01_Isack_Hadjar/isahad01.png.transform/1col/image.png
1266,9923,10,Pierre GASLY,GAS,Pierre,Gasly,Alpine,00A1E8,https://media.formula1.com/d_driver_fallback_image.png/content/dam/fom-website/drivers/P/PIEGAS01_Pierre_Gasly/piegas01.png.transform/1col/image.png
1266,9923,12,Kimi ANTONELLI,ANT,Kimi,Antonelli,Mercedes,00D7B6,https://media.formula1.com/d_driver_fallback_image.png/content/dam/fom-website/drivers/A/ANDANT01_Andrea%20Kimi_Antonelli/andant01.png.transform/1col/image.png
1266,9923,14,Fernando ALONSO,ALO,Fernando,Alonso,Aston Martin,229971,https://media.formula1.com/d_driver_fallback_image.png/content/dam/fom-website/drivers/F/FERALO01_Fernando_Alonso/feralo01.png.transform/1col/image.png
1266,9923,16,Charles LECLERC,LEC,Charles,Leclerc,Ferrari,ED1131,https://media.formula1.com/d_driver_fallback_image.png/content/dam/fom-website/drivers/C/CHALEC01_Charles_Leclerc/chalec01.png.transform/1col/image.png
1266,9923,18,Lance STROLL,STR,Lance,Stroll,Aston Martin,229971,https://media.formula1.com/d_driver_fallback_image.png/content/dam/fom-website/drivers/L/LANSTR01_Lance_Stroll/lanstr01.png.transform/1col/image.png
1266,9923,22,Yuki TSUNODA,TSU,Yuki,Tsunoda,Red Bull Racing,4781D7,https://media.formula1.com/d_driver_fallback_image.png/content/dam/fom-website/drivers/Y/YUKTSU01_Yuki_Tsunoda/yuktsu01.png.transform/1col/image.png
1266,9923,23,Alexander ALBON,ALB,Alexander,Albon,Williams,1868DB,https://media.formula1.com/d_driver_fallback_image.png/content/dam/fom-website/drivers/A/ALEALB01_Alexander_Albon/alealb01.png.transform/1col/image.png
1266,9923,27,Nico HULKENBERG,HUL,Nico,Hulkenberg,Kick Sauber,01C00E,https://media.formula1.com/d_driver_fallback_image.png/content/dam/fom-website/drivers/N/NICHUL01_Nico_Hulkenberg/nichul01.png.transform/1col/image.png
1266,9923,30,Liam LAWSON,LAW,Liam,Lawson,Racing Bulls,6C98FF,https://media.formula1.com/d_driver_fallback_image.png/content/dam/fom-website/drivers/L/LIALAW01_Liam_Lawson/lialaw01.png.transform/1col/image.png
1266,9923,31,Esteban OCON,OCO,Esteban,Ocon,Haas F1 Team,9C9FA2,https://media.formula1.com/d_driver_fallback_image.png/content/dam/fom-website/drivers/E/ESTOCO01_Esteban_Ocon/estoco01.png.transform/1col/image.png
1266,9923,43,Franco COLAPINTO,COL,Franco,Colapinto,Alpine,00A1E8,
1266,9923,44,Lewis HAMILTON,HAM,Lewis,Hamilton,Ferrari,ED1131,https://media.formula1.com/d_driver_fallback_image.png/content/dam/fom-website/drivers/L/LEWHAM01_Lewis_Hamilton/lewham01.png.transform/1col/image.png
1266,9923,55,Carlos SAINZ,SAI,Carlos,Sainz,Williams,1868DB,https://media.formula1.com/d_driver_fallback_image.png/content/dam/fom-website/drivers/C/CARSAI01_Carlos_Sainz/carsai01.png.transform/1col/image.png
1266,9923,63,George RUSSELL,RUS,George,Russell,Mercedes,00D7B6,https://media.formula1.com/d_driver_fallback_image.png/content/dam/fom-website/drivers/G/GEORUS01_George_Russell/georus01.png.transform/1col/image.png
1266,9923,81,Oscar PIASTRI,PIA,Oscar,Piastri,McLaren,F47600,https://media.formula1.com/d_driver_fallback_image.png/content/dam/fom-website/drivers/O/OSCPIA01_Oscar_Piastri/oscpia01.png.transform/1col/image.png
1266,9923,87,Oliver BEARMAN,BEA,Oliver,Bearman,Haas F1 Team,9C9FA2,https://media.formula1.com/d_driver_fallback_image.png/content/dam/fom-website/drivers/O/OLIBEA01_Oliver_Bearman/olibea01.png.transform/1col/image.png
1266,9924,1,Max VERSTAPPEN,VER,Max,Verstappen,Red Bull Racing,4781D7,https://media.formula1.com/d_driver_fallback_image.png/content/dam/fom-website/drivers/M/MAXVER01_Max_Verstappen/maxver01.png.transform/1col/image.png
1266,9924,4,Lando NORRIS,NOR,Lando,Norris,McLaren,F47600,https://media.formula1.com/d_driver_fallback_image.png/content/dam/fom-website/drivers/L/LANNOR01_Lando_Norris/lannor01.png.transform/1col/image.png
1266,9924,5,Gabriel BORTOLETO,BOR,Gabriel,Bortoleto,Kick Sauber,01C00E,https://media.formula1.com/d_driver_fallback_image.png/content/dam/fom-website/drivers/G/GABBOR01_Gabriel_Bortoleto/gabbor01.png.transform/1col/image.png
1266,9924,6,Isack HADJAR,HAD,Isack,Hadjar,Racing Bulls,6C98FF,https://media.formula1.com/d_driver_fallback_image.png/content/dam/fom-website/drivers/I/ISAHAD01_Isack_Hadjar/isahad01.png.transform/1col/image.png
1266,9924,10,Pierre GASLY,GAS,Pierre,Gasly,Alpine,00A1E8,https://media.formula1.com/d_driver_fallback_image.png/content/dam/fom-website/drivers/P/PIEGAS01_Pierre_Gasly/piegas01.png.transform/1col/image.png
1266,9924,12,Kimi ANTONELLI,ANT,Kimi,Antonelli,Mercedes,00D7B6,https://media.formula1.com/d_driver_fallback_image.png/content/dam/fom-website/drivers/A/ANDANT01_Andrea%20Kimi_Antonelli/andant01.png.transform/1col/image.png
1266,9924,14,Fernando ALONSO,ALO,Fernando,Alonso,Aston Martin,229971,https://media.formula1.com/d_driver_fallback_image.png/content/dam/fom-website/drivers/F/FERALO01_Fernando_Alonso/feralo01.png.transform/1col/image.png
1266,9924,16,Charles LECLERC,LEC,Charles,Leclerc,Ferrari,ED1131,https://media.formula1.com/d_driver_fallback_image.png/content/dam/fom-website/drivers/C/CHALEC01_Charles_Leclerc/chalec01.png.transform/1col/image.png
1266,9924,18,Lance STROLL,STR,Lance,Stroll,Aston Martin,229971,https://media.formula1.com/d_driver_fallback_image.png/content/dam/fom-website/drivers/L/LANSTR01_Lance_Stroll/lanstr01.png.transform/1col/image.png
1266,9924,22,Yuki TSUNODA,TSU,Yuki,Tsunoda,Red Bull Racing,4781D7,https://media.formula1.com/d_driver_fallback_image.png/content/dam/fom-website/drivers/Y/YUKTSU01_Yuki_Tsunoda/yuktsu01.png.transform/1col/image.png
1266,9924,23,Alexander ALBON,ALB,Alexander,Albon,Williams,1868DB,https://media.formula1.com/d_driver_fallback_image.png/content/dam/fom-website/drivers/A/ALEALB01_Alexander_Albon/alealb01.png.transform/1col/image.png
1266,9924,27,Nico HULKENBERG,HUL,Nico,Hulkenberg,Kick Sauber,01C00E,https://media.formula1.com/d_driver_fallback_image.png/content/dam/fom-website/drivers/N/NICHUL01_Nico_Hulkenberg/nichul01.png.transform/1col/image.png
1266,9924,30,Liam LAWSON,LAW,Liam,Lawson,Racing Bulls,6C98FF,https://media.formula1.com/d_driver_fallback_image.png/content/dam/fom-website/drivers/L/LIALAW01_Liam_Lawson/lialaw01.png.transform/1col/image.png
1266,9924,31,Esteban OCON,OCO,Esteban,Ocon,Haas F1 Team,9C9FA2,https://media.formula1.com/d_driver_fallback_image.png/content/dam/fom-website/drivers/E/ESTOCO01_Esteban_Ocon/estoco01.png.transform/1col/image.png
1266,9924,43,Franco COLAPINTO,COL,Franco,Colapinto,Alpine,00A1E8,
1266,9924,44,Lewis HAMILTON,HAM,Lewis,Hamilton,Ferrari,ED1131,https://media.formula1.com/d_driver_fallback_image.png/content/dam/fom-website/drivers/L/LEWHAM01_Lewis_Hamilton/lewham01.png.transform/1col/image.png
1266,9924,55,Carlos SAINZ,SAI,Carlos,Sainz,Williams,1868DB,https://media.formula1.com/d_driver_fallback_image.png/content/dam/fom-website/drivers/C/CARSAI01_Carlos_Sainz/carsai01.png.transform/1col/image.png
1266,9924,63,George RUSSELL,RUS,George,Russell,Mercedes,00D7B6,https://media.formula1.com/d_driver_fallback_image.png/content/dam/fom-website/drivers/G/GEORUS01_George_Russell/georus01.png.transform/1col/image.png
1266,9924,81,Oscar PIASTRI,PIA,Oscar,Piastri,McLaren,F47600,https://media.formula1.com/d_driver_fallback_image.png/content/dam/fom-website/drivers/O/OSCPIA01_Oscar_Piastri/oscpia01.png.transform/1col/image.png
1266,9924,87,Oliver BEARMAN,BEA,Oliver,Bearman,Haas F1 Team,9C9FA2,https://media.formula1.com/d_driver_fallback_image.png/content/dam/fom-website/drivers/O/OLIBEA01_Oliver_Bearman/olibea01.png.transform/1col/image.png
1266,9928,1,Max VERSTAPPEN,VER,Max,Verstappen,Red Bull Racing,4781D7,https://media.formula1.com/d_driver_fallback_image.png/content/dam/fom-website/drivers/M/MAXVER01_Max_Verstappen/maxver01.png.transform/1col/image.png
1266,9928,4,Lando NORRIS,NOR,Lando,Norris,McLaren,F47600,https://media.formula1.com/d_driver_fallback_image.png/content/dam/fom-website/drivers/L/LANNOR01_Lando_Norris/lannor01.png.transform/1col/image.png
1266,9928,5,Gabriel BORTOLETO,BOR,Gabriel,Bortoleto,Kick Sauber,01C00E,https://media.formula1.com/d_driver_fallback_image.png/content/dam/fom-website/drivers/G/GABBOR01_Gabriel_Bortoleto/gabbor01.png.transform/1col/image.png
1266,9928,6,Isack HADJAR,HAD,Isack,Hadjar,Racing Bulls,6C98FF,https://media.formula1.com/d_driver_fallback_image.png/content/dam/fom-website/drivers/I/ISAHAD01_Isack_Hadjar/isahad01.png.transform/1col/image.png
1266,9928,10,Pierre GASLY,GAS,Pierre,Gasly,Alpine,00A1E8,https://media.formula1.com/d_driver_fallback_image.png/content/dam/fom-website/drivers/P/PIEGAS01_Pierre_Gasly/piegas01.png.transform/1col/image.png
1266,9928,12,Kimi ANTONELLI,ANT,Kimi,Antonelli,Mercedes,00D7B6,https://media.formula1.com/d_driver_fallback_image.png/content/dam/fom-website/drivers/A/ANDANT01_Andrea%20Kimi_Antonelli/andant01.png.transform/1col/image.png
1266,9928,14,Fernando ALONSO,ALO,Fernando,Alonso,Aston Martin,229971,https://media.formula1.com/d_driver_fallback_image.png/content/dam/fom-website/drivers/F/FERALO01_Fernando_Alonso/feralo01.png.transform/1col/image.png
1266,9928,16,Charles LECLERC,LEC,Charles,Leclerc,Ferrari,ED1131,https://media.formula1.com/d_driver_fallback_image.png/content/dam/fom-website/drivers/C/CHALEC01_Charles_Leclerc/chalec01.png.transform/1col/image.png
1266,9928,18,Lance STROLL,STR,Lance,Stroll,Aston Martin,229971,https://media.formula1.com/d_driver_fallback_image.png/content/dam/fom-website/drivers/L/LANSTR01_Lance_Stroll/lanstr01.png.transform/1col/image.png
1266,9928,22,Yuki TSUNODA,TSU,Yuki,Tsunoda,Red Bull Racing,4781D7,https://media.formula1.com/d_driver_fallback_image.png/content/dam/fom-website/drivers/Y/YUKTSU01_Yuki_Tsunoda/yuktsu01.png.transform/1col/image.png
1266,9928,23,Alexander ALBON,ALB,Alexander,Albon,Williams,1868DB,https://media.formula1.com/d_driver_fallback_image.png/content/dam/fom-website/drivers/A/ALEALB01_Alexander_Albon/alealb01.png.transform/1col/image.png
1266,9928,27,Nico HULKENBERG,HUL,Nico,Hulkenberg,Kick Sauber,01C00E,https://media.formula1.com/d_driver_fallback_image.png/content/dam/fom-website/drivers/N/NICHUL01_Nico_Hulkenberg/nichul01.png.transform/1col/image.png
1266,9928,30,Liam LAWSON,LAW,Liam,Lawson,Racing Bulls,6C98FF,https://media.formula1.com/d_driver_fallback_image.png/content/dam/fom-website/drivers/L/LIALAW01_Liam_Lawson/lialaw01.png.transform/1col/image.png
1266,9928,31,Esteban OCON,OCO,Esteban,Ocon,Haas F1 Team,9C9FA2,https://media.formula1.com/d_driver_fallback_image.png/content/dam/fom-website/drivers/E/ESTOCO01_Esteban_Ocon/estoco01.png.transform/1col/image.png
1266,9928,43,Franco COLAPINTO,COL,Franco,Colapinto,Alpine,00A1E8,
1266,9928,44,Lewis HAMILTON,HAM,Lewis,Hamilton,Ferrari,ED1131,https://media.formula1.com/d_driver_fallback_image.png/content/dam/fom-website/drivers/L/LEWHAM01_Lewis_Hamilton/lewham01.png.transform/1col/image.png
1266,9928,55,Carlos SAINZ,SAI,Carlos,Sainz,Williams,1868DB,https://media.formula1.com/d_driver_fallback_image.png/content/dam/fom-website/drivers/C/CARSAI01_Carlos_Sainz/carsai01.png.transform/1col/image.png
1266,9928,63,George RUSSELL,RUS,George,Russell,Mercedes,00D7B6,https://media.formula1.com/d_driver_fallback_image.png/content/dam/fom-website/drivers/G/GEORUS01_George_Russell/georus01.png.transform/1col/image.png
1266,9928,81,Oscar PIASTRI,PIA,Oscar,Piastri,McLaren,F47600,https://media.formula1.com/d_driver_fallback_image.png/content/dam/fom-website/drivers/O/OSCPIA01_Oscar_Piastri/oscpia01.png.transform/1col/image.png
1266,9928,87,Oliver BEARMAN,BEA,Oliver,Bearman,Haas F1 Team,9C9FA2,https://media.formula1.com/d_driver_fallback_image.png/content/dam/fom-website/drivers/O/OLIBEA01_Oliver_Bearman/olibea01.png.transform/1col/image.png
1267,9913,1,Max VERSTAPPEN,VER,Max,Verstappen,Red Bull Racing,4781D7,https://media.formula1.com/d_driver_fallback_image.png/content/dam/fom-website/drivers/M/MAXVER01_Max_Verstappen/maxver01.png.transform/1col/image.png
1267,9913,4,Lando NORRIS,NOR,Lando,Norris,McLaren,F47600,https://media.formula1.com/d_driver_fallback_image.png/content/dam/fom-website/drivers/L/LANNOR01_Lando_Norris/lannor01.png.transform/1col/image.png
1267,9913,5,Gabriel BORTOLETO,BOR,Gabriel,Bortoleto,Kick Sauber,01C00E,https://media.formula1.com/d_driver_fallback_image.png/content/dam/fom-website/drivers/G/GABBOR01_Gabriel_Bortoleto/gabbor01.png.transform/1col/image.png
1267,9913,6,Isack HADJAR,HAD,Isack,Hadjar,Racing Bulls,6C98FF,https://media.formula1.com/d_driver_fallback_image.png/content/dam/fom-website/drivers/I/ISAHAD01_Isack_Hadjar/isahad01.png.transform/1col/image.png
1267,9913,10,Pierre GASLY,GAS,Pierre,Gasly,Alpine,00A1E8,https://media.formula1.com/d_driver_fallback_image.png/content/dam/fom-website/drivers/P/PIEGAS01_Pierre_Gasly/piegas01.png.transform/1col/image.png
1267,9913,12,Kimi ANTONELLI,ANT,Kimi,Antonelli,Mercedes,00D7B6,https://media.formula1.com/d_driver_fallback_image.png/content/dam/fom-website/drivers/A/ANDANT01_Andrea%20Kimi_Antonelli/andant01.png.transform/1col/image.png
1267,9913,14,Fernando ALONSO,ALO,Fernando,Alonso,Aston Martin,229971,https://media.formula1.com/d_driver_fallback_image.png/content/dam/fom-website/drivers/F/FERALO01_Fernando_Alonso/feralo01.png.transform/1col/image.png
1267,9913,16,Charles LECLERC,LEC,Charles,Leclerc,Ferrari,ED1131,https://media.formula1.com/d_driver_fallback_image.png/content/dam/fom-website/drivers/C/CHALEC01_Charles_Leclerc/chalec01.png.transform/1col/image.png
1267,9913,18,Lance STROLL,STR,Lance,Stroll,Aston Martin,229971,https://media.formula1.com/d_driver_fallback_image.png/content/dam/fom-website/drivers/L/LANSTR01_Lance_Stroll/lanstr01.png.transform/1col/image.png
1267,9913,22,Yuki TSUNODA,TSU,Yuki,Tsunoda,Red Bull Racing,4781D7,https://media.formula1.com/d_driver_fallback_image.png/content/dam/fom-website/drivers/Y/YUKTSU01_Yuki_Tsunoda/yuktsu01.png.transform/1col/image.png
1267,9913,23,Alexander ALBON,ALB,Alexander,Albon,Williams,1868DB,https://media.formula1.com/d_driver_fallback_image.png/content/dam/fom-website/drivers/A/ALEALB01_Alexander_Albon/alealb01.png.transform/1col/image.png
1267,9913,27,Nico HULKENBERG,HUL,Nico,Hulkenberg,Kick Sauber,01C00E,https://media.formula1.com/d_driver_fallback_image.png/content/dam/fom-website/drivers/N/NICHUL01_Nico_Hulkenberg/nichul01.png.transform/1col/image.png
1267,9913,30,Liam LAWSON,LAW,Liam,Lawson,Racing Bulls,6C98FF,https://media.formula1.com/d_driver_fallback_image.png/content/dam/fom-website/drivers/L/LIALAW01_Liam_Lawson/lialaw01.png.transform/1col/image.png
1267,9913,31,Esteban OCON,OCO,Esteban,Ocon,Haas F1 Team,9C9FA2,https://media.formula1.com/d_driver_fallback_image.png/content/dam/fom-website/drivers/E/ESTOCO01_Esteban_Ocon/estoco01.png.transform/1col/image.png
1267,9913,43,Franco COLAPINTO,COL,Franco,Colapinto,Alpine,00A1E8,
1267,9913,44,Lewis HAMILTON,HAM,Lewis,Hamilton,Ferrari,ED1131,https://media.formula1.com/d_driver_fallback_image.png/content/dam/fom-website/drivers/L/LEWHAM01_Lewis_Hamilton/lewham01.png.transform/1col/image.png
1267,9913,55,Carlos SAINZ,SAI,Carlos,Sainz,Williams,1868DB,https://media.formula1.com/d_driver_fallback_image.png/content/dam/fom-website/drivers/C/CARSAI01_Carlos_Sainz/carsai01.png.transform/1col/image.png
1267,9913,63,George RUSSELL,RUS,George,Russell,Mercedes,00D7B6,https://media.formula1.com/d_driver_fallback_image.png/content/dam/fom-website/drivers/G/GEORUS01_George_Russell/georus01.png.transform/1col/image.png
1267,9913,81,Oscar PIASTRI,PIA,Oscar,Piastri,McLaren,F47600,https://media.formula1.com/d_driver_fallback_image.png/content/dam/fom-website/drivers/O/OSCPIA01_Oscar_Piastri/oscpia01.png.transform/1col/image.png
1267,9913,87,Oliver BEARMAN,BEA,Oliver,Bearman,Haas F1 Team,9C9FA2,https://media.formula1.com/d_driver_fallback_image.png/content/dam/fom-website/drivers/O/OLIBEA01_Oliver_Bearman/olibea01.png.transform/1col/image.png
1267,9914,1,Max VERSTAPPEN,VER,Max,Verstappen,Red Bull Racing,4781D7,https://media.formula1.com/d_driver_fallback_image.png/content/dam/fom-website/drivers/M/MAXVER01_Max_Verstappen/maxver01.png.transform/1col/image.png
1267,9914,4,Lando NORRIS,NOR,Lando,Norris,McLaren,F47600,https://media.formula1.com/d_driver_fallback_image.png/content/dam/fom-website/drivers/L/LANNOR01_Lando_Norris/lannor01.png.transform/1col/image.png
1267,9914,5,Gabriel BORTOLETO,BOR,Gabriel,Bortoleto,Kick Sauber,01C00E,https://media.formula1.com/d_driver_fallback_image.png/content/dam/fom-website/drivers/G/GABBOR01_Gabriel_Bortoleto/gabbor01.png.transform/1col/image.png
1267,9914,6,Isack HADJAR,HAD,Isack,Hadjar,Racing Bulls,6C98FF,https://media.formula1.com/d_driver_fallback_image.png/content/dam/fom-website/drivers/I/ISAHAD01_Isack_Hadjar/isahad01.png.transform/1col/image.png
1267,9914,10,Pierre GASLY,GAS,Pierre,Gasly,Alpine,00A1E8,https://media.formula1.com/d_driver_fallback_image.png/content/dam/fom-website/drivers/P/PIEGAS01_Pierre_Gasly/piegas01.png.transform/1col/image.png
1267,9914,12,Kimi ANTONELLI,ANT,Kimi,Antonelli,Mercedes,00D7B6,https://media.formula1.com/d_driver_fallback_image.png/content/dam/fom-website/drivers/A/ANDANT01_Andrea%20Kimi_Antonelli/andant01.png.transform/1col/image.png
1267,9914,14,Fernando ALONSO,ALO,Fernando,Alonso,Aston Martin,229971,https://media.formula1.com/d_driver_fallback_image.png/content/dam/fom-website/drivers/F/FERALO01_Fernando_Alonso/feralo01.png.transform/1col/image.png
1267,9914,16,Charles LECLERC,LEC,Charles,Leclerc,Ferrari,ED1131,https://media.formula1.com/d_driver_fallback_image.png/content/dam/fom-website/drivers/C/CHALEC01_Charles_Leclerc/chalec01.png.transform/1col/image.png
1267,9914,18,Lance STROLL,STR,Lance,Stroll,Aston Martin,229971,https://media.formula1.com/d_driver_fallback_image.png/content/dam/fom-website/drivers/L/LANSTR01_Lance_Stroll/lanstr01.png.transform/1col/image.png
1267,9914,22,Yuki TSUNODA,TSU,Yuki,Tsunoda,Red Bull Racing,4781D7,https://media.formula1.com/d_driver_fallback_image.png/content/dam/fom-website/drivers/Y/YUKTSU01_Yuki_Tsunoda/yuktsu01.png.transform/1col/image.png
1267,9914,23,Alexander ALBON,ALB,Alexander,Albon,Williams,1868DB,https://media.formula1.com/d_driver_fallback_image.png/content/dam/fom-website/drivers/A/ALEALB01_Alexander_Albon/alealb01.png.transform/1col/image.png
1267,9914,27,Nico HULKENBERG,HUL,Nico,Hulkenberg,Kick Sauber,01C00E,https://media.formula1.com/d_driver_fallback_image.png/content/dam/fom-website/drivers/N/NICHUL01_Nico_Hulkenberg/nichul01.png.transform/1col/image.png
1267,9914,30,Liam LAWSON,LAW,Liam,Lawson,Racing Bulls,6C98FF,https://media.formula1.com/d_driver_fallback_image.png/content/dam/fom-website/drivers/L/LIALAW01_Liam_Lawson/lialaw01.png.transform/1col/image.png
1267,9914,31,Esteban OCON,OCO,Esteban,Ocon,Haas F1 Team,9C9FA2,https://media.formula1.com/d_driver_fallback_image.png/content/dam/fom-website/drivers/E/ESTOCO01_Esteban_Ocon/estoco01.png.transform/1col/image.png
1267,9914,43,Franco COLAPINTO,COL,Franco,Colapinto,Alpine,00A1E8,
1267,9914,44,Lewis HAMILTON,HAM,Lewis,Hamilton,Ferrari,ED1131,https://media.formula1.com/d_driver_fallback_image.png/content/dam/fom-website/drivers/L/LEWHAM01_Lewis_Hamilton/lewham01.png.transform/1col/image.png
1267,9914,55,Carlos SAINZ,SAI,Carlos,Sainz,Williams,1868DB,https://media.formula1.com/d_driver_fallback_image.png/content/dam/fom-website/drivers/C/CARSAI01_Carlos_Sainz/carsai01.png.transform/1col/image.png
1267,9914,63,George RUSSELL,RUS,George,Russell,Mercedes,00D7B6,https://media.formula1.com/d_driver_fallback_image.png/content/dam/fom-website/drivers/G/GEORUS01_George_Russell/georus01.png.transform/1col/image.png
1267,9914,81,Oscar PIASTRI,PIA,Oscar,Piastri,McLaren,F47600,https://media.formula1.com/d_driver_fallback_image.png/content/dam/fom-website/drivers/O/OSCPIA01_Oscar_Piastri/oscpia01.png.transform/1col/image.png
1267,9914,87,Oliver BEARMAN,BEA,Oliver,Bearman,Haas F1 Team,9C9FA2,https://media.formula1.com/d_driver_fallback_image.png/content/dam/fom-website/drivers/O/OLIBEA01_Oliver_Bearman/olibea01.png.transform/1col/image.png
1267,9915,1,Max VERSTAPPEN,VER,Max,Verstappen,Red Bull Racing,4781D7,https://media.formula1.com/d_driver_fallback_image.png/content/dam/fom-website/drivers/M/MAXVER01_Max_Verstappen/maxver01.png.transform/1col/image.png
1267,9915,4,Lando NORRIS,NOR,Lando,Norris,McLaren,F47600,https://media.formula1.com/d_driver_fallback_image.png/content/dam/fom-website/drivers/L/LANNOR01_Lando_Norris/lannor01.png.transform/1col/image.png
1267,9915,5,Gabriel BORTOLETO,BOR,Gabriel,Bortoleto,Kick Sauber,01C00E,https://media.formula1.com/d_driver_fallback_image.png/content/dam/fom-website/drivers/G/GABBOR01_Gabriel_Bortoleto/gabbor01.png.transform/1col/image.png
1267,9915,6,Isack HADJAR,HAD,Isack,Hadjar,Racing Bulls,6C98FF,https://media.formula1.com/d_driver_fallback_image.png/content/dam/fom-website/drivers/I/ISAHAD01_Isack_Hadjar/isahad01.png.transform/1col/image.png
1267,9915,10,Pierre GASLY,GAS,Pierre,Gasly,Alpine,00A1E8,https://media.formula1.com/d_driver_fallback_image.png/content/dam/fom-website/drivers/P/PIEGAS01_Pierre_Gasly/piegas01.png.transform/1col/image.png
1267,9915,12,Kimi ANTONELLI,ANT,Kimi,Antonelli,Mercedes,00D7B6,https://media.formula1.com/d_driver_fallback_image.png/content/dam/fom-website/drivers/A/ANDANT01_Andrea%20Kimi_Antonelli/andant01.png.transform/1col/image.png
1267,9915,14,Fernando ALONSO,ALO,Fernando,Alonso,Aston Martin,229971,https://media.formula1.com/d_driver_fallback_image.png/content/dam/fom-website/drivers/F/FERALO01_Fernando_Alonso/feralo01.png.transform/1col/image.png
1267,9915,16,Charles LECLERC,LEC,Charles,Leclerc,Ferrari,ED1131,https://media.formula1.com/d_driver_fallback_image.png/content/dam/fom-website/drivers/C/CHALEC01_Charles_Leclerc/chalec01.png.transform/1col/image.png
1267,9915,18,Lance STROLL,STR,Lance,Stroll,Aston Martin,229971,https://media.formula1.com/d_driver_fallback_image.png/content/dam/fom-website/drivers/L/LANSTR01_Lance_Stroll/lanstr01.png.transform/1col/image.png
1267,9915,22,Yuki TSUNODA,TSU,Yuki,Tsunoda,Red Bull Racing,4781D7,https://media.formula1.com/d_driver_fallback_image.png/content/dam/fom-website/drivers/Y/YUKTSU01_Yuki_Tsunoda/yuktsu01.png.transform/1col/image.png
1267,9915,23,Alexander ALBON,ALB,Alexander,Albon,Williams,1868DB,https://media.formula1.com/d_driver_fallback_image.png/content/dam/fom-website/drivers/A/ALEALB01_Alexander_Albon/alealb01.png.transform/1col/image.png
1267,9915,27,Nico HULKENBERG,HUL,Nico,Hulkenberg,Kick Sauber,01C00E,https://media.formula1.com/d_driver_fallback_image.png/content/dam/fom-website/drivers/N/NICHUL01_Nico_Hulkenberg/nichul01.png.transform/1col/image.png
1267,9915,30,Liam LAWSON,LAW,Liam,Lawson,Racing Bulls,6C98FF,https://media.formula1.com/d_driver_fallback_image.png/content/dam/fom-website/drivers/L/LIALAW01_Liam_Lawson/lialaw01.png.transform/1col/image.png
1267,9915,31,Esteban OCON,OCO,Esteban,Ocon,Haas F1 Team,9C9FA2,https://media.formula1.com/d_driver_fallback_image.png/content/dam/fom-website/drivers/E/ESTOCO01_Esteban_Ocon/estoco01.png.transform/1col/image.png
1267,9915,43,Franco COLAPINTO,COL,Franco,Colapinto,Alpine,00A1E8,
1267,9915,44,Lewis HAMILTON,HAM,Lewis,Hamilton,Ferrari,ED1131,https://media.formula1.com/d_driver_fallback_image.png/content/dam/fom-website/drivers/L/LEWHAM01_Lewis_Hamilton/lewham01.png.transform/1col/image.png
1267,9915,55,Carlos SAINZ,SAI,Carlos,Sainz,Williams,1868DB,https://media.formula1.com/d_driver_fallback_image.png/content/dam/fom-website/drivers/C/CARSAI01_Carlos_Sainz/carsai01.png.transform/1col/image.png
1267,9915,63,George RUSSELL,RUS,George,Russell,Mercedes,00D7B6,https://media.formula1.com/d_driver_fallback_image.png/content/dam/fom-website/drivers/G/GEORUS01_George_Russell/georus01.png.transform/1col/image.png
1267,9915,81,Oscar PIASTRI,PIA,Oscar,Piastri,McLaren,F47600,https://media.formula1.com/d_driver_fallback_image.png/content/dam/fom-website/drivers/O/OSCPIA01_Oscar_Piastri/oscpia01.png.transform/1col/image.png
1267,9915,87,Oliver BEARMAN,BEA,Oliver,Bearman,Haas F1 Team,9C9FA2,https://media.formula1.com/d_driver_fallback_image.png/content/dam/fom-website/drivers/O/OLIBEA01_Oliver_Bearman/olibea01.png.transform/1col/image.png
1267,9916,1,Max VERSTAPPEN,VER,Max,Verstappen,Red Bull Racing,4781D7,https://media.formula1.com/d_driver_fallback_image.png/content/dam/fom-website/drivers/M/MAXVER01_Max_Verstappen/maxver01.png.transform/1col/image.png
1267,9916,4,Lando NORRIS,NOR,Lando,Norris,McLaren,F47600,https://media.formula1.com/d_driver_fallback_image.png/content/dam/fom-website/drivers/L/LANNOR01_Lando_Norris/lannor01.png.transform/1col/image.png
1267,9916,5,Gabriel BORTOLETO,BOR,Gabriel,Bortoleto,Kick Sauber,01C00E,https://media.formula1.com/d_driver_fallback_image.png/content/dam/fom-website/drivers/G/GABBOR01_Gabriel_Bortoleto/gabbor01.png.transform/1col/image.png
1267,9916,6,Isack HADJAR,HAD,Isack,Hadjar,Racing Bulls,6C98FF,https://media.formula1.com/d_driver_fallback_image.png/content/dam/fom-website/drivers/I/ISAHAD01_Isack_Hadjar/isahad01.png.transform/1col/image.png
1267,9916,10,Pierre GASLY,GAS,Pierre,Gasly,Alpine,00A1E8,https://media.formula1.com/d_driver_fallback_image.png/content/dam/fom-website/drivers/P/PIEGAS01_Pierre_Gasly/piegas01.png.transform/1col/image.png
1267,9916,12,Kimi ANTONELLI,ANT,Kimi,Antonelli,Mercedes,00D7B6,https://media.formula1.com/d_driver_fallback_image.png/content/dam/fom-website/drivers/A/ANDANT01_Andrea%20Kimi_Antonelli/andant01.png.transform/1col/image.png
1267,9916,14,Fernando ALONSO,ALO,Fernando,Alonso,Aston Martin,229971,https://media.formula1.com/d_driver_fallback_image.png/content/dam/fom-website/drivers/F/FERALO01_Fernando_Alonso/feralo01.png.transform/1col/image.png
1267,9916,16,Charles LECLERC,LEC,Charles,Leclerc,Ferrari,ED1131,https://media.formula1.com/d_driver_fallback_image.png/content/dam/fom-website/drivers/C/CHALEC01_Charles_Leclerc/chalec01.png.transform/1col/image.png
1267,9916,18,Lance STROLL,STR,Lance,Stroll,Aston Martin,229971,https://media.formula1.com/d_driver_fallback_image.png/content/dam/fom-website/drivers/L/LANSTR01_Lance_Stroll/lanstr01.png.transform/1col/image.png
1267,9916,22,Yuki TSUNODA,TSU,Yuki,Tsunoda,Red Bull Racing,4781D7,https://media.formula1.com/d_driver_fallback_image.png/content/dam/fom-website/drivers/Y/YUKTSU01_Yuki_Tsunoda/yuktsu01.png.transform/1col/image.png
1267,9916,23,Alexander ALBON,ALB,Alexander,Albon,Williams,1868DB,https://media.formula1.com/d_driver_fallback_image.png/content/dam/fom-website/drivers/A/ALEALB01_Alexander_Albon/alealb01.png.transform/1col/image.png
1267,9916,27,Nico HULKENBERG,HUL,Nico,Hulkenberg,Kick Sauber,01C00E,https://media.formula1.com/d_driver_fallback_image.png/content/dam/fom-website/drivers/N/NICHUL01_Nico_Hulkenberg/nichul01.png.transform/1col/image.png
1267,9916,30,Liam LAWSON,LAW,Liam,Lawson,Racing Bulls,6C98FF,https://media.formula1.com/d_driver_fallback_image.png/content/dam/fom-website/drivers/L/LIALAW01_Liam_Lawson/lialaw01.png.transform/1col/image.png
1267,9916,31,Esteban OCON,OCO,Esteban,Ocon,Haas F1 Team,9C9FA2,https://media.formula1.com/d_driver_fallback_image.png/content/dam/fom-website/drivers/E/ESTOCO01_Esteban_Ocon/estoco01.png.transform/1col/image.png
1267,9916,43,Franco COLAPINTO,COL,Franco,Colapinto,Alpine,00A1E8,
1267,9916,44,Lewis HAMILTON,HAM,Lewis,Hamilton,Ferrari,ED1131,https://media.formula1.com/d_driver_fallback_image.png/content/dam/fom-website/drivers/L/LEWHAM01_Lewis_Hamilton/lewham01.png.transform/1col/image.png
1267,9916,55,Carlos SAINZ,SAI,Carlos,Sainz,Williams,1868DB,https://media.formula1.com/d_driver_fallback_image.png/content/dam/fom-website/drivers/C/CARSAI01_Carlos_Sainz/carsai01.png.transform/1col/image.png
1267,9916,63,George RUSSELL,RUS,George,Russell,Mercedes,00D7B6,https://media.formula1.com/d_driver_fallback_image.png/content/dam/fom-website/drivers/G/GEORUS01_George_Russell/georus01.png.transform/1col/image.png
1267,9916,81,Oscar PIASTRI,PIA,Oscar,Piastri,McLaren,F47600,https://media.formula1.com/d_driver_fallback_image.png/content/dam/fom-website/drivers/O/OSCPIA01_Oscar_Piastri/oscpia01.png.transform/1col/image.png
1267,9916,87,Oliver BEARMAN,BEA,Oliver,Bearman,Haas F1 Team,9C9FA2,https://media.formula1.com/d_driver_fallback_image.png/content/dam/fom-website/drivers/O/OLIBEA01_Oliver_Bearman/olibea01.png.transform/1col/image.png
1267,9920,1,Max VERSTAPPEN,VER,Max,Verstappen,Red Bull Racing,4781D7,https://media.formula1.com/d_driver_fallback_image.png/content/dam/fom-website/drivers/M/MAXVER01_Max_Verstappen/maxver01.png.transform/1col/image.png
1267,9920,4,Lando NORRIS,NOR,Lando,Norris,McLaren,F47600,https://media.formula1.com/d_driver_fallback_image.png/content/dam/fom-website/drivers/L/LANNOR01_Lando_Norris/lannor01.png.transform/1col/image.png
1267,9920,5,Gabriel BORTOLETO,BOR,Gabriel,Bortoleto,Kick Sauber,01C00E,https://media.formula1.com/d_driver_fallback_image.png/content/dam/fom-website/drivers/G/GABBOR01_Gabriel_Bortoleto/gabbor01.png.transform/1col/image.png
1267,9920,6,Isack HADJAR,HAD,Isack,Hadjar,Racing Bulls,6C98FF,https://media.formula1.com/d_driver_fallback_image.png/content/dam/fom-website/drivers/I/ISAHAD01_Isack_Hadjar/isahad01.png.transform/1col/image.png
1267,9920,10,Pierre GASLY,GAS,Pierre,Gasly,Alpine,00A1E8,https://media.formula1.com/d_driver_fallback_image.png/content/dam/fom-website/drivers/P/PIEGAS01_Pierre_Gasly/piegas01.png.transform/1col/image.png
1267,9920,12,Kimi ANTONELLI,ANT,Kimi,Antonelli,Mercedes,00D7B6,https://media.formula1.com/d_driver_fallback_image.png/content/dam/fom-website/drivers/A/ANDANT01_Andrea%20Kimi_Antonelli/andant01.png.transform/1col/image.png
1267,9920,14,Fernando ALONSO,ALO,Fernando,Alonso,Aston Martin,229971,https://media.formula1.com/d_driver_fallback_image.png/content/dam/fom-website/drivers/F/FERALO01_Fernando_Alonso/feralo01.png.transform/1col/image.png
1267,9920,16,Charles LECLERC,LEC,Charles,Leclerc,Ferrari,ED1131,https://media.formula1.com/d_driver_fallback_image.png/content/dam/fom-website/drivers/C/CHALEC01_Charles_Leclerc/chalec01.png.transform/1col/image.png
1267,9920,18,Lance STROLL,STR,Lance,Stroll,Aston Martin,229971,https://media.formula1.com/d_driver_fallback_image.png/content/dam/fom-website/drivers/L/LANSTR01_Lance_Stroll/lanstr01.png.transform/1col/image.png
1267,9920,22,Yuki TSUNODA,TSU,Yuki,Tsunoda,Red Bull Racing,4781D7,https://media.formula1.com/d_driver_fallback_image.png/content/dam/fom-website/drivers/Y/YUKTSU01_Yuki_Tsunoda/yuktsu01.png.transform/1col/image.png
1267,9920,23,Alexander ALBON,ALB,Alexander,Albon,Williams,1868DB,https://media.formula1.com/d_driver_fallback_image.png/content/dam/fom-website/drivers/A/ALEALB01_Alexander_Albon/alealb01.png.transform/1col/image.png
1267,9920,27,Nico HULKENBERG,HUL,Nico,Hulkenberg,Kick Sauber,01C00E,https://media.formula1.com/d_driver_fallback_image.png/content/dam/fom-website/drivers/N/NICHUL01_Nico_Hulkenberg/nichul01.png.transform/1col/image.png
1267,9920,30,Liam LAWSON,LAW,Liam,Lawson,Racing Bulls,6C98FF,https://media.formula1.com/d_driver_fallback_image.png/content/dam/fom-website/drivers/L/LIALAW01_Liam_Lawson/lialaw01.png.transform/1col/image.png
1267,9920,31,Esteban OCON,OCO,Esteban,Ocon,Haas F1 Team,9C9FA2,https://media.formula1.com/d_driver_fallback_image.png/content/dam/fom-website/drivers/E/ESTOCO01_Esteban_Ocon/estoco01.png.transform/1col/image.png
1267,9920,43,Franco COLAPINTO,COL,Franco,Colapinto,Alpine,00A1E8,
1267,9920,44,Lewis HAMILTON,HAM,Lewis,Hamilton,Ferrari,ED1131,https://media.formula1.com/d_driver_fallback_image.png/content/dam/fom-website/drivers/L/LEWHAM01_Lewis_Hamilton/lewham01.png.transform/1col/image.png
1267,9920,55,Carlos SAINZ,SAI,Carlos,Sainz,Williams,1868DB,https://media.formula1.com/d_driver_fallback_image.png/content/dam/fom-website/drivers/C/CARSAI01_Carlos_Sainz/carsai01.png.transform/1col/image.png
1267,9920,63,George RUSSELL,RUS,George,Russell,Mercedes,00D7B6,https://media.formula1.com/d_driver_fallback_image.png/content/dam/fom-website/drivers/G/GEORUS01_George_Russell/georus01.png.transform/1col/image.png
1267,9920,81,Oscar PIASTRI,PIA,Oscar,Piastri,McLaren,F47600,https://media.formula1.com/d_driver_fallback_image.png/content/dam/fom-website/drivers/O/OSCPIA01_Oscar_Piastri/oscpia01.png.transform/1col/image.png
1267,9920,87,Oliver BEARMAN,BEA,Oliver,Bearman,Haas F1 Team,9C9FA2,https://media.formula1.com/d_driver_fallback_image.png/content/dam/fom-website/drivers/O/OLIBEA01_Oliver_Bearman/olibea01.png.transform/1col/image.png
1268,9905,1,Max VERSTAPPEN,VER,Max,Verstappen,Red Bull Racing,4781D7,https://media.formula1.com/d_driver_fallback_image.png/content/dam/fom-website/drivers/M/MAXVER01_Max_Verstappen/maxver01.png.transform/1col/image.png
1268,9905,4,Lando NORRIS,NOR,Lando,Norris,McLaren,F47600,https://media.formula1.com/d_driver_fallback_image.png/content/dam/fom-website/drivers/L/LANNOR01_Lando_Norris/lannor01.png.transform/1col/image.png
1268,9905,5,Gabriel BORTOLETO,BOR,Gabriel,Bortoleto,Kick Sauber,01C00E,https://media.formula1.com/d_driver_fallback_image.png/content/dam/fom-website/drivers/G/GABBOR01_Gabriel_Bortoleto/gabbor01.png.transform/1col/image.png
1268,9905,6,Isack HADJAR,HAD,Isack,Hadjar,Racing Bulls,6C98FF,https://media.formula1.com/d_driver_fallback_image.png/content/dam/fom-website/drivers/I/ISAHAD01_Isack_Hadjar/isahad01.png.transform/1col/image.png
1268,9905,10,Pierre GASLY,GAS,Pierre,Gasly,Alpine,00A1E8,https://media.formula1.com/d_driver_fallback_image.png/content/dam/fom-website/drivers/P/PIEGAS01_Pierre_Gasly/piegas01.png.transform/1col/image.png
1268,9905,12,Kimi ANTONELLI,ANT,Kimi,Antonelli,Mercedes,00D7B6,https://media.formula1.com/d_driver_fallback_image.png/content/dam/fom-website/drivers/A/ANDANT01_Andrea%20Kimi_Antonelli/andant01.png.transform/1col/image.png
1268,9905,14,Fernando ALONSO,ALO,Fernando,Alonso,Aston Martin,229971,https://media.formula1.com/d_driver_fallback_image.png/content/dam/fom-website/drivers/F/FERALO01_Fernando_Alonso/feralo01.png.transform/1col/image.png
1268,9905,16,Charles LECLERC,LEC,Charles,Leclerc,Ferrari,ED1131,https://media.formula1.com/d_driver_fallback_image.png/content/dam/fom-website/drivers/C/CHALEC01_Charles_Leclerc/chalec01.png.transform/1col/image.png
1268,9905,18,Lance STROLL,STR,Lance,Stroll,Aston Martin,229971,https://media.formula1.com/d_driver_fallback_image.png/content/dam/fom-website/drivers/L/LANSTR01_Lance_Stroll/lanstr01.png.transform/1col/image.png
1268,9905,22,Yuki TSUNODA,TSU,Yuki,Tsunoda,Red Bull Racing,4781D7,https://media.formula1.com/d_driver_fallback_image.png/content/dam/fom-website/drivers/Y/YUKTSU01_Yuki_Tsunoda/yuktsu01.png.transform/1col/image.png
1268,9905,23,Alexander ALBON,ALB,Alexander,Albon,Williams,1868DB,https://media.formula1.com/d_driver_fallback_image.png/content/dam/fom-website/drivers/A/ALEALB01_Alexander_Albon/alealb01.png.transform/1col/image.png
1268,9905,27,Nico HULKENBERG,HUL,Nico,Hulkenberg,Kick Sauber,01C00E,https://media.formula1.com/d_driver_fallback_image.png/content/dam/fom-website/drivers/N/NICHUL01_Nico_Hulkenberg/nichul01.png.transform/1col/image.png
1268,9905,30,Liam LAWSON,LAW,Liam,Lawson,Racing Bulls,6C98FF,https://media.formula1.com/d_driver_fallback_image.png/content/dam/fom-website/drivers/L/LIALAW01_Liam_Lawson/lialaw01.png.transform/1col/image.png
1268,9905,31,Esteban OCON,OCO,Esteban,Ocon,Haas F1 Team,9C9FA2,https://media.formula1.com/d_driver_fallback_image.png/content/dam/fom-website/drivers/E/ESTOCO01_Esteban_Ocon/estoco01.png.transform/1col/image.png
1268,9905,44,Lewis HAMILTON,HAM,Lewis,Hamilton,Ferrari,ED1131,https://media.formula1.com/d_driver_fallback_image.png/content/dam/fom-website/drivers/L/LEWHAM01_Lewis_Hamilton/lewham01.png.transform/1col/image.png
1268,9905,55,Carlos SAINZ,SAI,Carlos,Sainz,Williams,1868DB,https://media.formula1.com/d_driver_fallback_image.png/content/dam/fom-website/drivers/C/CARSAI01_Carlos_Sainz/carsai01.png.transform/1col/image.png
1268,9905,61,Paul ARON,ARO,Paul,Aron,Alpine,00A1E8,
1268,9905,63,George RUSSELL,RUS,George,Russell,Mercedes,00D7B6,https://media.formula1.com/d_driver_fallback_image.png/content/dam/fom-website/drivers/G/GEORUS01_George_Russell/georus01.png.transform/1col/image.png
1268,9905,87,Oliver BEARMAN,BEA,Oliver,Bearman,Haas F1 Team,9C9FA2,https://media.formula1.com/d_driver_fallback_image.png/content/dam/fom-website/drivers/O/OLIBEA01_Oliver_Bearman/olibea01.png.transform/1col/image.png
1268,9905,89,Alexander DUNNE,DUN,Alexander,Dunne,McLaren,F47600,
1268,9906,1,Max VERSTAPPEN,VER,Max,Verstappen,Red Bull Racing,4781D7,https://media.formula1.com/d_driver_fallback_image.png/content/dam/fom-website/drivers/M/MAXVER01_Max_Verstappen/maxver01.png.transform/1col/image.png
1268,9906,4,Lando NORRIS,NOR,Lando,Norris,McLaren,F47600,https://media.formula1.com/d_driver_fallback_image.png/content/dam/fom-website/drivers/L/LANNOR01_Lando_Norris/lannor01.png.transform/1col/image.png
1268,9906,5,Gabriel BORTOLETO,BOR,Gabriel,Bortoleto,Kick Sauber,01C00E,https://media.formula1.com/d_driver_fallback_image.png/content/dam/fom-website/drivers/G/GABBOR01_Gabriel_Bortoleto/gabbor01.png.transform/1col/image.png
1268,9906,6,Isack HADJAR,HAD,Isack,Hadjar,Racing Bulls,6C98FF,https://media.formula1.com/d_driver_fallback_image.png/content/dam/fom-website/drivers/I/ISAHAD01_Isack_Hadjar/isahad01.png.transform/1col/image.png
1268,9906,10,Pierre GASLY,GAS,Pierre,Gasly,Alpine,00A1E8,https://media.formula1.com/d_driver_fallback_image.png/content/dam/fom-website/drivers/P/PIEGAS01_Pierre_Gasly/piegas01.png.transform/1col/image.png
1268,9906,12,Kimi ANTONELLI,ANT,Kimi,Antonelli,Mercedes,00D7B6,https://media.formula1.com/d_driver_fallback_image.png/content/dam/fom-website/drivers/A/ANDANT01_Andrea%20Kimi_Antonelli/andant01.png.transform/1col/image.png
1268,9906,14,Fernando ALONSO,ALO,Fernando,Alonso,Aston Martin,229971,https://media.formula1.com/d_driver_fallback_image.png/content/dam/fom-website/drivers/F/FERALO01_Fernando_Alonso/feralo01.png.transform/1col/image.png
1268,9906,16,Charles LECLERC,LEC,Charles,Leclerc,Ferrari,ED1131,https://media.formula1.com/d_driver_fallback_image.png/content/dam/fom-website/drivers/C/CHALEC01_Charles_Leclerc/chalec01.png.transform/1col/image.png
1268,9906,18,Lance STROLL,STR,Lance,Stroll,Aston Martin,229971,https://media.formula1.com/d_driver_fallback_image.png/content/dam/fom-website/drivers/L/LANSTR01_Lance_Stroll/lanstr01.png.transform/1col/image.png
1268,9906,22,Yuki TSUNODA,TSU,Yuki,Tsunoda,Red Bull Racing,4781D7,https://media.formula1.com/d_driver_fallback_image.png/content/dam/fom-website/drivers/Y/YUKTSU01_Yuki_Tsunoda/yuktsu01.png.transform/1col/image.png
1268,9906,23,Alexander ALBON,ALB,Alexander,Albon,Williams,1868DB,https://media.formula1.com/d_driver_fallback_image.png/content/dam/fom-website/drivers/A/ALEALB01_Alexander_Albon/alealb01.png.transform/1col/image.png
1268,9906,27,Nico HULKENBERG,HUL,Nico,Hulkenberg,Kick Sauber,01C00E,https://media.formula1.com/d_driver_fallback_image.png/content/dam/fom-website/drivers/N/NICHUL01_Nico_Hulkenberg/nichul01.png.transform/1col/image.png
1268,9906,30,Liam LAWSON,LAW,Liam,Lawson,Racing Bulls,6C98FF,https://media.formula1.com/d_driver_fallback_image.png/content/dam/fom-website/drivers/L/LIALAW01_Liam_Lawson/lialaw01.png.transform/1col/image.png
1268,9906,31,Esteban OCON,OCO,Esteban,Ocon,Haas F1 Team,9C9FA2,https://media.formula1.com/d_driver_fallback_image.png/content/dam/fom-website/drivers/E/ESTOCO01_Esteban_Ocon/estoco01.png.transform/1col/image.png
1268,9906,43,Franco COLAPINTO,COL,Franco,Colapinto,Alpine,00A1E8,
1268,9906,44,Lewis HAMILTON,HAM,Lewis,Hamilton,Ferrari,ED1131,https://media.formula1.com/d_driver_fallback_image.png/content/dam/fom-website/drivers/L/LEWHAM01_Lewis_Hamilton/lewham01.png.transform/1col/image.png
1268,9906,55,Carlos SAINZ,SAI,Carlos,Sainz,Williams,1868DB,https://media.formula1.com/d_driver_fallback_image.png/content/dam/fom-website/drivers/C/CARSAI01_Carlos_Sainz/carsai01.png.transform/1col/image.png
1268,9906,63,George RUSSELL,RUS,George,Russell,Mercedes,00D7B6,https://media.formula1.com/d_driver_fallback_image.png/content/dam/fom-website/drivers/G/GEORUS01_George_Russell/georus01.png.transform/1col/image.png
1268,9906,81,Oscar PIASTRI,PIA,Oscar,Piastri,McLaren,F47600,https://media.formula1.com/d_driver_fallback_image.png/content/dam/fom-website/drivers/O/OSCPIA01_Oscar_Piastri/oscpia01.png.transform/1col/image.png
1268,9906,87,Oliver BEARMAN,BEA,Oliver,Bearman,Haas F1 Team,9C9FA2,https://media.formula1.com/d_driver_fallback_image.png/content/dam/fom-website/drivers/O/OLIBEA01_Oliver_Bearman/olibea01.png.transform/1col/image.png
1268,9907,1,Max VERSTAPPEN,VER,Max,Verstappen,Red Bull Racing,4781D7,https://media.formula1.com/d_driver_fallback_image.png/content/dam/fom-website/drivers/M/MAXVER01_Max_Verstappen/maxver01.png.transform/1col/image.png
1268,9907,4,Lando NORRIS,NOR,Lando,Norris,McLaren,F47600,https://media.formula1.com/d_driver_fallback_image.png/content/dam/fom-website/drivers/L/LANNOR01_Lando_Norris/lannor01.png.transform/1col/image.png
1268,9907,5,Gabriel BORTOLETO,BOR,Gabriel,Bortoleto,Kick Sauber,01C00E,https://media.formula1.com/d_driver_fallback_image.png/content/dam/fom-website/drivers/G/GABBOR01_Gabriel_Bortoleto/gabbor01.png.transform/1col/image.png
1268,9907,6,Isack HADJAR,HAD,Isack,Hadjar,Racing Bulls,6C98FF,https://media.formula1.com/d_driver_fallback_image.png/content/dam/fom-website/drivers/I/ISAHAD01_Isack_Hadjar/isahad01.png.transform/1col/image.png
1268,9907,10,Pierre GASLY,GAS,Pierre,Gasly,Alpine,00A1E8,https://media.formula1.com/d_driver_fallback_image.png/content/dam/fom-website/drivers/P/PIEGAS01_Pierre_Gasly/piegas01.png.transform/1col/image.png
1268,9907,12,Kimi ANTONELLI,ANT,Kimi,Antonelli,Mercedes,00D7B6,https://media.formula1.com/d_driver_fallback_image.png/content/dam/fom-website/drivers/A/ANDANT01_Andrea%20Kimi_Antonelli/andant01.png.transform/1col/image.png
1268,9907,14,Fernando ALONSO,ALO,Fernando,Alonso,Aston Martin,229971,https://media.formula1.com/d_driver_fallback_image.png/content/dam/fom-website/drivers/F/FERALO01_Fernando_Alonso/feralo01.png.transform/1col/image.png
1268,9907,16,Charles LECLERC,LEC,Charles,Leclerc,Ferrari,ED1131,https://media.formula1.com/d_driver_fallback_image.png/content/dam/fom-website/drivers/C/CHALEC01_Charles_Leclerc/chalec01.png.transform/1col/image.png
1268,9907,18,Lance STROLL,STR,Lance,Stroll,Aston Martin,229971,https://media.formula1.com/d_driver_fallback_image.png/content/dam/fom-website/drivers/L/LANSTR01_Lance_Stroll/lanstr01.png.transform/1col/image.png
1268,9907,22,Yuki TSUNODA,TSU,Yuki,Tsunoda,Red Bull Racing,4781D7,https://media.formula1.com/d_driver_fallback_image.png/content/dam/fom-website/drivers/Y/YUKTSU01_Yuki_Tsunoda/yuktsu01.png.transform/1col/image.png
1268,9907,23,Alexander ALBON,ALB,Alexander,Albon,Williams,1868DB,https://media.formula1.com/d_driver_fallback_image.png/content/dam/fom-website/drivers/A/ALEALB01_Alexander_Albon/alealb01.png.transform/1col/image.png
1268,9907,27,Nico HULKENBERG,HUL,Nico,Hulkenberg,Kick Sauber,01C00E,https://media.formula1.com/d_driver_fallback_image.png/content/dam/fom-website/drivers/N/NICHUL01_Nico_Hulkenberg/nichul01.png.transform/1col/image.png
1268,9907,30,Liam LAWSON,LAW,Liam,Lawson,Racing Bulls,6C98FF,https://media.formula1.com/d_driver_fallback_image.png/content/dam/fom-website/drivers/L/LIALAW01_Liam_Lawson/lialaw01.png.transform/1col/image.png
1268,9907,31,Esteban OCON,OCO,Esteban,Ocon,Haas F1 Team,9C9FA2,https://media.formula1.com/d_driver_fallback_image.png/content/dam/fom-website/drivers/E/ESTOCO01_Esteban_Ocon/estoco01.png.transform/1col/image.png
1268,9907,43,Franco COLAPINTO,COL,Franco,Colapinto,Alpine,00A1E8,
1268,9907,44,Lewis HAMILTON,HAM,Lewis,Hamilton,Ferrari,ED1131,https://media.formula1.com/d_driver_fallback_image.png/content/dam/fom-website/drivers/L/LEWHAM01_Lewis_Hamilton/lewham01.png.transform/1col/image.png
1268,9907,55,Carlos SAINZ,SAI,Carlos,Sainz,Williams,1868DB,https://media.formula1.com/d_driver_fallback_image.png/content/dam/fom-website/drivers/C/CARSAI01_Carlos_Sainz/carsai01.png.transform/1col/image.png
1268,9907,63,George RUSSELL,RUS,George,Russell,Mercedes,00D7B6,https://media.formula1.com/d_driver_fallback_image.png/content/dam/fom-website/drivers/G/GEORUS01_George_Russell/georus01.png.transform/1col/image.png
1268,9907,81,Oscar PIASTRI,PIA,Oscar,Piastri,McLaren,F47600,https://media.formula1.com/d_driver_fallback_image.png/content/dam/fom-website/drivers/O/OSCPIA01_Oscar_Piastri/oscpia01.png.transform/1col/image.png
1268,9907,87,Oliver BEARMAN,BEA,Oliver,Bearman,Haas F1 Team,9C9FA2,https://media.formula1.com/d_driver_fallback_image.png/content/dam/fom-website/drivers/O/OLIBEA01_Oliver_Bearman/olibea01.png.transform/1col/image.png
1268,9908,1,Max VERSTAPPEN,VER,Max,Verstappen,Red Bull Racing,4781D7,https://media.formula1.com/d_driver_fallback_image.png/content/dam/fom-website/drivers/M/MAXVER01_Max_Verstappen/maxver01.png.transform/1col/image.png
1268,9908,4,Lando NORRIS,NOR,Lando,Norris,McLaren,F47600,https://media.formula1.com/d_driver_fallback_image.png/content/dam/fom-website/drivers/L/LANNOR01_Lando_Norris/lannor01.png.transform/1col/image.png
1268,9908,5,Gabriel BORTOLETO,BOR,Gabriel,Bortoleto,Kick Sauber,01C00E,https://media.formula1.com/d_driver_fallback_image.png/content/dam/fom-website/drivers/G/GABBOR01_Gabriel_Bortoleto/gabbor01.png.transform/1col/image.png
1268,9908,6,Isack HADJAR,HAD,Isack,Hadjar,Racing Bulls,6C98FF,https://media.formula1.com/d_driver_fallback_image.png/content/dam/fom-website/drivers/I/ISAHAD01_Isack_Hadjar/isahad01.png.transform/1col/image.png
1268,9908,10,Pierre GASLY,GAS,Pierre,Gasly,Alpine,00A1E8,https://media.formula1.com/d_driver_fallback_image.png/content/dam/fom-website/drivers/P/PIEGAS01_Pierre_Gasly/piegas01.png.transform/1col/image.png
1268,9908,12,Kimi ANTONELLI,ANT,Kimi,Antonelli,Mercedes,00D7B6,https://media.formula1.com/d_driver_fallback_image.png/content/dam/fom-website/drivers/A/ANDANT01_Andrea%20Kimi_Antonelli/andant01.png.transform/1col/image.png
1268,9908,14,Fernando ALONSO,ALO,Fernando,Alonso,Aston Martin,229971,https://media.formula1.com/d_driver_fallback_image.png/content/dam/fom-website/drivers/F/FERALO01_Fernando_Alonso/feralo01.png.transform/1col/image.png
1268,9908,16,Charles LECLERC,LEC,Charles,Leclerc,Ferrari,ED1131,https://media.formula1.com/d_driver_fallback_image.png/content/dam/fom-website/drivers/C/CHALEC01_Charles_Leclerc/chalec01.png.transform/1col/image.png
1268,9908,18,Lance STROLL,STR,Lance,Stroll,Aston Martin,229971,https://media.formula1.com/d_driver_fallback_image.png/content/dam/fom-website/drivers/L/LANSTR01_Lance_Stroll/lanstr01.png.transform/1col/image.png
1268,9908,22,Yuki TSUNODA,TSU,Yuki,Tsunoda,Red Bull Racing,4781D7,https://media.formula1.com/d_driver_fallback_image.png/content/dam/fom-website/drivers/Y/YUKTSU01_Yuki_Tsunoda/yuktsu01.png.transform/1col/image.png
1268,9908,23,Alexander ALBON,ALB,Alexander,Albon,Williams,1868DB,https://media.formula1.com/d_driver_fallback_image.png/content/dam/fom-website/drivers/A/ALEALB01_Alexander_Albon/alealb01.png.transform/1col/image.png
1268,9908,27,Nico HULKENBERG,HUL,Nico,Hulkenberg,Kick Sauber,01C00E,https://media.formula1.com/d_driver_fallback_image.png/content/dam/fom-website/drivers/N/NICHUL01_Nico_Hulkenberg/nichul01.png.transform/1col/image.png
1268,9908,30,Liam LAWSON,LAW,Liam,Lawson,Racing Bulls,6C98FF,https://media.formula1.com/d_driver_fallback_image.png/content/dam/fom-website/drivers/L/LIALAW01_Liam_Lawson/lialaw01.png.transform/1col/image.png
1268,9908,31,Esteban OCON,OCO,Esteban,Ocon,Haas F1 Team,9C9FA2,https://media.formula1.com/d_driver_fallback_image.png/content/dam/fom-website/drivers/E/ESTOCO01_Esteban_Ocon/estoco01.png.transform/1col/image.png
1268,9908,43,Franco COLAPINTO,COL,Franco,Colapinto,Alpine,00A1E8,
1268,9908,44,Lewis HAMILTON,HAM,Lewis,Hamilton,Ferrari,ED1131,https://media.formula1.com/d_driver_fallback_image.png/content/dam/fom-website/drivers/L/LEWHAM01_Lewis_Hamilton/lewham01.png.transform/1col/image.png
1268,9908,55,Carlos SAINZ,SAI,Carlos,Sainz,Williams,1868DB,https://media.formula1.com/d_driver_fallback_image.png/content/dam/fom-website/drivers/C/CARSAI01_Carlos_Sainz/carsai01.png.transform/1col/image.png
1268,9908,63,George RUSSELL,RUS,George,Russell,Mercedes,00D7B6,https://media.formula1.com/d_driver_fallback_image.png/content/dam/fom-website/drivers/G/GEORUS01_George_Russell/georus01.png.transform/1col/image.png
1268,9908,81,Oscar PIASTRI,PIA,Oscar,Piastri,McLaren,F47600,https://media.formula1.com/d_driver_fallback_image.png/content/dam/fom-website/drivers/O/OSCPIA01_Oscar_Piastri/oscpia01.png.transform/1col/image.png
1268,9908,87,Oliver BEARMAN,BEA,Oliver,Bearman,Haas F1 Team,9C9FA2,https://media.formula1.com/d_driver_fallback_image.png/content/dam/fom-website/drivers/O/OLIBEA01_Oliver_Bearman/olibea01.png.transform/1col/image.png
1268,9912,1,Max VERSTAPPEN,VER,Max,Verstappen,Red Bull Racing,4781D7,https://media.formula1.com/d_driver_fallback_image.png/content/dam/fom-website/drivers/M/MAXVER01_Max_Verstappen/maxver01.png.transform/1col/image.png
1268,9912,4,Lando NORRIS,NOR,Lando,Norris,McLaren,F47600,https://media.formula1.com/d_driver_fallback_image.png/content/dam/fom-website/drivers/L/LANNOR01_Lando_Norris/lannor01.png.transform/1col/image.png
1268,9912,5,Gabriel BORTOLETO,BOR,Gabriel,Bortoleto,Kick Sauber,01C00E,https://media.formula1.com/d_driver_fallback_image.png/content/dam/fom-website/drivers/G/GABBOR01_Gabriel_Bortoleto/gabbor01.png.transform/1col/image.png
1268,9912,6,Isack HADJAR,HAD,Isack,Hadjar,Racing Bulls,6C98FF,https://media.formula1.com/d_driver_fallback_image.png/content/dam/fom-website/drivers/I/ISAHAD01_Isack_Hadjar/isahad01.png.transform/1col/image.png
1268,9912,10,Pierre GASLY,GAS,Pierre,Gasly,Alpine,00A1E8,https://media.formula1.com/d_driver_fallback_image.png/content/dam/fom-website/drivers/P/PIEGAS01_Pierre_Gasly/piegas01.png.transform/1col/image.png
1268,9912,12,Kimi ANTONELLI,ANT,Kimi,Antonelli,Mercedes,00D7B6,https://media.formula1.com/d_driver_fallback_image.png/content/dam/fom-website/drivers/A/ANDANT01_Andrea%20Kimi_Antonelli/andant01.png.transform/1col/image.png
1268,9912,14,Fernando ALONSO,ALO,Fernando,Alonso,Aston Martin,229971,https://media.formula1.com/d_driver_fallback_image.png/content/dam/fom-website/drivers/F/FERALO01_Fernando_Alonso/feralo01.png.transform/1col/image.png
1268,9912,16,Charles LECLERC,LEC,Charles,Leclerc,Ferrari,ED1131,https://media.formula1.com/d_driver_fallback_image.png/content/dam/fom-website/drivers/C/CHALEC01_Charles_Leclerc/chalec01.png.transform/1col/image.png
1268,9912,18,Lance STROLL,STR,Lance,Stroll,Aston Martin,229971,https://media.formula1.com/d_driver_fallback_image.png/content/dam/fom-website/drivers/L/LANSTR01_Lance_Stroll/lanstr01.png.transform/1col/image.png
1268,9912,22,Yuki TSUNODA,TSU,Yuki,Tsunoda,Red Bull Racing,4781D7,https://media.formula1.com/d_driver_fallback_image.png/content/dam/fom-website/drivers/Y/YUKTSU01_Yuki_Tsunoda/yuktsu01.png.transform/1col/image.png
1268,9912,23,Alexander ALBON,ALB,Alexander,Albon,Williams,1868DB,https://media.formula1.com/d_driver_fallback_image.png/content/dam/fom-website/drivers/A/ALEALB01_Alexander_Albon/alealb01.png.transform/1col/image.png
1268,9912,27,Nico HULKENBERG,HUL,Nico,Hulkenberg,Kick Sauber,01C00E,https://media.formula1.com/d_driver_fallback_image.png/content/dam/fom-website/drivers/N/NICHUL01_Nico_Hulkenberg/nichul01.png.transform/1col/image.png
1268,9912,30,Liam LAWSON,LAW,Liam,Lawson,Racing Bulls,6C98FF,https://media.formula1.com/d_driver_fallback_image.png/content/dam/fom-website/drivers/L/LIALAW01_Liam_Lawson/lialaw01.png.transform/1col/image.png
1268,9912,31,Esteban OCON,OCO,Esteban,Ocon,Haas F1 Team,9C9FA2,https://media.formula1.com/d_driver_fallback_image.png/content/dam/fom-website/drivers/E/ESTOCO01_Esteban_Ocon/estoco01.png.transform/1col/image.png
1268,9912,43,Franco COLAPINTO,COL,Franco,Colapinto,Alpine,00A1E8,
1268,9912,44,Lewis HAMILTON,HAM,Lewis,Hamilton,Ferrari,ED1131,https://media.formula1.com/d_driver_fallback_image.png/content/dam/fom-website/drivers/L/LEWHAM01_Lewis_Hamilton/lewham01.png.transform/1col/image.png
1268,9912,55,Carlos SAINZ,SAI,Carlos,Sainz,Williams,1868DB,https://media.formula1.com/d_driver_fallback_image.png/content/dam/fom-website/drivers/C/CARSAI01_Carlos_Sainz/carsai01.png.transform/1col/image.png
1268,9912,63,George RUSSELL,RUS,George,Russell,Mercedes,00D7B6,https://media.formula1.com/d_driver_fallback_image.png/content/dam/fom-website/drivers/G/GEORUS01_George_Russell/georus01.png.transform/1col/image.png
1268,9912,81,Oscar PIASTRI,PIA,Oscar,Piastri,McLaren,F47600,https://media.formula1.com/d_driver_fallback_image.png/content/dam/fom-website/drivers/O/OSCPIA01_Oscar_Piastri/oscpia01.png.transform/1col/image.png
1268,9912,87,Oliver BEARMAN,BEA,Oliver,Bearman,Haas F1 Team,9C9FA2,https://media.formula1.com/d_driver_fallback_image.png/content/dam/fom-website/drivers/O/OLIBEA01_Oliver_Bearman/olibea01.png.transform/1col/image.png
1269,9897,1,Max VERSTAPPEN,VER,Max,Verstappen,Red Bull Racing,4781D7,https://media.formula1.com/d_driver_fallback_image.png/content/dam/fom-website/drivers/M/MAXVER01_Max_Verstappen/maxver01.png.transform/1col/image.png
1269,9897,4,Lando NORRIS,NOR,Lando,Norris,McLaren,F47600,https://media.formula1.com/d_driver_fallback_image.png/content/dam/fom-website/drivers/L/LANNOR01_Lando_Norris/lannor01.png.transform/1col/image.png
1269,9897,5,Gabriel BORTOLETO,BOR,Gabriel,Bortoleto,Kick Sauber,01C00E,https://media.formula1.com/d_driver_fallback_image.png/content/dam/fom-website/drivers/G/GABBOR01_Gabriel_Bortoleto/gabbor01.png.transform/1col/image.png
1269,9897,6,Isack HADJAR,HAD,Isack,Hadjar,Racing Bulls,6C98FF,https://media.formula1.com/d_driver_fallback_image.png/content/dam/fom-website/drivers/I/ISAHAD01_Isack_Hadjar/isahad01.png.transform/1col/image.png
1269,9897,10,Pierre GASLY,GAS,Pierre,Gasly,Alpine,00A1E8,https://media.formula1.com/d_driver_fallback_image.png/content/dam/fom-website/drivers/P/PIEGAS01_Pierre_Gasly/piegas01.png.transform/1col/image.png
1269,9897,12,Kimi ANTONELLI,ANT,Kimi,Antonelli,Mercedes,00D7B6,https://media.formula1.com/d_driver_fallback_image.png/content/dam/fom-website/drivers/A/ANDANT01_Andrea%20Kimi_Antonelli/andant01.png.transform/1col/image.png
1269,9897,14,Fernando ALONSO,ALO,Fernando,Alonso,Aston Martin,229971,https://media.formula1.com/d_driver_fallback_image.png/content/dam/fom-website/drivers/F/FERALO01_Fernando_Alonso/feralo01.png.transform/1col/image.png
1269,9897,16,Charles LECLERC,LEC,Charles,Leclerc,Ferrari,ED1131,https://media.formula1.com/d_driver_fallback_image.png/content/dam/fom-website/drivers/C/CHALEC01_Charles_Leclerc/chalec01.png.transform/1col/image.png
1269,9897,18,Lance STROLL,STR,Lance,Stroll,Aston Martin,229971,https://media.formula1.com/d_driver_fallback_image.png/content/dam/fom-website/drivers/L/LANSTR01_Lance_Stroll/lanstr01.png.transform/1col/image.png
1269,9897,22,Yuki TSUNODA,TSU,Yuki,Tsunoda,Red Bull Racing,4781D7,https://media.formula1.com/d_driver_fallback_image.png/content/dam/fom-website/drivers/Y/YUKTSU01_Yuki_Tsunoda/yuktsu01.png.transform/1col/image.png
1269,9897,23,Alexander ALBON,ALB,Alexander,Albon,Williams,1868DB,https://media.formula1.com/d_driver_fallback_image.png/content/dam/fom-website/drivers/A/ALEALB01_Alexander_Albon/alealb01.png.transform/1col/image.png
1269,9897,27,Nico HULKENBERG,HUL,Nico,Hulkenberg,Kick Sauber,01C00E,https://media.formula1.com/d_driver_fallback_image.png/content/dam/fom-website/drivers/N/NICHUL01_Nico_Hulkenberg/nichul01.png.transform/1col/image.png
1269,9897,30,Liam LAWSON,LAW,Liam,Lawson,Racing Bulls,6C98FF,https://media.formula1.com/d_driver_fallback_image.png/content/dam/fom-website/drivers/L/LIALAW01_Liam_Lawson/lialaw01.png.transform/1col/image.png
1269,9897,31,Esteban OCON,OCO,Esteban,Ocon,Haas F1 Team,9C9FA2,https://media.formula1.com/d_driver_fallback_image.png/content/dam/fom-website/drivers/E/ESTOCO01_Esteban_Ocon/estoco01.png.transform/1col/image.png
1269,9897,43,Franco COLAPINTO,COL,Franco,Colapinto,Alpine,00A1E8,
1269,9897,44,Lewis HAMILTON,HAM,Lewis,Hamilton,Ferrari,ED1131,https://media.formula1.com/d_driver_fallback_image.png/content/dam/fom-website/drivers/L/LEWHAM01_Lewis_Hamilton/lewham01.png.transform/1col/image.png
1269,9897,55,Carlos SAINZ,SAI,Carlos,Sainz,Williams,1868DB,https://media.formula1.com/d_driver_fallback_image.png/content/dam/fom-website/drivers/C/CARSAI01_Carlos_Sainz/carsai01.png.transform/1col/image.png
1269,9897,63,George RUSSELL,RUS,George,Russell,Mercedes,00D7B6,https://media.formula1.com/d_driver_fallback_image.png/content/dam/fom-website/drivers/G/GEORUS01_George_Russell/georus01.png.transform/1col/image.png
1269,9897,81,Oscar PIASTRI,PIA,Oscar,Piastri,McLaren,F47600,https://media.formula1.com/d_driver_fallback_image.png/content/dam/fom-website/drivers/O/OSCPIA01_Oscar_Piastri/oscpia01.png.transform/1col/image.png
1269,9897,87,Oliver BEARMAN,BEA,Oliver,Bearman,Haas F1 Team,9C9FA2,https://media.formula1.com/d_driver_fallback_image.png/content/dam/fom-website/drivers/O/OLIBEA01_Oliver_Bearman/olibea01.png.transform/1col/image.png
1269,9898,1,Max VERSTAPPEN,VER,Max,Verstappen,Red Bull Racing,4781D7,https://media.formula1.com/d_driver_fallback_image.png/content/dam/fom-website/drivers/M/MAXVER01_Max_Verstappen/maxver01.png.transform/1col/image.png
1269,9898,4,Lando NORRIS,NOR,Lando,Norris,McLaren,F47600,https://media.formula1.com/d_driver_fallback_image.png/content/dam/fom-website/drivers/L/LANNOR01_Lando_Norris/lannor01.png.transform/1col/image.png
1269,9898,5,Gabriel BORTOLETO,BOR,Gabriel,Bortoleto,Kick Sauber,01C00E,https://media.formula1.com/d_driver_fallback_image.png/content/dam/fom-website/drivers/G/GABBOR01_Gabriel_Bortoleto/gabbor01.png.transform/1col/image.png
1269,9898,6,Isack HADJAR,HAD,Isack,Hadjar,Racing Bulls,6C98FF,https://media.formula1.com/d_driver_fallback_image.png/content/dam/fom-website/drivers/I/ISAHAD01_Isack_Hadjar/isahad01.png.transform/1col/image.png
1269,9898,10,Pierre GASLY,GAS,Pierre,Gasly,Alpine,00A1E8,https://media.formula1.com/d_driver_fallback_image.png/content/dam/fom-website/drivers/P/PIEGAS01_Pierre_Gasly/piegas01.png.transform/1col/image.png
1269,9898,12,Kimi ANTONELLI,ANT,Kimi,Antonelli,Mercedes,00D7B6,https://media.formula1.com/d_driver_fallback_image.png/content/dam/fom-website/drivers/A/ANDANT01_Andrea%20Kimi_Antonelli/andant01.png.transform/1col/image.png
1269,9898,14,Fernando ALONSO,ALO,Fernando,Alonso,Aston Martin,229971,https://media.formula1.com/d_driver_fallback_image.png/content/dam/fom-website/drivers/F/FERALO01_Fernando_Alonso/feralo01.png.transform/1col/image.png
1269,9898,16,Charles LECLERC,LEC,Charles,Leclerc,Ferrari,ED1131,https://media.formula1.com/d_driver_fallback_image.png/content/dam/fom-website/drivers/C/CHALEC01_Charles_Leclerc/chalec01.png.transform/1col/image.png
1269,9898,18,Lance STROLL,STR,Lance,Stroll,Aston Martin,229971,https://media.formula1.com/d_driver_fallback_image.png/content/dam/fom-website/drivers/L/LANSTR01_Lance_Stroll/lanstr01.png.transform/1col/image.png
1269,9898,22,Yuki TSUNODA,TSU,Yuki,Tsunoda,Red Bull Racing,4781D7,https://media.formula1.com/d_driver_fallback_image.png/content/dam/fom-website/drivers/Y/YUKTSU01_Yuki_Tsunoda/yuktsu01.png.transform/1col/image.png
1269,9898,23,Alexander ALBON,ALB,Alexander,Albon,Williams,1868DB,https://media.formula1.com/d_driver_fallback_image.png/content/dam/fom-website/drivers/A/ALEALB01_Alexander_Albon/alealb01.png.transform/1col/image.png
1269,9898,27,Nico HULKENBERG,HUL,Nico,Hulkenberg,Kick Sauber,01C00E,https://media.formula1.com/d_driver_fallback_image.png/content/dam/fom-website/drivers/N/NICHUL01_Nico_Hulkenberg/nichul01.png.transform/1col/image.png
1269,9898,30,Liam LAWSON,LAW,Liam,Lawson,Racing Bulls,6C98FF,https://media.formula1.com/d_driver_fallback_image.png/content/dam/fom-website/drivers/L/LIALAW01_Liam_Lawson/lialaw01.png.transform/1col/image.png
1269,9898,31,Esteban OCON,OCO,Esteban,Ocon,Haas F1 Team,9C9FA2,https://media.formula1.com/d_driver_fallback_image.png/content/dam/fom-website/drivers/E/ESTOCO01_Esteban_Ocon/estoco01.png.transform/1col/image.png
1269,9898,43,Franco COLAPINTO,COL,Franco,Colapinto,Alpine,00A1E8,
1269,9898,44,Lewis HAMILTON,HAM,Lewis,Hamilton,Ferrari,ED1131,https://media.formula1.com/d_driver_fallback_image.png/content/dam/fom-website/drivers/L/LEWHAM01_Lewis_Hamilton/lewham01.png.transform/1col/image.png
1269,9898,55,Carlos SAINZ,SAI,Carlos,Sainz,Williams,1868DB,https://media.formula1.com/d_driver_fallback_image.png/content/dam/fom-website/drivers/C/CARSAI01_Carlos_Sainz/carsai01.png.transform/1col/image.png
1269,9898,63,George RUSSELL,RUS,George,Russell,Mercedes,00D7B6,https://media.formula1.com/d_driver_fallback_image.png/content/dam/fom-website/drivers/G/GEORUS01_George_Russell/georus01.png.transform/1col/image.png
1269,9898,81,Oscar PIASTRI,PIA,Oscar,Piastri,McLaren,F47600,https://media.formula1.com/d_driver_fallback_image.png/content/dam/fom-website/drivers/O/OSCPIA01_Oscar_Piastri/oscpia01.png.transform/1col/image.png
1269,9898,87,Oliver BEARMAN,BEA,Oliver,Bearman,Haas F1 Team,9C9FA2,https://media.formula1.com/d_driver_fallback_image.png/content/dam/fom-website/drivers/O/OLIBEA01_Oliver_Bearman/olibea01.png.transform/1col/image.png
1269,9899,1,Max VERSTAPPEN,VER,Max,Verstappen,Red Bull Racing,4781D7,https://media.formula1.com/d_driver_fallback_image.png/content/dam/fom-website/drivers/M/MAXVER01_Max_Verstappen/maxver01.png.transform/1col/image.png
1269,9899,4,Lando NORRIS,NOR,Lando,Norris,McLaren,F47600,https://media.formula1.com/d_driver_fallback_image.png/content/dam/fom-website/drivers/L/LANNOR01_Lando_Norris/lannor01.png.transform/1col/image.png
1269,9899,5,Gabriel BORTOLETO,BOR,Gabriel,Bortoleto,Kick Sauber,01C00E,https://media.formula1.com/d_driver_fallback_image.png/content/dam/fom-website/drivers/G/GABBOR01_Gabriel_Bortoleto/gabbor01.png.transform/1col/image.png
1269,9899,6,Isack HADJAR,HAD,Isack,Hadjar,Racing Bulls,6C98FF,https://media.formula1.com/d_driver_fallback_image.png/content/dam/fom-website/drivers/I/ISAHAD01_Isack_Hadjar/isahad01.png.transform/1col/image.png
1269,9899,10,Pierre GASLY,GAS,Pierre,Gasly,Alpine,00A1E8,https://media.formula1.com/d_driver_fallback_image.png/content/dam/fom-website/drivers/P/PIEGAS01_Pierre_Gasly/piegas01.png.transform/1col/image.png
1269,9899,12,Kimi ANTONELLI,ANT,Kimi,Antonelli,Mercedes,00D7B6,https://media.formula1.com/d_driver_fallback_image.png/content/dam/fom-website/drivers/A/ANDANT01_Andrea%20Kimi_Antonelli/andant01.png.transform/1col/image.png
1269,9899,14,Fernando ALONSO,ALO,Fernando,Alonso,Aston Martin,229971,https://media.formula1.com/d_driver_fallback_image.png/content/dam/fom-website/drivers/F/FERALO01_Fernando_Alonso/feralo01.png.transform/1col/image.png
1269,9899,16,Charles LECLERC,LEC,Charles,Leclerc,Ferrari,ED1131,https://media.formula1.com/d_driver_fallback_image.png/content/dam/fom-website/drivers/C/CHALEC01_Charles_Leclerc/chalec01.png.transform/1col/image.png
1269,9899,18,Lance STROLL,STR,Lance,Stroll,Aston Martin,229971,https://media.formula1.com/d_driver_fallback_image.png/content/dam/fom-website/drivers/L/LANSTR01_Lance_Stroll/lanstr01.png.transform/1col/image.png
1269,9899,22,Yuki TSUNODA,TSU,Yuki,Tsunoda,Red Bull Racing,4781D7,https://media.formula1.com/d_driver_fallback_image.png/content/dam/fom-website/drivers/Y/YUKTSU01_Yuki_Tsunoda/yuktsu01.png.transform/1col/image.png
1269,9899,23,Alexander ALBON,ALB,Alexander,Albon,Williams,1868DB,https://media.formula1.com/d_driver_fallback_image.png/content/dam/fom-website/drivers/A/ALEALB01_Alexander_Albon/alealb01.png.transform/1col/image.png
1269,9899,27,Nico HULKENBERG,HUL,Nico,Hulkenberg,Kick Sauber,01C00E,https://media.formula1.com/d_driver_fallback_image.png/content/dam/fom-website/drivers/N/NICHUL01_Nico_Hulkenberg/nichul01.png.transform/1col/image.png
1269,9899,30,Liam LAWSON,LAW,Liam,Lawson,Racing Bulls,6C98FF,https://media.formula1.com/d_driver_fallback_image.png/content/dam/fom-website/drivers/L/LIALAW01_Liam_Lawson/lialaw01.png.transform/1col/image.png
1269,9899,31,Esteban OCON,OCO,Esteban,Ocon,Haas F1 Team,9C9FA2,https://media.formula1.com/d_driver_fallback_image.png/content/dam/fom-website/drivers/E/ESTOCO01_Esteban_Ocon/estoco01.png.transform/1col/image.png
1269,9899,43,Franco COLAPINTO,COL,Franco,Colapinto,Alpine,00A1E8,
1269,9899,44,Lewis HAMILTON,HAM,Lewis,Hamilton,Ferrari,ED1131,https://media.formula1.com/d_driver_fallback_image.png/content/dam/fom-website/drivers/L/LEWHAM01_Lewis_Hamilton/lewham01.png.transform/1col/image.png
1269,9899,55,Carlos SAINZ,SAI,Carlos,Sainz,Williams,1868DB,https://media.formula1.com/d_driver_fallback_image.png/content/dam/fom-website/drivers/C/CARSAI01_Carlos_Sainz/carsai01.png.transform/1col/image.png
1269,9899,63,George RUSSELL,RUS,George,Russell,Mercedes,00D7B6,https://media.formula1.com/d_driver_fallback_image.png/content/dam/fom-website/drivers/G/GEORUS01_George_Russell/georus01.png.transform/1col/image.png
1269,9899,81,Oscar PIASTRI,PIA,Oscar,Piastri,McLaren,F47600,https://media.formula1.com/d_driver_fallback_image.png/content/dam/fom-website/drivers/O/OSCPIA01_Oscar_Piastri/oscpia01.png.transform/1col/image.png
1269,9899,87,Oliver BEARMAN,BEA,Oliver,Bearman,Haas F1 Team,9C9FA2,https://media.formula1.com/d_driver_fallback_image.png/content/dam/fom-website/drivers/O/OLIBEA01_Oliver_Bearman/olibea01.png.transform/1col/image.png
1269,9900,1,Max VERSTAPPEN,VER,Max,Verstappen,Red Bull Racing,4781D7,https://media.formula1.com/d_driver_fallback_image.png/content/dam/fom-website/drivers/M/MAXVER01_Max_Verstappen/maxver01.png.transform/1col/image.png
1269,9900,4,Lando NORRIS,NOR,Lando,Norris,McLaren,F47600,https://media.formula1.com/d_driver_fallback_image.png/content/dam/fom-website/drivers/L/LANNOR01_Lando_Norris/lannor01.png.transform/1col/image.png
1269,9900,5,Gabriel BORTOLETO,BOR,Gabriel,Bortoleto,Kick Sauber,01C00E,https://media.formula1.com/d_driver_fallback_image.png/content/dam/fom-website/drivers/G/GABBOR01_Gabriel_Bortoleto/gabbor01.png.transform/1col/image.png
1269,9900,6,Isack HADJAR,HAD,Isack,Hadjar,Racing Bulls,6C98FF,https://media.formula1.com/d_driver_fallback_image.png/content/dam/fom-website/drivers/I/ISAHAD01_Isack_Hadjar/isahad01.png.transform/1col/image.png
1269,9900,10,Pierre GASLY,GAS,Pierre,Gasly,Alpine,00A1E8,https://media.formula1.com/d_driver_fallback_image.png/content/dam/fom-website/drivers/P/PIEGAS01_Pierre_Gasly/piegas01.png.transform/1col/image.png
1269,9900,12,Kimi ANTONELLI,ANT,Kimi,Antonelli,Mercedes,00D7B6,https://media.formula1.com/d_driver_fallback_image.png/content/dam/fom-website/drivers/A/ANDANT01_Andrea%20Kimi_Antonelli/andant01.png.transform/1col/image.png
1269,9900,14,Fernando ALONSO,ALO,Fernando,Alonso,Aston Martin,229971,https://media.formula1.com/d_driver_fallback_image.png/content/dam/fom-website/drivers/F/FERALO01_Fernando_Alonso/feralo01.png.transform/1col/image.png
1269,9900,16,Charles LECLERC,LEC,Charles,Leclerc,Ferrari,ED1131,https://media.formula1.com/d_driver_fallback_image.png/content/dam/fom-website/drivers/C/CHALEC01_Charles_Leclerc/chalec01.png.transform/1col/image.png
1269,9900,18,Lance STROLL,STR,Lance,Stroll,Aston Martin,229971,https://media.formula1.com/d_driver_fallback_image.png/content/dam/fom-website/drivers/L/LANSTR01_Lance_Stroll/lanstr01.png.transform/1col/image.png
1269,9900,22,Yuki TSUNODA,TSU,Yuki,Tsunoda,Red Bull Racing,4781D7,https://media.formula1.com/d_driver_fallback_image.png/content/dam/fom-website/drivers/Y/YUKTSU01_Yuki_Tsunoda/yuktsu01.png.transform/1col/image.png
1269,9900,23,Alexander ALBON,ALB,Alexander,Albon,Williams,1868DB,https://media.formula1.com/d_driver_fallback_image.png/content/dam/fom-website/drivers/A/ALEALB01_Alexander_Albon/alealb01.png.transform/1col/image.png
1269,9900,27,Nico HULKENBERG,HUL,Nico,Hulkenberg,Kick Sauber,01C00E,https://media.formula1.com/d_driver_fallback_image.png/content/dam/fom-website/drivers/N/NICHUL01_Nico_Hulkenberg/nichul01.png.transform/1col/image.png
1269,9900,30,Liam LAWSON,LAW,Liam,Lawson,Racing Bulls,6C98FF,https://media.formula1.com/d_driver_fallback_image.png/content/dam/fom-website/drivers/L/LIALAW01_Liam_Lawson/lialaw01.png.transform/1col/image.png
1269,9900,31,Esteban OCON,OCO,Esteban,Ocon,Haas F1 Team,9C9FA2,https://media.formula1.com/d_driver_fallback_image.png/content/dam/fom-website/drivers/E/ESTOCO01_Esteban_Ocon/estoco01.png.transform/1col/image.png
1269,9900,43,Franco COLAPINTO,COL,Franco,Colapinto,Alpine,00A1E8,
1269,9900,44,Lewis HAMILTON,HAM,Lewis,Hamilton,Ferrari,ED1131,https://media.formula1.com/d_driver_fallback_image.png/content/dam/fom-website/drivers/L/LEWHAM01_Lewis_Hamilton/lewham01.png.transform/1col/image.png
1269,9900,55,Carlos SAINZ,SAI,Carlos,Sainz,Williams,1868DB,https://media.formula1.com/d_driver_fallback_image.png/content/dam/fom-website/drivers/C/CARSAI01_Carlos_Sainz/carsai01.png.transform/1col/image.png
1269,9900,63,George RUSSELL,RUS,George,Russell,Mercedes,00D7B6,https://media.formula1.com/d_driver_fallback_image.png/content/dam/fom-website/drivers/G/GEORUS01_George_Russell/georus01.png.transform/1col/image.png
1269,9900,81,Oscar PIASTRI,PIA,Oscar,Piastri,McLaren,F47600,https://media.formula1.com/d_driver_fallback_image.png/content/dam/fom-website/drivers/O/OSCPIA01_Oscar_Piastri/oscpia01.png.transform/1col/image.png
1269,9900,87,Oliver BEARMAN,BEA,Oliver,Bearman,Haas F1 Team,9C9FA2,https://media.formula1.com/d_driver_fallback_image.png/content/dam/fom-website/drivers/O/OLIBEA01_Oliver_Bearman/olibea01.png.transform/1col/image.png
1269,9904,1,Max VERSTAPPEN,VER,Max,Verstappen,Red Bull Racing,4781D7,https://media.formula1.com/d_driver_fallback_image.png/content/dam/fom-website/drivers/M/MAXVER01_Max_Verstappen/maxver01.png.transform/1col/image.png
1269,9904,4,Lando NORRIS,NOR,Lando,Norris,McLaren,F47600,https://media.formula1.com/d_driver_fallback_image.png/content/dam/fom-website/drivers/L/LANNOR01_Lando_Norris/lannor01.png.transform/1col/image.png
1269,9904,5,Gabriel BORTOLETO,BOR,Gabriel,Bortoleto,Kick Sauber,01C00E,https://media.formula1.com/d_driver_fallback_image.png/content/dam/fom-website/drivers/G/GABBOR01_Gabriel_Bortoleto/gabbor01.png.transform/1col/image.png
1269,9904,6,Isack HADJAR,HAD,Isack,Hadjar,Racing Bulls,6C98FF,https://media.formula1.com/d_driver_fallback_image.png/content/dam/fom-website/drivers/I/ISAHAD01_Isack_Hadjar/isahad01.png.transform/1col/image.png
1269,9904,10,Pierre GASLY,GAS,Pierre,Gasly,Alpine,00A1E8,https://media.formula1.com/d_driver_fallback_image.png/content/dam/fom-website/drivers/P/PIEGAS01_Pierre_Gasly/piegas01.png.transform/1col/image.png
1269,9904,12,Kimi ANTONELLI,ANT,Kimi,Antonelli,Mercedes,00D7B6,https://media.formula1.com/d_driver_fallback_image.png/content/dam/fom-website/drivers/A/ANDANT01_Andrea%20Kimi_Antonelli/andant01.png.transform/1col/image.png
1269,9904,14,Fernando ALONSO,ALO,Fernando,Alonso,Aston Martin,229971,https://media.formula1.com/d_driver_fallback_image.png/content/dam/fom-website/drivers/F/FERALO01_Fernando_Alonso/feralo01.png.transform/1col/image.png
1269,9904,16,Charles LECLERC,LEC,Charles,Leclerc,Ferrari,ED1131,https://media.formula1.com/d_driver_fallback_image.png/content/dam/fom-website/drivers/C/CHALEC01_Charles_Leclerc/chalec01.png.transform/1col/image.png
1269,9904,18,Lance STROLL,STR,Lance,Stroll,Aston Martin,229971,https://media.formula1.com/d_driver_fallback_image.png/content/dam/fom-website/drivers/L/LANSTR01_Lance_Stroll/lanstr01.png.transform/1col/image.png
1269,9904,22,Yuki TSUNODA,TSU,Yuki,Tsunoda,Red Bull Racing,4781D7,https://media.formula1.com/d_driver_fallback_image.png/content/dam/fom-website/drivers/Y/YUKTSU01_Yuki_Tsunoda/yuktsu01.png.transform/1col/image.png
1269,9904,23,Alexander ALBON,ALB,Alexander,Albon,Williams,1868DB,https://media.formula1.com/d_driver_fallback_image.png/content/dam/fom-website/drivers/A/ALEALB01_Alexander_Albon/alealb01.png.transform/1col/image.png
1269,9904,27,Nico HULKENBERG,HUL,Nico,Hulkenberg,Kick Sauber,01C00E,https://media.formula1.com/d_driver_fallback_image.png/content/dam/fom-website/drivers/N/NICHUL01_Nico_Hulkenberg/nichul01.png.transform/1col/image.png
1269,9904,30,Liam LAWSON,LAW,Liam,Lawson,Racing Bulls,6C98FF,https://media.formula1.com/d_driver_fallback_image.png/content/dam/fom-website/drivers/L/LIALAW01_Liam_Lawson/lialaw01.png.transform/1col/image.png
1269,9904,31,Esteban OCON,OCO,Esteban,Ocon,Haas F1 Team,9C9FA2,https://media.formula1.com/d_driver_fallback_image.png/content/dam/fom-website/drivers/E/ESTOCO01_Esteban_Ocon/estoco01.png.transform/1col/image.png
1269,9904,43,Franco COLAPINTO,COL,Franco,Colapinto,Alpine,00A1E8,
1269,9904,44,Lewis HAMILTON,HAM,Lewis,Hamilton,Ferrari,ED1131,https://media.formula1.com/d_driver_fallback_image.png/content/dam/fom-website/drivers/L/LEWHAM01_Lewis_Hamilton/lewham01.png.transform/1col/image.png
1269,9904,55,Carlos SAINZ,SAI,Carlos,Sainz,Williams,1868DB,https://media.formula1.com/d_driver_fallback_image.png/content/dam/fom-website/drivers/C/CARSAI01_Carlos_Sainz/carsai01.png.transform/1col/image.png
1269,9904,63,George RUSSELL,RUS,George,Russell,Mercedes,00D7B6,https://media.formula1.com/d_driver_fallback_image.png/content/dam/fom-website/drivers/G/GEORUS01_George_Russell/georus01.png.transform/1col/image.png
1269,9904,81,Oscar PIASTRI,PIA,Oscar,Piastri,McLaren,F47600,https://media.formula1.com/d_driver_fallback_image.png/content/dam/fom-website/drivers/O/OSCPIA01_Oscar_Piastri/oscpia01.png.transform/1col/image.png
1269,9904,87,Oliver BEARMAN,BEA,Oliver,Bearman,Haas F1 Team,9C9FA2,https://media.formula1.com/d_driver_fallback_image.png/content/dam/fom-website/drivers/O/OLIBEA01_Oliver_Bearman/olibea01.png.transform/1col/image.png
1270,9889,1,Max VERSTAPPEN,VER,Max,Verstappen,Red Bull Racing,4781D7,https://media.formula1.com/d_driver_fallback_image.png/content/dam/fom-website/drivers/M/MAXVER01_Max_Verstappen/maxver01.png.transform/1col/image.png
1270,9889,4,Lando NORRIS,NOR,Lando,Norris,McLaren,F47600,https://media.formula1.com/d_driver_fallback_image.png/content/dam/fom-website/drivers/L/LANNOR01_Lando_Norris/lannor01.png.transform/1col/image.png
1270,9889,5,Gabriel BORTOLETO,BOR,Gabriel,Bortoleto,Kick Sauber,01C00E,https://media.formula1.com/d_driver_fallback_image.png/content/dam/fom-website/drivers/G/GABBOR01_Gabriel_Bortoleto/gabbor01.png.transform/1col/image.png
1270,9889,6,Isack HADJAR,HAD,Isack,Hadjar,Racing Bulls,6C98FF,https://media.formula1.com/d_driver_fallback_image.png/content/dam/fom-website/drivers/I/ISAHAD01_Isack_Hadjar/isahad01.png.transform/1col/image.png
1270,9889,10,Pierre GASLY,GAS,Pierre,Gasly,Alpine,00A1E8,https://media.formula1.com/d_driver_fallback_image.png/content/dam/fom-website/drivers/P/PIEGAS01_Pierre_Gasly/piegas01.png.transform/1col/image.png
1270,9889,12,Kimi ANTONELLI,ANT,Kimi,Antonelli,Mercedes,00D7B6,https://media.formula1.com/d_driver_fallback_image.png/content/dam/fom-website/drivers/A/ANDANT01_Andrea%20Kimi_Antonelli/andant01.png.transform/1col/image.png
1270,9889,14,Fernando ALONSO,ALO,Fernando,Alonso,Aston Martin,229971,https://media.formula1.com/d_driver_fallback_image.png/content/dam/fom-website/drivers/F/FERALO01_Fernando_Alonso/feralo01.png.transform/1col/image.png
1270,9889,16,Charles LECLERC,LEC,Charles,Leclerc,Ferrari,ED1131,https://media.formula1.com/d_driver_fallback_image.png/content/dam/fom-website/drivers/C/CHALEC01_Charles_Leclerc/chalec01.png.transform/1col/image.png
1270,9889,18,Lance STROLL,STR,Lance,Stroll,Aston Martin,229971,https://media.formula1.com/d_driver_fallback_image.png/content/dam/fom-website/drivers/L/LANSTR01_Lance_Stroll/lanstr01.png.transform/1col/image.png
1270,9889,22,Yuki TSUNODA,TSU,Yuki,Tsunoda,Red Bull Racing,4781D7,https://media.formula1.com/d_driver_fallback_image.png/content/dam/fom-website/drivers/Y/YUKTSU01_Yuki_Tsunoda/yuktsu01.png.transform/1col/image.png
1270,9889,23,Alexander ALBON,ALB,Alexander,Albon,Williams,1868DB,https://media.formula1.com/d_driver_fallback_image.png/content/dam/fom-website/drivers/A/ALEALB01_Alexander_Albon/alealb01.png.transform/1col/image.png
1270,9889,27,Nico HULKENBERG,HUL,Nico,Hulkenberg,Kick Sauber,01C00E,https://media.formula1.com/d_driver_fallback_image.png/content/dam/fom-website/drivers/N/NICHUL01_Nico_Hulkenberg/nichul01.png.transform/1col/image.png
1270,9889,30,Liam LAWSON,LAW,Liam,Lawson,Racing Bulls,6C98FF,https://media.formula1.com/d_driver_fallback_image.png/content/dam/fom-website/drivers/L/LIALAW01_Liam_Lawson/lialaw01.png.transform/1col/image.png
1270,9889,31,Esteban OCON,OCO,Esteban,Ocon,Haas F1 Team,9C9FA2,https://media.formula1.com/d_driver_fallback_image.png/content/dam/fom-website/drivers/E/ESTOCO01_Esteban_Ocon/estoco01.png.transform/1col/image.png
1270,9889,43,Franco COLAPINTO,COL,Franco,Colapinto,Alpine,00A1E8,
1270,9889,44,Lewis HAMILTON,HAM,Lewis,Hamilton,Ferrari,ED1131,https://media.formula1.com/d_driver_fallback_image.png/content/dam/fom-website/drivers/L/LEWHAM01_Lewis_Hamilton/lewham01.png.transform/1col/image.png
1270,9889,55,Carlos SAINZ,SAI,Carlos,Sainz,Williams,1868DB,https://media.formula1.com/d_driver_fallback_image.png/content/dam/fom-website/drivers/C/CARSAI01_Carlos_Sainz/carsai01.png.transform/1col/image.png
1270,9889,63,George RUSSELL,RUS,George,Russell,Mercedes,00D7B6,https://media.formula1.com/d_driver_fallback_image.png/content/dam/fom-website/drivers/G/GEORUS01_George_Russell/georus01.png.transform/1col/image.png
1270,9889,81,Oscar PIASTRI,PIA,Oscar,Piastri,McLaren,F47600,https://media.formula1.com/d_driver_fallback_image.png/content/dam/fom-website/drivers/O/OSCPIA01_Oscar_Piastri/oscpia01.png.transform/1col/image.png
1270,9889,87,Oliver BEARMAN,BEA,Oliver,Bearman,Haas F1 Team,9C9FA2,https://media.formula1.com/d_driver_fallback_image.png/content/dam/fom-website/drivers/O/OLIBEA01_Oliver_Bearman/olibea01.png.transform/1col/image.png
1270,9890,1,Max VERSTAPPEN,VER,Max,Verstappen,Red Bull Racing,4781D7,https://media.formula1.com/d_driver_fallback_image.png/content/dam/fom-website/drivers/M/MAXVER01_Max_Verstappen/maxver01.png.transform/1col/image.png
1270,9890,4,Lando NORRIS,NOR,Lando,Norris,McLaren,F47600,https://media.formula1.com/d_driver_fallback_image.png/content/dam/fom-website/drivers/L/LANNOR01_Lando_Norris/lannor01.png.transform/1col/image.png
1270,9890,5,Gabriel BORTOLETO,BOR,Gabriel,Bortoleto,Kick Sauber,01C00E,https://media.formula1.com/d_driver_fallback_image.png/content/dam/fom-website/drivers/G/GABBOR01_Gabriel_Bortoleto/gabbor01.png.transform/1col/image.png
1270,9890,6,Isack HADJAR,HAD,Isack,Hadjar,Racing Bulls,6C98FF,https://media.formula1.com/d_driver_fallback_image.png/content/dam/fom-website/drivers/I/ISAHAD01_Isack_Hadjar/isahad01.png.transform/1col/image.png
1270,9890,10,Pierre GASLY,GAS,Pierre,Gasly,Alpine,00A1E8,https://media.formula1.com/d_driver_fallback_image.png/content/dam/fom-website/drivers/P/PIEGAS01_Pierre_Gasly/piegas01.png.transform/1col/image.png
1270,9890,12,Kimi ANTONELLI,ANT,Kimi,Antonelli,Mercedes,00D7B6,https://media.formula1.com/d_driver_fallback_image.png/content/dam/fom-website/drivers/A/ANDANT01_Andrea%20Kimi_Antonelli/andant01.png.transform/1col/image.png
1270,9890,14,Fernando ALONSO,ALO,Fernando,Alonso,Aston Martin,229971,https://media.formula1.com/d_driver_fallback_image.png/content/dam/fom-website/drivers/F/FERALO01_Fernando_Alonso/feralo01.png.transform/1col/image.png
1270,9890,16,Charles LECLERC,LEC,Charles,Leclerc,Ferrari,ED1131,https://media.formula1.com/d_driver_fallback_image.png/content/dam/fom-website/drivers/C/CHALEC01_Charles_Leclerc/chalec01.png.transform/1col/image.png
1270,9890,18,Lance STROLL,STR,Lance,Stroll,Aston Martin,229971,https://media.formula1.com/d_driver_fallback_image.png/content/dam/fom-website/drivers/L/LANSTR01_Lance_Stroll/lanstr01.png.transform/1col/image.png
1270,9890,22,Yuki TSUNODA,TSU,Yuki,Tsunoda,Red Bull Racing,4781D7,https://media.formula1.com/d_driver_fallback_image.png/content/dam/fom-website/drivers/Y/YUKTSU01_Yuki_Tsunoda/yuktsu01.png.transform/1col/image.png
1270,9890,23,Alexander ALBON,ALB,Alexander,Albon,Williams,1868DB,https://media.formula1.com/d_driver_fallback_image.png/content/dam/fom-website/drivers/A/ALEALB01_Alexander_Albon/alealb01.png.transform/1col/image.png
1270,9890,27,Nico HULKENBERG,HUL,Nico,Hulkenberg,Kick Sauber,01C00E,https://media.formula1.com/d_driver_fallback_image.png/content/dam/fom-website/drivers/N/NICHUL01_Nico_Hulkenberg/nichul01.png.transform/1col/image.png
1270,9890,30,Liam LAWSON,LAW,Liam,Lawson,Racing Bulls,6C98FF,https://media.formula1.com/d_driver_fallback_image.png/content/dam/fom-website/drivers/L/LIALAW01_Liam_Lawson/lialaw01.png.transform/1col/image.png
1270,9890,31,Esteban OCON,OCO,Esteban,Ocon,Haas F1 Team,9C9FA2,https://media.formula1.com/d_driver_fallback_image.png/content/dam/fom-website/drivers/E/ESTOCO01_Esteban_Ocon/estoco01.png.transform/1col/image.png
1270,9890,43,Franco COLAPINTO,COL,Franco,Colapinto,Alpine,00A1E8,
1270,9890,44,Lewis HAMILTON,HAM,Lewis,Hamilton,Ferrari,ED1131,https://media.formula1.com/d_driver_fallback_image.png/content/dam/fom-website/drivers/L/LEWHAM01_Lewis_Hamilton/lewham01.png.transform/1col/image.png
1270,9890,55,Carlos SAINZ,SAI,Carlos,Sainz,Williams,1868DB,https://media.formula1.com/d_driver_fallback_image.png/content/dam/fom-website/drivers/C/CARSAI01_Carlos_Sainz/carsai01.png.transform/1col/image.png
1270,9890,63,George RUSSELL,RUS,George,Russell,Mercedes,00D7B6,https://media.formula1.com/d_driver_fallback_image.png/content/dam/fom-website/drivers/G/GEORUS01_George_Russell/georus01.png.transform/1col/image.png
1270,9890,81,Oscar PIASTRI,PIA,Oscar,Piastri,McLaren,F47600,https://media.formula1.com/d_driver_fallback_image.png/content/dam/fom-website/drivers/O/OSCPIA01_Oscar_Piastri/oscpia01.png.transform/1col/image.png
1270,9890,87,Oliver BEARMAN,BEA,Oliver,Bearman,Haas F1 Team,9C9FA2,https://media.formula1.com/d_driver_fallback_image.png/content/dam/fom-website/drivers/O/OLIBEA01_Oliver_Bearman/olibea01.png.transform/1col/image.png
1270,9891,1,Max VERSTAPPEN,VER,Max,Verstappen,Red Bull Racing,4781D7,https://media.formula1.com/d_driver_fallback_image.png/content/dam/fom-website/drivers/M/MAXVER01_Max_Verstappen/maxver01.png.transform/1col/image.png
1270,9891,4,Lando NORRIS,NOR,Lando,Norris,McLaren,F47600,https://media.formula1.com/d_driver_fallback_image.png/content/dam/fom-website/drivers/L/LANNOR01_Lando_Norris/lannor01.png.transform/1col/image.png
1270,9891,5,Gabriel BORTOLETO,BOR,Gabriel,Bortoleto,Kick Sauber,01C00E,https://media.formula1.com/d_driver_fallback_image.png/content/dam/fom-website/drivers/G/GABBOR01_Gabriel_Bortoleto/gabbor01.png.transform/1col/image.png
1270,9891,6,Isack HADJAR,HAD,Isack,Hadjar,Racing Bulls,6C98FF,https://media.formula1.com/d_driver_fallback_image.png/content/dam/fom-website/drivers/I/ISAHAD01_Isack_Hadjar/isahad01.png.transform/1col/image.png
1270,9891,10,Pierre GASLY,GAS,Pierre,Gasly,Alpine,00A1E8,https://media.formula1.com/d_driver_fallback_image.png/content/dam/fom-website/drivers/P/PIEGAS01_Pierre_Gasly/piegas01.png.transform/1col/image.png
1270,9891,12,Kimi ANTONELLI,ANT,Kimi,Antonelli,Mercedes,00D7B6,https://media.formula1.com/d_driver_fallback_image.png/content/dam/fom-website/drivers/A/ANDANT01_Andrea%20Kimi_Antonelli/andant01.png.transform/1col/image.png
1270,9891,14,Fernando ALONSO,ALO,Fernando,Alonso,Aston Martin,229971,https://media.formula1.com/d_driver_fallback_image.png/content/dam/fom-website/drivers/F/FERALO01_Fernando_Alonso/feralo01.png.transform/1col/image.png
1270,9891,16,Charles LECLERC,LEC,Charles,Leclerc,Ferrari,ED1131,https://media.formula1.com/d_driver_fallback_image.png/content/dam/fom-website/drivers/C/CHALEC01_Charles_Leclerc/chalec01.png.transform/1col/image.png
1270,9891,18,Lance STROLL,STR,Lance,Stroll,Aston Martin,229971,https://media.formula1.com/d_driver_fallback_image.png/content/dam/fom-website/drivers/L/LANSTR01_Lance_Stroll/lanstr01.png.transform/1col/image.png
1270,9891,22,Yuki TSUNODA,TSU,Yuki,Tsunoda,Red Bull Racing,4781D7,https://media.formula1.com/d_driver_fallback_image.png/content/dam/fom-website/drivers/Y/YUKTSU01_Yuki_Tsunoda/yuktsu01.png.transform/1col/image.png
1270,9891,23,Alexander ALBON,ALB,Alexander,Albon,Williams,1868DB,https://media.formula1.com/d_driver_fallback_image.png/content/dam/fom-website/drivers/A/ALEALB01_Alexander_Albon/alealb01.png.transform/1col/image.png
1270,9891,27,Nico HULKENBERG,HUL,Nico,Hulkenberg,Kick Sauber,01C00E,https://media.formula1.com/d_driver_fallback_image.png/content/dam/fom-website/drivers/N/NICHUL01_Nico_Hulkenberg/nichul01.png.transform/1col/image.png
1270,9891,30,Liam LAWSON,LAW,Liam,Lawson,Racing Bulls,6C98FF,https://media.formula1.com/d_driver_fallback_image.png/content/dam/fom-website/drivers/L/LIALAW01_Liam_Lawson/lialaw01.png.transform/1col/image.png
1270,9891,31,Esteban OCON,OCO,Esteban,Ocon,Haas F1 Team,9C9FA2,https://media.formula1.com/d_driver_fallback_image.png/content/dam/fom-website/drivers/E/ESTOCO01_Esteban_Ocon/estoco01.png.transform/1col/image.png
1270,9891,43,Franco COLAPINTO,COL,Franco,Colapinto,Alpine,00A1E8,
1270,9891,44,Lewis HAMILTON,HAM,Lewis,Hamilton,Ferrari,ED1131,https://media.formula1.com/d_driver_fallback_image.png/content/dam/fom-website/drivers/L/LEWHAM01_Lewis_Hamilton/lewham01.png.transform/1col/image.png
1270,9891,55,Carlos SAINZ,SAI,Carlos,Sainz,Williams,1868DB,https://media.formula1.com/d_driver_fallback_image.png/content/dam/fom-website/drivers/C/CARSAI01_Carlos_Sainz/carsai01.png.transform/1col/image.png
1270,9891,63,George RUSSELL,RUS,George,Russell,Mercedes,00D7B6,https://media.formula1.com/d_driver_fallback_image.png/content/dam/fom-website/drivers/G/GEORUS01_George_Russell/georus01.png.transform/1col/image.png
1270,9891,81,Oscar PIASTRI,PIA,Oscar,Piastri,McLaren,F47600,https://media.formula1.com/d_driver_fallback_image.png/content/dam/fom-website/drivers/O/OSCPIA01_Oscar_Piastri/oscpia01.png.transform/1col/image.png
1270,9891,87,Oliver BEARMAN,BEA,Oliver,Bearman,Haas F1 Team,9C9FA2,https://media.formula1.com/d_driver_fallback_image.png/content/dam/fom-website/drivers/O/OLIBEA01_Oliver_Bearman/olibea01.png.transform/1col/image.png
1270,9892,1,Max VERSTAPPEN,VER,Max,Verstappen,Red Bull Racing,4781D7,https://media.formula1.com/d_driver_fallback_image.png/content/dam/fom-website/drivers/M/MAXVER01_Max_Verstappen/maxver01.png.transform/1col/image.png
1270,9892,4,Lando NORRIS,NOR,Lando,Norris,McLaren,F47600,https://media.formula1.com/d_driver_fallback_image.png/content/dam/fom-website/drivers/L/LANNOR01_Lando_Norris/lannor01.png.transform/1col/image.png
1270,9892,5,Gabriel BORTOLETO,BOR,Gabriel,Bortoleto,Kick Sauber,01C00E,https://media.formula1.com/d_driver_fallback_image.png/content/dam/fom-website/drivers/G/GABBOR01_Gabriel_Bortoleto/gabbor01.png.transform/1col/image.png
1270,9892,6,Isack HADJAR,HAD,Isack,Hadjar,Racing Bulls,6C98FF,https://media.formula1.com/d_driver_fallback_image.png/content/dam/fom-website/drivers/I/ISAHAD01_Isack_Hadjar/isahad01.png.transform/1col/image.png
1270,9892,10,Pierre GASLY,GAS,Pierre,Gasly,Alpine,00A1E8,https://media.formula1.com/d_driver_fallback_image.png/content/dam/fom-website/drivers/P/PIEGAS01_Pierre_Gasly/piegas01.png.transform/1col/image.png
1270,9892,12,Kimi ANTONELLI,ANT,Kimi,Antonelli,Mercedes,00D7B6,https://media.formula1.com/d_driver_fallback_image.png/content/dam/fom-website/drivers/A/ANDANT01_Andrea%20Kimi_Antonelli/andant01.png.transform/1col/image.png
1270,9892,14,Fernando ALONSO,ALO,Fernando,Alonso,Aston Martin,229971,https://media.formula1.com/d_driver_fallback_image.png/content/dam/fom-website/drivers/F/FERALO01_Fernando_Alonso/feralo01.png.transform/1col/image.png
1270,9892,16,Charles LECLERC,LEC,Charles,Leclerc,Ferrari,ED1131,https://media.formula1.com/d_driver_fallback_image.png/content/dam/fom-website/drivers/C/CHALEC01_Charles_Leclerc/chalec01.png.transform/1col/image.png
1270,9892,18,Lance STROLL,STR,Lance,Stroll,Aston Martin,229971,https://media.formula1.com/d_driver_fallback_image.png/content/dam/fom-website/drivers/L/LANSTR01_Lance_Stroll/lanstr01.png.transform/1col/image.png
1270,9892,22,Yuki TSUNODA,TSU,Yuki,Tsunoda,Red Bull Racing,4781D7,https://media.formula1.com/d_driver_fallback_image.png/content/dam/fom-website/drivers/Y/YUKTSU01_Yuki_Tsunoda/yuktsu01.png.transform/1col/image.png
1270,9892,23,Alexander ALBON,ALB,Alexander,Albon,Williams,1868DB,https://media.formula1.com/d_driver_fallback_image.png/content/dam/fom-website/drivers/A/ALEALB01_Alexander_Albon/alealb01.png.transform/1col/image.png
1270,9892,27,Nico HULKENBERG,HUL,Nico,Hulkenberg,Kick Sauber,01C00E,https://media.formula1.com/d_driver_fallback_image.png/content/dam/fom-website/drivers/N/NICHUL01_Nico_Hulkenberg/nichul01.png.transform/1col/image.png
1270,9892,30,Liam LAWSON,LAW,Liam,Lawson,Racing Bulls,6C98FF,https://media.formula1.com/d_driver_fallback_image.png/content/dam/fom-website/drivers/L/LIALAW01_Liam_Lawson/lialaw01.png.transform/1col/image.png
1270,9892,31,Esteban OCON,OCO,Esteban,Ocon,Haas F1 Team,9C9FA2,https://media.formula1.com/d_driver_fallback_image.png/content/dam/fom-website/drivers/E/ESTOCO01_Esteban_Ocon/estoco01.png.transform/1col/image.png
1270,9892,43,Franco COLAPINTO,COL,Franco,Colapinto,Alpine,00A1E8,
1270,9892,44,Lewis HAMILTON,HAM,Lewis,Hamilton,Ferrari,ED1131,https://media.formula1.com/d_driver_fallback_image.png/content/dam/fom-website/drivers/L/LEWHAM01_Lewis_Hamilton/lewham01.png.transform/1col/image.png
1270,9892,55,Carlos SAINZ,SAI,Carlos,Sainz,Williams,1868DB,https://media.formula1.com/d_driver_fallback_image.png/content/dam/fom-website/drivers/C/CARSAI01_Carlos_Sainz/carsai01.png.transform/1col/image.png
1270,9892,63,George RUSSELL,RUS,George,Russell,Mercedes,00D7B6,https://media.formula1.com/d_driver_fallback_image.png/content/dam/fom-website/drivers/G/GEORUS01_George_Russell/georus01.png.transform/1col/image.png
1270,9892,81,Oscar PIASTRI,PIA,Oscar,Piastri,McLaren,F47600,https://media.formula1.com/d_driver_fallback_image.png/content/dam/fom-website/drivers/O/OSCPIA01_Oscar_Piastri/oscpia01.png.transform/1col/image.png
1270,9892,87,Oliver BEARMAN,BEA,Oliver,Bearman,Haas F1 Team,9C9FA2,https://media.formula1.com/d_driver_fallback_image.png/content/dam/fom-website/drivers/O/OLIBEA01_Oliver_Bearman/olibea01.png.transform/1col/image.png
1270,9896,1,Max VERSTAPPEN,VER,Max,Verstappen,Red Bull Racing,4781D7,https://media.formula1.com/d_driver_fallback_image.png/content/dam/fom-website/drivers/M/MAXVER01_Max_Verstappen/maxver01.png.transform/1col/image.png
1270,9896,4,Lando NORRIS,NOR,Lando,Norris,McLaren,F47600,https://media.formula1.com/d_driver_fallback_image.png/content/dam/fom-website/drivers/L/LANNOR01_Lando_Norris/lannor01.png.transform/1col/image.png
1270,9896,5,Gabriel BORTOLETO,BOR,Gabriel,Bortoleto,Kick Sauber,01C00E,https://media.formula1.com/d_driver_fallback_image.png/content/dam/fom-website/drivers/G/GABBOR01_Gabriel_Bortoleto/gabbor01.png.transform/1col/image.png
1270,9896,6,Isack HADJAR,HAD,Isack,Hadjar,Racing Bulls,6C98FF,https://media.formula1.com/d_driver_fallback_image.png/content/dam/fom-website/drivers/I/ISAHAD01_Isack_Hadjar/isahad01.png.transform/1col/image.png
1270,9896,10,Pierre GASLY,GAS,Pierre,Gasly,Alpine,00A1E8,https://media.formula1.com/d_driver_fallback_image.png/content/dam/fom-website/drivers/P/PIEGAS01_Pierre_Gasly/piegas01.png.transform/1col/image.png
1270,9896,12,Kimi ANTONELLI,ANT,Kimi,Antonelli,Mercedes,00D7B6,https://media.formula1.com/d_driver_fallback_image.png/content/dam/fom-website/drivers/A/ANDANT01_Andrea%20Kimi_Antonelli/andant01.png.transform/1col/image.png
1270,9896,14,Fernando ALONSO,ALO,Fernando,Alonso,Aston Martin,229971,https://media.formula1.com/d_driver_fallback_image.png/content/dam/fom-website/drivers/F/FERALO01_Fernando_Alonso/feralo01.png.transform/1col/image.png
1270,9896,16,Charles LECLERC,LEC,Charles,Leclerc,Ferrari,ED1131,https://media.formula1.com/d_driver_fallback_image.png/content/dam/fom-website/drivers/C/CHALEC01_Charles_Leclerc/chalec01.png.transform/1col/image.png
1270,9896,18,Lance STROLL,STR,Lance,Stroll,Aston Martin,229971,https://media.formula1.com/d_driver_fallback_image.png/content/dam/fom-website/drivers/L/LANSTR01_Lance_Stroll/lanstr01.png.transform/1col/image.png
1270,9896,22,Yuki TSUNODA,TSU,Yuki,Tsunoda,Red Bull Racing,4781D7,https://media.formula1.com/d_driver_fallback_image.png/content/dam/fom-website/drivers/Y/YUKTSU01_Yuki_Tsunoda/yuktsu01.png.transform/1col/image.png
1270,9896,23,Alexander ALBON,ALB,Alexander,Albon,Williams,1868DB,https://media.formula1.com/d_driver_fallback_image.png/content/dam/fom-website/drivers/A/ALEALB01_Alexander_Albon/alealb01.png.transform/1col/image.png
1270,9896,27,Nico HULKENBERG,HUL,Nico,Hulkenberg,Kick Sauber,01C00E,https://media.formula1.com/d_driver_fallback_image.png/content/dam/fom-website/drivers/N/NICHUL01_Nico_Hulkenberg/nichul01.png.transform/1col/image.png
1270,9896,30,Liam LAWSON,LAW,Liam,Lawson,Racing Bulls,6C98FF,https://media.formula1.com/d_driver_fallback_image.png/content/dam/fom-website/drivers/L/LIALAW01_Liam_Lawson/lialaw01.png.transform/1col/image.png
1270,9896,31,Esteban OCON,OCO,Esteban,Ocon,Haas F1 Team,9C9FA2,https://media.formula1.com/d_driver_fallback_image.png/content/dam/fom-website/drivers/E/ESTOCO01_Esteban_Ocon/estoco01.png.transform/1col/image.png
1270,9896,43,Franco COLAPINTO,COL,Franco,Colapinto,Alpine,00A1E8,
1270,9896,44,Lewis HAMILTON,HAM,Lewis,Hamilton,Ferrari,ED1131,https://media.formula1.com/d_driver_fallback_image.png/content/dam/fom-website/drivers/L/LEWHAM01_Lewis_Hamilton/lewham01.png.transform/1col/image.png
1270,9896,55,Carlos SAINZ,SAI,Carlos,Sainz,Williams,1868DB,https://media.formula1.com/d_driver_fallback_image.png/content/dam/fom-website/drivers/C/CARSAI01_Carlos_Sainz/carsai01.png.transform/1col/image.png
1270,9896,63,George RUSSELL,RUS,George,Russell,Mercedes,00D7B6,https://media.formula1.com/d_driver_fallback_image.png/content/dam/fom-website/drivers/G/GEORUS01_George_Russell/georus01.png.transform/1col/image.png
1270,9896,81,Oscar PIASTRI,PIA,Oscar,Piastri,McLaren,F47600,https://media.formula1.com/d_driver_fallback_image.png/content/dam/fom-website/drivers/O/OSCPIA01_Oscar_Piastri/oscpia01.png.transform/1col/image.png
1270,9896,87,Oliver BEARMAN,BEA,Oliver,Bearman,Haas F1 Team,9C9FA2,https://media.formula1.com/d_driver_fallback_image.png/content/dam/fom-website/drivers/O/OLIBEA01_Oliver_Bearman/olibea01.png.transform/1col/image.png
1271,9878,1,Max VERSTAPPEN,VER,Max,Verstappen,Red Bull Racing,4781D7,https://media.formula1.com/d_driver_fallback_image.png/content/dam/fom-website/drivers/M/MAXVER01_Max_Verstappen/maxver01.png.transform/1col/image.png
1271,9878,4,Lando NORRIS,NOR,Lando,Norris,McLaren,F47600,https://media.formula1.com/d_driver_fallback_image.png/content/dam/fom-website/drivers/L/LANNOR01_Lando_Norris/lannor01.png.transform/1col/image.png
1271,9878,5,Gabriel BORTOLETO,BOR,Gabriel,Bortoleto,Kick Sauber,01C00E,https://media.formula1.com/d_driver_fallback_image.png/content/dam/fom-website/drivers/G/GABBOR01_Gabriel_Bortoleto/gabbor01.png.transform/1col/image.png
1271,9878,6,Isack HADJAR,HAD,Isack,Hadjar,Racing Bulls,6C98FF,https://media.formula1.com/d_driver_fallback_image.png/content/dam/fom-website/drivers/I/ISAHAD01_Isack_Hadjar/isahad01.png.transform/1col/image.png
1271,9878,10,Pierre GASLY,GAS,Pierre,Gasly,Alpine,00A1E8,https://media.formula1.com/d_driver_fallback_image.png/content/dam/fom-website/drivers/P/PIEGAS01_Pierre_Gasly/piegas01.png.transform/1col/image.png
1271,9878,12,Kimi ANTONELLI,ANT,Kimi,Antonelli,Mercedes,00D7B6,https://media.formula1.com/d_driver_fallback_image.png/content/dam/fom-website/drivers/A/ANDANT01_Andrea%20Kimi_Antonelli/andant01.png.transform/1col/image.png
1271,9878,14,Fernando ALONSO,ALO,Fernando,Alonso,Aston Martin,229971,https://media.formula1.com/d_driver_fallback_image.png/content/dam/fom-website/drivers/F/FERALO01_Fernando_Alonso/feralo01.png.transform/1col/image.png
1271,9878,16,Charles LECLERC,LEC,Charles,Leclerc,Ferrari,ED1131,https://media.formula1.com/d_driver_fallback_image.png/content/dam/fom-website/drivers/C/CHALEC01_Charles_Leclerc/chalec01.png.transform/1col/image.png
1271,9878,18,Lance STROLL,STR,Lance,Stroll,Aston Martin,229971,https://media.formula1.com/d_driver_fallback_image.png/content/dam/fom-website/drivers/L/LANSTR01_Lance_Stroll/lanstr01.png.transform/1col/image.png
1271,9878,22,Yuki TSUNODA,TSU,Yuki,Tsunoda,Red Bull Racing,4781D7,https://media.formula1.com/d_driver_fallback_image.png/content/dam/fom-website/drivers/Y/YUKTSU01_Yuki_Tsunoda/yuktsu01.png.transform/1col/image.png
1271,9878,23,Alexander ALBON,ALB,Alexander,Albon,Williams,1868DB,https://media.formula1.com/d_driver_fallback_image.png/content/dam/fom-website/drivers/A/ALEALB01_Alexander_Albon/alealb01.png.transform/1col/image.png
1271,9878,27,Nico HULKENBERG,HUL,Nico,Hulkenberg,Kick Sauber,01C00E,https://media.formula1.com/d_driver_fallback_image.png/content/dam/fom-website/drivers/N/NICHUL01_Nico_Hulkenberg/nichul01.png.transform/1col/image.png
1271,9878,30,Liam LAWSON,LAW,Liam,Lawson,Racing Bulls,6C98FF,https://media.formula1.com/d_driver_fallback_image.png/content/dam/fom-website/drivers/L/LIALAW01_Liam_Lawson/lialaw01.png.transform/1col/image.png
1271,9878,31,Esteban OCON,OCO,Esteban,Ocon,Haas F1 Team,9C9FA2,https://media.formula1.com/d_driver_fallback_image.png/content/dam/fom-website/drivers/E/ESTOCO01_Esteban_Ocon/estoco01.png.transform/1col/image.png
1271,9878,43,Franco COLAPINTO,COL,Franco,Colapinto,Alpine,00A1E8,
1271,9878,44,Lewis HAMILTON,HAM,Lewis,Hamilton,Ferrari,ED1131,https://media.formula1.com/d_driver_fallback_image.png/content/dam/fom-website/drivers/L/LEWHAM01_Lewis_Hamilton/lewham01.png.transform/1col/image.png
1271,9878,55,Carlos SAINZ,SAI,Carlos,Sainz,Williams,1868DB,https://media.formula1.com/d_driver_fallback_image.png/content/dam/fom-website/drivers/C/CARSAI01_Carlos_Sainz/carsai01.png.transform/1col/image.png
1271,9878,63,George RUSSELL,RUS,George,Russell,Mercedes,00D7B6,https://media.formula1.com/d_driver_fallback_image.png/content/dam/fom-website/drivers/G/GEORUS01_George_Russell/georus01.png.transform/1col/image.png
1271,9878,81,Oscar PIASTRI,PIA,Oscar,Piastri,McLaren,F47600,https://media.formula1.com/d_driver_fallback_image.png/content/dam/fom-website/drivers/O/OSCPIA01_Oscar_Piastri/oscpia01.png.transform/1col/image.png
1271,9878,87,Oliver BEARMAN,BEA,Oliver,Bearman,Haas F1 Team,9C9FA2,https://media.formula1.com/d_driver_fallback_image.png/content/dam/fom-website/drivers/O/OLIBEA01_Oliver_Bearman/olibea01.png.transform/1col/image.png
1271,9879,1,Max VERSTAPPEN,VER,Max,Verstappen,Red Bull Racing,4781D7,https://media.formula1.com/d_driver_fallback_image.png/content/dam/fom-website/drivers/M/MAXVER01_Max_Verstappen/maxver01.png.transform/1col/image.png
1271,9879,4,Lando NORRIS,NOR,Lando,Norris,McLaren,F47600,https://media.formula1.com/d_driver_fallback_image.png/content/dam/fom-website/drivers/L/LANNOR01_Lando_Norris/lannor01.png.transform/1col/image.png
1271,9879,5,Gabriel BORTOLETO,BOR,Gabriel,Bortoleto,Kick Sauber,01C00E,https://media.formula1.com/d_driver_fallback_image.png/content/dam/fom-website/drivers/G/GABBOR01_Gabriel_Bortoleto/gabbor01.png.transform/1col/image.png
1271,9879,6,Isack HADJAR,HAD,Isack,Hadjar,Racing Bulls,6C98FF,https://media.formula1.com/d_driver_fallback_image.png/content/dam/fom-website/drivers/I/ISAHAD01_Isack_Hadjar/isahad01.png.transform/1col/image.png
1271,9879,10,Pierre GASLY,GAS,Pierre,Gasly,Alpine,00A1E8,https://media.formula1.com/d_driver_fallback_image.png/content/dam/fom-website/drivers/P/PIEGAS01_Pierre_Gasly/piegas01.png.transform/1col/image.png
1271,9879,12,Kimi ANTONELLI,ANT,Kimi,Antonelli,Mercedes,00D7B6,https://media.formula1.com/d_driver_fallback_image.png/content/dam/fom-website/drivers/A/ANDANT01_Andrea%20Kimi_Antonelli/andant01.png.transform/1col/image.png
1271,9879,14,Fernando ALONSO,ALO,Fernando,Alonso,Aston Martin,229971,https://media.formula1.com/d_driver_fallback_image.png/content/dam/fom-website/drivers/F/FERALO01_Fernando_Alonso/feralo01.png.transform/1col/image.png
1271,9879,16,Charles LECLERC,LEC,Charles,Leclerc,Ferrari,ED1131,https://media.formula1.com/d_driver_fallback_image.png/content/dam/fom-website/drivers/C/CHALEC01_Charles_Leclerc/chalec01.png.transform/1col/image.png
1271,9879,18,Lance STROLL,STR,Lance,Stroll,Aston Martin,229971,https://media.formula1.com/d_driver_fallback_image.png/content/dam/fom-website/drivers/L/LANSTR01_Lance_Stroll/lanstr01.png.transform/1col/image.png
1271,9879,22,Yuki TSUNODA,TSU,Yuki,Tsunoda,Red Bull Racing,4781D7,https://media.formula1.com/d_driver_fallback_image.png/content/dam/fom-website/drivers/Y/YUKTSU01_Yuki_Tsunoda/yuktsu01.png.transform/1col/image.png
1271,9879,23,Alexander ALBON,ALB,Alexander,Albon,Williams,1868DB,https://media.formula1.com/d_driver_fallback_image.png/content/dam/fom-website/drivers/A/ALEALB01_Alexander_Albon/alealb01.png.transform/1col/image.png
1271,9879,27,Nico HULKENBERG,HUL,Nico,Hulkenberg,Kick Sauber,01C00E,https://media.formula1.com/d_driver_fallback_image.png/content/dam/fom-website/drivers/N/NICHUL01_Nico_Hulkenberg/nichul01.png.transform/1col/image.png
1271,9879,30,Liam LAWSON,LAW,Liam,Lawson,Racing Bulls,6C98FF,https://media.formula1.com/d_driver_fallback_image.png/content/dam/fom-website/drivers/L/LIALAW01_Liam_Lawson/lialaw01.png.transform/1col/image.png
1271,9879,31,Esteban OCON,OCO,Esteban,Ocon,Haas F1 Team,9C9FA2,https://media.formula1.com/d_driver_fallback_image.png/content/dam/fom-website/drivers/E/ESTOCO01_Esteban_Ocon/estoco01.png.transform/1col/image.png
1271,9879,43,Franco COLAPINTO,COL,Franco,Colapinto,Alpine,00A1E8,
1271,9879,44,Lewis HAMILTON,HAM,Lewis,Hamilton,Ferrari,ED1131,https://media.formula1.com/d_driver_fallback_image.png/content/dam/fom-website/drivers/L/LEWHAM01_Lewis_Hamilton/lewham01.png.transform/1col/image.png
1271,9879,55,Carlos SAINZ,SAI,Carlos,Sainz,Williams,1868DB,https://media.formula1.com/d_driver_fallback_image.png/content/dam/fom-website/drivers/C/CARSAI01_Carlos_Sainz/carsai01.png.transform/1col/image.png
1271,9879,63,George RUSSELL,RUS,George,Russell,Mercedes,00D7B6,https://media.formula1.com/d_driver_fallback_image.png/content/dam/fom-website/drivers/G/GEORUS01_George_Russell/georus01.png.transform/1col/image.png
1271,9879,81,Oscar PIASTRI,PIA,Oscar,Piastri,McLaren,F47600,https://media.formula1.com/d_driver_fallback_image.png/content/dam/fom-website/drivers/O/OSCPIA01_Oscar_Piastri/oscpia01.png.transform/1col/image.png
1271,9879,87,Oliver BEARMAN,BEA,Oliver,Bearman,Haas F1 Team,9C9FA2,https://media.formula1.com/d_driver_fallback_image.png/content/dam/fom-website/drivers/O/OLIBEA01_Oliver_Bearman/olibea01.png.transform/1col/image.png
1271,9883,1,Max VERSTAPPEN,VER,Max,Verstappen,Red Bull Racing,4781D7,https://media.formula1.com/d_driver_fallback_image.png/content/dam/fom-website/drivers/M/MAXVER01_Max_Verstappen/maxver01.png.transform/1col/image.png
1271,9883,4,Lando NORRIS,NOR,Lando,Norris,McLaren,F47600,https://media.formula1.com/d_driver_fallback_image.png/content/dam/fom-website/drivers/L/LANNOR01_Lando_Norris/lannor01.png.transform/1col/image.png
1271,9883,5,Gabriel BORTOLETO,BOR,Gabriel,Bortoleto,Kick Sauber,01C00E,https://media.formula1.com/d_driver_fallback_image.png/content/dam/fom-website/drivers/G/GABBOR01_Gabriel_Bortoleto/gabbor01.png.transform/1col/image.png
1271,9883,6,Isack HADJAR,HAD,Isack,Hadjar,Racing Bulls,6C98FF,https://media.formula1.com/d_driver_fallback_image.png/content/dam/fom-website/drivers/I/ISAHAD01_Isack_Hadjar/isahad01.png.transform/1col/image.png
1271,9883,10,Pierre GASLY,GAS,Pierre,Gasly,Alpine,00A1E8,https://media.formula1.com/d_driver_fallback_image.png/content/dam/fom-website/drivers/P/PIEGAS01_Pierre_Gasly/piegas01.png.transform/1col/image.png
1271,9883,12,Kimi ANTONELLI,ANT,Kimi,Antonelli,Mercedes,00D7B6,https://media.formula1.com/d_driver_fallback_image.png/content/dam/fom-website/drivers/A/ANDANT01_Andrea%20Kimi_Antonelli/andant01.png.transform/1col/image.png
1271,9883,14,Fernando ALONSO,ALO,Fernando,Alonso,Aston Martin,229971,https://media.formula1.com/d_driver_fallback_image.png/content/dam/fom-website/drivers/F/FERALO01_Fernando_Alonso/feralo01.png.transform/1col/image.png
1271,9883,16,Charles LECLERC,LEC,Charles,Leclerc,Ferrari,ED1131,https://media.formula1.com/d_driver_fallback_image.png/content/dam/fom-website/drivers/C/CHALEC01_Charles_Leclerc/chalec01.png.transform/1col/image.png
1271,9883,18,Lance STROLL,STR,Lance,Stroll,Aston Martin,229971,https://media.formula1.com/d_driver_fallback_image.png/content/dam/fom-website/drivers/L/LANSTR01_Lance_Stroll/lanstr01.png.transform/1col/image.png
1271,9883,22,Yuki TSUNODA,TSU,Yuki,Tsunoda,Red Bull Racing,4781D7,https://media.formula1.com/d_driver_fallback_image.png/content/dam/fom-website/drivers/Y/YUKTSU01_Yuki_Tsunoda/yuktsu01.png.transform/1col/image.png
1271,9883,23,Alexander ALBON,ALB,Alexander,Albon,Williams,1868DB,https://media.formula1.com/d_driver_fallback_image.png/content/dam/fom-website/drivers/A/ALEALB01_Alexander_Albon/alealb01.png.transform/1col/image.png
1271,9883,27,Nico HULKENBERG,HUL,Nico,Hulkenberg,Kick Sauber,01C00E,https://media.formula1.com/d_driver_fallback_image.png/content/dam/fom-website/drivers/N/NICHUL01_Nico_Hulkenberg/nichul01.png.transform/1col/image.png
1271,9883,30,Liam LAWSON,LAW,Liam,Lawson,Racing Bulls,6C98FF,https://media.formula1.com/d_driver_fallback_image.png/content/dam/fom-website/drivers/L/LIALAW01_Liam_Lawson/lialaw01.png.transform/1col/image.png
1271,9883,31,Esteban OCON,OCO,Esteban,Ocon,Haas F1 Team,9C9FA2,https://media.formula1.com/d_driver_fallback_image.png/content/dam/fom-website/drivers/E/ESTOCO01_Esteban_Ocon/estoco01.png.transform/1col/image.png
1271,9883,43,Franco COLAPINTO,COL,Franco,Colapinto,Alpine,00A1E8,
1271,9883,44,Lewis HAMILTON,HAM,Lewis,Hamilton,Ferrari,ED1131,https://media.formula1.com/d_driver_fallback_image.png/content/dam/fom-website/drivers/L/LEWHAM01_Lewis_Hamilton/lewham01.png.transform/1col/image.png
1271,9883,55,Carlos SAINZ,SAI,Carlos,Sainz,Williams,1868DB,https://media.formula1.com/d_driver_fallback_image.png/content/dam/fom-website/drivers/C/CARSAI01_Carlos_Sainz/carsai01.png.transform/1col/image.png
1271,9883,63,George RUSSELL,RUS,George,Russell,Mercedes,00D7B6,https://media.formula1.com/d_driver_fallback_image.png/content/dam/fom-website/drivers/G/GEORUS01_George_Russell/georus01.png.transform/1col/image.png
1271,9883,81,Oscar PIASTRI,PIA,Oscar,Piastri,McLaren,F47600,https://media.formula1.com/d_driver_fallback_image.png/content/dam/fom-website/drivers/O/OSCPIA01_Oscar_Piastri/oscpia01.png.transform/1col/image.png
1271,9883,87,Oliver BEARMAN,BEA,Oliver,Bearman,Haas F1 Team,9C9FA2,https://media.formula1.com/d_driver_fallback_image.png/content/dam/fom-website/drivers/O/OLIBEA01_Oliver_Bearman/olibea01.png.transform/1col/image.png
1271,9884,1,Max VERSTAPPEN,VER,Max,Verstappen,Red Bull Racing,4781D7,https://media.formula1.com/d_driver_fallback_image.png/content/dam/fom-website/drivers/M/MAXVER01_Max_Verstappen/maxver01.png.transform/1col/image.png
1271,9884,4,Lando NORRIS,NOR,Lando,Norris,McLaren,F47600,https://media.formula1.com/d_driver_fallback_image.png/content/dam/fom-website/drivers/L/LANNOR01_Lando_Norris/lannor01.png.transform/1col/image.png
1271,9884,5,Gabriel BORTOLETO,BOR,Gabriel,Bortoleto,Kick Sauber,01C00E,https://media.formula1.com/d_driver_fallback_image.png/content/dam/fom-website/drivers/G/GABBOR01_Gabriel_Bortoleto/gabbor01.png.transform/1col/image.png
1271,9884,6,Isack HADJAR,HAD,Isack,Hadjar,Racing Bulls,6C98FF,https://media.formula1.com/d_driver_fallback_image.png/content/dam/fom-website/drivers/I/ISAHAD01_Isack_Hadjar/isahad01.png.transform/1col/image.png
1271,9884,10,Pierre GASLY,GAS,Pierre,Gasly,Alpine,00A1E8,https://media.formula1.com/d_driver_fallback_image.png/content/dam/fom-website/drivers/P/PIEGAS01_Pierre_Gasly/piegas01.png.transform/1col/image.png
1271,9884,12,Kimi ANTONELLI,ANT,Kimi,Antonelli,Mercedes,00D7B6,https://media.formula1.com/d_driver_fallback_image.png/content/dam/fom-website/drivers/A/ANDANT01_Andrea%20Kimi_Antonelli/andant01.png.transform/1col/image.png
1271,9884,14,Fernando ALONSO,ALO,Fernando,Alonso,Aston Martin,229971,https://media.formula1.com/d_driver_fallback_image.png/content/dam/fom-website/drivers/F/FERALO01_Fernando_Alonso/feralo01.png.transform/1col/image.png
1271,9884,16,Charles LECLERC,LEC,Charles,Leclerc,Ferrari,ED1131,https://media.formula1.com/d_driver_fallback_image.png/content/dam/fom-website/drivers/C/CHALEC01_Charles_Leclerc/chalec01.png.transform/1col/image.png
1271,9884,18,Lance STROLL,STR,Lance,Stroll,Aston Martin,229971,https://media.formula1.com/d_driver_fallback_image.png/content/dam/fom-website/drivers/L/LANSTR01_Lance_Stroll/lanstr01.png.transform/1col/image.png
1271,9884,22,Yuki TSUNODA,TSU,Yuki,Tsunoda,Red Bull Racing,4781D7,https://media.formula1.com/d_driver_fallback_image.png/content/dam/fom-website/drivers/Y/YUKTSU01_Yuki_Tsunoda/yuktsu01.png.transform/1col/image.png
1271,9884,23,Alexander ALBON,ALB,Alexander,Albon,Williams,1868DB,https://media.formula1.com/d_driver_fallback_image.png/content/dam/fom-website/drivers/A/ALEALB01_Alexander_Albon/alealb01.png.transform/1col/image.png
1271,9884,27,Nico HULKENBERG,HUL,Nico,Hulkenberg,Kick Sauber,01C00E,https://media.formula1.com/d_driver_fallback_image.png/content/dam/fom-website/drivers/N/NICHUL01_Nico_Hulkenberg/nichul01.png.transform/1col/image.png
1271,9884,30,Liam LAWSON,LAW,Liam,Lawson,Racing Bulls,6C98FF,https://media.formula1.com/d_driver_fallback_image.png/content/dam/fom-website/drivers/L/LIALAW01_Liam_Lawson/lialaw01.png.transform/1col/image.png
1271,9884,31,Esteban OCON,OCO,Esteban,Ocon,Haas F1 Team,9C9FA2,https://media.formula1.com/d_driver_fallback_image.png/content/dam/fom-website/drivers/E/ESTOCO01_Esteban_Ocon/estoco01.png.transform/1col/image.png
1271,9884,43,Franco COLAPINTO,COL,Franco,Colapinto,Alpine,00A1E8,
1271,9884,44,Lewis HAMILTON,HAM,Lewis,Hamilton,Ferrari,ED1131,https://media.formula1.com/d_driver_fallback_image.png/content/dam/fom-website/drivers/L/LEWHAM01_Lewis_Hamilton/lewham01.png.transform/1col/image.png
1271,9884,55,Carlos SAINZ,SAI,Carlos,Sainz,Williams,1868DB,https://media.formula1.com/d_driver_fallback_image.png/content/dam/fom-website/drivers/C/CARSAI01_Carlos_Sainz/carsai01.png.transform/1col/image.png
1271,9884,63,George RUSSELL,RUS,George,Russell,Mercedes,00D7B6,https://media.formula1.com/d_driver_fallback_image.png/content/dam/fom-website/drivers/G/GEORUS01_George_Russell/georus01.png.transform/1col/image.png
1271,9884,81,Oscar PIASTRI,PIA,Oscar,Piastri,McLaren,F47600,https://media.formula1.com/d_driver_fallback_image.png/content/dam/fom-website/drivers/O/OSCPIA01_Oscar_Piastri/oscpia01.png.transform/1col/image.png
1271,9884,87,Oliver BEARMAN,BEA,Oliver,Bearman,Haas F1 Team,9C9FA2,https://media.formula1.com/d_driver_fallback_image.png/content/dam/fom-website/drivers/O/OLIBEA01_Oliver_Bearman/olibea01.png.transform/1col/image.png
1271,9888,1,Max VERSTAPPEN,VER,Max,Verstappen,Red Bull Racing,4781D7,https://media.formula1.com/d_driver_fallback_image.png/content/dam/fom-website/drivers/M/MAXVER01_Max_Verstappen/maxver01.png.transform/1col/image.png
1271,9888,4,Lando NORRIS,NOR,Lando,Norris,McLaren,F47600,https://media.formula1.com/d_driver_fallback_image.png/content/dam/fom-website/drivers/L/LANNOR01_Lando_Norris/lannor01.png.transform/1col/image.png
1271,9888,5,Gabriel BORTOLETO,BOR,Gabriel,Bortoleto,Kick Sauber,01C00E,https://media.formula1.com/d_driver_fallback_image.png/content/dam/fom-website/drivers/G/GABBOR01_Gabriel_Bortoleto/gabbor01.png.transform/1col/image.png
1271,9888,6,Isack HADJAR,HAD,Isack,Hadjar,Racing Bulls,6C98FF,https://media.formula1.com/d_driver_fallback_image.png/content/dam/fom-website/drivers/I/ISAHAD01_Isack_Hadjar/isahad01.png.transform/1col/image.png
1271,9888,10,Pierre GASLY,GAS,Pierre,Gasly,Alpine,00A1E8,https://media.formula1.com/d_driver_fallback_image.png/content/dam/fom-website/drivers/P/PIEGAS01_Pierre_Gasly/piegas01.png.transform/1col/image.png
1271,9888,12,Kimi ANTONELLI,ANT,Kimi,Antonelli,Mercedes,00D7B6,https://media.formula1.com/d_driver_fallback_image.png/content/dam/fom-website/drivers/A/ANDANT01_Andrea%20Kimi_Antonelli/andant01.png.transform/1col/image.png
1271,9888,14,Fernando ALONSO,ALO,Fernando,Alonso,Aston Martin,229971,https://media.formula1.com/d_driver_fallback_image.png/content/dam/fom-website/drivers/F/FERALO01_Fernando_Alonso/feralo01.png.transform/1col/image.png
1271,9888,16,Charles LECLERC,LEC,Charles,Leclerc,Ferrari,ED1131,https://media.formula1.com/d_driver_fallback_image.png/content/dam/fom-website/drivers/C/CHALEC01_Charles_Leclerc/chalec01.png.transform/1col/image.png
1271,9888,18,Lance STROLL,STR,Lance,Stroll,Aston Martin,229971,https://media.formula1.com/d_driver_fallback_image.png/content/dam/fom-website/drivers/L/LANSTR01_Lance_Stroll/lanstr01.png.transform/1col/image.png
1271,9888,22,Yuki TSUNODA,TSU,Yuki,Tsunoda,Red Bull Racing,4781D7,https://media.formula1.com/d_driver_fallback_image.png/content/dam/fom-website/drivers/Y/YUKTSU01_Yuki_Tsunoda/yuktsu01.png.transform/1col/image.png
1271,9888,23,Alexander ALBON,ALB,Alexander,Albon,Williams,1868DB,https://media.formula1.com/d_driver_fallback_image.png/content/dam/fom-website/drivers/A/ALEALB01_Alexander_Albon/alealb01.png.transform/1col/image.png
1271,9888,27,Nico HULKENBERG,HUL,Nico,Hulkenberg,Kick Sauber,01C00E,https://media.formula1.com/d_driver_fallback_image.png/content/dam/fom-website/drivers/N/NICHUL01_Nico_Hulkenberg/nichul01.png.transform/1col/image.png
1271,9888,30,Liam LAWSON,LAW,Liam,Lawson,Racing Bulls,6C98FF,https://media.formula1.com/d_driver_fallback_image.png/content/dam/fom-website/drivers/L/LIALAW01_Liam_Lawson/lialaw01.png.transform/1col/image.png
1271,9888,31,Esteban OCON,OCO,Esteban,Ocon,Haas F1 Team,9C9FA2,https://media.formula1.com/d_driver_fallback_image.png/content/dam/fom-website/drivers/E/ESTOCO01_Esteban_Ocon/estoco01.png.transform/1col/image.png
1271,9888,43,Franco COLAPINTO,COL,Franco,Colapinto,Alpine,00A1E8,
1271,9888,44,Lewis HAMILTON,HAM,Lewis,Hamilton,Ferrari,ED1131,https://media.formula1.com/d_driver_fallback_image.png/content/dam/fom-website/drivers/L/LEWHAM01_Lewis_Hamilton/lewham01.png.transform/1col/image.png
1271,9888,55,Carlos SAINZ,SAI,Carlos,Sainz,Williams,1868DB,https://media.formula1.com/d_driver_fallback_image.png/content/dam/fom-website/drivers/C/CARSAI01_Carlos_Sainz/carsai01.png.transform/1col/image.png
1271,9888,63,George RUSSELL,RUS,George,Russell,Mercedes,00D7B6,https://media.formula1.com/d_driver_fallback_image.png/content/dam/fom-website/drivers/G/GEORUS01_George_Russell/georus01.png.transform/1col/image.png
1271,9888,81,Oscar PIASTRI,PIA,Oscar,Piastri,McLaren,F47600,https://media.formula1.com/d_driver_fallback_image.png/content/dam/fom-website/drivers/O/OSCPIA01_Oscar_Piastri/oscpia01.png.transform/1col/image.png
1271,9888,87,Oliver BEARMAN,BEA,Oliver,Bearman,Haas F1 Team,9C9FA2,https://media.formula1.com/d_driver_fallback_image.png/content/dam/fom-website/drivers/O/OLIBEA01_Oliver_Bearman/olibea01.png.transform/1col/image.png
1272,9870,5,Gabriel BORTOLETO,BOR,Gabriel,Bortoleto,Kick Sauber,01C00E,https://media.formula1.com/d_driver_fallback_image.png/content/dam/fom-website/drivers/G/GABBOR01_Gabriel_Bortoleto/gabbor01.png.transform/1col/image.png
1272,9870,6,Isack HADJAR,HAD,Isack,Hadjar,Racing Bulls,6C98FF,https://media.formula1.com/d_driver_fallback_image.png/content/dam/fom-website/drivers/I/ISAHAD01_Isack_Hadjar/isahad01.png.transform/1col/image.png
1272,9870,12,Kimi ANTONELLI,ANT,Kimi,Antonelli,Mercedes,00D7B6,https://media.formula1.com/d_driver_fallback_image.png/content/dam/fom-website/drivers/A/ANDANT01_Andrea%20Kimi_Antonelli/andant01.png.transform/1col/image.png
1272,9870,14,Fernando ALONSO,ALO,Fernando,Alonso,Aston Martin,229971,https://media.formula1.com/d_driver_fallback_image.png/content/dam/fom-website/drivers/F/FERALO01_Fernando_Alonso/feralo01.png.transform/1col/image.png
1272,9870,16,Charles LECLERC,LEC,Charles,Leclerc,Ferrari,ED1131,https://media.formula1.com/d_driver_fallback_image.png/content/dam/fom-website/drivers/C/CHALEC01_Charles_Leclerc/chalec01.png.transform/1col/image.png
1272,9870,22,Yuki TSUNODA,TSU,Yuki,Tsunoda,Red Bull Racing,4781D7,https://media.formula1.com/d_driver_fallback_image.png/content/dam/fom-website/drivers/Y/YUKTSU01_Yuki_Tsunoda/yuktsu01.png.transform/1col/image.png
1272,9870,23,Alexander ALBON,ALB,Alexander,Albon,Williams,1868DB,https://media.formula1.com/d_driver_fallback_image.png/content/dam/fom-website/drivers/A/ALEALB01_Alexander_Albon/alealb01.png.transform/1col/image.png
1272,9870,27,Nico HULKENBERG,HUL,Nico,Hulkenberg,Kick Sauber,01C00E,https://media.formula1.com/d_driver_fallback_image.png/content/dam/fom-website/drivers/N/NICHUL01_Nico_Hulkenberg/nichul01.png.transform/1col/image.png
1272,9870,31,Esteban OCON,OCO,Esteban,Ocon,Haas F1 Team,9C9FA2,https://media.formula1.com/d_driver_fallback_image.png/content/dam/fom-website/drivers/E/ESTOCO01_Esteban_Ocon/estoco01.png.transform/1col/image.png
1272,9870,35,Jak CRAWFORD,CRA,Jak,Crawford,Aston Martin,229971,
1272,9870,36,Arvid LINDBLAD,LIN,Arvid,Lindblad,Red Bull Racing,4781D7,
1272,9870,38,Antonio FUOCO,FUO,Antonio,Fuoco,Ferrari,ED1131,
1272,9870,40,Ayumu IWASA,IWA,Ayumu,Iwasa,Racing Bulls,6C98FF,
1272,9870,43,Franco COLAPINTO,COL,Franco,Colapinto,Alpine,00A1E8,
1272,9870,46,Luke BROWNING,BRO,Luke,Browning,Williams,1868DB,
1272,9870,50,Ryo HIRAKAWA,HIR,Ryo,Hirakawa,Haas F1 Team,9C9FA2,
1272,9870,61,Paul ARON,ARO,Paul,Aron,Alpine,00A1E8,
1272,9870,72,Frederik VESTI,VES,Frederik,Vesti,Mercedes,00D7B6,
1272,9870,81,Oscar PIASTRI,PIA,Oscar,Piastri,McLaren,F47600,https://media.formula1.com/d_driver_fallback_image.png/content/dam/fom-website/drivers/O/OSCPIA01_Oscar_Piastri/oscpia01.png.transform/1col/image.png
1272,9870,89,Patricio O'WARD,OWA,Patricio,O'Ward,McLaren,F47600,
1272,9871,1,Max VERSTAPPEN,VER,Max,Verstappen,Red Bull Racing,4781D7,https://media.formula1.com/d_driver_fallback_image.png/content/dam/fom-website/drivers/M/MAXVER01_Max_Verstappen/maxver01.png.transform/1col/image.png
1272,9871,4,Lando NORRIS,NOR,Lando,Norris,McLaren,F47600,https://media.formula1.com/d_driver_fallback_image.png/content/dam/fom-website/drivers/L/LANNOR01_Lando_Norris/lannor01.png.transform/1col/image.png
1272,9871,5,Gabriel BORTOLETO,BOR,Gabriel,Bortoleto,Kick Sauber,01C00E,https://media.formula1.com/d_driver_fallback_image.png/content/dam/fom-website/drivers/G/GABBOR01_Gabriel_Bortoleto/gabbor01.png.transform/1col/image.png
1272,9871,6,Isack HADJAR,HAD,Isack,Hadjar,Racing Bulls,6C98FF,https://media.formula1.com/d_driver_fallback_image.png/content/dam/fom-website/drivers/I/ISAHAD01_Isack_Hadjar/isahad01.png.transform/1col/image.png
1272,9871,10,Pierre GASLY,GAS,Pierre,Gasly,Alpine,00A1E8,https://media.formula1.com/d_driver_fallback_image.png/content/dam/fom-website/drivers/P/PIEGAS01_Pierre_Gasly/piegas01.png.transform/1col/image.png
1272,9871,12,Kimi ANTONELLI,ANT,Kimi,Antonelli,Mercedes,00D7B6,https://media.formula1.com/d_driver_fallback_image.png/content/dam/fom-website/drivers/A/ANDANT01_Andrea%20Kimi_Antonelli/andant01.png.transform/1col/image.png
1272,9871,14,Fernando ALONSO,ALO,Fernando,Alonso,Aston Martin,229971,https://media.formula1.com/d_driver_fallback_image.png/content/dam/fom-website/drivers/F/FERALO01_Fernando_Alonso/feralo01.png.transform/1col/image.png
1272,9871,16,Charles LECLERC,LEC,Charles,Leclerc,Ferrari,ED1131,https://media.formula1.com/d_driver_fallback_image.png/content/dam/fom-website/drivers/C/CHALEC01_Charles_Leclerc/chalec01.png.transform/1col/image.png
1272,9871,18,Lance STROLL,STR,Lance,Stroll,Aston Martin,229971,https://media.formula1.com/d_driver_fallback_image.png/content/dam/fom-website/drivers/L/LANSTR01_Lance_Stroll/lanstr01.png.transform/1col/image.png
1272,9871,22,Yuki TSUNODA,TSU,Yuki,Tsunoda,Red Bull Racing,4781D7,https://media.formula1.com/d_driver_fallback_image.png/content/dam/fom-website/drivers/Y/YUKTSU01_Yuki_Tsunoda/yuktsu01.png.transform/1col/image.png
1272,9871,23,Alexander ALBON,ALB,Alexander,Albon,Williams,1868DB,https://media.formula1.com/d_driver_fallback_image.png/content/dam/fom-website/drivers/A/ALEALB01_Alexander_Albon/alealb01.png.transform/1col/image.png
1272,9871,27,Nico HULKENBERG,HUL,Nico,Hulkenberg,Kick Sauber,01C00E,https://media.formula1.com/d_driver_fallback_image.png/content/dam/fom-website/drivers/N/NICHUL01_Nico_Hulkenberg/nichul01.png.transform/1col/image.png
1272,9871,30,Liam LAWSON,LAW,Liam,Lawson,Racing Bulls,6C98FF,https://media.formula1.com/d_driver_fallback_image.png/content/dam/fom-website/drivers/L/LIALAW01_Liam_Lawson/lialaw01.png.transform/1col/image.png
1272,9871,31,Esteban OCON,OCO,Esteban,Ocon,Haas F1 Team,9C9FA2,https://media.formula1.com/d_driver_fallback_image.png/content/dam/fom-website/drivers/E/ESTOCO01_Esteban_Ocon/estoco01.png.transform/1col/image.png
1272,9871,43,Franco COLAPINTO,COL,Franco,Colapinto,Alpine,00A1E8,
1272,9871,44,Lewis HAMILTON,HAM,Lewis,Hamilton,Ferrari,ED1131,https://media.formula1.com/d_driver_fallback_image.png/content/dam/fom-website/drivers/L/LEWHAM01_Lewis_Hamilton/lewham01.png.transform/1col/image.png
1272,9871,55,Carlos SAINZ,SAI,Carlos,Sainz,Williams,1868DB,https://media.formula1.com/d_driver_fallback_image.png/content/dam/fom-website/drivers/C/CARSAI01_Carlos_Sainz/carsai01.png.transform/1col/image.png
1272,9871,63,George RUSSELL,RUS,George,Russell,Mercedes,00D7B6,https://media.formula1.com/d_driver_fallback_image.png/content/dam/fom-website/drivers/G/GEORUS01_George_Russell/georus01.png.transform/1col/image.png
1272,9871,81,Oscar PIASTRI,PIA,Oscar,Piastri,McLaren,F47600,https://media.formula1.com/d_driver_fallback_image.png/content/dam/fom-website/drivers/O/OSCPIA01_Oscar_Piastri/oscpia01.png.transform/1col/image.png
1272,9871,87,Oliver BEARMAN,BEA,Oliver,Bearman,Haas F1 Team,9C9FA2,https://media.formula1.com/d_driver_fallback_image.png/content/dam/fom-website/drivers/O/OLIBEA01_Oliver_Bearman/olibea01.png.transform/1col/image.png
1272,9872,1,Max VERSTAPPEN,VER,Max,Verstappen,Red Bull Racing,4781D7,https://media.formula1.com/d_driver_fallback_image.png/content/dam/fom-website/drivers/M/MAXVER01_Max_Verstappen/maxver01.png.transform/1col/image.png
1272,9872,4,Lando NORRIS,NOR,Lando,Norris,McLaren,F47600,https://media.formula1.com/d_driver_fallback_image.png/content/dam/fom-website/drivers/L/LANNOR01_Lando_Norris/lannor01.png.transform/1col/image.png
1272,9872,5,Gabriel BORTOLETO,BOR,Gabriel,Bortoleto,Kick Sauber,01C00E,https://media.formula1.com/d_driver_fallback_image.png/content/dam/fom-website/drivers/G/GABBOR01_Gabriel_Bortoleto/gabbor01.png.transform/1col/image.png
1272,9872,6,Isack HADJAR,HAD,Isack,Hadjar,Racing Bulls,6C98FF,https://media.formula1.com/d_driver_fallback_image.png/content/dam/fom-website/drivers/I/ISAHAD01_Isack_Hadjar/isahad01.png.transform/1col/image.png
1272,9872,10,Pierre GASLY,GAS,Pierre,Gasly,Alpine,00A1E8,https://media.formula1.com/d_driver_fallback_image.png/content/dam/fom-website/drivers/P/PIEGAS01_Pierre_Gasly/piegas01.png.transform/1col/image.png
1272,9872,12,Kimi ANTONELLI,ANT,Kimi,Antonelli,Mercedes,00D7B6,https://media.formula1.com/d_driver_fallback_image.png/content/dam/fom-website/drivers/A/ANDANT01_Andrea%20Kimi_Antonelli/andant01.png.transform/1col/image.png
1272,9872,14,Fernando ALONSO,ALO,Fernando,Alonso,Aston Martin,229971,https://media.formula1.com/d_driver_fallback_image.png/content/dam/fom-website/drivers/F/FERALO01_Fernando_Alonso/feralo01.png.transform/1col/image.png
1272,9872,16,Charles LECLERC,LEC,Charles,Leclerc,Ferrari,ED1131,https://media.formula1.com/d_driver_fallback_image.png/content/dam/fom-website/drivers/C/CHALEC01_Charles_Leclerc/chalec01.png.transform/1col/image.png
1272,9872,18,Lance STROLL,STR,Lance,Stroll,Aston Martin,229971,https://media.formula1.com/d_driver_fallback_image.png/content/dam/fom-website/drivers/L/LANSTR01_Lance_Stroll/lanstr01.png.transform/1col/image.png
1272,9872,22,Yuki TSUNODA,TSU,Yuki,Tsunoda,Red Bull Racing,4781D7,https://media.formula1.com/d_driver_fallback_image.png/content/dam/fom-website/drivers/Y/YUKTSU01_Yuki_Tsunoda/yuktsu01.png.transform/1col/image.png
1272,9872,23,Alexander ALBON,ALB,Alexander,Albon,Williams,1868DB,https://media.formula1.com/d_driver_fallback_image.png/content/dam/fom-website/drivers/A/ALEALB01_Alexander_Albon/alealb01.png.transform/1col/image.png
1272,9872,27,Nico HULKENBERG,HUL,Nico,Hulkenberg,Kick Sauber,01C00E,https://media.formula1.com/d_driver_fallback_image.png/content/dam/fom-website/drivers/N/NICHUL01_Nico_Hulkenberg/nichul01.png.transform/1col/image.png
1272,9872,30,Liam LAWSON,LAW,Liam,Lawson,Racing Bulls,6C98FF,https://media.formula1.com/d_driver_fallback_image.png/content/dam/fom-website/drivers/L/LIALAW01_Liam_Lawson/lialaw01.png.transform/1col/image.png
1272,9872,31,Esteban OCON,OCO,Esteban,Ocon,Haas F1 Team,9C9FA2,https://media.formula1.com/d_driver_fallback_image.png/content/dam/fom-website/drivers/E/ESTOCO01_Esteban_Ocon/estoco01.png.transform/1col/image.png
1272,9872,43,Franco COLAPINTO,COL,Franco,Colapinto,Alpine,00A1E8,
1272,9872,44,Lewis HAMILTON,HAM,Lewis,Hamilton,Ferrari,ED1131,https://media.formula1.com/d_driver_fallback_image.png/content/dam/fom-website/drivers/L/LEWHAM01_Lewis_Hamilton/lewham01.png.transform/1col/image.png
1272,9872,55,Carlos SAINZ,SAI,Carlos,Sainz,Williams,1868DB,https://media.formula1.com/d_driver_fallback_image.png/content/dam/fom-website/drivers/C/CARSAI01_Carlos_Sainz/carsai01.png.transform/1col/image.png
1272,9872,63,George RUSSELL,RUS,George,Russell,Mercedes,00D7B6,https://media.formula1.com/d_driver_fallback_image.png/content/dam/fom-website/drivers/G/GEORUS01_George_Russell/georus01.png.transform/1col/image.png
1272,9872,81,Oscar PIASTRI,PIA,Oscar,Piastri,McLaren,F47600,https://media.formula1.com/d_driver_fallback_image.png/content/dam/fom-website/drivers/O/OSCPIA01_Oscar_Piastri/oscpia01.png.transform/1col/image.png
1272,9872,87,Oliver BEARMAN,BEA,Oliver,Bearman,Haas F1 Team,9C9FA2,https://media.formula1.com/d_driver_fallback_image.png/content/dam/fom-website/drivers/O/OLIBEA01_Oliver_Bearman/olibea01.png.transform/1col/image.png
1272,9873,1,Max VERSTAPPEN,VER,Max,Verstappen,Red Bull Racing,4781D7,https://media.formula1.com/d_driver_fallback_image.png/content/dam/fom-website/drivers/M/MAXVER01_Max_Verstappen/maxver01.png.transform/1col/image.png
1272,9873,4,Lando NORRIS,NOR,Lando,Norris,McLaren,F47600,https://media.formula1.com/d_driver_fallback_image.png/content/dam/fom-website/drivers/L/LANNOR01_Lando_Norris/lannor01.png.transform/1col/image.png
1272,9873,5,Gabriel BORTOLETO,BOR,Gabriel,Bortoleto,Kick Sauber,01C00E,https://media.formula1.com/d_driver_fallback_image.png/content/dam/fom-website/drivers/G/GABBOR01_Gabriel_Bortoleto/gabbor01.png.transform/1col/image.png
1272,9873,6,Isack HADJAR,HAD,Isack,Hadjar,Racing Bulls,6C98FF,https://media.formula1.com/d_driver_fallback_image.png/content/dam/fom-website/drivers/I/ISAHAD01_Isack_Hadjar/isahad01.png.transform/1col/image.png
1272,9873,10,Pierre GASLY,GAS,Pierre,Gasly,Alpine,00A1E8,https://media.formula1.com/d_driver_fallback_image.png/content/dam/fom-website/drivers/P/PIEGAS01_Pierre_Gasly/piegas01.png.transform/1col/image.png
1272,9873,12,Kimi ANTONELLI,ANT,Kimi,Antonelli,Mercedes,00D7B6,https://media.formula1.com/d_driver_fallback_image.png/content/dam/fom-website/drivers/A/ANDANT01_Andrea%20Kimi_Antonelli/andant01.png.transform/1col/image.png
1272,9873,14,Fernando ALONSO,ALO,Fernando,Alonso,Aston Martin,229971,https://media.formula1.com/d_driver_fallback_image.png/content/dam/fom-website/drivers/F/FERALO01_Fernando_Alonso/feralo01.png.transform/1col/image.png
1272,9873,16,Charles LECLERC,LEC,Charles,Leclerc,Ferrari,ED1131,https://media.formula1.com/d_driver_fallback_image.png/content/dam/fom-website/drivers/C/CHALEC01_Charles_Leclerc/chalec01.png.transform/1col/image.png
1272,9873,18,Lance STROLL,STR,Lance,Stroll,Aston Martin,229971,https://media.formula1.com/d_driver_fallback_image.png/content/dam/fom-website/drivers/L/LANSTR01_Lance_Stroll/lanstr01.png.transform/1col/image.png
1272,9873,22,Yuki TSUNODA,TSU,Yuki,Tsunoda,Red Bull Racing,4781D7,https://media.formula1.com/d_driver_fallback_image.png/content/dam/fom-website/drivers/Y/YUKTSU01_Yuki_Tsunoda/yuktsu01.png.transform/1col/image.png
1272,9873,23,Alexander ALBON,ALB,Alexander,Albon,Williams,1868DB,https://media.formula1.com/d_driver_fallback_image.png/content/dam/fom-website/drivers/A/ALEALB01_Alexander_Albon/alealb01.png.transform/1col/image.png
1272,9873,27,Nico HULKENBERG,HUL,Nico,Hulkenberg,Kick Sauber,01C00E,https://media.formula1.com/d_driver_fallback_image.png/content/dam/fom-website/drivers/N/NICHUL01_Nico_Hulkenberg/nichul01.png.transform/1col/image.png
1272,9873,30,Liam LAWSON,LAW,Liam,Lawson,Racing Bulls,6C98FF,https://media.formula1.com/d_driver_fallback_image.png/content/dam/fom-website/drivers/L/LIALAW01_Liam_Lawson/lialaw01.png.transform/1col/image.png
1272,9873,31,Esteban OCON,OCO,Esteban,Ocon,Haas F1 Team,9C9FA2,https://media.formula1.com/d_driver_fallback_image.png/content/dam/fom-website/drivers/E/ESTOCO01_Esteban_Ocon/estoco01.png.transform/1col/image.png
1272,9873,43,Franco COLAPINTO,COL,Franco,Colapinto,Alpine,00A1E8,
1272,9873,44,Lewis HAMILTON,HAM,Lewis,Hamilton,Ferrari,ED1131,https://media.formula1.com/d_driver_fallback_image.png/content/dam/fom-website/drivers/L/LEWHAM01_Lewis_Hamilton/lewham01.png.transform/1col/image.png
1272,9873,55,Carlos SAINZ,SAI,Carlos,Sainz,Williams,1868DB,https://media.formula1.com/d_driver_fallback_image.png/content/dam/fom-website/drivers/C/CARSAI01_Carlos_Sainz/carsai01.png.transform/1col/image.png
1272,9873,63,George RUSSELL,RUS,George,Russell,Mercedes,00D7B6,https://media.formula1.com/d_driver_fallback_image.png/content/dam/fom-website/drivers/G/GEORUS01_George_Russell/georus01.png.transform/1col/image.png
1272,9873,81,Oscar PIASTRI,PIA,Oscar,Piastri,McLaren,F47600,https://media.formula1.com/d_driver_fallback_image.png/content/dam/fom-website/drivers/O/OSCPIA01_Oscar_Piastri/oscpia01.png.transform/1col/image.png
1272,9873,87,Oliver BEARMAN,BEA,Oliver,Bearman,Haas F1 Team,9C9FA2,https://media.formula1.com/d_driver_fallback_image.png/content/dam/fom-website/drivers/O/OLIBEA01_Oliver_Bearman/olibea01.png.transform/1col/image.png
1272,9877,1,Max VERSTAPPEN,VER,Max,Verstappen,Red Bull Racing,4781D7,https://media.formula1.com/d_driver_fallback_image.png/content/dam/fom-website/drivers/M/MAXVER01_Max_Verstappen/maxver01.png.transform/1col/image.png
1272,9877,4,Lando NORRIS,NOR,Lando,Norris,McLaren,F47600,https://media.formula1.com/d_driver_fallback_image.png/content/dam/fom-website/drivers/L/LANNOR01_Lando_Norris/lannor01.png.transform/1col/image.png
1272,9877,5,Gabriel BORTOLETO,BOR,Gabriel,Bortoleto,Kick Sauber,01C00E,https://media.formula1.com/d_driver_fallback_image.png/content/dam/fom-website/drivers/G/GABBOR01_Gabriel_Bortoleto/gabbor01.png.transform/1col/image.png
1272,9877,6,Isack HADJAR,HAD,Isack,Hadjar,Racing Bulls,6C98FF,https://media.formula1.com/d_driver_fallback_image.png/content/dam/fom-website/drivers/I/ISAHAD01_Isack_Hadjar/isahad01.png.transform/1col/image.png
1272,9877,10,Pierre GASLY,GAS,Pierre,Gasly,Alpine,00A1E8,https://media.formula1.com/d_driver_fallback_image.png/content/dam/fom-website/drivers/P/PIEGAS01_Pierre_Gasly/piegas01.png.transform/1col/image.png
1272,9877,12,Kimi ANTONELLI,ANT,Kimi,Antonelli,Mercedes,00D7B6,https://media.formula1.com/d_driver_fallback_image.png/content/dam/fom-website/drivers/A/ANDANT01_Andrea%20Kimi_Antonelli/andant01.png.transform/1col/image.png
1272,9877,14,Fernando ALONSO,ALO,Fernando,Alonso,Aston Martin,229971,https://media.formula1.com/d_driver_fallback_image.png/content/dam/fom-website/drivers/F/FERALO01_Fernando_Alonso/feralo01.png.transform/1col/image.png
1272,9877,16,Charles LECLERC,LEC,Charles,Leclerc,Ferrari,ED1131,https://media.formula1.com/d_driver_fallback_image.png/content/dam/fom-website/drivers/C/CHALEC01_Charles_Leclerc/chalec01.png.transform/1col/image.png
1272,9877,18,Lance STROLL,STR,Lance,Stroll,Aston Martin,229971,https://media.formula1.com/d_driver_fallback_image.png/content/dam/fom-website/drivers/L/LANSTR01_Lance_Stroll/lanstr01.png.transform/1col/image.png
1272,9877,22,Yuki TSUNODA,TSU,Yuki,Tsunoda,Red Bull Racing,4781D7,https://media.formula1.com/d_driver_fallback_image.png/content/dam/fom-website/drivers/Y/YUKTSU01_Yuki_Tsunoda/yuktsu01.png.transform/1col/image.png
1272,9877,23,Alexander ALBON,ALB,Alexander,Albon,Williams,1868DB,https://media.formula1.com/d_driver_fallback_image.png/content/dam/fom-website/drivers/A/ALEALB01_Alexander_Albon/alealb01.png.transform/1col/image.png
1272,9877,27,Nico HULKENBERG,HUL,Nico,Hulkenberg,Kick Sauber,01C00E,https://media.formula1.com/d_driver_fallback_image.png/content/dam/fom-website/drivers/N/NICHUL01_Nico_Hulkenberg/nichul01.png.transform/1col/image.png
1272,9877,30,Liam LAWSON,LAW,Liam,Lawson,Racing Bulls,6C98FF,https://media.formula1.com/d_driver_fallback_image.png/content/dam/fom-website/drivers/L/LIALAW01_Liam_Lawson/lialaw01.png.transform/1col/image.png
1272,9877,31,Esteban OCON,OCO,Esteban,Ocon,Haas F1 Team,9C9FA2,https://media.formula1.com/d_driver_fallback_image.png/content/dam/fom-website/drivers/E/ESTOCO01_Esteban_Ocon/estoco01.png.transform/1col/image.png
1272,9877,43,Franco COLAPINTO,COL,Franco,Colapinto,Alpine,00A1E8,
1272,9877,44,Lewis HAMILTON,HAM,Lewis,Hamilton,Ferrari,ED1131,https://media.formula1.com/d_driver_fallback_image.png/content/dam/fom-website/drivers/L/LEWHAM01_Lewis_Hamilton/lewham01.png.transform/1col/image.png
1272,9877,55,Carlos SAINZ,SAI,Carlos,Sainz,Williams,1868DB,https://media.formula1.com/d_driver_fallback_image.png/content/dam/fom-website/drivers/C/CARSAI01_Carlos_Sainz/carsai01.png.transform/1col/image.png
1272,9877,63,George RUSSELL,RUS,George,Russell,Mercedes,00D7B6,https://media.formula1.com/d_driver_fallback_image.png/content/dam/fom-website/drivers/G/GEORUS01_George_Russell/georus01.png.transform/1col/image.png
1272,9877,81,Oscar PIASTRI,PIA,Oscar,Piastri,McLaren,F47600,https://media.formula1.com/d_driver_fallback_image.png/content/dam/fom-website/drivers/O/OSCPIA01_Oscar_Piastri/oscpia01.png.transform/1col/image.png
1272,9877,87,Oliver BEARMAN,BEA,Oliver,Bearman,Haas F1 Team,9C9FA2,https://media.formula1.com/d_driver_fallback_image.png/content/dam/fom-website/drivers/O/OLIBEA01_Oliver_Bearman/olibea01.png.transform/1col/image.png
1273,9859,1,Max VERSTAPPEN,VER,Max,Verstappen,Red Bull Racing,4781D7,https://media.formula1.com/d_driver_fallback_image.png/content/dam/fom-website/drivers/M/MAXVER01_Max_Verstappen/maxver01.png.transform/1col/image.png
1273,9859,4,Lando NORRIS,NOR,Lando,Norris,McLaren,F47600,https://media.formula1.com/d_driver_fallback_image.png/content/dam/fom-website/drivers/L/LANNOR01_Lando_Norris/lannor01.png.transform/1col/image.png
1273,9859,5,Gabriel BORTOLETO,BOR,Gabriel,Bortoleto,Kick Sauber,01C00E,https://media.formula1.com/d_driver_fallback_image.png/content/dam/fom-website/drivers/G/GABBOR01_Gabriel_Bortoleto/gabbor01.png.transform/1col/image.png
1273,9859,6,Isack HADJAR,HAD,Isack,Hadjar,Racing Bulls,6C98FF,https://media.formula1.com/d_driver_fallback_image.png/content/dam/fom-website/drivers/I/ISAHAD01_Isack_Hadjar/isahad01.png.transform/1col/image.png
1273,9859,10,Pierre GASLY,GAS,Pierre,Gasly,Alpine,00A1E8,https://media.formula1.com/d_driver_fallback_image.png/content/dam/fom-website/drivers/P/PIEGAS01_Pierre_Gasly/piegas01.png.transform/1col/image.png
1273,9859,12,Kimi ANTONELLI,ANT,Kimi,Antonelli,Mercedes,00D7B6,https://media.formula1.com/d_driver_fallback_image.png/content/dam/fom-website/drivers/A/ANDANT01_Andrea%20Kimi_Antonelli/andant01.png.transform/1col/image.png
1273,9859,14,Fernando ALONSO,ALO,Fernando,Alonso,Aston Martin,229971,https://media.formula1.com/d_driver_fallback_image.png/content/dam/fom-website/drivers/F/FERALO01_Fernando_Alonso/feralo01.png.transform/1col/image.png
1273,9859,16,Charles LECLERC,LEC,Charles,Leclerc,Ferrari,ED1131,https://media.formula1.com/d_driver_fallback_image.png/content/dam/fom-website/drivers/C/CHALEC01_Charles_Leclerc/chalec01.png.transform/1col/image.png
1273,9859,18,Lance STROLL,STR,Lance,Stroll,Aston Martin,229971,https://media.formula1.com/d_driver_fallback_image.png/content/dam/fom-website/drivers/L/LANSTR01_Lance_Stroll/lanstr01.png.transform/1col/image.png
1273,9859,22,Yuki TSUNODA,TSU,Yuki,Tsunoda,Red Bull Racing,4781D7,https://media.formula1.com/d_driver_fallback_image.png/content/dam/fom-website/drivers/Y/YUKTSU01_Yuki_Tsunoda/yuktsu01.png.transform/1col/image.png
1273,9859,23,Alexander ALBON,ALB,Alexander,Albon,Williams,1868DB,https://media.formula1.com/d_driver_fallback_image.png/content/dam/fom-website/drivers/A/ALEALB01_Alexander_Albon/alealb01.png.transform/1col/image.png
1273,9859,27,Nico HULKENBERG,HUL,Nico,Hulkenberg,Kick Sauber,01C00E,https://media.formula1.com/d_driver_fallback_image.png/content/dam/fom-website/drivers/N/NICHUL01_Nico_Hulkenberg/nichul01.png.transform/1col/image.png
1273,9859,30,Liam LAWSON,LAW,Liam,Lawson,Racing Bulls,6C98FF,https://media.formula1.com/d_driver_fallback_image.png/content/dam/fom-website/drivers/L/LIALAW01_Liam_Lawson/lialaw01.png.transform/1col/image.png
1273,9859,31,Esteban OCON,OCO,Esteban,Ocon,Haas F1 Team,9C9FA2,https://media.formula1.com/d_driver_fallback_image.png/content/dam/fom-website/drivers/E/ESTOCO01_Esteban_Ocon/estoco01.png.transform/1col/image.png
1273,9859,43,Franco COLAPINTO,COL,Franco,Colapinto,Alpine,00A1E8,
1273,9859,44,Lewis HAMILTON,HAM,Lewis,Hamilton,Ferrari,ED1131,https://media.formula1.com/d_driver_fallback_image.png/content/dam/fom-website/drivers/L/LEWHAM01_Lewis_Hamilton/lewham01.png.transform/1col/image.png
1273,9859,55,Carlos SAINZ,SAI,Carlos,Sainz,Williams,1868DB,https://media.formula1.com/d_driver_fallback_image.png/content/dam/fom-website/drivers/C/CARSAI01_Carlos_Sainz/carsai01.png.transform/1col/image.png
1273,9859,63,George RUSSELL,RUS,George,Russell,Mercedes,00D7B6,https://media.formula1.com/d_driver_fallback_image.png/content/dam/fom-website/drivers/G/GEORUS01_George_Russell/georus01.png.transform/1col/image.png
1273,9859,81,Oscar PIASTRI,PIA,Oscar,Piastri,McLaren,F47600,https://media.formula1.com/d_driver_fallback_image.png/content/dam/fom-website/drivers/O/OSCPIA01_Oscar_Piastri/oscpia01.png.transform/1col/image.png
1273,9859,87,Oliver BEARMAN,BEA,Oliver,Bearman,Haas F1 Team,9C9FA2,https://media.formula1.com/d_driver_fallback_image.png/content/dam/fom-website/drivers/O/OLIBEA01_Oliver_Bearman/olibea01.png.transform/1col/image.png
1273,9860,1,Max VERSTAPPEN,VER,Max,Verstappen,Red Bull Racing,4781D7,https://media.formula1.com/d_driver_fallback_image.png/content/dam/fom-website/drivers/M/MAXVER01_Max_Verstappen/maxver01.png.transform/1col/image.png
1273,9860,4,Lando NORRIS,NOR,Lando,Norris,McLaren,F47600,https://media.formula1.com/d_driver_fallback_image.png/content/dam/fom-website/drivers/L/LANNOR01_Lando_Norris/lannor01.png.transform/1col/image.png
1273,9860,5,Gabriel BORTOLETO,BOR,Gabriel,Bortoleto,Kick Sauber,01C00E,https://media.formula1.com/d_driver_fallback_image.png/content/dam/fom-website/drivers/G/GABBOR01_Gabriel_Bortoleto/gabbor01.png.transform/1col/image.png
1273,9860,6,Isack HADJAR,HAD,Isack,Hadjar,Racing Bulls,6C98FF,https://media.formula1.com/d_driver_fallback_image.png/content/dam/fom-website/drivers/I/ISAHAD01_Isack_Hadjar/isahad01.png.transform/1col/image.png
1273,9860,10,Pierre GASLY,GAS,Pierre,Gasly,Alpine,00A1E8,https://media.formula1.com/d_driver_fallback_image.png/content/dam/fom-website/drivers/P/PIEGAS01_Pierre_Gasly/piegas01.png.transform/1col/image.png
1273,9860,12,Kimi ANTONELLI,ANT,Kimi,Antonelli,Mercedes,00D7B6,https://media.formula1.com/d_driver_fallback_image.png/content/dam/fom-website/drivers/A/ANDANT01_Andrea%20Kimi_Antonelli/andant01.png.transform/1col/image.png
1273,9860,14,Fernando ALONSO,ALO,Fernando,Alonso,Aston Martin,229971,https://media.formula1.com/d_driver_fallback_image.png/content/dam/fom-website/drivers/F/FERALO01_Fernando_Alonso/feralo01.png.transform/1col/image.png
1273,9860,16,Charles LECLERC,LEC,Charles,Leclerc,Ferrari,ED1131,https://media.formula1.com/d_driver_fallback_image.png/content/dam/fom-website/drivers/C/CHALEC01_Charles_Leclerc/chalec01.png.transform/1col/image.png
1273,9860,18,Lance STROLL,STR,Lance,Stroll,Aston Martin,229971,https://media.formula1.com/d_driver_fallback_image.png/content/dam/fom-website/drivers/L/LANSTR01_Lance_Stroll/lanstr01.png.transform/1col/image.png
1273,9860,22,Yuki TSUNODA,TSU,Yuki,Tsunoda,Red Bull Racing,4781D7,https://media.formula1.com/d_driver_fallback_image.png/content/dam/fom-website/drivers/Y/YUKTSU01_Yuki_Tsunoda/yuktsu01.png.transform/1col/image.png
1273,9860,23,Alexander ALBON,ALB,Alexander,Albon,Williams,1868DB,https://media.formula1.com/d_driver_fallback_image.png/content/dam/fom-website/drivers/A/ALEALB01_Alexander_Albon/alealb01.png.transform/1col/image.png
1273,9860,27,Nico HULKENBERG,HUL,Nico,Hulkenberg,Kick Sauber,01C00E,https://media.formula1.com/d_driver_fallback_image.png/content/dam/fom-website/drivers/N/NICHUL01_Nico_Hulkenberg/nichul01.png.transform/1col/image.png
1273,9860,30,Liam LAWSON,LAW,Liam,Lawson,Racing Bulls,6C98FF,https://media.formula1.com/d_driver_fallback_image.png/content/dam/fom-website/drivers/L/LIALAW01_Liam_Lawson/lialaw01.png.transform/1col/image.png
1273,9860,31,Esteban OCON,OCO,Esteban,Ocon,Haas F1 Team,9C9FA2,https://media.formula1.com/d_driver_fallback_image.png/content/dam/fom-website/drivers/E/ESTOCO01_Esteban_Ocon/estoco01.png.transform/1col/image.png
1273,9860,43,Franco COLAPINTO,COL,Franco,Colapinto,Alpine,00A1E8,
1273,9860,44,Lewis HAMILTON,HAM,Lewis,Hamilton,Ferrari,ED1131,https://media.formula1.com/d_driver_fallback_image.png/content/dam/fom-website/drivers/L/LEWHAM01_Lewis_Hamilton/lewham01.png.transform/1col/image.png
1273,9860,55,Carlos SAINZ,SAI,Carlos,Sainz,Williams,1868DB,https://media.formula1.com/d_driver_fallback_image.png/content/dam/fom-website/drivers/C/CARSAI01_Carlos_Sainz/carsai01.png.transform/1col/image.png
1273,9860,63,George RUSSELL,RUS,George,Russell,Mercedes,00D7B6,https://media.formula1.com/d_driver_fallback_image.png/content/dam/fom-website/drivers/G/GEORUS01_George_Russell/georus01.png.transform/1col/image.png
1273,9860,81,Oscar PIASTRI,PIA,Oscar,Piastri,McLaren,F47600,https://media.formula1.com/d_driver_fallback_image.png/content/dam/fom-website/drivers/O/OSCPIA01_Oscar_Piastri/oscpia01.png.transform/1col/image.png
1273,9860,87,Oliver BEARMAN,BEA,Oliver,Bearman,Haas F1 Team,9C9FA2,https://media.formula1.com/d_driver_fallback_image.png/content/dam/fom-website/drivers/O/OLIBEA01_Oliver_Bearman/olibea01.png.transform/1col/image.png
1273,9864,1,Max VERSTAPPEN,VER,Max,Verstappen,Red Bull Racing,4781D7,https://media.formula1.com/d_driver_fallback_image.png/content/dam/fom-website/drivers/M/MAXVER01_Max_Verstappen/maxver01.png.transform/1col/image.png
1273,9864,4,Lando NORRIS,NOR,Lando,Norris,McLaren,F47600,https://media.formula1.com/d_driver_fallback_image.png/content/dam/fom-website/drivers/L/LANNOR01_Lando_Norris/lannor01.png.transform/1col/image.png
1273,9864,5,Gabriel BORTOLETO,BOR,Gabriel,Bortoleto,Kick Sauber,01C00E,https://media.formula1.com/d_driver_fallback_image.png/content/dam/fom-website/drivers/G/GABBOR01_Gabriel_Bortoleto/gabbor01.png.transform/1col/image.png
1273,9864,6,Isack HADJAR,HAD,Isack,Hadjar,Racing Bulls,6C98FF,https://media.formula1.com/d_driver_fallback_image.png/content/dam/fom-website/drivers/I/ISAHAD01_Isack_Hadjar/isahad01.png.transform/1col/image.png
1273,9864,10,Pierre GASLY,GAS,Pierre,Gasly,Alpine,00A1E8,https://media.formula1.com/d_driver_fallback_image.png/content/dam/fom-website/drivers/P/PIEGAS01_Pierre_Gasly/piegas01.png.transform/1col/image.png
1273,9864,12,Kimi ANTONELLI,ANT,Kimi,Antonelli,Mercedes,00D7B6,https://media.formula1.com/d_driver_fallback_image.png/content/dam/fom-website/drivers/A/ANDANT01_Andrea%20Kimi_Antonelli/andant01.png.transform/1col/image.png
1273,9864,14,Fernando ALONSO,ALO,Fernando,Alonso,Aston Martin,229971,https://media.formula1.com/d_driver_fallback_image.png/content/dam/fom-website/drivers/F/FERALO01_Fernando_Alonso/feralo01.png.transform/1col/image.png
1273,9864,16,Charles LECLERC,LEC,Charles,Leclerc,Ferrari,ED1131,https://media.formula1.com/d_driver_fallback_image.png/content/dam/fom-website/drivers/C/CHALEC01_Charles_Leclerc/chalec01.png.transform/1col/image.png
1273,9864,18,Lance STROLL,STR,Lance,Stroll,Aston Martin,229971,https://media.formula1.com/d_driver_fallback_image.png/content/dam/fom-website/drivers/L/LANSTR01_Lance_Stroll/lanstr01.png.transform/1col/image.png
1273,9864,22,Yuki TSUNODA,TSU,Yuki,Tsunoda,Red Bull Racing,4781D7,https://media.formula1.com/d_driver_fallback_image.png/content/dam/fom-website/drivers/Y/YUKTSU01_Yuki_Tsunoda/yuktsu01.png.transform/1col/image.png
1273,9864,23,Alexander ALBON,ALB,Alexander,Albon,Williams,1868DB,https://media.formula1.com/d_driver_fallback_image.png/content/dam/fom-website/drivers/A/ALEALB01_Alexander_Albon/alealb01.png.transform/1col/image.png
1273,9864,27,Nico HULKENBERG,HUL,Nico,Hulkenberg,Kick Sauber,01C00E,https://media.formula1.com/d_driver_fallback_image.png/content/dam/fom-website/drivers/N/NICHUL01_Nico_Hulkenberg/nichul01.png.transform/1col/image.png
1273,9864,30,Liam LAWSON,LAW,Liam,Lawson,Racing Bulls,6C98FF,https://media.formula1.com/d_driver_fallback_image.png/content/dam/fom-website/drivers/L/LIALAW01_Liam_Lawson/lialaw01.png.transform/1col/image.png
1273,9864,31,Esteban OCON,OCO,Esteban,Ocon,Haas F1 Team,9C9FA2,https://media.formula1.com/d_driver_fallback_image.png/content/dam/fom-website/drivers/E/ESTOCO01_Esteban_Ocon/estoco01.png.transform/1col/image.png
1273,9864,43,Franco COLAPINTO,COL,Franco,Colapinto,Alpine,00A1E8,
1273,9864,44,Lewis HAMILTON,HAM,Lewis,Hamilton,Ferrari,ED1131,https://media.formula1.com/d_driver_fallback_image.png/content/dam/fom-website/drivers/L/LEWHAM01_Lewis_Hamilton/lewham01.png.transform/1col/image.png
1273,9864,55,Carlos SAINZ,SAI,Carlos,Sainz,Williams,1868DB,https://media.formula1.com/d_driver_fallback_image.png/content/dam/fom-website/drivers/C/CARSAI01_Carlos_Sainz/carsai01.png.transform/1col/image.png
1273,9864,63,George RUSSELL,RUS,George,Russell,Mercedes,00D7B6,https://media.formula1.com/d_driver_fallback_image.png/content/dam/fom-website/drivers/G/GEORUS01_George_Russell/georus01.png.transform/1col/image.png
1273,9864,81,Oscar PIASTRI,PIA,Oscar,Piastri,McLaren,F47600,https://media.formula1.com/d_driver_fallback_image.png/content/dam/fom-website/drivers/O/OSCPIA01_Oscar_Piastri/oscpia01.png.transform/1col/image.png
1273,9864,87,Oliver BEARMAN,BEA,Oliver,Bearman,Haas F1 Team,9C9FA2,https://media.formula1.com/d_driver_fallback_image.png/content/dam/fom-website/drivers/O/OLIBEA01_Oliver_Bearman/olibea01.png.transform/1col/image.png
1273,9865,1,Max VERSTAPPEN,VER,Max,Verstappen,Red Bull Racing,4781D7,https://media.formula1.com/d_driver_fallback_image.png/content/dam/fom-website/drivers/M/MAXVER01_Max_Verstappen/maxver01.png.transform/1col/image.png
1273,9865,4,Lando NORRIS,NOR,Lando,Norris,McLaren,F47600,https://media.formula1.com/d_driver_fallback_image.png/content/dam/fom-website/drivers/L/LANNOR01_Lando_Norris/lannor01.png.transform/1col/image.png
1273,9865,5,Gabriel BORTOLETO,BOR,Gabriel,Bortoleto,Kick Sauber,01C00E,https://media.formula1.com/d_driver_fallback_image.png/content/dam/fom-website/drivers/G/GABBOR01_Gabriel_Bortoleto/gabbor01.png.transform/1col/image.png
1273,9865,6,Isack HADJAR,HAD,Isack,Hadjar,Racing Bulls,6C98FF,https://media.formula1.com/d_driver_fallback_image.png/content/dam/fom-website/drivers/I/ISAHAD01_Isack_Hadjar/isahad01.png.transform/1col/image.png
1273,9865,10,Pierre GASLY,GAS,Pierre,Gasly,Alpine,00A1E8,https://media.formula1.com/d_driver_fallback_image.png/content/dam/fom-website/drivers/P/PIEGAS01_Pierre_Gasly/piegas01.png.transform/1col/image.png
1273,9865,12,Kimi ANTONELLI,ANT,Kimi,Antonelli,Mercedes,00D7B6,https://media.formula1.com/d_driver_fallback_image.png/content/dam/fom-website/drivers/A/ANDANT01_Andrea%20Kimi_Antonelli/andant01.png.transform/1col/image.png
1273,9865,14,Fernando ALONSO,ALO,Fernando,Alonso,Aston Martin,229971,https://media.formula1.com/d_driver_fallback_image.png/content/dam/fom-website/drivers/F/FERALO01_Fernando_Alonso/feralo01.png.transform/1col/image.png
1273,9865,16,Charles LECLERC,LEC,Charles,Leclerc,Ferrari,ED1131,https://media.formula1.com/d_driver_fallback_image.png/content/dam/fom-website/drivers/C/CHALEC01_Charles_Leclerc/chalec01.png.transform/1col/image.png
1273,9865,18,Lance STROLL,STR,Lance,Stroll,Aston Martin,229971,https://media.formula1.com/d_driver_fallback_image.png/content/dam/fom-website/drivers/L/LANSTR01_Lance_Stroll/lanstr01.png.transform/1col/image.png
1273,9865,22,Yuki TSUNODA,TSU,Yuki,Tsunoda,Red Bull Racing,4781D7,https://media.formula1.com/d_driver_fallback_image.png/content/dam/fom-website/drivers/Y/YUKTSU01_Yuki_Tsunoda/yuktsu01.png.transform/1col/image.png
1273,9865,23,Alexander ALBON,ALB,Alexander,Albon,Williams,1868DB,https://media.formula1.com/d_driver_fallback_image.png/content/dam/fom-website/drivers/A/ALEALB01_Alexander_Albon/alealb01.png.transform/1col/image.png
1273,9865,27,Nico HULKENBERG,HUL,Nico,Hulkenberg,Kick Sauber,01C00E,https://media.formula1.com/d_driver_fallback_image.png/content/dam/fom-website/drivers/N/NICHUL01_Nico_Hulkenberg/nichul01.png.transform/1col/image.png
1273,9865,30,Liam LAWSON,LAW,Liam,Lawson,Racing Bulls,6C98FF,https://media.formula1.com/d_driver_fallback_image.png/content/dam/fom-website/drivers/L/LIALAW01_Liam_Lawson/lialaw01.png.transform/1col/image.png
1273,9865,31,Esteban OCON,OCO,Esteban,Ocon,Haas F1 Team,9C9FA2,https://media.formula1.com/d_driver_fallback_image.png/content/dam/fom-website/drivers/E/ESTOCO01_Esteban_Ocon/estoco01.png.transform/1col/image.png
1273,9865,43,Franco COLAPINTO,COL,Franco,Colapinto,Alpine,00A1E8,
1273,9865,44,Lewis HAMILTON,HAM,Lewis,Hamilton,Ferrari,ED1131,https://media.formula1.com/d_driver_fallback_image.png/content/dam/fom-website/drivers/L/LEWHAM01_Lewis_Hamilton/lewham01.png.transform/1col/image.png
1273,9865,55,Carlos SAINZ,SAI,Carlos,Sainz,Williams,1868DB,https://media.formula1.com/d_driver_fallback_image.png/content/dam/fom-website/drivers/C/CARSAI01_Carlos_Sainz/carsai01.png.transform/1col/image.png
1273,9865,63,George RUSSELL,RUS,George,Russell,Mercedes,00D7B6,https://media.formula1.com/d_driver_fallback_image.png/content/dam/fom-website/drivers/G/GEORUS01_George_Russell/georus01.png.transform/1col/image.png
1273,9865,81,Oscar PIASTRI,PIA,Oscar,Piastri,McLaren,F47600,https://media.formula1.com/d_driver_fallback_image.png/content/dam/fom-website/drivers/O/OSCPIA01_Oscar_Piastri/oscpia01.png.transform/1col/image.png
1273,9865,87,Oliver BEARMAN,BEA,Oliver,Bearman,Haas F1 Team,9C9FA2,https://media.formula1.com/d_driver_fallback_image.png/content/dam/fom-website/drivers/O/OLIBEA01_Oliver_Bearman/olibea01.png.transform/1col/image.png
1273,9869,1,Max VERSTAPPEN,VER,Max,Verstappen,Red Bull Racing,4781D7,https://media.formula1.com/d_driver_fallback_image.png/content/dam/fom-website/drivers/M/MAXVER01_Max_Verstappen/maxver01.png.transform/1col/image.png
1273,9869,4,Lando NORRIS,NOR,Lando,Norris,McLaren,F47600,https://media.formula1.com/d_driver_fallback_image.png/content/dam/fom-website/drivers/L/LANNOR01_Lando_Norris/lannor01.png.transform/1col/image.png
1273,9869,5,Gabriel BORTOLETO,BOR,Gabriel,Bortoleto,Kick Sauber,01C00E,https://media.formula1.com/d_driver_fallback_image.png/content/dam/fom-website/drivers/G/GABBOR01_Gabriel_Bortoleto/gabbor01.png.transform/1col/image.png
1273,9869,6,Isack HADJAR,HAD,Isack,Hadjar,Racing Bulls,6C98FF,https://media.formula1.com/d_driver_fallback_image.png/content/dam/fom-website/drivers/I/ISAHAD01_Isack_Hadjar/isahad01.png.transform/1col/image.png
1273,9869,10,Pierre GASLY,GAS,Pierre,Gasly,Alpine,00A1E8,https://media.formula1.com/d_driver_fallback_image.png/content/dam/fom-website/drivers/P/PIEGAS01_Pierre_Gasly/piegas01.png.transform/1col/image.png
1273,9869,12,Kimi ANTONELLI,ANT,Kimi,Antonelli,Mercedes,00D7B6,https://media.formula1.com/d_driver_fallback_image.png/content/dam/fom-website/drivers/A/ANDANT01_Andrea%20Kimi_Antonelli/andant01.png.transform/1col/image.png
1273,9869,14,Fernando ALONSO,ALO,Fernando,Alonso,Aston Martin,229971,https://media.formula1.com/d_driver_fallback_image.png/content/dam/fom-website/drivers/F/FERALO01_Fernando_Alonso/feralo01.png.transform/1col/image.png
1273,9869,16,Charles LECLERC,LEC,Charles,Leclerc,Ferrari,ED1131,https://media.formula1.com/d_driver_fallback_image.png/content/dam/fom-website/drivers/C/CHALEC01_Charles_Leclerc/chalec01.png.transform/1col/image.png
1273,9869,18,Lance STROLL,STR,Lance,Stroll,Aston Martin,229971,https://media.formula1.com/d_driver_fallback_image.png/content/dam/fom-website/drivers/L/LANSTR01_Lance_Stroll/lanstr01.png.transform/1col/image.png
1273,9869,22,Yuki TSUNODA,TSU,Yuki,Tsunoda,Red Bull Racing,4781D7,https://media.formula1.com/d_driver_fallback_image.png/content/dam/fom-website/drivers/Y/YUKTSU01_Yuki_Tsunoda/yuktsu01.png.transform/1col/image.png
1273,9869,23,Alexander ALBON,ALB,Alexander,Albon,Williams,1868DB,https://media.formula1.com/d_driver_fallback_image.png/content/dam/fom-website/drivers/A/ALEALB01_Alexander_Albon/alealb01.png.transform/1col/image.png
1273,9869,27,Nico HULKENBERG,HUL,Nico,Hulkenberg,Kick Sauber,01C00E,https://media.formula1.com/d_driver_fallback_image.png/content/dam/fom-website/drivers/N/NICHUL01_Nico_Hulkenberg/nichul01.png.transform/1col/image.png
1273,9869,30,Liam LAWSON,LAW,Liam,Lawson,Racing Bulls,6C98FF,https://media.formula1.com/d_driver_fallback_image.png/content/dam/fom-website/drivers/L/LIALAW01_Liam_Lawson/lialaw01.png.transform/1col/image.png
1273,9869,31,Esteban OCON,OCO,Esteban,Ocon,Haas F1 Team,9C9FA2,https://media.formula1.com/d_driver_fallback_image.png/content/dam/fom-website/drivers/E/ESTOCO01_Esteban_Ocon/estoco01.png.transform/1col/image.png
1273,9869,43,Franco COLAPINTO,COL,Franco,Colapinto,Alpine,00A1E8,
1273,9869,44,Lewis HAMILTON,HAM,Lewis,Hamilton,Ferrari,ED1131,https://media.formula1.com/d_driver_fallback_image.png/content/dam/fom-website/drivers/L/LEWHAM01_Lewis_Hamilton/lewham01.png.transform/1col/image.png
1273,9869,55,Carlos SAINZ,SAI,Carlos,Sainz,Williams,1868DB,https://media.formula1.com/d_driver_fallback_image.png/content/dam/fom-website/drivers/C/CARSAI01_Carlos_Sainz/carsai01.png.transform/1col/image.png
1273,9869,63,George RUSSELL,RUS,George,Russell,Mercedes,00D7B6,https://media.formula1.com/d_driver_fallback_image.png/content/dam/fom-website/drivers/G/GEORUS01_George_Russell/georus01.png.transform/1col/image.png
1273,9869,81,Oscar PIASTRI,PIA,Oscar,Piastri,McLaren,F47600,https://media.formula1.com/d_driver_fallback_image.png/content/dam/fom-website/drivers/O/OSCPIA01_Oscar_Piastri/oscpia01.png.transform/1col/image.png
1273,9869,87,Oliver BEARMAN,BEA,Oliver,Bearman,Haas F1 Team,9C9FA2,https://media.formula1.com/d_driver_fallback_image.png/content/dam/fom-website/drivers/O/OLIBEA01_Oliver_Bearman/olibea01.png.transform/1col/image.png
1274,9851,1,Max VERSTAPPEN,VER,Max,Verstappen,Red Bull Racing,4781D7,https://media.formula1.com/d_driver_fallback_image.png/content/dam/fom-website/drivers/M/MAXVER01_Max_Verstappen/maxver01.png.transform/1col/image.png
1274,9851,4,Lando NORRIS,NOR,Lando,Norris,McLaren,F47600,https://media.formula1.com/d_driver_fallback_image.png/content/dam/fom-website/drivers/L/LANNOR01_Lando_Norris/lannor01.png.transform/1col/image.png
1274,9851,5,Gabriel BORTOLETO,BOR,Gabriel,Bortoleto,Kick Sauber,01C00E,https://media.formula1.com/d_driver_fallback_image.png/content/dam/fom-website/drivers/G/GABBOR01_Gabriel_Bortoleto/gabbor01.png.transform/1col/image.png
1274,9851,6,Isack HADJAR,HAD,Isack,Hadjar,Racing Bulls,6C98FF,https://media.formula1.com/d_driver_fallback_image.png/content/dam/fom-website/drivers/I/ISAHAD01_Isack_Hadjar/isahad01.png.transform/1col/image.png
1274,9851,10,Pierre GASLY,GAS,Pierre,Gasly,Alpine,00A1E8,https://media.formula1.com/d_driver_fallback_image.png/content/dam/fom-website/drivers/P/PIEGAS01_Pierre_Gasly/piegas01.png.transform/1col/image.png
1274,9851,12,Kimi ANTONELLI,ANT,Kimi,Antonelli,Mercedes,00D7B6,https://media.formula1.com/d_driver_fallback_image.png/content/dam/fom-website/drivers/A/ANDANT01_Andrea%20Kimi_Antonelli/andant01.png.transform/1col/image.png
1274,9851,14,Fernando ALONSO,ALO,Fernando,Alonso,Aston Martin,229971,https://media.formula1.com/d_driver_fallback_image.png/content/dam/fom-website/drivers/F/FERALO01_Fernando_Alonso/feralo01.png.transform/1col/image.png
1274,9851,16,Charles LECLERC,LEC,Charles,Leclerc,Ferrari,ED1131,https://media.formula1.com/d_driver_fallback_image.png/content/dam/fom-website/drivers/C/CHALEC01_Charles_Leclerc/chalec01.png.transform/1col/image.png
1274,9851,18,Lance STROLL,STR,Lance,Stroll,Aston Martin,229971,https://media.formula1.com/d_driver_fallback_image.png/content/dam/fom-website/drivers/L/LANSTR01_Lance_Stroll/lanstr01.png.transform/1col/image.png
1274,9851,22,Yuki TSUNODA,TSU,Yuki,Tsunoda,Red Bull Racing,4781D7,https://media.formula1.com/d_driver_fallback_image.png/content/dam/fom-website/drivers/Y/YUKTSU01_Yuki_Tsunoda/yuktsu01.png.transform/1col/image.png
1274,9851,23,Alexander ALBON,ALB,Alexander,Albon,Williams,1868DB,https://media.formula1.com/d_driver_fallback_image.png/content/dam/fom-website/drivers/A/ALEALB01_Alexander_Albon/alealb01.png.transform/1col/image.png
1274,9851,27,Nico HULKENBERG,HUL,Nico,Hulkenberg,Kick Sauber,01C00E,https://media.formula1.com/d_driver_fallback_image.png/content/dam/fom-website/drivers/N/NICHUL01_Nico_Hulkenberg/nichul01.png.transform/1col/image.png
1274,9851,30,Liam LAWSON,LAW,Liam,Lawson,Racing Bulls,6C98FF,https://media.formula1.com/d_driver_fallback_image.png/content/dam/fom-website/drivers/L/LIALAW01_Liam_Lawson/lialaw01.png.transform/1col/image.png
1274,9851,31,Esteban OCON,OCO,Esteban,Ocon,Haas F1 Team,9C9FA2,https://media.formula1.com/d_driver_fallback_image.png/content/dam/fom-website/drivers/E/ESTOCO01_Esteban_Ocon/estoco01.png.transform/1col/image.png
1274,9851,43,Franco COLAPINTO,COL,Franco,Colapinto,Alpine,00A1E8,
1274,9851,44,Lewis HAMILTON,HAM,Lewis,Hamilton,Ferrari,ED1131,https://media.formula1.com/d_driver_fallback_image.png/content/dam/fom-website/drivers/L/LEWHAM01_Lewis_Hamilton/lewham01.png.transform/1col/image.png
1274,9851,55,Carlos SAINZ,SAI,Carlos,Sainz,Williams,1868DB,https://media.formula1.com/d_driver_fallback_image.png/content/dam/fom-website/drivers/C/CARSAI01_Carlos_Sainz/carsai01.png.transform/1col/image.png
1274,9851,63,George RUSSELL,RUS,George,Russell,Mercedes,00D7B6,https://media.formula1.com/d_driver_fallback_image.png/content/dam/fom-website/drivers/G/GEORUS01_George_Russell/georus01.png.transform/1col/image.png
1274,9851,81,Oscar PIASTRI,PIA,Oscar,Piastri,McLaren,F47600,https://media.formula1.com/d_driver_fallback_image.png/content/dam/fom-website/drivers/O/OSCPIA01_Oscar_Piastri/oscpia01.png.transform/1col/image.png
1274,9851,87,Oliver BEARMAN,BEA,Oliver,Bearman,Haas F1 Team,9C9FA2,https://media.formula1.com/d_driver_fallback_image.png/content/dam/fom-website/drivers/O/OLIBEA01_Oliver_Bearman/olibea01.png.transform/1col/image.png
1274,9852,1,Max VERSTAPPEN,VER,Max,Verstappen,Red Bull Racing,4781D7,https://media.formula1.com/d_driver_fallback_image.png/content/dam/fom-website/drivers/M/MAXVER01_Max_Verstappen/maxver01.png.transform/1col/image.png
1274,9852,4,Lando NORRIS,NOR,Lando,Norris,McLaren,F47600,https://media.formula1.com/d_driver_fallback_image.png/content/dam/fom-website/drivers/L/LANNOR01_Lando_Norris/lannor01.png.transform/1col/image.png
1274,9852,5,Gabriel BORTOLETO,BOR,Gabriel,Bortoleto,Kick Sauber,01C00E,https://media.formula1.com/d_driver_fallback_image.png/content/dam/fom-website/drivers/G/GABBOR01_Gabriel_Bortoleto/gabbor01.png.transform/1col/image.png
1274,9852,6,Isack HADJAR,HAD,Isack,Hadjar,Racing Bulls,6C98FF,https://media.formula1.com/d_driver_fallback_image.png/content/dam/fom-website/drivers/I/ISAHAD01_Isack_Hadjar/isahad01.png.transform/1col/image.png
1274,9852,10,Pierre GASLY,GAS,Pierre,Gasly,Alpine,00A1E8,https://media.formula1.com/d_driver_fallback_image.png/content/dam/fom-website/drivers/P/PIEGAS01_Pierre_Gasly/piegas01.png.transform/1col/image.png
1274,9852,12,Kimi ANTONELLI,ANT,Kimi,Antonelli,Mercedes,00D7B6,https://media.formula1.com/d_driver_fallback_image.png/content/dam/fom-website/drivers/A/ANDANT01_Andrea%20Kimi_Antonelli/andant01.png.transform/1col/image.png
1274,9852,14,Fernando ALONSO,ALO,Fernando,Alonso,Aston Martin,229971,https://media.formula1.com/d_driver_fallback_image.png/content/dam/fom-website/drivers/F/FERALO01_Fernando_Alonso/feralo01.png.transform/1col/image.png
1274,9852,16,Charles LECLERC,LEC,Charles,Leclerc,Ferrari,ED1131,https://media.formula1.com/d_driver_fallback_image.png/content/dam/fom-website/drivers/C/CHALEC01_Charles_Leclerc/chalec01.png.transform/1col/image.png
1274,9852,18,Lance STROLL,STR,Lance,Stroll,Aston Martin,229971,https://media.formula1.com/d_driver_fallback_image.png/content/dam/fom-website/drivers/L/LANSTR01_Lance_Stroll/lanstr01.png.transform/1col/image.png
1274,9852,22,Yuki TSUNODA,TSU,Yuki,Tsunoda,Red Bull Racing,4781D7,https://media.formula1.com/d_driver_fallback_image.png/content/dam/fom-website/drivers/Y/YUKTSU01_Yuki_Tsunoda/yuktsu01.png.transform/1col/image.png
1274,9852,23,Alexander ALBON,ALB,Alexander,Albon,Williams,1868DB,https://media.formula1.com/d_driver_fallback_image.png/content/dam/fom-website/drivers/A/ALEALB01_Alexander_Albon/alealb01.png.transform/1col/image.png
1274,9852,27,Nico HULKENBERG,HUL,Nico,Hulkenberg,Kick Sauber,01C00E,https://media.formula1.com/d_driver_fallback_image.png/content/dam/fom-website/drivers/N/NICHUL01_Nico_Hulkenberg/nichul01.png.transform/1col/image.png
1274,9852,30,Liam LAWSON,LAW,Liam,Lawson,Racing Bulls,6C98FF,https://media.formula1.com/d_driver_fallback_image.png/content/dam/fom-website/drivers/L/LIALAW01_Liam_Lawson/lialaw01.png.transform/1col/image.png
1274,9852,31,Esteban OCON,OCO,Esteban,Ocon,Haas F1 Team,9C9FA2,https://media.formula1.com/d_driver_fallback_image.png/content/dam/fom-website/drivers/E/ESTOCO01_Esteban_Ocon/estoco01.png.transform/1col/image.png
1274,9852,43,Franco COLAPINTO,COL,Franco,Colapinto,Alpine,00A1E8,
1274,9852,44,Lewis HAMILTON,HAM,Lewis,Hamilton,Ferrari,ED1131,https://media.formula1.com/d_driver_fallback_image.png/content/dam/fom-website/drivers/L/LEWHAM01_Lewis_Hamilton/lewham01.png.transform/1col/image.png
1274,9852,55,Carlos SAINZ,SAI,Carlos,Sainz,Williams,1868DB,https://media.formula1.com/d_driver_fallback_image.png/content/dam/fom-website/drivers/C/CARSAI01_Carlos_Sainz/carsai01.png.transform/1col/image.png
1274,9852,63,George RUSSELL,RUS,George,Russell,Mercedes,00D7B6,https://media.formula1.com/d_driver_fallback_image.png/content/dam/fom-website/drivers/G/GEORUS01_George_Russell/georus01.png.transform/1col/image.png
1274,9852,81,Oscar PIASTRI,PIA,Oscar,Piastri,McLaren,F47600,https://media.formula1.com/d_driver_fallback_image.png/content/dam/fom-website/drivers/O/OSCPIA01_Oscar_Piastri/oscpia01.png.transform/1col/image.png
1274,9852,87,Oliver BEARMAN,BEA,Oliver,Bearman,Haas F1 Team,9C9FA2,https://media.formula1.com/d_driver_fallback_image.png/content/dam/fom-website/drivers/O/OLIBEA01_Oliver_Bearman/olibea01.png.transform/1col/image.png
1274,9853,1,Max VERSTAPPEN,VER,Max,Verstappen,Red Bull Racing,4781D7,https://media.formula1.com/d_driver_fallback_image.png/content/dam/fom-website/drivers/M/MAXVER01_Max_Verstappen/maxver01.png.transform/1col/image.png
1274,9853,4,Lando NORRIS,NOR,Lando,Norris,McLaren,F47600,https://media.formula1.com/d_driver_fallback_image.png/content/dam/fom-website/drivers/L/LANNOR01_Lando_Norris/lannor01.png.transform/1col/image.png
1274,9853,5,Gabriel BORTOLETO,BOR,Gabriel,Bortoleto,Kick Sauber,01C00E,https://media.formula1.com/d_driver_fallback_image.png/content/dam/fom-website/drivers/G/GABBOR01_Gabriel_Bortoleto/gabbor01.png.transform/1col/image.png
1274,9853,6,Isack HADJAR,HAD,Isack,Hadjar,Racing Bulls,6C98FF,https://media.formula1.com/d_driver_fallback_image.png/content/dam/fom-website/drivers/I/ISAHAD01_Isack_Hadjar/isahad01.png.transform/1col/image.png
1274,9853,10,Pierre GASLY,GAS,Pierre,Gasly,Alpine,00A1E8,https://media.formula1.com/d_driver_fallback_image.png/content/dam/fom-website/drivers/P/PIEGAS01_Pierre_Gasly/piegas01.png.transform/1col/image.png
1274,9853,12,Kimi ANTONELLI,ANT,Kimi,Antonelli,Mercedes,00D7B6,https://media.formula1.com/d_driver_fallback_image.png/content/dam/fom-website/drivers/A/ANDANT01_Andrea%20Kimi_Antonelli/andant01.png.transform/1col/image.png
1274,9853,14,Fernando ALONSO,ALO,Fernando,Alonso,Aston Martin,229971,https://media.formula1.com/d_driver_fallback_image.png/content/dam/fom-website/drivers/F/FERALO01_Fernando_Alonso/feralo01.png.transform/1col/image.png
1274,9853,16,Charles LECLERC,LEC,Charles,Leclerc,Ferrari,ED1131,https://media.formula1.com/d_driver_fallback_image.png/content/dam/fom-website/drivers/C/CHALEC01_Charles_Leclerc/chalec01.png.transform/1col/image.png
1274,9853,18,Lance STROLL,STR,Lance,Stroll,Aston Martin,229971,https://media.formula1.com/d_driver_fallback_image.png/content/dam/fom-website/drivers/L/LANSTR01_Lance_Stroll/lanstr01.png.transform/1col/image.png
1274,9853,22,Yuki TSUNODA,TSU,Yuki,Tsunoda,Red Bull Racing,4781D7,https://media.formula1.com/d_driver_fallback_image.png/content/dam/fom-website/drivers/Y/YUKTSU01_Yuki_Tsunoda/yuktsu01.png.transform/1col/image.png
1274,9853,23,Alexander ALBON,ALB,Alexander,Albon,Williams,1868DB,https://media.formula1.com/d_driver_fallback_image.png/content/dam/fom-website/drivers/A/ALEALB01_Alexander_Albon/alealb01.png.transform/1col/image.png
1274,9853,27,Nico HULKENBERG,HUL,Nico,Hulkenberg,Kick Sauber,01C00E,https://media.formula1.com/d_driver_fallback_image.png/content/dam/fom-website/drivers/N/NICHUL01_Nico_Hulkenberg/nichul01.png.transform/1col/image.png
1274,9853,30,Liam LAWSON,LAW,Liam,Lawson,Racing Bulls,6C98FF,https://media.formula1.com/d_driver_fallback_image.png/content/dam/fom-website/drivers/L/LIALAW01_Liam_Lawson/lialaw01.png.transform/1col/image.png
1274,9853,31,Esteban OCON,OCO,Esteban,Ocon,Haas F1 Team,9C9FA2,https://media.formula1.com/d_driver_fallback_image.png/content/dam/fom-website/drivers/E/ESTOCO01_Esteban_Ocon/estoco01.png.transform/1col/image.png
1274,9853,43,Franco COLAPINTO,COL,Franco,Colapinto,Alpine,00A1E8,
1274,9853,44,Lewis HAMILTON,HAM,Lewis,Hamilton,Ferrari,ED1131,https://media.formula1.com/d_driver_fallback_image.png/content/dam/fom-website/drivers/L/LEWHAM01_Lewis_Hamilton/lewham01.png.transform/1col/image.png
1274,9853,55,Carlos SAINZ,SAI,Carlos,Sainz,Williams,1868DB,https://media.formula1.com/d_driver_fallback_image.png/content/dam/fom-website/drivers/C/CARSAI01_Carlos_Sainz/carsai01.png.transform/1col/image.png
1274,9853,63,George RUSSELL,RUS,George,Russell,Mercedes,00D7B6,https://media.formula1.com/d_driver_fallback_image.png/content/dam/fom-website/drivers/G/GEORUS01_George_Russell/georus01.png.transform/1col/image.png
1274,9853,81,Oscar PIASTRI,PIA,Oscar,Piastri,McLaren,F47600,https://media.formula1.com/d_driver_fallback_image.png/content/dam/fom-website/drivers/O/OSCPIA01_Oscar_Piastri/oscpia01.png.transform/1col/image.png
1274,9853,87,Oliver BEARMAN,BEA,Oliver,Bearman,Haas F1 Team,9C9FA2,https://media.formula1.com/d_driver_fallback_image.png/content/dam/fom-website/drivers/O/OLIBEA01_Oliver_Bearman/olibea01.png.transform/1col/image.png
1274,9854,1,Max VERSTAPPEN,VER,Max,Verstappen,Red Bull Racing,4781D7,https://media.formula1.com/d_driver_fallback_image.png/content/dam/fom-website/drivers/M/MAXVER01_Max_Verstappen/maxver01.png.transform/1col/image.png
1274,9854,4,Lando NORRIS,NOR,Lando,Norris,McLaren,F47600,https://media.formula1.com/d_driver_fallback_image.png/content/dam/fom-website/drivers/L/LANNOR01_Lando_Norris/lannor01.png.transform/1col/image.png
1274,9854,5,Gabriel BORTOLETO,BOR,Gabriel,Bortoleto,Kick Sauber,01C00E,https://media.formula1.com/d_driver_fallback_image.png/content/dam/fom-website/drivers/G/GABBOR01_Gabriel_Bortoleto/gabbor01.png.transform/1col/image.png
1274,9854,6,Isack HADJAR,HAD,Isack,Hadjar,Racing Bulls,6C98FF,https://media.formula1.com/d_driver_fallback_image.png/content/dam/fom-website/drivers/I/ISAHAD01_Isack_Hadjar/isahad01.png.transform/1col/image.png
1274,9854,10,Pierre GASLY,GAS,Pierre,Gasly,Alpine,00A1E8,https://media.formula1.com/d_driver_fallback_image.png/content/dam/fom-website/drivers/P/PIEGAS01_Pierre_Gasly/piegas01.png.transform/1col/image.png
1274,9854,12,Kimi ANTONELLI,ANT,Kimi,Antonelli,Mercedes,00D7B6,https://media.formula1.com/d_driver_fallback_image.png/content/dam/fom-website/drivers/A/ANDANT01_Andrea%20Kimi_Antonelli/andant01.png.transform/1col/image.png
1274,9854,14,Fernando ALONSO,ALO,Fernando,Alonso,Aston Martin,229971,https://media.formula1.com/d_driver_fallback_image.png/content/dam/fom-website/drivers/F/FERALO01_Fernando_Alonso/feralo01.png.transform/1col/image.png
1274,9854,16,Charles LECLERC,LEC,Charles,Leclerc,Ferrari,ED1131,https://media.formula1.com/d_driver_fallback_image.png/content/dam/fom-website/drivers/C/CHALEC01_Charles_Leclerc/chalec01.png.transform/1col/image.png
1274,9854,18,Lance STROLL,STR,Lance,Stroll,Aston Martin,229971,https://media.formula1.com/d_driver_fallback_image.png/content/dam/fom-website/drivers/L/LANSTR01_Lance_Stroll/lanstr01.png.transform/1col/image.png
1274,9854,22,Yuki TSUNODA,TSU,Yuki,Tsunoda,Red Bull Racing,4781D7,https://media.formula1.com/d_driver_fallback_image.png/content/dam/fom-website/drivers/Y/YUKTSU01_Yuki_Tsunoda/yuktsu01.png.transform/1col/image.png
1274,9854,23,Alexander ALBON,ALB,Alexander,Albon,Williams,1868DB,https://media.formula1.com/d_driver_fallback_image.png/content/dam/fom-website/drivers/A/ALEALB01_Alexander_Albon/alealb01.png.transform/1col/image.png
1274,9854,27,Nico HULKENBERG,HUL,Nico,Hulkenberg,Kick Sauber,01C00E,https://media.formula1.com/d_driver_fallback_image.png/content/dam/fom-website/drivers/N/NICHUL01_Nico_Hulkenberg/nichul01.png.transform/1col/image.png
1274,9854,30,Liam LAWSON,LAW,Liam,Lawson,Racing Bulls,6C98FF,https://media.formula1.com/d_driver_fallback_image.png/content/dam/fom-website/drivers/L/LIALAW01_Liam_Lawson/lialaw01.png.transform/1col/image.png
1274,9854,31,Esteban OCON,OCO,Esteban,Ocon,Haas F1 Team,9C9FA2,https://media.formula1.com/d_driver_fallback_image.png/content/dam/fom-website/drivers/E/ESTOCO01_Esteban_Ocon/estoco01.png.transform/1col/image.png
1274,9854,43,Franco COLAPINTO,COL,Franco,Colapinto,Alpine,00A1E8,
1274,9854,44,Lewis HAMILTON,HAM,Lewis,Hamilton,Ferrari,ED1131,https://media.formula1.com/d_driver_fallback_image.png/content/dam/fom-website/drivers/L/LEWHAM01_Lewis_Hamilton/lewham01.png.transform/1col/image.png
1274,9854,55,Carlos SAINZ,SAI,Carlos,Sainz,Williams,1868DB,https://media.formula1.com/d_driver_fallback_image.png/content/dam/fom-website/drivers/C/CARSAI01_Carlos_Sainz/carsai01.png.transform/1col/image.png
1274,9854,63,George RUSSELL,RUS,George,Russell,Mercedes,00D7B6,https://media.formula1.com/d_driver_fallback_image.png/content/dam/fom-website/drivers/G/GEORUS01_George_Russell/georus01.png.transform/1col/image.png
1274,9854,81,Oscar PIASTRI,PIA,Oscar,Piastri,McLaren,F47600,https://media.formula1.com/d_driver_fallback_image.png/content/dam/fom-website/drivers/O/OSCPIA01_Oscar_Piastri/oscpia01.png.transform/1col/image.png
1274,9854,87,Oliver BEARMAN,BEA,Oliver,Bearman,Haas F1 Team,9C9FA2,https://media.formula1.com/d_driver_fallback_image.png/content/dam/fom-website/drivers/O/OLIBEA01_Oliver_Bearman/olibea01.png.transform/1col/image.png
1274,9858,1,Max VERSTAPPEN,VER,Max,Verstappen,Red Bull Racing,4781D7,https://media.formula1.com/d_driver_fallback_image.png/content/dam/fom-website/drivers/M/MAXVER01_Max_Verstappen/maxver01.png.transform/1col/image.png
1274,9858,4,Lando NORRIS,NOR,Lando,Norris,McLaren,F47600,https://media.formula1.com/d_driver_fallback_image.png/content/dam/fom-website/drivers/L/LANNOR01_Lando_Norris/lannor01.png.transform/1col/image.png
1274,9858,5,Gabriel BORTOLETO,BOR,Gabriel,Bortoleto,Kick Sauber,01C00E,https://media.formula1.com/d_driver_fallback_image.png/content/dam/fom-website/drivers/G/GABBOR01_Gabriel_Bortoleto/gabbor01.png.transform/1col/image.png
1274,9858,6,Isack HADJAR,HAD,Isack,Hadjar,Racing Bulls,6C98FF,https://media.formula1.com/d_driver_fallback_image.png/content/dam/fom-website/drivers/I/ISAHAD01_Isack_Hadjar/isahad01.png.transform/1col/image.png
1274,9858,10,Pierre GASLY,GAS,Pierre,Gasly,Alpine,00A1E8,https://media.formula1.com/d_driver_fallback_image.png/content/dam/fom-website/drivers/P/PIEGAS01_Pierre_Gasly/piegas01.png.transform/1col/image.png
1274,9858,12,Kimi ANTONELLI,ANT,Kimi,Antonelli,Mercedes,00D7B6,https://media.formula1.com/d_driver_fallback_image.png/content/dam/fom-website/drivers/A/ANDANT01_Andrea%20Kimi_Antonelli/andant01.png.transform/1col/image.png
1274,9858,14,Fernando ALONSO,ALO,Fernando,Alonso,Aston Martin,229971,https://media.formula1.com/d_driver_fallback_image.png/content/dam/fom-website/drivers/F/FERALO01_Fernando_Alonso/feralo01.png.transform/1col/image.png
1274,9858,16,Charles LECLERC,LEC,Charles,Leclerc,Ferrari,ED1131,https://media.formula1.com/d_driver_fallback_image.png/content/dam/fom-website/drivers/C/CHALEC01_Charles_Leclerc/chalec01.png.transform/1col/image.png
1274,9858,18,Lance STROLL,STR,Lance,Stroll,Aston Martin,229971,https://media.formula1.com/d_driver_fallback_image.png/content/dam/fom-website/drivers/L/LANSTR01_Lance_Stroll/lanstr01.png.transform/1col/image.png
1274,9858,22,Yuki TSUNODA,TSU,Yuki,Tsunoda,Red Bull Racing,4781D7,https://media.formula1.com/d_driver_fallback_image.png/content/dam/fom-website/drivers/Y/YUKTSU01_Yuki_Tsunoda/yuktsu01.png.transform/1col/image.png
1274,9858,23,Alexander ALBON,ALB,Alexander,Albon,Williams,1868DB,https://media.formula1.com/d_driver_fallback_image.png/content/dam/fom-website/drivers/A/ALEALB01_Alexander_Albon/alealb01.png.transform/1col/image.png
1274,9858,27,Nico HULKENBERG,HUL,Nico,Hulkenberg,Kick Sauber,01C00E,https://media.formula1.com/d_driver_fallback_image.png/content/dam/fom-website/drivers/N/NICHUL01_Nico_Hulkenberg/nichul01.png.transform/1col/image.png
1274,9858,30,Liam LAWSON,LAW,Liam,Lawson,Racing Bulls,6C98FF,https://media.formula1.com/d_driver_fallback_image.png/content/dam/fom-website/drivers/L/LIALAW01_Liam_Lawson/lialaw01.png.transform/1col/image.png
1274,9858,31,Esteban OCON,OCO,Esteban,Ocon,Haas F1 Team,9C9FA2,https://media.formula1.com/d_driver_fallback_image.png/content/dam/fom-website/drivers/E/ESTOCO01_Esteban_Ocon/estoco01.png.transform/1col/image.png
1274,9858,43,Franco COLAPINTO,COL,Franco,Colapinto,Alpine,00A1E8,
1274,9858,44,Lewis HAMILTON,HAM,Lewis,Hamilton,Ferrari,ED1131,https://media.formula1.com/d_driver_fallback_image.png/content/dam/fom-website/drivers/L/LEWHAM01_Lewis_Hamilton/lewham01.png.transform/1col/image.png
1274,9858,55,Carlos SAINZ,SAI,Carlos,Sainz,Williams,1868DB,https://media.formula1.com/d_driver_fallback_image.png/content/dam/fom-website/drivers/C/CARSAI01_Carlos_Sainz/carsai01.png.transform/1col/image.png
1274,9858,63,George RUSSELL,RUS,George,Russell,Mercedes,00D7B6,https://media.formula1.com/d_driver_fallback_image.png/content/dam/fom-website/drivers/G/GEORUS01_George_Russell/georus01.png.transform/1col/image.png
1274,9858,81,Oscar PIASTRI,PIA,Oscar,Piastri,McLaren,F47600,https://media.formula1.com/d_driver_fallback_image.png/content/dam/fom-website/drivers/O/OSCPIA01_Oscar_Piastri/oscpia01.png.transform/1col/image.png
1274,9858,87,Oliver BEARMAN,BEA,Oliver,Bearman,Haas F1 Team,9C9FA2,https://media.formula1.com/d_driver_fallback_image.png/content/dam/fom-website/drivers/O/OLIBEA01_Oliver_Bearman/olibea01.png.transform/1col/image.png
1275,9840,1,Max VERSTAPPEN,VER,Max,Verstappen,Red Bull Racing,4781D7,https://media.formula1.com/d_driver_fallback_image.png/content/dam/fom-website/drivers/M/MAXVER01_Max_Verstappen/maxver01.png.transform/1col/image.png
1275,9840,4,Lando NORRIS,NOR,Lando,Norris,McLaren,F47600,https://media.formula1.com/d_driver_fallback_image.png/content/dam/fom-website/drivers/L/LANNOR01_Lando_Norris/lannor01.png.transform/1col/image.png
1275,9840,5,Gabriel BORTOLETO,BOR,Gabriel,Bortoleto,Kick Sauber,01C00E,https://media.formula1.com/d_driver_fallback_image.png/content/dam/fom-website/drivers/G/GABBOR01_Gabriel_Bortoleto/gabbor01.png.transform/1col/image.png
1275,9840,6,Isack HADJAR,HAD,Isack,Hadjar,Racing Bulls,6C98FF,https://media.formula1.com/d_driver_fallback_image.png/content/dam/fom-website/drivers/I/ISAHAD01_Isack_Hadjar/isahad01.png.transform/1col/image.png
1275,9840,10,Pierre GASLY,GAS,Pierre,Gasly,Alpine,00A1E8,https://media.formula1.com/d_driver_fallback_image.png/content/dam/fom-website/drivers/P/PIEGAS01_Pierre_Gasly/piegas01.png.transform/1col/image.png
1275,9840,12,Kimi ANTONELLI,ANT,Kimi,Antonelli,Mercedes,00D7B6,https://media.formula1.com/d_driver_fallback_image.png/content/dam/fom-website/drivers/A/ANDANT01_Andrea%20Kimi_Antonelli/andant01.png.transform/1col/image.png
1275,9840,14,Fernando ALONSO,ALO,Fernando,Alonso,Aston Martin,229971,https://media.formula1.com/d_driver_fallback_image.png/content/dam/fom-website/drivers/F/FERALO01_Fernando_Alonso/feralo01.png.transform/1col/image.png
1275,9840,16,Charles LECLERC,LEC,Charles,Leclerc,Ferrari,ED1131,https://media.formula1.com/d_driver_fallback_image.png/content/dam/fom-website/drivers/C/CHALEC01_Charles_Leclerc/chalec01.png.transform/1col/image.png
1275,9840,18,Lance STROLL,STR,Lance,Stroll,Aston Martin,229971,https://media.formula1.com/d_driver_fallback_image.png/content/dam/fom-website/drivers/L/LANSTR01_Lance_Stroll/lanstr01.png.transform/1col/image.png
1275,9840,22,Yuki TSUNODA,TSU,Yuki,Tsunoda,Red Bull Racing,4781D7,https://media.formula1.com/d_driver_fallback_image.png/content/dam/fom-website/drivers/Y/YUKTSU01_Yuki_Tsunoda/yuktsu01.png.transform/1col/image.png
1275,9840,23,Alexander ALBON,ALB,Alexander,Albon,Williams,1868DB,https://media.formula1.com/d_driver_fallback_image.png/content/dam/fom-website/drivers/A/ALEALB01_Alexander_Albon/alealb01.png.transform/1col/image.png
1275,9840,27,Nico HULKENBERG,HUL,Nico,Hulkenberg,Kick Sauber,01C00E,https://media.formula1.com/d_driver_fallback_image.png/content/dam/fom-website/drivers/N/NICHUL01_Nico_Hulkenberg/nichul01.png.transform/1col/image.png
1275,9840,30,Liam LAWSON,LAW,Liam,Lawson,Racing Bulls,6C98FF,https://media.formula1.com/d_driver_fallback_image.png/content/dam/fom-website/drivers/L/LIALAW01_Liam_Lawson/lialaw01.png.transform/1col/image.png
1275,9840,31,Esteban OCON,OCO,Esteban,Ocon,Haas F1 Team,9C9FA2,https://media.formula1.com/d_driver_fallback_image.png/content/dam/fom-website/drivers/E/ESTOCO01_Esteban_Ocon/estoco01.png.transform/1col/image.png
1275,9840,43,Franco COLAPINTO,COL,Franco,Colapinto,Alpine,00A1E8,
1275,9840,44,Lewis HAMILTON,HAM,Lewis,Hamilton,Ferrari,ED1131,https://media.formula1.com/d_driver_fallback_image.png/content/dam/fom-website/drivers/L/LEWHAM01_Lewis_Hamilton/lewham01.png.transform/1col/image.png
1275,9840,55,Carlos SAINZ,SAI,Carlos,Sainz,Williams,1868DB,https://media.formula1.com/d_driver_fallback_image.png/content/dam/fom-website/drivers/C/CARSAI01_Carlos_Sainz/carsai01.png.transform/1col/image.png
1275,9840,63,George RUSSELL,RUS,George,Russell,Mercedes,00D7B6,https://media.formula1.com/d_driver_fallback_image.png/content/dam/fom-website/drivers/G/GEORUS01_George_Russell/georus01.png.transform/1col/image.png
1275,9840,81,Oscar PIASTRI,PIA,Oscar,Piastri,McLaren,F47600,https://media.formula1.com/d_driver_fallback_image.png/content/dam/fom-website/drivers/O/OSCPIA01_Oscar_Piastri/oscpia01.png.transform/1col/image.png
1275,9840,87,Oliver BEARMAN,BEA,Oliver,Bearman,Haas F1 Team,9C9FA2,https://media.formula1.com/d_driver_fallback_image.png/content/dam/fom-website/drivers/O/OLIBEA01_Oliver_Bearman/olibea01.png.transform/1col/image.png
1275,9841,1,Max VERSTAPPEN,VER,Max,Verstappen,Red Bull Racing,4781D7,https://media.formula1.com/d_driver_fallback_image.png/content/dam/fom-website/drivers/M/MAXVER01_Max_Verstappen/maxver01.png.transform/1col/image.png
1275,9841,4,Lando NORRIS,NOR,Lando,Norris,McLaren,F47600,https://media.formula1.com/d_driver_fallback_image.png/content/dam/fom-website/drivers/L/LANNOR01_Lando_Norris/lannor01.png.transform/1col/image.png
1275,9841,5,Gabriel BORTOLETO,BOR,Gabriel,Bortoleto,Kick Sauber,01C00E,https://media.formula1.com/d_driver_fallback_image.png/content/dam/fom-website/drivers/G/GABBOR01_Gabriel_Bortoleto/gabbor01.png.transform/1col/image.png
1275,9841,6,Isack HADJAR,HAD,Isack,Hadjar,Racing Bulls,6C98FF,https://media.formula1.com/d_driver_fallback_image.png/content/dam/fom-website/drivers/I/ISAHAD01_Isack_Hadjar/isahad01.png.transform/1col/image.png
1275,9841,10,Pierre GASLY,GAS,Pierre,Gasly,Alpine,00A1E8,https://media.formula1.com/d_driver_fallback_image.png/content/dam/fom-website/drivers/P/PIEGAS01_Pierre_Gasly/piegas01.png.transform/1col/image.png
1275,9841,12,Kimi ANTONELLI,ANT,Kimi,Antonelli,Mercedes,00D7B6,https://media.formula1.com/d_driver_fallback_image.png/content/dam/fom-website/drivers/A/ANDANT01_Andrea%20Kimi_Antonelli/andant01.png.transform/1col/image.png
1275,9841,14,Fernando ALONSO,ALO,Fernando,Alonso,Aston Martin,229971,https://media.formula1.com/d_driver_fallback_image.png/content/dam/fom-website/drivers/F/FERALO01_Fernando_Alonso/feralo01.png.transform/1col/image.png
1275,9841,16,Charles LECLERC,LEC,Charles,Leclerc,Ferrari,ED1131,https://media.formula1.com/d_driver_fallback_image.png/content/dam/fom-website/drivers/C/CHALEC01_Charles_Leclerc/chalec01.png.transform/1col/image.png
1275,9841,18,Lance STROLL,STR,Lance,Stroll,Aston Martin,229971,https://media.formula1.com/d_driver_fallback_image.png/content/dam/fom-website/drivers/L/LANSTR01_Lance_Stroll/lanstr01.png.transform/1col/image.png
1275,9841,22,Yuki TSUNODA,TSU,Yuki,Tsunoda,Red Bull Racing,4781D7,https://media.formula1.com/d_driver_fallback_image.png/content/dam/fom-website/drivers/Y/YUKTSU01_Yuki_Tsunoda/yuktsu01.png.transform/1col/image.png
1275,9841,23,Alexander ALBON,ALB,Alexander,Albon,Williams,1868DB,https://media.formula1.com/d_driver_fallback_image.png/content/dam/fom-website/drivers/A/ALEALB01_Alexander_Albon/alealb01.png.transform/1col/image.png
1275,9841,27,Nico HULKENBERG,HUL,Nico,Hulkenberg,Kick Sauber,01C00E,https://media.formula1.com/d_driver_fallback_image.png/content/dam/fom-website/drivers/N/NICHUL01_Nico_Hulkenberg/nichul01.png.transform/1col/image.png
1275,9841,30,Liam LAWSON,LAW,Liam,Lawson,Racing Bulls,6C98FF,https://media.formula1.com/d_driver_fallback_image.png/content/dam/fom-website/drivers/L/LIALAW01_Liam_Lawson/lialaw01.png.transform/1col/image.png
1275,9841,31,Esteban OCON,OCO,Esteban,Ocon,Haas F1 Team,9C9FA2,https://media.formula1.com/d_driver_fallback_image.png/content/dam/fom-website/drivers/E/ESTOCO01_Esteban_Ocon/estoco01.png.transform/1col/image.png
1275,9841,43,Franco COLAPINTO,COL,Franco,Colapinto,Alpine,00A1E8,
1275,9841,44,Lewis HAMILTON,HAM,Lewis,Hamilton,Ferrari,ED1131,https://media.formula1.com/d_driver_fallback_image.png/content/dam/fom-website/drivers/L/LEWHAM01_Lewis_Hamilton/lewham01.png.transform/1col/image.png
1275,9841,55,Carlos SAINZ,SAI,Carlos,Sainz,Williams,1868DB,https://media.formula1.com/d_driver_fallback_image.png/content/dam/fom-website/drivers/C/CARSAI01_Carlos_Sainz/carsai01.png.transform/1col/image.png
1275,9841,63,George RUSSELL,RUS,George,Russell,Mercedes,00D7B6,https://media.formula1.com/d_driver_fallback_image.png/content/dam/fom-website/drivers/G/GEORUS01_George_Russell/georus01.png.transform/1col/image.png
1275,9841,81,Oscar PIASTRI,PIA,Oscar,Piastri,McLaren,F47600,https://media.formula1.com/d_driver_fallback_image.png/content/dam/fom-website/drivers/O/OSCPIA01_Oscar_Piastri/oscpia01.png.transform/1col/image.png
1275,9841,87,Oliver BEARMAN,BEA,Oliver,Bearman,Haas F1 Team,9C9FA2,https://media.formula1.com/d_driver_fallback_image.png/content/dam/fom-website/drivers/O/OLIBEA01_Oliver_Bearman/olibea01.png.transform/1col/image.png
1275,9845,1,Max VERSTAPPEN,VER,Max,Verstappen,Red Bull Racing,4781D7,https://media.formula1.com/d_driver_fallback_image.png/content/dam/fom-website/drivers/M/MAXVER01_Max_Verstappen/maxver01.png.transform/1col/image.png
1275,9845,4,Lando NORRIS,NOR,Lando,Norris,McLaren,F47600,https://media.formula1.com/d_driver_fallback_image.png/content/dam/fom-website/drivers/L/LANNOR01_Lando_Norris/lannor01.png.transform/1col/image.png
1275,9845,5,Gabriel BORTOLETO,BOR,Gabriel,Bortoleto,Kick Sauber,01C00E,https://media.formula1.com/d_driver_fallback_image.png/content/dam/fom-website/drivers/G/GABBOR01_Gabriel_Bortoleto/gabbor01.png.transform/1col/image.png
1275,9845,6,Isack HADJAR,HAD,Isack,Hadjar,Racing Bulls,6C98FF,https://media.formula1.com/d_driver_fallback_image.png/content/dam/fom-website/drivers/I/ISAHAD01_Isack_Hadjar/isahad01.png.transform/1col/image.png
1275,9845,10,Pierre GASLY,GAS,Pierre,Gasly,Alpine,00A1E8,https://media.formula1.com/d_driver_fallback_image.png/content/dam/fom-website/drivers/P/PIEGAS01_Pierre_Gasly/piegas01.png.transform/1col/image.png
1275,9845,12,Kimi ANTONELLI,ANT,Kimi,Antonelli,Mercedes,00D7B6,https://media.formula1.com/d_driver_fallback_image.png/content/dam/fom-website/drivers/A/ANDANT01_Andrea%20Kimi_Antonelli/andant01.png.transform/1col/image.png
1275,9845,14,Fernando ALONSO,ALO,Fernando,Alonso,Aston Martin,229971,https://media.formula1.com/d_driver_fallback_image.png/content/dam/fom-website/drivers/F/FERALO01_Fernando_Alonso/feralo01.png.transform/1col/image.png
1275,9845,16,Charles LECLERC,LEC,Charles,Leclerc,Ferrari,ED1131,https://media.formula1.com/d_driver_fallback_image.png/content/dam/fom-website/drivers/C/CHALEC01_Charles_Leclerc/chalec01.png.transform/1col/image.png
1275,9845,18,Lance STROLL,STR,Lance,Stroll,Aston Martin,229971,https://media.formula1.com/d_driver_fallback_image.png/content/dam/fom-website/drivers/L/LANSTR01_Lance_Stroll/lanstr01.png.transform/1col/image.png
1275,9845,22,Yuki TSUNODA,TSU,Yuki,Tsunoda,Red Bull Racing,4781D7,https://media.formula1.com/d_driver_fallback_image.png/content/dam/fom-website/drivers/Y/YUKTSU01_Yuki_Tsunoda/yuktsu01.png.transform/1col/image.png
1275,9845,23,Alexander ALBON,ALB,Alexander,Albon,Williams,1868DB,https://media.formula1.com/d_driver_fallback_image.png/content/dam/fom-website/drivers/A/ALEALB01_Alexander_Albon/alealb01.png.transform/1col/image.png
1275,9845,27,Nico HULKENBERG,HUL,Nico,Hulkenberg,Kick Sauber,01C00E,https://media.formula1.com/d_driver_fallback_image.png/content/dam/fom-website/drivers/N/NICHUL01_Nico_Hulkenberg/nichul01.png.transform/1col/image.png
1275,9845,30,Liam LAWSON,LAW,Liam,Lawson,Racing Bulls,6C98FF,https://media.formula1.com/d_driver_fallback_image.png/content/dam/fom-website/drivers/L/LIALAW01_Liam_Lawson/lialaw01.png.transform/1col/image.png
1275,9845,31,Esteban OCON,OCO,Esteban,Ocon,Haas F1 Team,9C9FA2,https://media.formula1.com/d_driver_fallback_image.png/content/dam/fom-website/drivers/E/ESTOCO01_Esteban_Ocon/estoco01.png.transform/1col/image.png
1275,9845,43,Franco COLAPINTO,COL,Franco,Colapinto,Alpine,00A1E8,
1275,9845,44,Lewis HAMILTON,HAM,Lewis,Hamilton,Ferrari,ED1131,https://media.formula1.com/d_driver_fallback_image.png/content/dam/fom-website/drivers/L/LEWHAM01_Lewis_Hamilton/lewham01.png.transform/1col/image.png
1275,9845,55,Carlos SAINZ,SAI,Carlos,Sainz,Williams,1868DB,https://media.formula1.com/d_driver_fallback_image.png/content/dam/fom-website/drivers/C/CARSAI01_Carlos_Sainz/carsai01.png.transform/1col/image.png
1275,9845,63,George RUSSELL,RUS,George,Russell,Mercedes,00D7B6,https://media.formula1.com/d_driver_fallback_image.png/content/dam/fom-website/drivers/G/GEORUS01_George_Russell/georus01.png.transform/1col/image.png
1275,9845,81,Oscar PIASTRI,PIA,Oscar,Piastri,McLaren,F47600,https://media.formula1.com/d_driver_fallback_image.png/content/dam/fom-website/drivers/O/OSCPIA01_Oscar_Piastri/oscpia01.png.transform/1col/image.png
1275,9845,87,Oliver BEARMAN,BEA,Oliver,Bearman,Haas F1 Team,9C9FA2,https://media.formula1.com/d_driver_fallback_image.png/content/dam/fom-website/drivers/O/OLIBEA01_Oliver_Bearman/olibea01.png.transform/1col/image.png
1275,9846,1,Max VERSTAPPEN,VER,Max,Verstappen,Red Bull Racing,4781D7,https://media.formula1.com/d_driver_fallback_image.png/content/dam/fom-website/drivers/M/MAXVER01_Max_Verstappen/maxver01.png.transform/1col/image.png
1275,9846,4,Lando NORRIS,NOR,Lando,Norris,McLaren,F47600,https://media.formula1.com/d_driver_fallback_image.png/content/dam/fom-website/drivers/L/LANNOR01_Lando_Norris/lannor01.png.transform/1col/image.png
1275,9846,5,Gabriel BORTOLETO,BOR,Gabriel,Bortoleto,Kick Sauber,01C00E,https://media.formula1.com/d_driver_fallback_image.png/content/dam/fom-website/drivers/G/GABBOR01_Gabriel_Bortoleto/gabbor01.png.transform/1col/image.png
1275,9846,6,Isack HADJAR,HAD,Isack,Hadjar,Racing Bulls,6C98FF,https://media.formula1.com/d_driver_fallback_image.png/content/dam/fom-website/drivers/I/ISAHAD01_Isack_Hadjar/isahad01.png.transform/1col/image.png
1275,9846,10,Pierre GASLY,GAS,Pierre,Gasly,Alpine,00A1E8,https://media.formula1.com/d_driver_fallback_image.png/content/dam/fom-website/drivers/P/PIEGAS01_Pierre_Gasly/piegas01.png.transform/1col/image.png
1275,9846,12,Kimi ANTONELLI,ANT,Kimi,Antonelli,Mercedes,00D7B6,https://media.formula1.com/d_driver_fallback_image.png/content/dam/fom-website/drivers/A/ANDANT01_Andrea%20Kimi_Antonelli/andant01.png.transform/1col/image.png
1275,9846,14,Fernando ALONSO,ALO,Fernando,Alonso,Aston Martin,229971,https://media.formula1.com/d_driver_fallback_image.png/content/dam/fom-website/drivers/F/FERALO01_Fernando_Alonso/feralo01.png.transform/1col/image.png
1275,9846,16,Charles LECLERC,LEC,Charles,Leclerc,Ferrari,ED1131,https://media.formula1.com/d_driver_fallback_image.png/content/dam/fom-website/drivers/C/CHALEC01_Charles_Leclerc/chalec01.png.transform/1col/image.png
1275,9846,18,Lance STROLL,STR,Lance,Stroll,Aston Martin,229971,https://media.formula1.com/d_driver_fallback_image.png/content/dam/fom-website/drivers/L/LANSTR01_Lance_Stroll/lanstr01.png.transform/1col/image.png
1275,9846,22,Yuki TSUNODA,TSU,Yuki,Tsunoda,Red Bull Racing,4781D7,https://media.formula1.com/d_driver_fallback_image.png/content/dam/fom-website/drivers/Y/YUKTSU01_Yuki_Tsunoda/yuktsu01.png.transform/1col/image.png
1275,9846,23,Alexander ALBON,ALB,Alexander,Albon,Williams,1868DB,https://media.formula1.com/d_driver_fallback_image.png/content/dam/fom-website/drivers/A/ALEALB01_Alexander_Albon/alealb01.png.transform/1col/image.png
1275,9846,27,Nico HULKENBERG,HUL,Nico,Hulkenberg,Kick Sauber,01C00E,https://media.formula1.com/d_driver_fallback_image.png/content/dam/fom-website/drivers/N/NICHUL01_Nico_Hulkenberg/nichul01.png.transform/1col/image.png
1275,9846,30,Liam LAWSON,LAW,Liam,Lawson,Racing Bulls,6C98FF,https://media.formula1.com/d_driver_fallback_image.png/content/dam/fom-website/drivers/L/LIALAW01_Liam_Lawson/lialaw01.png.transform/1col/image.png
1275,9846,31,Esteban OCON,OCO,Esteban,Ocon,Haas F1 Team,9C9FA2,https://media.formula1.com/d_driver_fallback_image.png/content/dam/fom-website/drivers/E/ESTOCO01_Esteban_Ocon/estoco01.png.transform/1col/image.png
1275,9846,43,Franco COLAPINTO,COL,Franco,Colapinto,Alpine,00A1E8,
1275,9846,44,Lewis HAMILTON,HAM,Lewis,Hamilton,Ferrari,ED1131,https://media.formula1.com/d_driver_fallback_image.png/content/dam/fom-website/drivers/L/LEWHAM01_Lewis_Hamilton/lewham01.png.transform/1col/image.png
1275,9846,55,Carlos SAINZ,SAI,Carlos,Sainz,Williams,1868DB,https://media.formula1.com/d_driver_fallback_image.png/content/dam/fom-website/drivers/C/CARSAI01_Carlos_Sainz/carsai01.png.transform/1col/image.png
1275,9846,63,George RUSSELL,RUS,George,Russell,Mercedes,00D7B6,https://media.formula1.com/d_driver_fallback_image.png/content/dam/fom-website/drivers/G/GEORUS01_George_Russell/georus01.png.transform/1col/image.png
1275,9846,81,Oscar PIASTRI,PIA,Oscar,Piastri,McLaren,F47600,https://media.formula1.com/d_driver_fallback_image.png/content/dam/fom-website/drivers/O/OSCPIA01_Oscar_Piastri/oscpia01.png.transform/1col/image.png
1275,9846,87,Oliver BEARMAN,BEA,Oliver,Bearman,Haas F1 Team,9C9FA2,https://media.formula1.com/d_driver_fallback_image.png/content/dam/fom-website/drivers/O/OLIBEA01_Oliver_Bearman/olibea01.png.transform/1col/image.png
1275,9850,1,Max VERSTAPPEN,VER,Max,Verstappen,Red Bull Racing,4781D7,https://media.formula1.com/d_driver_fallback_image.png/content/dam/fom-website/drivers/M/MAXVER01_Max_Verstappen/maxver01.png.transform/1col/image.png
1275,9850,4,Lando NORRIS,NOR,Lando,Norris,McLaren,F47600,https://media.formula1.com/d_driver_fallback_image.png/content/dam/fom-website/drivers/L/LANNOR01_Lando_Norris/lannor01.png.transform/1col/image.png
1275,9850,5,Gabriel BORTOLETO,BOR,Gabriel,Bortoleto,Kick Sauber,01C00E,https://media.formula1.com/d_driver_fallback_image.png/content/dam/fom-website/drivers/G/GABBOR01_Gabriel_Bortoleto/gabbor01.png.transform/1col/image.png
1275,9850,6,Isack HADJAR,HAD,Isack,Hadjar,Racing Bulls,6C98FF,https://media.formula1.com/d_driver_fallback_image.png/content/dam/fom-website/drivers/I/ISAHAD01_Isack_Hadjar/isahad01.png.transform/1col/image.png
1275,9850,10,Pierre GASLY,GAS,Pierre,Gasly,Alpine,00A1E8,https://media.formula1.com/d_driver_fallback_image.png/content/dam/fom-website/drivers/P/PIEGAS01_Pierre_Gasly/piegas01.png.transform/1col/image.png
1275,9850,12,Kimi ANTONELLI,ANT,Kimi,Antonelli,Mercedes,00D7B6,https://media.formula1.com/d_driver_fallback_image.png/content/dam/fom-website/drivers/A/ANDANT01_Andrea%20Kimi_Antonelli/andant01.png.transform/1col/image.png
1275,9850,14,Fernando ALONSO,ALO,Fernando,Alonso,Aston Martin,229971,https://media.formula1.com/d_driver_fallback_image.png/content/dam/fom-website/drivers/F/FERALO01_Fernando_Alonso/feralo01.png.transform/1col/image.png
1275,9850,16,Charles LECLERC,LEC,Charles,Leclerc,Ferrari,ED1131,https://media.formula1.com/d_driver_fallback_image.png/content/dam/fom-website/drivers/C/CHALEC01_Charles_Leclerc/chalec01.png.transform/1col/image.png
1275,9850,18,Lance STROLL,STR,Lance,Stroll,Aston Martin,229971,https://media.formula1.com/d_driver_fallback_image.png/content/dam/fom-website/drivers/L/LANSTR01_Lance_Stroll/lanstr01.png.transform/1col/image.png
1275,9850,22,Yuki TSUNODA,TSU,Yuki,Tsunoda,Red Bull Racing,4781D7,https://media.formula1.com/d_driver_fallback_image.png/content/dam/fom-website/drivers/Y/YUKTSU01_Yuki_Tsunoda/yuktsu01.png.transform/1col/image.png
1275,9850,23,Alexander ALBON,ALB,Alexander,Albon,Williams,1868DB,https://media.formula1.com/d_driver_fallback_image.png/content/dam/fom-website/drivers/A/ALEALB01_Alexander_Albon/alealb01.png.transform/1col/image.png
1275,9850,27,Nico HULKENBERG,HUL,Nico,Hulkenberg,Kick Sauber,01C00E,https://media.formula1.com/d_driver_fallback_image.png/content/dam/fom-website/drivers/N/NICHUL01_Nico_Hulkenberg/nichul01.png.transform/1col/image.png
1275,9850,30,Liam LAWSON,LAW,Liam,Lawson,Racing Bulls,6C98FF,https://media.formula1.com/d_driver_fallback_image.png/content/dam/fom-website/drivers/L/LIALAW01_Liam_Lawson/lialaw01.png.transform/1col/image.png
1275,9850,31,Esteban OCON,OCO,Esteban,Ocon,Haas F1 Team,9C9FA2,https://media.formula1.com/d_driver_fallback_image.png/content/dam/fom-website/drivers/E/ESTOCO01_Esteban_Ocon/estoco01.png.transform/1col/image.png
1275,9850,43,Franco COLAPINTO,COL,Franco,Colapinto,Alpine,00A1E8,
1275,9850,44,Lewis HAMILTON,HAM,Lewis,Hamilton,Ferrari,ED1131,https://media.formula1.com/d_driver_fallback_image.png/content/dam/fom-website/drivers/L/LEWHAM01_Lewis_Hamilton/lewham01.png.transform/1col/image.png
1275,9850,55,Carlos SAINZ,SAI,Carlos,Sainz,Williams,1868DB,https://media.formula1.com/d_driver_fallback_image.png/content/dam/fom-website/drivers/C/CARSAI01_Carlos_Sainz/carsai01.png.transform/1col/image.png
1275,9850,63,George RUSSELL,RUS,George,Russell,Mercedes,00D7B6,https://media.formula1.com/d_driver_fallback_image.png/content/dam/fom-website/drivers/G/GEORUS01_George_Russell/georus01.png.transform/1col/image.png
1275,9850,81,Oscar PIASTRI,PIA,Oscar,Piastri,McLaren,F47600,https://media.formula1.com/d_driver_fallback_image.png/content/dam/fom-website/drivers/O/OSCPIA01_Oscar_Piastri/oscpia01.png.transform/1col/image.png
1275,9850,87,Oliver BEARMAN,BEA,Oliver,Bearman,Haas F1 Team,9C9FA2,https://media.formula1.com/d_driver_fallback_image.png/content/dam/fom-website/drivers/O/OLIBEA01_Oliver_Bearman/olibea01.png.transform/1col/image.png
1276,9832,1,Max VERSTAPPEN,VER,Max,Verstappen,Red Bull Racing,4781D7,https://media.formula1.com/d_driver_fallback_image.png/content/dam/fom-website/drivers/M/MAXVER01_Max_Verstappen/maxver01.png.transform/1col/image.png
1276,9832,4,Lando NORRIS,NOR,Lando,Norris,McLaren,F47600,https://media.formula1.com/d_driver_fallback_image.png/content/dam/fom-website/drivers/L/LANNOR01_Lando_Norris/lannor01.png.transform/1col/image.png
1276,9832,5,Gabriel BORTOLETO,BOR,Gabriel,Bortoleto,Kick Sauber,01C00E,https://media.formula1.com/d_driver_fallback_image.png/content/dam/fom-website/drivers/G/GABBOR01_Gabriel_Bortoleto/gabbor01.png.transform/1col/image.png
1276,9832,6,Isack HADJAR,HAD,Isack,Hadjar,Racing Bulls,6C98FF,https://media.formula1.com/d_driver_fallback_image.png/content/dam/fom-website/drivers/I/ISAHAD01_Isack_Hadjar/isahad01.png.transform/1col/image.png
1276,9832,12,Kimi ANTONELLI,ANT,Kimi,Antonelli,Mercedes,00D7B6,https://media.formula1.com/d_driver_fallback_image.png/content/dam/fom-website/drivers/A/ANDANT01_Andrea%20Kimi_Antonelli/andant01.png.transform/1col/image.png
1276,9832,16,Charles LECLERC,LEC,Charles,Leclerc,Ferrari,ED1131,https://media.formula1.com/d_driver_fallback_image.png/content/dam/fom-website/drivers/C/CHALEC01_Charles_Leclerc/chalec01.png.transform/1col/image.png
1276,9832,27,Nico HULKENBERG,HUL,Nico,Hulkenberg,Kick Sauber,01C00E,https://media.formula1.com/d_driver_fallback_image.png/content/dam/fom-website/drivers/N/NICHUL01_Nico_Hulkenberg/nichul01.png.transform/1col/image.png
1276,9832,34,Cian SHIELDS,SHI,Cian,Shields,Aston Martin,229971,
1276,9832,35,Jak CRAWFORD,CRA,Jak,Crawford,Aston Martin,229971,
1276,9832,36,Arvid LINDBLAD,LIN,Arvid,Lindblad,Red Bull Racing,4781D7,
1276,9832,39,Arthur LECLERC,LEL,Arthur,Leclerc,Ferrari,ED1131,
1276,9832,40,Ayumu IWASA,IWA,Ayumu,Iwasa,Racing Bulls,6C98FF,
1276,9832,43,Franco COLAPINTO,COL,Franco,Colapinto,Alpine,00A1E8,
1276,9832,46,Luke BROWNING,BRO,Luke,Browning,Williams,1868DB,
1276,9832,50,Ryo HIRAKAWA,HIR,Ryo,Hirakawa,Haas F1 Team,9C9FA2,
1276,9832,55,Carlos SAINZ,SAI,Carlos,Sainz,Williams,1868DB,https://media.formula1.com/d_driver_fallback_image.png/content/dam/fom-website/drivers/C/CARSAI01_Carlos_Sainz/carsai01.png.transform/1col/image.png
1276,9832,61,Paul ARON,ARO,Paul,Aron,Alpine,00A1E8,
1276,9832,63,George RUSSELL,RUS,George,Russell,Mercedes,00D7B6,https://media.formula1.com/d_driver_fallback_image.png/content/dam/fom-website/drivers/G/GEORUS01_George_Russell/georus01.png.transform/1col/image.png
1276,9832,87,Oliver BEARMAN,BEA,Oliver,Bearman,Haas F1 Team,9C9FA2,https://media.formula1.com/d_driver_fallback_image.png/content/dam/fom-website/drivers/O/OLIBEA01_Oliver_Bearman/olibea01.png.transform/1col/image.png
1276,9832,89,Patricio O'WARD,OWA,Patricio,O'Ward,McLaren,F47600,
1276,9833,1,Max VERSTAPPEN,VER,Max,Verstappen,Red Bull Racing,4781D7,https://media.formula1.com/d_driver_fallback_image.png/content/dam/fom-website/drivers/M/MAXVER01_Max_Verstappen/maxver01.png.transform/1col/image.png
1276,9833,4,Lando NORRIS,NOR,Lando,Norris,McLaren,F47600,https://media.formula1.com/d_driver_fallback_image.png/content/dam/fom-website/drivers/L/LANNOR01_Lando_Norris/lannor01.png.transform/1col/image.png
1276,9833,5,Gabriel BORTOLETO,BOR,Gabriel,Bortoleto,Kick Sauber,01C00E,https://media.formula1.com/d_driver_fallback_image.png/content/dam/fom-website/drivers/G/GABBOR01_Gabriel_Bortoleto/gabbor01.png.transform/1col/image.png
1276,9833,6,Isack HADJAR,HAD,Isack,Hadjar,Racing Bulls,6C98FF,https://media.formula1.com/d_driver_fallback_image.png/content/dam/fom-website/drivers/I/ISAHAD01_Isack_Hadjar/isahad01.png.transform/1col/image.png
1276,9833,10,Pierre GASLY,GAS,Pierre,Gasly,Alpine,00A1E8,https://media.formula1.com/d_driver_fallback_image.png/content/dam/fom-website/drivers/P/PIEGAS01_Pierre_Gasly/piegas01.png.transform/1col/image.png
1276,9833,12,Kimi ANTONELLI,ANT,Kimi,Antonelli,Mercedes,00D7B6,https://media.formula1.com/d_driver_fallback_image.png/content/dam/fom-website/drivers/A/ANDANT01_Andrea%20Kimi_Antonelli/andant01.png.transform/1col/image.png
1276,9833,14,Fernando ALONSO,ALO,Fernando,Alonso,Aston Martin,229971,https://media.formula1.com/d_driver_fallback_image.png/content/dam/fom-website/drivers/F/FERALO01_Fernando_Alonso/feralo01.png.transform/1col/image.png
1276,9833,16,Charles LECLERC,LEC,Charles,Leclerc,Ferrari,ED1131,https://media.formula1.com/d_driver_fallback_image.png/content/dam/fom-website/drivers/C/CHALEC01_Charles_Leclerc/chalec01.png.transform/1col/image.png
1276,9833,18,Lance STROLL,STR,Lance,Stroll,Aston Martin,229971,https://media.formula1.com/d_driver_fallback_image.png/content/dam/fom-website/drivers/L/LANSTR01_Lance_Stroll/lanstr01.png.transform/1col/image.png
1276,9833,22,Yuki TSUNODA,TSU,Yuki,Tsunoda,Red Bull Racing,4781D7,https://media.formula1.com/d_driver_fallback_image.png/content/dam/fom-website/drivers/Y/YUKTSU01_Yuki_Tsunoda/yuktsu01.png.transform/1col/image.png
1276,9833,23,Alexander ALBON,ALB,Alexander,Albon,Williams,1868DB,https://media.formula1.com/d_driver_fallback_image.png/content/dam/fom-website/drivers/A/ALEALB01_Alexander_Albon/alealb01.png.transform/1col/image.png
1276,9833,27,Nico HULKENBERG,HUL,Nico,Hulkenberg,Kick Sauber,01C00E,https://media.formula1.com/d_driver_fallback_image.png/content/dam/fom-website/drivers/N/NICHUL01_Nico_Hulkenberg/nichul01.png.transform/1col/image.png
1276,9833,30,Liam LAWSON,LAW,Liam,Lawson,Racing Bulls,6C98FF,https://media.formula1.com/d_driver_fallback_image.png/content/dam/fom-website/drivers/L/LIALAW01_Liam_Lawson/lialaw01.png.transform/1col/image.png
1276,9833,31,Esteban OCON,OCO,Esteban,Ocon,Haas F1 Team,9C9FA2,https://media.formula1.com/d_driver_fallback_image.png/content/dam/fom-website/drivers/E/ESTOCO01_Esteban_Ocon/estoco01.png.transform/1col/image.png
1276,9833,43,Franco COLAPINTO,COL,Franco,Colapinto,Alpine,00A1E8,
1276,9833,44,Lewis HAMILTON,HAM,Lewis,Hamilton,Ferrari,ED1131,https://media.formula1.com/d_driver_fallback_image.png/content/dam/fom-website/drivers/L/LEWHAM01_Lewis_Hamilton/lewham01.png.transform/1col/image.png
1276,9833,55,Carlos SAINZ,SAI,Carlos,Sainz,Williams,1868DB,https://media.formula1.com/d_driver_fallback_image.png/content/dam/fom-website/drivers/C/CARSAI01_Carlos_Sainz/carsai01.png.transform/1col/image.png
1276,9833,63,George RUSSELL,RUS,George,Russell,Mercedes,00D7B6,https://media.formula1.com/d_driver_fallback_image.png/content/dam/fom-website/drivers/G/GEORUS01_George_Russell/georus01.png.transform/1col/image.png
1276,9833,81,Oscar PIASTRI,PIA,Oscar,Piastri,McLaren,F47600,https://media.formula1.com/d_driver_fallback_image.png/content/dam/fom-website/drivers/O/OSCPIA01_Oscar_Piastri/oscpia01.png.transform/1col/image.png
1276,9833,87,Oliver BEARMAN,BEA,Oliver,Bearman,Haas F1 Team,9C9FA2,https://media.formula1.com/d_driver_fallback_image.png/content/dam/fom-website/drivers/O/OLIBEA01_Oliver_Bearman/olibea01.png.transform/1col/image.png
1276,9834,1,Max VERSTAPPEN,VER,Max,Verstappen,Red Bull Racing,4781D7,https://media.formula1.com/d_driver_fallback_image.png/content/dam/fom-website/drivers/M/MAXVER01_Max_Verstappen/maxver01.png.transform/1col/image.png
1276,9834,4,Lando NORRIS,NOR,Lando,Norris,McLaren,F47600,https://media.formula1.com/d_driver_fallback_image.png/content/dam/fom-website/drivers/L/LANNOR01_Lando_Norris/lannor01.png.transform/1col/image.png
1276,9834,5,Gabriel BORTOLETO,BOR,Gabriel,Bortoleto,Kick Sauber,01C00E,https://media.formula1.com/d_driver_fallback_image.png/content/dam/fom-website/drivers/G/GABBOR01_Gabriel_Bortoleto/gabbor01.png.transform/1col/image.png
1276,9834,6,Isack HADJAR,HAD,Isack,Hadjar,Racing Bulls,6C98FF,https://media.formula1.com/d_driver_fallback_image.png/content/dam/fom-website/drivers/I/ISAHAD01_Isack_Hadjar/isahad01.png.transform/1col/image.png
1276,9834,10,Pierre GASLY,GAS,Pierre,Gasly,Alpine,00A1E8,https://media.formula1.com/d_driver_fallback_image.png/content/dam/fom-website/drivers/P/PIEGAS01_Pierre_Gasly/piegas01.png.transform/1col/image.png
1276,9834,12,Kimi ANTONELLI,ANT,Kimi,Antonelli,Mercedes,00D7B6,https://media.formula1.com/d_driver_fallback_image.png/content/dam/fom-website/drivers/A/ANDANT01_Andrea%20Kimi_Antonelli/andant01.png.transform/1col/image.png
1276,9834,14,Fernando ALONSO,ALO,Fernando,Alonso,Aston Martin,229971,https://media.formula1.com/d_driver_fallback_image.png/content/dam/fom-website/drivers/F/FERALO01_Fernando_Alonso/feralo01.png.transform/1col/image.png
1276,9834,16,Charles LECLERC,LEC,Charles,Leclerc,Ferrari,ED1131,https://media.formula1.com/d_driver_fallback_image.png/content/dam/fom-website/drivers/C/CHALEC01_Charles_Leclerc/chalec01.png.transform/1col/image.png
1276,9834,18,Lance STROLL,STR,Lance,Stroll,Aston Martin,229971,https://media.formula1.com/d_driver_fallback_image.png/content/dam/fom-website/drivers/L/LANSTR01_Lance_Stroll/lanstr01.png.transform/1col/image.png
1276,9834,22,Yuki TSUNODA,TSU,Yuki,Tsunoda,Red Bull Racing,4781D7,https://media.formula1.com/d_driver_fallback_image.png/content/dam/fom-website/drivers/Y/YUKTSU01_Yuki_Tsunoda/yuktsu01.png.transform/1col/image.png
1276,9834,23,Alexander ALBON,ALB,Alexander,Albon,Williams,1868DB,https://media.formula1.com/d_driver_fallback_image.png/content/dam/fom-website/drivers/A/ALEALB01_Alexander_Albon/alealb01.png.transform/1col/image.png
1276,9834,27,Nico HULKENBERG,HUL,Nico,Hulkenberg,Kick Sauber,01C00E,https://media.formula1.com/d_driver_fallback_image.png/content/dam/fom-website/drivers/N/NICHUL01_Nico_Hulkenberg/nichul01.png.transform/1col/image.png
1276,9834,30,Liam LAWSON,LAW,Liam,Lawson,Racing Bulls,6C98FF,https://media.formula1.com/d_driver_fallback_image.png/content/dam/fom-website/drivers/L/LIALAW01_Liam_Lawson/lialaw01.png.transform/1col/image.png
1276,9834,31,Esteban OCON,OCO,Esteban,Ocon,Haas F1 Team,9C9FA2,https://media.formula1.com/d_driver_fallback_image.png/content/dam/fom-website/drivers/E/ESTOCO01_Esteban_Ocon/estoco01.png.transform/1col/image.png
1276,9834,43,Franco COLAPINTO,COL,Franco,Colapinto,Alpine,00A1E8,
1276,9834,44,Lewis HAMILTON,HAM,Lewis,Hamilton,Ferrari,ED1131,https://media.formula1.com/d_driver_fallback_image.png/content/dam/fom-website/drivers/L/LEWHAM01_Lewis_Hamilton/lewham01.png.transform/1col/image.png
1276,9834,55,Carlos SAINZ,SAI,Carlos,Sainz,Williams,1868DB,https://media.formula1.com/d_driver_fallback_image.png/content/dam/fom-website/drivers/C/CARSAI01_Carlos_Sainz/carsai01.png.transform/1col/image.png
1276,9834,63,George RUSSELL,RUS,George,Russell,Mercedes,00D7B6,https://media.formula1.com/d_driver_fallback_image.png/content/dam/fom-website/drivers/G/GEORUS01_George_Russell/georus01.png.transform/1col/image.png
1276,9834,81,Oscar PIASTRI,PIA,Oscar,Piastri,McLaren,F47600,https://media.formula1.com/d_driver_fallback_image.png/content/dam/fom-website/drivers/O/OSCPIA01_Oscar_Piastri/oscpia01.png.transform/1col/image.png
1276,9834,87,Oliver BEARMAN,BEA,Oliver,Bearman,Haas F1 Team,9C9FA2,https://media.formula1.com/d_driver_fallback_image.png/content/dam/fom-website/drivers/O/OLIBEA01_Oliver_Bearman/olibea01.png.transform/1col/image.png
1276,9835,1,Max VERSTAPPEN,VER,Max,Verstappen,Red Bull Racing,4781D7,https://media.formula1.com/d_driver_fallback_image.png/content/dam/fom-website/drivers/M/MAXVER01_Max_Verstappen/maxver01.png.transform/1col/image.png
1276,9835,4,Lando NORRIS,NOR,Lando,Norris,McLaren,F47600,https://media.formula1.com/d_driver_fallback_image.png/content/dam/fom-website/drivers/L/LANNOR01_Lando_Norris/lannor01.png.transform/1col/image.png
1276,9835,5,Gabriel BORTOLETO,BOR,Gabriel,Bortoleto,Kick Sauber,01C00E,https://media.formula1.com/d_driver_fallback_image.png/content/dam/fom-website/drivers/G/GABBOR01_Gabriel_Bortoleto/gabbor01.png.transform/1col/image.png
1276,9835,6,Isack HADJAR,HAD,Isack,Hadjar,Racing Bulls,6C98FF,https://media.formula1.com/d_driver_fallback_image.png/content/dam/fom-website/drivers/I/ISAHAD01_Isack_Hadjar/isahad01.png.transform/1col/image.png
1276,9835,10,Pierre GASLY,GAS,Pierre,Gasly,Alpine,00A1E8,https://media.formula1.com/d_driver_fallback_image.png/content/dam/fom-website/drivers/P/PIEGAS01_Pierre_Gasly/piegas01.png.transform/1col/image.png
1276,9835,12,Kimi ANTONELLI,ANT,Kimi,Antonelli,Mercedes,00D7B6,https://media.formula1.com/d_driver_fallback_image.png/content/dam/fom-website/drivers/A/ANDANT01_Andrea%20Kimi_Antonelli/andant01.png.transform/1col/image.png
1276,9835,14,Fernando ALONSO,ALO,Fernando,Alonso,Aston Martin,229971,https://media.formula1.com/d_driver_fallback_image.png/content/dam/fom-website/drivers/F/FERALO01_Fernando_Alonso/feralo01.png.transform/1col/image.png
1276,9835,16,Charles LECLERC,LEC,Charles,Leclerc,Ferrari,ED1131,https://media.formula1.com/d_driver_fallback_image.png/content/dam/fom-website/drivers/C/CHALEC01_Charles_Leclerc/chalec01.png.transform/1col/image.png
1276,9835,18,Lance STROLL,STR,Lance,Stroll,Aston Martin,229971,https://media.formula1.com/d_driver_fallback_image.png/content/dam/fom-website/drivers/L/LANSTR01_Lance_Stroll/lanstr01.png.transform/1col/image.png
1276,9835,22,Yuki TSUNODA,TSU,Yuki,Tsunoda,Red Bull Racing,4781D7,https://media.formula1.com/d_driver_fallback_image.png/content/dam/fom-website/drivers/Y/YUKTSU01_Yuki_Tsunoda/yuktsu01.png.transform/1col/image.png
1276,9835,23,Alexander ALBON,ALB,Alexander,Albon,Williams,1868DB,https://media.formula1.com/d_driver_fallback_image.png/content/dam/fom-website/drivers/A/ALEALB01_Alexander_Albon/alealb01.png.transform/1col/image.png
1276,9835,27,Nico HULKENBERG,HUL,Nico,Hulkenberg,Kick Sauber,01C00E,https://media.formula1.com/d_driver_fallback_image.png/content/dam/fom-website/drivers/N/NICHUL01_Nico_Hulkenberg/nichul01.png.transform/1col/image.png
1276,9835,30,Liam LAWSON,LAW,Liam,Lawson,Racing Bulls,6C98FF,https://media.formula1.com/d_driver_fallback_image.png/content/dam/fom-website/drivers/L/LIALAW01_Liam_Lawson/lialaw01.png.transform/1col/image.png
1276,9835,31,Esteban OCON,OCO,Esteban,Ocon,Haas F1 Team,9C9FA2,https://media.formula1.com/d_driver_fallback_image.png/content/dam/fom-website/drivers/E/ESTOCO01_Esteban_Ocon/estoco01.png.transform/1col/image.png
1276,9835,43,Franco COLAPINTO,COL,Franco,Colapinto,Alpine,00A1E8,
1276,9835,44,Lewis HAMILTON,HAM,Lewis,Hamilton,Ferrari,ED1131,https://media.formula1.com/d_driver_fallback_image.png/content/dam/fom-website/drivers/L/LEWHAM01_Lewis_Hamilton/lewham01.png.transform/1col/image.png
1276,9835,55,Carlos SAINZ,SAI,Carlos,Sainz,Williams,1868DB,https://media.formula1.com/d_driver_fallback_image.png/content/dam/fom-website/drivers/C/CARSAI01_Carlos_Sainz/carsai01.png.transform/1col/image.png
1276,9835,63,George RUSSELL,RUS,George,Russell,Mercedes,00D7B6,https://media.formula1.com/d_driver_fallback_image.png/content/dam/fom-website/drivers/G/GEORUS01_George_Russell/georus01.png.transform/1col/image.png
1276,9835,81,Oscar PIASTRI,PIA,Oscar,Piastri,McLaren,F47600,https://media.formula1.com/d_driver_fallback_image.png/content/dam/fom-website/drivers/O/OSCPIA01_Oscar_Piastri/oscpia01.png.transform/1col/image.png
1276,9835,87,Oliver BEARMAN,BEA,Oliver,Bearman,Haas F1 Team,9C9FA2,https://media.formula1.com/d_driver_fallback_image.png/content/dam/fom-website/drivers/O/OLIBEA01_Oliver_Bearman/olibea01.png.transform/1col/image.png
1276,9839,1,Max VERSTAPPEN,VER,Max,Verstappen,Red Bull Racing,4781D7,https://media.formula1.com/d_driver_fallback_image.png/content/dam/fom-website/drivers/M/MAXVER01_Max_Verstappen/maxver01.png.transform/1col/image.png
1276,9839,4,Lando NORRIS,NOR,Lando,Norris,McLaren,F47600,https://media.formula1.com/d_driver_fallback_image.png/content/dam/fom-website/drivers/L/LANNOR01_Lando_Norris/lannor01.png.transform/1col/image.png
1276,9839,5,Gabriel BORTOLETO,BOR,Gabriel,Bortoleto,Kick Sauber,01C00E,https://media.formula1.com/d_driver_fallback_image.png/content/dam/fom-website/drivers/G/GABBOR01_Gabriel_Bortoleto/gabbor01.png.transform/1col/image.png
1276,9839,6,Isack HADJAR,HAD,Isack,Hadjar,Racing Bulls,6C98FF,https://media.formula1.com/d_driver_fallback_image.png/content/dam/fom-website/drivers/I/ISAHAD01_Isack_Hadjar/isahad01.png.transform/1col/image.png
1276,9839,10,Pierre GASLY,GAS,Pierre,Gasly,Alpine,00A1E8,https://media.formula1.com/d_driver_fallback_image.png/content/dam/fom-website/drivers/P/PIEGAS01_Pierre_Gasly/piegas01.png.transform/1col/image.png
1276,9839,12,Kimi ANTONELLI,ANT,Kimi,Antonelli,Mercedes,00D7B6,https://media.formula1.com/d_driver_fallback_image.png/content/dam/fom-website/drivers/A/ANDANT01_Andrea%20Kimi_Antonelli/andant01.png.transform/1col/image.png
1276,9839,14,Fernando ALONSO,ALO,Fernando,Alonso,Aston Martin,229971,https://media.formula1.com/d_driver_fallback_image.png/content/dam/fom-website/drivers/F/FERALO01_Fernando_Alonso/feralo01.png.transform/1col/image.png
1276,9839,16,Charles LECLERC,LEC,Charles,Leclerc,Ferrari,ED1131,https://media.formula1.com/d_driver_fallback_image.png/content/dam/fom-website/drivers/C/CHALEC01_Charles_Leclerc/chalec01.png.transform/1col/image.png
1276,9839,18,Lance STROLL,STR,Lance,Stroll,Aston Martin,229971,https://media.formula1.com/d_driver_fallback_image.png/content/dam/fom-website/drivers/L/LANSTR01_Lance_Stroll/lanstr01.png.transform/1col/image.png
1276,9839,22,Yuki TSUNODA,TSU,Yuki,Tsunoda,Red Bull Racing,4781D7,https://media.formula1.com/d_driver_fallback_image.png/content/dam/fom-website/drivers/Y/YUKTSU01_Yuki_Tsunoda/yuktsu01.png.transform/1col/image.png
1276,9839,23,Alexander ALBON,ALB,Alexander,Albon,Williams,1868DB,https://media.formula1.com/d_driver_fallback_image.png/content/dam/fom-website/drivers/A/ALEALB01_Alexander_Albon/alealb01.png.transform/1col/image.png
1276,9839,27,Nico HULKENBERG,HUL,Nico,Hulkenberg,Kick Sauber,01C00E,https://media.formula1.com/d_driver_fallback_image.png/content/dam/fom-website/drivers/N/NICHUL01_Nico_Hulkenberg/nichul01.png.transform/1col/image.png
1276,9839,30,Liam LAWSON,LAW,Liam,Lawson,Racing Bulls,6C98FF,https://media.formula1.com/d_driver_fallback_image.png/content/dam/fom-website/drivers/L/LIALAW01_Liam_Lawson/lialaw01.png.transform/1col/image.png
1276,9839,31,Esteban OCON,OCO,Esteban,Ocon,Haas F1 Team,9C9FA2,https://media.formula1.com/d_driver_fallback_image.png/content/dam/fom-website/drivers/E/ESTOCO01_Esteban_Ocon/estoco01.png.transform/1col/image.png
1276,9839,43,Franco COLAPINTO,COL,Franco,Colapinto,Alpine,00A1E8,
1276,9839,44,Lewis HAMILTON,HAM,Lewis,Hamilton,Ferrari,ED1131,https://media.formula1.com/d_driver_fallback_image.png/content/dam/fom-website/drivers/L/LEWHAM01_Lewis_Hamilton/lewham01.png.transform/1col/image.png
1276,9839,55,Carlos SAINZ,SAI,Carlos,Sainz,Williams,1868DB,https://media.formula1.com/d_driver_fallback_image.png/content/dam/fom-website/drivers/C/CARSAI01_Carlos_Sainz/carsai01.png.transform/1col/image.png
1276,9839,63,George RUSSELL,RUS,George,Russell,Mercedes,00D7B6,https://media.formula1.com/d_driver_fallback_image.png/content/dam/fom-website/drivers/G/GEORUS01_George_Russell/georus01.png.transform/1col/image.png
1276,9839,81,Oscar PIASTRI,PIA,Oscar,Piastri,McLaren,F47600,https://media.formula1.com/d_driver_fallback_image.png/content/dam/fom-website/drivers/O/OSCPIA01_Oscar_Piastri/oscpia01.png.transform/1col/image.png
1276,9839,87,Oliver BEARMAN,BEA,Oliver,Bearman,Haas F1 Team,9C9FA2,https://media.formula1.com/d_driver_fallback_image.png/content/dam/fom-website/drivers/O/OLIBEA01_Oliver_Bearman/olibea01.png.transform/1col/image.png
