meeting_key,session_key,date,driver_number,lap_number,category,flag,scope,sector,message
1254,9693,2025-03-16 03:15:05+00:00,,1,Other,,,,LOW GRIP CONDITIONS
1254,9693,2025-03-16 03:15:08+00:00,,1,Drs,,,,DRS DISABLED
1254,9693,2025-03-16 03:20:01+00:00,,1,Flag,GREEN,Track,,GREEN LIGHT - PIT EXIT OPEN
1254,9693,2025-03-16 03:25:03+00:00,,1,Flag,YELLOW,Sector,17,YELLOW IN TRACK SECTOR 17
1254,9693,2025-03-16 03:25:08+00:00,,1,Flag,CLEAR,Sector,17,CLEAR IN TRACK SECTOR 17
1254,9693,2025-03-16 03:30:01+00:00,,1,Other,,,,PIT EXIT CLOSED
1254,9693,2025-03-16 03:41:43+00:00,,1,Flag,DOUBLE YELLOW,Sector,10,DOUBLE YELLOW IN TRACK SECTOR 10
1254,9693,2025-03-16 03:42:22+00:00,,1,Flag,YELLOW,Sector,9,YELLOW IN TRACK SECTOR 9
1254,9693,2025-03-16 03:43:16+00:00,,1,Flag,CLEAR,Sector,10,CLEAR IN TRACK SECTOR 10
1254,9693,2025-03-16 03:43:17+00:00,,1,Flag,CLEAR,Sector,9,CLEAR IN TRACK SECTOR 9
1254,9693,2025-03-16 03:45:05+00:00,,1,Other,,,,RISK OF RAIN FOR F1 RACE IS 40%
1254,9693,2025-03-16 03:49:00+00:00,,1,Flag,DOUBLE YELLOW,Sector,3,DOUBLE YELLOW IN TRACK SECTOR 3
1254,9693,2025-03-16 03:49:47+00:00,,1,Flag,CLEAR,Sector,3,CLEAR IN TRACK SECTOR 3
1254,9693,2025-03-16 04:00:59+00:00,,1,Flag,DOUBLE YELLOW,Sector,2,DOUBLE YELLOW IN TRACK SECTOR 2
1254,9693,2025-03-16 04:02:17+00:00,,1,Other,,,,ABORTED START
1254,9693,2025-03-16 04:04:15+00:00,,1,Other,,,,FORMATION LAP WILL START AT 15:15
1254,9693,2025-03-16 04:05:17+00:00,,1,Flag,CLEAR,Sector,2,CLEAR IN TRACK SECTOR 2
1254,9693,2025-03-16 04:18:22.973000+00:00,,1,SessionStatus,,,,SESSION STARTED
1254,9693,2025-03-16 04:18:23+00:00,,1,Flag,GREEN,Track,,GREEN LIGHT - PIT EXIT OPEN
1254,9693,2025-03-16 04:19:27+00:00,,1,Flag,DOUBLE YELLOW,Sector,8,DOUBLE YELLOW IN TRACK SECTOR 8
1254,9693,2025-03-16 04:19:31+00:00,,1,SafetyCar,,,,SAFETY CAR DEPLOYED
1254,9693,2025-03-16 04:20:18+00:00,,1,Flag,DOUBLE YELLOW,Sector,8,DOUBLE YELLOW IN TRACK SECTOR 8
1254,9693,2025-03-16 04:20:58+00:00,,2,Flag,DOUBLE YELLOW,Sector,20,DOUBLE YELLOW IN TRACK SECTOR 20
1254,9693,2025-03-16 04:21:22+00:00,,2,SafetyCar,,,,SAFETY CAR THROUGH THE PIT LANE
1254,9693,2025-03-16 04:24:24+00:00,,3,Other,,,,RECOVERY VEHICLE ON TRACK AT TURN 14
1254,9693,2025-03-16 04:26:13+00:00,,4,Other,,,,RECOVERY VEHICLE ON TRACK BEFORE TURN 6
1254,9693,2025-03-16 04:30:00+00:00,,5,Other,,,,SAFETY CAR WILL USE START/FINISH STRAIGHT
1254,9693,2025-03-16 04:30:05+00:00,,5,Flag,CLEAR,Sector,20,CLEAR IN TRACK SECTOR 20
1254,9693,2025-03-16 04:30:31+00:00,,5,Flag,CLEAR,Sector,8,CLEAR IN TRACK SECTOR 8
1254,9693,2025-03-16 04:33:54+00:00,,7,SafetyCar,,,,SAFETY CAR IN THIS LAP
1254,9693,2025-03-16 04:35:12+00:00,,7,Flag,CLEAR,Track,,TRACK CLEAR
1254,9693,2025-03-16 04:36:21+00:00,,8,Other,,,,INCIDENT INVOLVING CAR 14 (ALO) NOTED - SAFETY CAR INFRINGEMENT
1254,9693,2025-03-16 04:37:35+00:00,,9,Other,,,,INCIDENT INVOLVING CAR 22 (TSU) NOTED - SAFETY CAR INFRINGEMENT
1254,9693,2025-03-16 04:37:41+00:00,,9,Other,,,,FIA STEWARDS: INCIDENT INVOLVING CAR 14 (ALO) UNDER INVESTIGATION - SAFETY CAR INFRINGEMENT
1254,9693,2025-03-16 04:38:41+00:00,,10,Other,,,,FIA STEWARDS: INCIDENT INVOLVING CAR 22 (TSU) UNDER INVESTIGATION - SAFETY CAR INFRINGEMENT
1254,9693,2025-03-16 04:42:06+00:00,,12,Drs,,,,DRS ENABLED
1254,9693,2025-03-16 04:50:42+00:00,,17,Other,,,,CAR 12 (ANT) TIME 1:37.326 DELETED - TRACK LIMITS AT TURN 4 LAP 16 15:48:48
1254,9693,2025-03-16 04:51:05+00:00,,18,Other,,,,TRACK SURFACE SLIPPERY IN TRACK SECTOR 15
1254,9693,2025-03-16 04:51:15+00:00,,18,Flag,CLEAR,Sector,15,CLEAR IN TRACK SECTOR 15
1254,9693,2025-03-16 04:51:20+00:00,,18,Other,,,,TRACK SURFACE SLIPPERY IN TRACK SECTOR 12
1254,9693,2025-03-16 04:51:31+00:00,,18,Flag,CLEAR,Sector,12,CLEAR IN TRACK SECTOR 12
1254,9693,2025-03-16 04:51:45+00:00,,18,Other,,,,INCIDENT INVOLVING CAR 23 (ALB) NOTED - SAFETY CAR INFRINGEMENT
1254,9693,2025-03-16 04:51:51+00:00,,18,Other,,,,INCIDENT INVOLVING CAR 44 (HAM) NOTED - SAFETY CAR INFRINGEMENT
1254,9693,2025-03-16 04:52:03+00:00,,18,Other,,,,TRACK SURFACE SLIPPERY IN TRACK SECTOR 13
1254,9693,2025-03-16 04:52:04+00:00,,18,Other,,,,TRACK SURFACE SLIPPERY IN TRACK SECTOR 1
1254,9693,2025-03-16 04:52:10+00:00,,18,Flag,CLEAR,Sector,1,CLEAR IN TRACK SECTOR 1
1254,9693,2025-03-16 04:52:11+00:00,,18,Flag,CLEAR,Sector,13,CLEAR IN TRACK SECTOR 13
1254,9693,2025-03-16 04:52:52+00:00,,19,Other,,,,FIA STEWARDS: INCIDENT INVOLVING CAR 23 (ALB) UNDER INVESTIGATION - SAFETY CAR INFRINGEMENT
1254,9693,2025-03-16 04:52:56+00:00,,19,Other,,,,TRACK SURFACE SLIPPERY IN TRACK SECTOR 15
1254,9693,2025-03-16 04:52:56+00:00,,19,Flag,CLEAR,Sector,15,CLEAR IN TRACK SECTOR 15
1254,9693,2025-03-16 04:53:00+00:00,,19,Other,,,,FIA STEWARDS: INCIDENT INVOLVING CAR 44 (HAM) UNDER INVESTIGATION - SAFETY CAR INFRINGEMENT
1254,9693,2025-03-16 04:54:00+00:00,,20,Other,,,,FIA STEWARDS: INCIDENT INVOLVING CAR 14 (ALO) NO FURTHER ACTION - SAFETY CAR INFRINGEMENT
1254,9693,2025-03-16 04:54:12+00:00,,20,Other,,,,FIA STEWARDS: INCIDENT INVOLVING CAR 22 (TSU) NO FURTHER ACTION - SAFETY CAR INFRINGEMENT
1254,9693,2025-03-16 04:54:21+00:00,,20,Other,,,,FIA STEWARDS: INCIDENT INVOLVING CAR 23 (ALB) NO FURTHER ACTION - SAFETY CAR INFRINGEMENT
1254,9693,2025-03-16 04:54:31+00:00,,20,Other,,,,FIA STEWARDS: INCIDENT INVOLVING CAR 44 (HAM) NO FURTHER ACTION - SAFETY CAR INFRINGEMENT
1254,9693,2025-03-16 05:07:48+00:00,87,29,Flag,BLUE,Driver,,WAVED BLUE FLAG FOR CAR 87 (BEA) TIMED AT 16:07:48
1254,9693,2025-03-16 05:08:37+00:00,31,29,Flag,BLUE,Driver,,WAVED BLUE FLAG FOR CAR 31 (OCO) TIMED AT 16:08:36
1254,9693,2025-03-16 05:08:47+00:00,,30,Other,,,,CAR 30 (LAW) TIME 1:31.084 DELETED - TRACK LIMITS AT TURN 6 LAP 28 16:07:39
1254,9693,2025-03-16 05:13:01+00:00,30,32,Flag,BLUE,Driver,,WAVED BLUE FLAG FOR CAR 30 (LAW) TIMED AT 16:13:00
1254,9693,2025-03-16 05:13:38+00:00,30,33,Flag,BLUE,Driver,,WAVED BLUE FLAG FOR CAR 30 (LAW) TIMED AT 16:13:37
1254,9693,2025-03-16 05:13:42+00:00,,33,Other,,,,CAR 81 (PIA) TIME 1:29.379 DELETED - TRACK LIMITS AT TURN 6 LAP 32 16:12:17
1254,9693,2025-03-16 05:14:46+00:00,87,34,Flag,BLUE,Driver,,WAVED BLUE FLAG FOR CAR 87 (BEA) TIMED AT 16:14:46
1254,9693,2025-03-16 05:14:49+00:00,,34,Flag,DOUBLE YELLOW,Sector,10,DOUBLE YELLOW IN TRACK SECTOR 10
1254,9693,2025-03-16 05:15:09+00:00,,34,SafetyCar,,,,SAFETY CAR DEPLOYED
1254,9693,2025-03-16 05:21:22+00:00,,37,Other,,,,RECOVERY VEHICLE ON TRACK AT TURN 8
1254,9693,2025-03-16 05:24:33+00:00,,38,Flag,DOUBLE YELLOW,Sector,8,DOUBLE YELLOW IN TRACK SECTOR 8
1254,9693,2025-03-16 05:24:36+00:00,,38,Flag,DOUBLE YELLOW,Sector,9,DOUBLE YELLOW IN TRACK SECTOR 9
1254,9693,2025-03-16 05:25:02+00:00,,38,Flag,CLEAR,Sector,8,CLEAR IN TRACK SECTOR 8
1254,9693,2025-03-16 05:28:03+00:00,,39,Flag,CLEAR,Sector,9,CLEAR IN TRACK SECTOR 9
1254,9693,2025-03-16 05:28:05+00:00,,39,Flag,CLEAR,Sector,10,CLEAR IN TRACK SECTOR 10
1254,9693,2025-03-16 05:28:35+00:00,,40,Other,,,,"LAPPED CARS MAY NOW OVERTAKE THE SAFETY CAR: 5, 31, 87, 30"
1254,9693,2025-03-16 05:30:08+00:00,,40,Other,,,,INCIDENT INVOLVING CARS 5 (BOR) AND 30 (LAW) NOTED - UNSAFE RELEASE
1254,9693,2025-03-16 05:30:50+00:00,,41,SafetyCar,,,,SAFETY CAR IN THIS LAP
1254,9693,2025-03-16 05:31:01+00:00,,41,Other,,,,FIA STEWARDS: INCIDENT INVOLVING CARS 5 (BOR) AND 30 (LAW) UNDER INVESTIGATION - UNSAFE RELEASE
1254,9693,2025-03-16 05:32:25+00:00,,41,Flag,CLEAR,Track,,TRACK CLEAR
1254,9693,2025-03-16 05:34:05+00:00,,43,Drs,,,,DRS ENABLED
1254,9693,2025-03-16 05:35:17+00:00,,43,Other,,,,FIA STEWARDS: 5 SECOND TIME PENALTY FOR CAR 5 (BOR) - UNSAFE RELEASE
1254,9693,2025-03-16 05:36:48+00:00,,44,Flag,YELLOW,Sector,19,YELLOW IN TRACK SECTOR 19
1254,9693,2025-03-16 05:37:14+00:00,,45,Other,,,,TRACK SURFACE SLIPPERY IN TRACK SECTOR 18
1254,9693,2025-03-16 05:37:35+00:00,,45,Flag,DOUBLE YELLOW,Sector,19,DOUBLE YELLOW IN TRACK SECTOR 19
1254,9693,2025-03-16 05:37:37+00:00,,45,Flag,YELLOW,Sector,18,YELLOW IN TRACK SECTOR 18
1254,9693,2025-03-16 05:38:12+00:00,,45,Flag,CLEAR,Sector,19,CLEAR IN TRACK SECTOR 19
1254,9693,2025-03-16 05:38:13+00:00,,45,Flag,CLEAR,Sector,18,CLEAR IN TRACK SECTOR 18
1254,9693,2025-03-16 05:38:34+00:00,,46,Other,,,,CAR 81 (PIA) LAP DELETED - TRACK LIMITS AT TURN 12 LAP 44 16:36:38
1254,9693,2025-03-16 05:38:45+00:00,,46,Other,,,,CAR 4 (NOR) TIME 1:45.587 DELETED - TRACK LIMITS AT TURN 12 LAP 44 16:36:36
1254,9693,2025-03-16 05:38:57+00:00,87,46,Flag,BLUE,Driver,,WAVED BLUE FLAG FOR CAR 87 (BEA) TIMED AT 16:38:56
1254,9693,2025-03-16 05:39:06+00:00,87,46,Flag,BLUE,Driver,,WAVED BLUE FLAG FOR CAR 87 (BEA) TIMED AT 16:39:06
1254,9693,2025-03-16 05:40:09+00:00,81,46,Flag,BLUE,Driver,,WAVED BLUE FLAG FOR CAR 81 (PIA) TIMED AT 16:40:09
1254,9693,2025-03-16 05:40:26+00:00,87,47,Flag,BLUE,Driver,,WAVED BLUE FLAG FOR CAR 87 (BEA) TIMED AT 16:40:25
1254,9693,2025-03-16 05:40:33+00:00,81,47,Flag,BLUE,Driver,,WAVED BLUE FLAG FOR CAR 81 (PIA) TIMED AT 16:40:33
1254,9693,2025-03-16 05:40:37+00:00,,47,Flag,YELLOW,Sector,18,YELLOW IN TRACK SECTOR 18
1254,9693,2025-03-16 05:40:41+00:00,,47,Flag,DOUBLE YELLOW,Sector,19,DOUBLE YELLOW IN TRACK SECTOR 19
1254,9693,2025-03-16 05:40:42+00:00,,47,Flag,DOUBLE YELLOW,Sector,18,DOUBLE YELLOW IN TRACK SECTOR 18
1254,9693,2025-03-16 05:40:45+00:00,,47,Flag,YELLOW,Sector,19,YELLOW IN TRACK SECTOR 19
1254,9693,2025-03-16 05:40:54+00:00,,47,Flag,YELLOW,Sector,18,YELLOW IN TRACK SECTOR 18
1254,9693,2025-03-16 05:40:55+00:00,,47,Flag,CLEAR,Sector,18,CLEAR IN TRACK SECTOR 18
1254,9693,2025-03-16 05:40:56+00:00,,47,Flag,DOUBLE YELLOW,Sector,19,DOUBLE YELLOW IN TRACK SECTOR 19
1254,9693,2025-03-16 05:41:00+00:00,,47,Flag,DOUBLE YELLOW,Sector,2,DOUBLE YELLOW IN TRACK SECTOR 2
1254,9693,2025-03-16 05:41:02+00:00,,47,Other,,,,DRS DISABLED IN ZONE 3
1254,9693,2025-03-16 05:41:06+00:00,,47,SafetyCar,,,,SAFETY CAR DEPLOYED
1254,9693,2025-03-16 05:42:48+00:00,,48,Other,,,,CAR 22 (TSU) TIME 1:35.983 DELETED - TRACK LIMITS AT TURN 12 LAP 45 16:38:17
1254,9693,2025-03-16 05:45:02+00:00,,49,Other,,,,FIA STEWARDS: PENALTY SERVED - 5 SECOND TIME PENALTY FOR CAR 5 (BOR) - UNSAFE RELEASE
1254,9693,2025-03-16 05:46:32+00:00,,49,Other,,,,CAR 22 (TSU) TIME 2:33.312 DELETED - TRACK LIMITS AT TURN 4 LAP 47 16:40:53
1254,9693,2025-03-16 05:46:48+00:00,,49,Flag,CLEAR,Sector,2,CLEAR IN TRACK SECTOR 2
1254,9693,2025-03-16 05:47:00+00:00,,50,Flag,CLEAR,Sector,19,CLEAR IN TRACK SECTOR 19
1254,9693,2025-03-16 05:47:04+00:00,,50,Other,,,,LAPPED CAR MAY NOW OVERTAKE THE SAFETY CAR: 87
1254,9693,2025-03-16 05:49:42+00:00,,51,SafetyCar,,,,SAFETY CAR IN THIS LAP
1254,9693,2025-03-16 05:51:17+00:00,,51,Flag,CLEAR,Track,,TRACK CLEAR
1254,9693,2025-03-16 05:55:31+00:00,,54,Drs,,,,DRS ENABLED
1254,9693,2025-03-16 05:58:19+00:00,,56,Other,,,,CAR 10 (GAS) TIME 1:34.967 DELETED - TRACK LIMITS AT TURN 1 LAP 54 16:54:53
1254,9693,2025-03-16 05:58:32+00:00,,56,Other,,,,INCIDENT INVOLVING CAR 12 (ANT) NOTED - UNSAFE RELEASE
1254,9693,2025-03-16 05:59:02+00:00,,56,Other,,,,FIA STEWARDS: INCIDENT INVOLVING CAR 12 (ANT) UNDER INVESTIGATION - UNSAFE RELEASE
1254,9693,2025-03-16 05:59:50+00:00,,57,Other,,,,FIA STEWARDS: 5 SECOND TIME PENALTY FOR CAR 12 (ANT) - UNSAFE RELEASE
1254,9693,2025-03-16 06:00:29+00:00,,57,Flag,CHEQUERED,Track,,CHEQUERED FLAG
1254,9693,2025-03-16 06:00:29.487000+00:00,,57,SessionStatus,,,,SESSION FINISHED
1255,9998,2025-03-23 06:20:01+00:00,,1,Flag,GREEN,Track,,GREEN LIGHT - PIT EXIT OPEN
1255,9998,2025-03-23 06:24:15+00:00,,1,Other,,,,INCIDENT INVOLVING CAR 5 (BOR) NOTED - FAILING TO FOLLOW RACE DIRECTORS INSTRUCTIONS – PRACTICE START INFRINGEMENT
1255,9998,2025-03-23 06:25:50+00:00,,1,Other,,,,INCIDENT INVOLVING CAR 23 (ALB) NOTED - FAILING TO FOLLOW RACE DIRECTORS INSTRUCTIONS – PRACTICE START INFRINGEMENT
1255,9998,2025-03-23 06:28:10+00:00,,1,Other,,,,INCIDENT INVOLVING CAR 22 (TSU) NOTED - FAILING TO FOLLOW RACE DIRECTORS INSTRUCTIONS – PRACTICE START INFRINGEMENT
1255,9998,2025-03-23 06:30:01+00:00,,1,Other,,,,PIT EXIT CLOSED
1255,9998,2025-03-23 06:32:39+00:00,,1,Flag,YELLOW,Sector,15,YELLOW IN TRACK SECTOR 15
1255,9998,2025-03-23 06:32:40+00:00,,1,Flag,DOUBLE YELLOW,Sector,15,DOUBLE YELLOW IN TRACK SECTOR 15
1255,9998,2025-03-23 06:32:53+00:00,,1,Flag,DOUBLE YELLOW,Sector,19,DOUBLE YELLOW IN TRACK SECTOR 19
1255,9998,2025-03-23 06:32:54+00:00,,1,Other,,,,DRS DISABLED IN ZONE 2
1255,9998,2025-03-23 06:33:03+00:00,,1,Flag,CLEAR,Sector,19,CLEAR IN TRACK SECTOR 19
1255,9998,2025-03-23 06:33:03+00:00,,1,Other,,,,DRS ENABLED IN ZONE 2
1255,9998,2025-03-23 06:33:38+00:00,,1,Other,,,,FIA STEWARDS: INCIDENT INVOLVING CAR 5 (BOR) WILL BE INVESTIGATED AFTER THE RACE - FAILING TO FOLLOW RACE DIRECTORS INSTRUCTIONS – PRACTICE START INFRINGEMENT
1255,9998,2025-03-23 06:33:46+00:00,,1,Other,,,,FIA STEWARDS: INCIDENT INVOLVING CAR 23 (ALB) WILL BE INVESTIGATED AFTER THE RACE - FAILING TO FOLLOW RACE DIRECTORS INSTRUCTIONS – PRACTICE START INFRINGEMENT
1255,9998,2025-03-23 06:33:52+00:00,,1,Other,,,,FIA STEWARDS: INCIDENT INVOLVING CAR 22 (TSU) WILL BE INVESTIGATED AFTER THE RACE - FAILING TO FOLLOW RACE DIRECTORS INSTRUCTIONS – PRACTICE START INFRINGEMENT
1255,9998,2025-03-23 06:34:34+00:00,,1,Flag,DOUBLE YELLOW,Sector,14,DOUBLE YELLOW IN TRACK SECTOR 14
1255,9998,2025-03-23 06:34:55+00:00,,1,Flag,CLEAR,Sector,15,CLEAR IN TRACK SECTOR 15
1255,9998,2025-03-23 06:34:59+00:00,,1,Flag,CLEAR,Sector,14,CLEAR IN TRACK SECTOR 14
1255,9998,2025-03-23 06:36:38+00:00,,1,Other,,,,INCIDENT INVOLVING CAR 27 (HUL) NOTED - FAILING TO FOLLOW RACE DIRECTORS INSTRUCTIONS – PRACTICE START INFRINGEMENT
1255,9998,2025-03-23 06:37:40+00:00,,1,Other,,,,FIA STEWARDS: INCIDENT INVOLVING CAR 27 (HUL) WILL BE INVESTIGATED AFTER THE RACE - FAILING TO FOLLOW RACE DIRECTORS INSTRUCTIONS – PRACTICE START INFRINGEMENT
1255,9998,2025-03-23 06:45:19+00:00,,1,Other,,,,RISK OF RAIN FOR F1 RACE IS 10%
1255,9998,2025-03-23 06:57:03+00:00,,1,Drs,,,,DRS DISABLED
1255,9998,2025-03-23 07:03:38.697000+00:00,,1,SessionStatus,,,,SESSION STARTED
1255,9998,2025-03-23 07:03:39+00:00,,1,Flag,GREEN,Track,,GREEN LIGHT - PIT EXIT OPEN
1255,9998,2025-03-23 07:04:30+00:00,,1,Flag,DOUBLE YELLOW,Sector,10,DOUBLE YELLOW IN TRACK SECTOR 10
1255,9998,2025-03-23 07:04:33+00:00,,1,Flag,DOUBLE YELLOW,Sector,9,DOUBLE YELLOW IN TRACK SECTOR 9
1255,9998,2025-03-23 07:04:39+00:00,,1,Flag,YELLOW,Sector,10,YELLOW IN TRACK SECTOR 10
1255,9998,2025-03-23 07:04:41+00:00,,1,Flag,CLEAR,Sector,10,CLEAR IN TRACK SECTOR 10
1255,9998,2025-03-23 07:04:42+00:00,,1,Flag,CLEAR,Sector,9,CLEAR IN TRACK SECTOR 9
1255,9998,2025-03-23 07:04:43+00:00,,1,Flag,YELLOW,Sector,8,YELLOW IN TRACK SECTOR 8
1255,9998,2025-03-23 07:04:46+00:00,,1,Flag,CLEAR,Sector,8,CLEAR IN TRACK SECTOR 8
1255,9998,2025-03-23 07:04:49+00:00,,1,Flag,YELLOW,Sector,8,YELLOW IN TRACK SECTOR 8
1255,9998,2025-03-23 07:04:51+00:00,,1,Flag,CLEAR,Sector,8,CLEAR IN TRACK SECTOR 8
1255,9998,2025-03-23 07:05:26+00:00,,2,Other,,,,TRACK SURFACE SLIPPERY IN TRACK SECTOR 10
1255,9998,2025-03-23 07:05:33+00:00,,2,Drs,,,,DRS ENABLED
1255,9998,2025-03-23 07:07:00+00:00,,3,Flag,DOUBLE YELLOW,Sector,10,DOUBLE YELLOW IN TRACK SECTOR 10
1255,9998,2025-03-23 07:07:26+00:00,,3,Flag,CLEAR,Sector,10,CLEAR IN TRACK SECTOR 10
1255,9998,2025-03-23 07:07:57+00:00,,3,Other,,,,CAR 5 (BOR) LAP DELETED - TRACK LIMITS AT TURN 8 LAP 1 15:04:30
1255,9998,2025-03-23 07:13:03+00:00,,6,Flag,DOUBLE YELLOW,Sector,3,DOUBLE YELLOW IN TRACK SECTOR 3
1255,9998,2025-03-23 07:13:09+00:00,,6,Flag,CLEAR,Sector,3,CLEAR IN TRACK SECTOR 3
1255,9998,2025-03-23 07:13:55+00:00,,7,Other,,,,CAR 6 (HAD) LAP DELETED - TRACK LIMITS AT TURN 10 LAP 1 15:04:33
1255,9998,2025-03-23 07:35:41+00:00,,20,Other,,,,CAR 22 (TSU) TIME 1:39.932 DELETED - TRACK LIMITS AT TURN 14 LAP 16 15:30:17
1255,9998,2025-03-23 08:19:53+00:00,,47,Other,,,,TURN 14 INCIDENT INVOLVING CARS 7 (DOO) AND 6 (HAD) NOTED - FORCING ANOTHER DRIVER OFF THE TRACK
1255,9998,2025-03-23 08:20:50+00:00,22,48,Flag,BLUE,Driver,,WAVED BLUE FLAG FOR CAR 22 (TSU) TIMED AT 16:20:49
1255,9998,2025-03-23 08:21:24+00:00,,48,Other,,,,FIA STEWARDS: TURN 14 INCIDENT INVOLVING CARS 7 (DOO) AND 6 (HAD) UNDER INVESTIGATION - FORCING ANOTHER DRIVER OFF THE TRACK
1255,9998,2025-03-23 08:22:37+00:00,27,49,Flag,BLUE,Driver,,WAVED BLUE FLAG FOR CAR 27 (HUL) TIMED AT 16:22:36
1255,9998,2025-03-23 08:24:11+00:00,27,50,Flag,BLUE,Driver,,WAVED BLUE FLAG FOR CAR 27 (HUL) TIMED AT 16:24:10
1255,9998,2025-03-23 08:24:22+00:00,,50,Other,,,,FIA STEWARDS: 10 SECOND TIME PENALTY FOR CAR 7 (DOO) - FORCING ANOTHER DRIVER OFF THE TRACK
1255,9998,2025-03-23 08:24:33+00:00,,50,Other,,,,CAR 7 (DOO) TIME 1:38.345 DELETED - TRACK LIMITS AT TURN 14 LAP 45 16:17:53
1255,9998,2025-03-23 08:24:35+00:00,,50,Other,,,,CAR 6 (HAD) TIME 1:38.600 DELETED - TRACK LIMITS AT TURN 14 LAP 45 16:17:53
1255,9998,2025-03-23 08:26:04+00:00,5,51,Flag,BLUE,Driver,,WAVED BLUE FLAG FOR CAR 5 (BOR) TIMED AT 16:26:03
1255,9998,2025-03-23 08:26:38+00:00,,52,Other,,,,TURN 1 INCIDENT INVOLVING CAR 7 (DOO) NOTED - MOVING UNDER BRAKING
1255,9998,2025-03-23 08:27:22+00:00,5,52,Flag,BLUE,Driver,,WAVED BLUE FLAG FOR CAR 5 (BOR) TIMED AT 16:27:22
1255,9998,2025-03-23 08:29:53+00:00,27,54,Flag,BLUE,Driver,,WAVED BLUE FLAG FOR CAR 27 (HUL) TIMED AT 16:29:52
1255,9998,2025-03-23 08:32:57+00:00,27,56,Flag,BLUE,Driver,,WAVED BLUE FLAG FOR CAR 27 (HUL) TIMED AT 16:32:57
1255,9998,2025-03-23 08:33:14+00:00,,56,Other,,,,FIA STEWARDS: TURN 1 INCIDENT INVOLVING CAR 7 (DOO) REVIEWED NO FURTHER INVESTIGATION - MOVING UNDER BRAKING
1255,9998,2025-03-23 08:34:33+00:00,,56,Flag,CHEQUERED,Track,,CHEQUERED FLAG
1255,9998,2025-03-23 08:34:33.948000+00:00,,56,SessionStatus,,,,SESSION FINISHED
1255,9998,2025-03-23 08:34:36+00:00,5,56,Flag,BLUE,Driver,,WAVED BLUE FLAG FOR CAR 5 (BOR) TIMED AT 16:34:35
1256,10006,2025-04-06 04:20:00+00:00,,1,Flag,GREEN,Track,,GREEN LIGHT - PIT EXIT OPEN
1256,10006,2025-04-06 04:30:00+00:00,,1,Other,,,,PIT EXIT CLOSED
1256,10006,2025-04-06 04:45:14+00:00,,1,Other,,,,RISK OF RAIN FOR F1 RACE IS 20%
1256,10006,2025-04-06 04:57:06+00:00,,1,Drs,,,,DRS DISABLED
1256,10006,2025-04-06 05:03:47+00:00,,1,Flag,GREEN,Track,,GREEN LIGHT - PIT EXIT OPEN
1256,10006,2025-04-06 05:03:47.080000+00:00,,1,SessionStatus,,,,SESSION STARTED
1256,10006,2025-04-06 05:05:35+00:00,,2,Drs,,,,DRS ENABLED
1256,10006,2025-04-06 05:08:16+00:00,,3,Other,,,,CAR 12 (ANT) TIME 1:34.531 DELETED - TRACK LIMITS AT TURN 17 LAP 2 14:06:57
1256,10006,2025-04-06 05:29:55+00:00,,17,Other,,,,CAR 55 (SAI) TIME 1:34.451 DELETED - TRACK LIMITS AT TURN 17 LAP 15 14:27:34
1256,10006,2025-04-06 05:31:49+00:00,,18,Other,,,,TURN 17 INCIDENT INVOLVING CARS 55 (SAI) NOTED - LEAVING THE TRACK AND GAINING AN ADVANTAGE
1256,10006,2025-04-06 05:35:26+00:00,,21,Other,,,,FIA STEWARDS: TURN 17 INCIDENT INVOLVING CAR 55 (SAI) REVIEWED NO FURTHER INVESTIGATION - LEAVING THE TRACK AND GAINING AN ADVANTAGE
1256,10006,2025-04-06 05:42:02+00:00,,25,Other,,,,PIT EXIT INCIDENT INVOLVING CARS 1 (VER) AND 4 (NOR) NOTED
1256,10006,2025-04-06 05:43:05+00:00,,26,Other,,,,FIA STEWARDS: PIT EXIT INCIDENT INVOLVING CARS 1 (VER) AND 4 (NOR) REVIEWED NO FURTHER INVESTIGATION
1256,10006,2025-04-06 05:45:15+00:00,,27,Other,,,,CAR 55 (SAI) TIME 1:33.932 DELETED - TRACK LIMITS AT TURN 17 LAP 25 14:43:19
1256,10006,2025-04-06 05:45:28+00:00,,27,Other,,,,TURN 17 INCIDENT INVOLVING CAR 55 (SAI) NOTED - LEAVING THE TRACK AND GAINING AN ADVANTAGE
1256,10006,2025-04-06 05:47:54+00:00,,29,Other,,,,FIA STEWARDS: TURN 17 INCIDENT INVOLVING CAR 55 (SAI) REVIEWED NO FURTHER INVESTIGATION - LEAVING THE TRACK AND GAINING AN ADVANTAGE
1256,10006,2025-04-06 05:48:23+00:00,,29,Other,,,,CAR 22 (TSU) TIME 1:33.745 DELETED - TRACK LIMITS AT TURN 17 LAP 26 14:45:10
1256,10006,2025-04-06 05:57:07+00:00,,35,Other,,,,CAR 63 (RUS) TIME 1:32.080 DELETED - TRACK LIMITS AT TURN 17 LAP 33 14:55:29
1256,10006,2025-04-06 06:13:43+00:00,18,45,Flag,BLUE,Driver,,WAVED BLUE FLAG FOR CAR 18 (STR) TIMED AT 15:13:43
1256,10006,2025-04-06 06:13:51+00:00,18,46,Flag,BLUE,Driver,,WAVED BLUE FLAG FOR CAR 18 (STR) TIMED AT 15:13:50
1256,10006,2025-04-06 06:18:15+00:00,,48,Other,,,,CAR 12 (ANT) TIME 1:31.238 DELETED - TRACK LIMITS AT TURN 17 LAP 47 15:16:58
1256,10006,2025-04-06 06:25:53+00:00,,53,Flag,CHEQUERED,Track,,CHEQUERED FLAG
1256,10006,2025-04-06 06:25:54.289000+00:00,,53,SessionStatus,,,,SESSION FINISHED
1256,10006,2025-04-06 06:26:13+00:00,,53,Other,,,,CAR 4 (NOR) TIME 1:31.423 DELETED - TRACK LIMITS AT TURN 17 LAP 53 15:25:48
1256,10006,2025-04-06 06:29:16+00:00,,53,Other,,,,CAR 10 (GAS) TIME 1:33.169 DELETED - TRACK LIMITS AT TURN 17 LAP 53 15:26:48
1257,10014,2025-04-13 14:20:01+00:00,,1,Flag,GREEN,Track,,GREEN LIGHT - PIT EXIT OPEN
1257,10014,2025-04-13 14:30:01+00:00,,1,Other,,,,PIT EXIT CLOSED
1257,10014,2025-04-13 14:45:06+00:00,,1,Other,,,,RISK OF RAIN FOR F1 RACE IS 0%
1257,10014,2025-04-13 14:57:04+00:00,,1,Drs,,,,DRS DISABLED
1257,10014,2025-04-13 15:03:49+00:00,,1,Flag,GREEN,Track,,GREEN LIGHT - PIT EXIT OPEN
1257,10014,2025-04-13 15:03:49.173000+00:00,,1,SessionStatus,,,,SESSION STARTED
1257,10014,2025-04-13 15:05:28+00:00,,2,Drs,,,,DRS ENABLED
1257,10014,2025-04-13 15:06:27+00:00,,2,Other,,,,CAR 12 (ANT) LAP DELETED - TRACK LIMITS AT TURN 7 LAP 1 18:04:28
1257,10014,2025-04-13 15:07:50+00:00,,3,Other,,,,INCIDENT INVOLVING CAR 4 (NOR) NOTED - FALSE START - OUT OF POSITION
1257,10014,2025-04-13 15:09:45+00:00,,4,Other,,,,CAR 12 (ANT) LAP DELETED - TRACK LIMITS AT TURN 4 LAP 1 18:04:22
1257,10014,2025-04-13 15:09:50+00:00,,4,Other,,,,CAR 14 (ALO) LAP DELETED - TRACK LIMITS AT TURN 4 LAP 1 18:04:23
1257,10014,2025-04-13 15:10:28+00:00,,5,Other,,,,FIA STEWARDS: INCIDENT INVOLVING CAR 4 (NOR) UNDER INVESTIGATION - FALSE START - OUT OF POSITION
1257,10014,2025-04-13 15:11:40+00:00,,5,Other,,,,CAR 31 (OCO) LAP DELETED - TRACK LIMITS AT TURN 4 LAP 1 18:04:24
1257,10014,2025-04-13 15:12:40+00:00,,6,Other,,,,CAR 6 (HAD) TIME 1:39.603 DELETED - TRACK LIMITS AT TURN 13 LAP 2 18:06:57
1257,10014,2025-04-13 15:14:51+00:00,,7,Other,,,,FIA STEWARDS: 5 SECOND TIME PENALTY FOR CAR 4 (NOR) - FALSE START - OUT OF POSITION
1257,10014,2025-04-13 15:15:26+00:00,,8,Other,,,,CAR 44 (HAM) LAP DELETED - TRACK LIMITS AT TURN 3 LAP 1 18:04:08
1257,10014,2025-04-13 15:17:32+00:00,,9,Other,,,,CAR 12 (ANT) TIME 1:39.197 DELETED - TRACK LIMITS AT TURN 13 LAP 8 18:16:44
1257,10014,2025-04-13 15:19:11+00:00,,10,Other,,,,CAR 6 (HAD) TIME 1:37.392 DELETED - TRACK LIMITS AT TURN 13 LAP 8 18:17:15
1257,10014,2025-04-13 15:19:44+00:00,,10,Other,,,,CAR 22 (TSU) TIME 1:40.727 DELETED - TRACK LIMITS AT TURN 13 LAP 9 18:18:29
1257,10014,2025-04-13 15:21:20+00:00,,11,Other,,,,TURN 4 INCIDENT INVOLVING CARS 55 (SAI) AND 1 (VER) NOTED
1257,10014,2025-04-13 15:23:11+00:00,,12,Other,,,,CAR 7 (DOO) TIME 1:37.745 DELETED - TRACK LIMITS AT TURN 13 LAP 11 18:22:09
1257,10014,2025-04-13 15:24:26+00:00,,13,Other,,,,CAR 6 (HAD) TIME 1:38.623 DELETED - TRACK LIMITS AT TURN 13 LAP 11 18:22:12
1257,10014,2025-04-13 15:24:43+00:00,,13,Other,,,,CAR 4 (NOR) TIME 1:41.534 DELETED - TRACK LIMITS AT TURN 13 LAP 10 18:19:57
1257,10014,2025-04-13 15:25:47+00:00,,14,Other,,,,CAR 12 (ANT) TIME 1:59.713 DELETED - TRACK LIMITS AT TURN 11 LAP 13 18:25:11
1257,10014,2025-04-13 15:26:17+00:00,,14,Other,,,,FIA STEWARDS: TURN 4 INCIDENT INVOLVING CARS 55 (SAI) AND 1 (VER) REVIEWED NO FURTHER INVESTIGATION
1257,10014,2025-04-13 15:27:25+00:00,,15,Other,,,,CAR 30 (LAW) TIME 1:43.984 DELETED - TRACK LIMITS AT TURN 13 LAP 14 18:26:59
1257,10014,2025-04-13 15:27:56+00:00,,15,Other,,,,TRACK SURFACE SLIPPERY IN TRACK SECTOR 10
1257,10014,2025-04-13 15:28:16+00:00,,15,Other,,,,TRACK SURFACE SLIPPERY IN TRACK SECTOR 11
1257,10014,2025-04-13 15:28:55+00:00,,16,Flag,CLEAR,Sector,10,CLEAR IN TRACK SECTOR 10
1257,10014,2025-04-13 15:28:56+00:00,,16,Flag,CLEAR,Sector,11,CLEAR IN TRACK SECTOR 11
1257,10014,2025-04-13 15:30:36+00:00,,17,Other,,,,PIT LANE INCIDENT INVOLVING CAR 87 (BEA) NOTED - UNSAFE RELEASE
1257,10014,2025-04-13 15:32:51+00:00,,18,Other,,,,FIA STEWARDS: PENALTY SERVED - 5 SECOND TIME PENALTY FOR CAR 4 (NOR) - FALSE START - OUT OF POSITION
1257,10014,2025-04-13 15:33:56+00:00,,19,Other,,,,FIA STEWARDS: PIT LANE INCIDENT INVOLVING CAR 87 (BEA) REVIEWED NO FURTHER INVESTIGATION - UNSAFE RELEASE
1257,10014,2025-04-13 15:34:53+00:00,,19,Other,,,,CAR 30 (LAW) TIME 1:39.836 DELETED - TRACK LIMITS AT TURN 13 LAP 18 18:33:58
1257,10014,2025-04-13 15:39:33+00:00,,22,Other,,,,CAR 12 (ANT) TIME 1:39.467 DELETED - TRACK LIMITS AT TURN 13 LAP 10 18:20:03
1257,10014,2025-04-13 15:40:40+00:00,6,23,Flag,BLACK AND WHITE,Driver,,BLACK AND WHITE FLAG FOR CAR 6 (HAD) - TRACK LIMITS
1257,10014,2025-04-13 15:40:46+00:00,12,23,Flag,BLACK AND WHITE,Driver,,BLACK AND WHITE FLAG FOR CAR 12 (ANT) - TRACK LIMITS
1257,10014,2025-04-13 15:42:12+00:00,,24,Other,,,,CAR 81 (PIA) TIME 1:37.933 DELETED - TRACK LIMITS AT TURN 11 LAP 23 18:41:20
1257,10014,2025-04-13 15:49:52+00:00,,28,Other,,,,CAR 7 (DOO) TIME 1:39.521 DELETED - TRACK LIMITS AT TURN 13 LAP 27 18:48:31
1257,10014,2025-04-13 15:54:19+00:00,,31,Other,,,,TRACK SURFACE SLIPPERY IN TRACK SECTOR 3
1257,10014,2025-04-13 15:56:09+00:00,,32,SafetyCar,,,,SAFETY CAR DEPLOYED
1257,10014,2025-04-13 15:56:09+00:00,,32,Flag,CLEAR,Sector,3,CLEAR IN TRACK SECTOR 3
1257,10014,2025-04-13 16:00:13+00:00,,34,Other,,,,TURN 1 INCIDENT INVOLVING CARS 22 (TSU) AND 55 (SAI) NOTED - CAUSING A COLLISION
1257,10014,2025-04-13 16:02:20+00:00,,35,SafetyCar,,,,SAFETY CAR IN THIS LAP
1257,10014,2025-04-13 16:03:55+00:00,,35,Flag,CLEAR,Track,,TRACK CLEAR
1257,10014,2025-04-13 16:04:43+00:00,,36,Other,,,,FIA STEWARDS: TURN 1 INCIDENT INVOLVING CARS 22 (TSU) AND 55 (SAI) REVIEWED NO FURTHER INVESTIGATION - CAUSING A COLLISION
1257,10014,2025-04-13 16:05:49+00:00,,37,Drs,,,,DRS ENABLED
1257,10014,2025-04-13 16:06:27+00:00,,37,Other,,,,CAR 4 (NOR) TIME 1:36.505 DELETED - TRACK LIMITS AT TURN 4 LAP 36 19:04:45
1257,10014,2025-04-13 16:07:39+00:00,,38,Other,,,,TURN 2 INCIDENT INVOLVING CARS 30 (LAW) AND 18 (STR) NOTED - CAUSING A COLLISION
1257,10014,2025-04-13 16:09:08+00:00,,39,Other,,,,CAR 14 (ALO) TIME 1:40.731 DELETED - TRACK LIMITS AT TURN 1 LAP 36 19:04:35
1257,10014,2025-04-13 16:09:10+00:00,,39,Other,,,,CAR 55 (SAI) TIME 1:40.833 DELETED - TRACK LIMITS AT TURN 10 LAP 36 19:05:14
1257,10014,2025-04-13 16:10:09+00:00,,39,Other,,,,CAR 27 (HUL) TIME 1:38.943 DELETED - TRACK LIMITS AT TURN 13 LAP 36 19:05:40
1257,10014,2025-04-13 16:10:59+00:00,,40,Other,,,,FIA STEWARDS: TURN 2 INCIDENT INVOLVING CARS 30 (LAW) AND 18 (STR) UNDER INVESTIGATION - CAUSING A COLLISION
1257,10014,2025-04-13 16:11:07+00:00,,40,Other,,,,CAR 16 (LEC) TIME 1:36.142 DELETED - TRACK LIMITS AT TURN 13 LAP 38 19:08:45
1257,10014,2025-04-13 16:12:46+00:00,,41,Other,,,,TURN 4 INCIDENT INVOLVING CARS 30 (LAW) AND 18 (STR) NOTED - SAFETY CAR INFRINGEMENT
1257,10014,2025-04-13 16:13:05+00:00,,41,Other,,,,FIA STEWARDS: 5 SECOND TIME PENALTY FOR CAR 30 (LAW) - CAUSING A COLLISION
1257,10014,2025-04-13 16:14:09+00:00,,42,Other,,,,FIA STEWARDS: TURN 4 INCIDENT INVOLVING CARS 30 (LAW) AND 18 (STR) REVIEWED NO FURTHER INVESTIGATION - SAFETY CAR INFRINGEMENT
1257,10014,2025-04-13 16:14:41+00:00,,42,Other,,,,TURN 10 INCIDENT INVOLVING CARS 55 (SAI) AND 12 (ANT) NOTED - FORCING ANOTHER DRIVER OFF THE TRACK
1257,10014,2025-04-13 16:16:26+00:00,,43,Other,,,,TURN 1 INCIDENT INVOLVING CARS 22 (TSU) AND 55 (SAI) NOTED - CAUSING A COLLISION
1257,10014,2025-04-13 16:17:04+00:00,,44,Other,,,,FIA STEWARDS: TURN 10 INCIDENT INVOLVING CARS 55 (SAI) AND 12 (ANT) UNDER INVESTIGATION - FORCING ANOTHER DRIVER OFF THE TRACK
1257,10014,2025-04-13 16:17:16+00:00,,44,Other,,,,FIA STEWARDS: 10 SECOND TIME PENALTY FOR CAR 55 (SAI) - FORCING ANOTHER DRIVER OFF THE TRACK
1257,10014,2025-04-13 16:17:25+00:00,,44,Other,,,,CAR 44 (HAM) TIME 1:37.115 DELETED - TRACK LIMITS AT TURN 4 LAP 42 19:14:25
1257,10014,2025-04-13 16:18:34+00:00,,44,Other,,,,CAR 12 (ANT) TIME 1:39.917 DELETED - TRACK LIMITS AT TURN 10 LAP 36 19:05:15
1257,10014,2025-04-13 16:18:50+00:00,,45,Other,,,,FIA STEWARDS: TURN 1 INCIDENT INVOLVING CARS 22 (TSU) AND 55 (SAI) REVIEWED NO FURTHER INVESTIGATION - CAUSING A COLLISION
1257,10014,2025-04-13 16:21:14+00:00,,46,Other,,,,CAR 1 (VER) TIME 1:37.385 DELETED - TRACK LIMITS AT TURN 13 LAP 45 19:20:09
1257,10014,2025-04-13 16:23:49+00:00,,48,Other,,,,CAR 7 (DOO) TIME 1:37.533 DELETED - TRACK LIMITS AT TURN 13 LAP 42 19:15:22
1257,10014,2025-04-13 16:23:57+00:00,7,48,Flag,BLACK AND WHITE,Driver,,BLACK AND WHITE FLAG FOR CAR 7 (DOO) - TRACK LIMITS
1257,10014,2025-04-13 16:26:41+00:00,,50,Other,,,,TURN 1 INCIDENT INVOLVING CARS 30 (LAW) AND 27 (HUL) NOTED - CAUSING A COLLISION
1257,10014,2025-04-13 16:28:13+00:00,,50,Other,,,,CAR 1 (VER) TIME 1:37.484 DELETED - TRACK LIMITS AT TURN 13 LAP 48 19:25:01
1257,10014,2025-04-13 16:29:27+00:00,,51,Other,,,,FIA STEWARDS: TURN 1 INCIDENT INVOLVING CARS 30 (LAW) AND 27 (HUL) UNDER INVESTIGATION - CAUSING A COLLISION
1257,10014,2025-04-13 16:30:12+00:00,,52,Other,,,,INCIDENT INVOLVING CAR 63 (RUS) NOTED - DRS INFRINGEMENT
1257,10014,2025-04-13 16:31:55+00:00,,53,Other,,,,FIA STEWARDS: INCIDENT INVOLVING CAR 63 (RUS) WILL BE INVESTIGATED AFTER THE RACE - DRS INFRINGEMENT
1257,10014,2025-04-13 16:32:20+00:00,,53,Other,,,,CAR 4 (NOR) TIME 1:37.861 DELETED - TRACK LIMITS AT TURN 4 LAP 49 19:25:38
1257,10014,2025-04-13 16:32:25+00:00,4,53,Flag,BLACK AND WHITE,Driver,,BLACK AND WHITE FLAG FOR CAR 4 (NOR) - TRACK LIMITS
1257,10014,2025-04-13 16:33:03+00:00,,53,Other,,,,CAR 22 (TSU) TIME 1:37.834 DELETED - TRACK LIMITS AT TURN 13 LAP 50 19:28:25
1257,10014,2025-04-13 16:33:55+00:00,,54,Other,,,,FIA STEWARDS: 10 SECOND TIME PENALTY FOR CAR 30 (LAW) - CAUSING A COLLISION
1257,10014,2025-04-13 16:34:27+00:00,,54,Other,,,,CAR 87 (BEA) TIME 1:38.548 DELETED - TRACK LIMITS AT TURN 13 LAP 52 19:31:42
1257,10014,2025-04-13 16:34:48+00:00,,55,Other,,,,CAR 22 (TSU) TIME 1:38.497 DELETED - TRACK LIMITS AT TURN 13 LAP 52 19:31:41
1257,10014,2025-04-13 16:34:52+00:00,22,55,Flag,BLACK AND WHITE,Driver,,BLACK AND WHITE FLAG FOR CAR 22 (TSU) - TRACK LIMITS
1257,10014,2025-04-13 16:35:34+00:00,,55,Other,,,,CAR 87 (BEA) TIME 1:38.643 DELETED - TRACK LIMITS AT TURN 13 LAP 54 19:35:00
1257,10014,2025-04-13 16:37:36+00:00,,56,Other,,,,CAR 1 (VER) TIME 1:38.687 DELETED - TRACK LIMITS AT TURN 4 LAP 55 19:35:37
1257,10014,2025-04-13 16:37:41+00:00,1,56,Flag,BLACK AND WHITE,Driver,,BLACK AND WHITE FLAG FOR CAR 1 (VER) - TRACK LIMITS
1257,10014,2025-04-13 16:39:28.840000+00:00,,57,SessionStatus,,,,SESSION FINISHED
1257,10014,2025-04-13 16:39:29+00:00,,57,Flag,CHEQUERED,Track,,CHEQUERED FLAG
1257,10014,2025-04-13 16:42:21+00:00,,57,Other,,,,CAR 7 (DOO) TIME 1:38.811 DELETED - TRACK LIMITS AT TURN 13 LAP 56 19:38:23
1257,10014,2025-04-13 16:42:28+00:00,,57,Other,,,,INCIDENT INVOLVING CAR 7 (DOO) NOTED - TRACK LIMITS
1257,10014,2025-04-13 16:42:48+00:00,,57,Other,,,,FIA STEWARDS: INCIDENT INVOLVING CAR 7 (DOO) UNDER INVESTIGATION - TRACK LIMITS
1257,10014,2025-04-13 16:42:56+00:00,,57,Other,,,,CAR 18 (STR) TIME 1:38.980 DELETED - TRACK LIMITS AT TURN 13 LAP 57 19:40:15
1257,10014,2025-04-13 16:43:07+00:00,,57,Other,,,,FIA STEWARDS: 5 SECOND TIME PENALTY FOR CAR 7 (DOO) - TRACK LIMITS
1257,10014,2025-04-13 16:52:34+00:00,,57,Flag,DOUBLE YELLOW,Sector,1,DOUBLE YELLOW IN TRACK SECTOR 1
1257,10014,2025-04-13 16:52:36+00:00,,57,Flag,CLEAR,Sector,1,CLEAR IN TRACK SECTOR 1
1257,10014,2025-04-13 16:53:27+00:00,,57,Flag,DOUBLE YELLOW,Sector,1,DOUBLE YELLOW IN TRACK SECTOR 1
1257,10014,2025-04-13 16:53:28+00:00,,57,Flag,CLEAR,Sector,1,CLEAR IN TRACK SECTOR 1
1258,10022,2025-04-20 16:20:01+00:00,,1,Flag,GREEN,Track,,GREEN LIGHT - PIT EXIT OPEN
1258,10022,2025-04-20 16:30:01+00:00,,1,Other,,,,PIT EXIT CLOSED
1258,10022,2025-04-20 16:45:48+00:00,,1,Other,,,,RISK OF RAIN FOR F1 RACE IS 0 %
1258,10022,2025-04-20 16:57:02+00:00,,1,Drs,,,,DRS DISABLED
1258,10022,2025-04-20 17:03:55+00:00,,1,Flag,GREEN,Track,,GREEN LIGHT - PIT EXIT OPEN
1258,10022,2025-04-20 17:03:55.449000+00:00,,1,SessionStatus,,,,SESSION STARTED
1258,10022,2025-04-20 17:04:25+00:00,,1,Flag,DOUBLE YELLOW,Sector,4,DOUBLE YELLOW IN TRACK SECTOR 4
1258,10022,2025-04-20 17:04:27+00:00,,1,Flag,DOUBLE YELLOW,Sector,2,DOUBLE YELLOW IN TRACK SECTOR 2
1258,10022,2025-04-20 17:04:28+00:00,,1,Flag,YELLOW,Sector,2,YELLOW IN TRACK SECTOR 2
1258,10022,2025-04-20 17:04:28+00:00,,1,Flag,YELLOW,Sector,3,YELLOW IN TRACK SECTOR 3
1258,10022,2025-04-20 17:04:30+00:00,,1,Flag,CLEAR,Sector,2,CLEAR IN TRACK SECTOR 2
1258,10022,2025-04-20 17:04:31+00:00,,1,Flag,YELLOW,Sector,2,YELLOW IN TRACK SECTOR 2
1258,10022,2025-04-20 17:04:43+00:00,,1,Flag,CLEAR,Sector,2,CLEAR IN TRACK SECTOR 2
1258,10022,2025-04-20 17:05:02+00:00,,1,SafetyCar,,,,SAFETY CAR DEPLOYED
1258,10022,2025-04-20 17:05:24+00:00,,1,Flag,DOUBLE YELLOW,Sector,4,DOUBLE YELLOW IN TRACK SECTOR 4
1258,10022,2025-04-20 17:05:34+00:00,,1,Other,,,,RECOVERY VEHICLE ON TRACK AT TURN 5
1258,10022,2025-04-20 17:06:05+00:00,,2,Flag,CLEAR,Sector,3,CLEAR IN TRACK SECTOR 3
1258,10022,2025-04-20 17:06:09+00:00,,2,Flag,DOUBLE YELLOW,Sector,4,DOUBLE YELLOW IN TRACK SECTOR 4
1258,10022,2025-04-20 17:06:14+00:00,,2,Flag,DOUBLE YELLOW,Sector,4,DOUBLE YELLOW IN TRACK SECTOR 4
1258,10022,2025-04-20 17:06:17+00:00,,2,Flag,DOUBLE YELLOW,Sector,4,DOUBLE YELLOW IN TRACK SECTOR 4
1258,10022,2025-04-20 17:07:30+00:00,,2,Other,,,,TURN 1 INCIDENT INVOLVING CARS 1 (VER) AND 81 (PIA) NOTED
1258,10022,2025-04-20 17:09:12+00:00,,3,Other,,,,FIA STEWARDS: TURN 1 INCIDENT INVOLVING CARS 1 (VER) AND 81 (PIA) UNDER INVESTIGATION
1258,10022,2025-04-20 17:09:28+00:00,,3,SafetyCar,,,,SAFETY CAR IN THIS LAP
1258,10022,2025-04-20 17:09:39+00:00,,3,Flag,CLEAR,Sector,4,CLEAR IN TRACK SECTOR 4
1258,10022,2025-04-20 17:11:06+00:00,,3,Flag,CLEAR,Track,,TRACK CLEAR
1258,10022,2025-04-20 17:11:26+00:00,,3,Other,,,,FIA STEWARDS: 5 SECOND TIME PENALTY FOR CAR 1 (VER) - LEAVING THE TRACK AND GAINING AN ADVANTAGE
1258,10022,2025-04-20 17:12:13+00:00,,4,Other,,,,TURN 5 INCIDENT INVOLVING CARS 22 (TSU) AND 10 (GAS) NOTED - CAUSING A COLLISION
1258,10022,2025-04-20 17:13:13+00:00,,5,Drs,,,,DRS ENABLED
1258,10022,2025-04-20 17:16:33+00:00,,7,Other,,,,FIA STEWARDS: TURN 5 INCIDENT INVOLVING CARS 22 (TSU) AND 10 (GAS) WILL BE INVESTIGATED AFTER THE RACE - CAUSING A COLLISION
1258,10022,2025-04-20 17:18:03+00:00,,8,Other,,,,CAR 1 (VER) LAP DELETED - TRACK LIMITS AT TURN 2 LAP 1 20:04:05
1258,10022,2025-04-20 17:18:23+00:00,,8,Other,,,,CAR 12 (ANT) LAP DELETED - TRACK LIMITS AT TURN 2 LAP 1 20:04:06
1258,10022,2025-04-20 17:23:23+00:00,,11,Other,,,,CAR 5 (BOR) TIME 1:36.994 DELETED - TRACK LIMITS AT TURN 17 LAP 8 20:19:07
1258,10022,2025-04-20 17:26:27+00:00,,13,Other,,,,CAR 18 (STR) TIME 1:36.148 DELETED - TRACK LIMITS AT TURN 22 LAP 12 20:25:41
1258,10022,2025-04-20 17:36:30+00:00,,19,Other,,,,CAR 30 (LAW) TIME 1:35.162 DELETED - TRACK LIMITS AT TURN 11 LAP 18 20:34:35
1258,10022,2025-04-20 17:37:10+00:00,,20,Other,,,,CAR 23 (ALB) TIME 1:35.896 DELETED - TRACK LIMITS AT TURN 2 LAP 19 20:35:40
1258,10022,2025-04-20 17:40:43+00:00,,22,Other,,,,CAR 5 (BOR) TIME 1:36.354 DELETED - TRACK LIMITS AT TURN 2 LAP 21 20:39:10
1258,10022,2025-04-20 17:42:00+00:00,,23,Other,,,,CAR 6 (HAD) TIME 1:36.137 DELETED - TRACK LIMITS AT TURN 2 LAP 22 20:40:29
1258,10022,2025-04-20 17:42:04+00:00,,23,Other,,,,FIA STEWARDS: PENALTY SERVED - 5 SECOND TIME PENALTY FOR CAR 1 (VER)
1258,10022,2025-04-20 17:47:33+00:00,,26,Other,,,,TURN 1 INCIDENT INVOLVING CARS 5 (BOR) AND 14 (ALO) NOTED
1258,10022,2025-04-20 17:47:59+00:00,,27,Other,,,,CAR 14 (ALO) TIME 1:37.031 DELETED - TRACK LIMITS AT TURN 2 LAP 25 20:45:38
1258,10022,2025-04-20 17:50:56+00:00,,29,Other,,,,CAR 4 (NOR) TIME 1:33.342 DELETED - TRACK LIMITS AT TURN 4 LAP 27 20:48:11
1258,10022,2025-04-20 17:52:31+00:00,,30,Other,,,,CAR 30 (LAW) TIME 1:35.190 DELETED - TRACK LIMITS AT TURN 2 LAP 28 20:50:21
1258,10022,2025-04-20 17:54:11+00:00,,31,Other,,,,CAR 12 (ANT) TIME 1:33.780 DELETED - TRACK LIMITS AT TURN 15 LAP 25 20:45:55
1258,10022,2025-04-20 17:54:53+00:00,,31,Other,,,,TURN 1 INCIDENT INVOLVING CARS 30 (LAW) AND 7 (DOO) NOTED
1258,10022,2025-04-20 17:56:14+00:00,,32,Other,,,,CAR 6 (HAD) TIME 1:35.421 DELETED - TRACK LIMITS AT TURN 22 LAP 31 20:55:40
1258,10022,2025-04-20 17:56:23+00:00,,32,Other,,,,CAR 44 (HAM) TIME 1:34.392 DELETED - TRACK LIMITS AT TURN 22 LAP 31 20:55:45
1258,10022,2025-04-20 18:00:29+00:00,,35,Other,,,,FIA STEWARDS: TURN 1 INCIDENT INVOLVING CARS 5 (BOR) AND 14 (ALO) REVIEWED NO FURTHER INVESTIGATION
1258,10022,2025-04-20 18:01:50+00:00,5,35,Flag,BLACK AND WHITE,Driver,,BLACK AND WHITE FLAG FOR CAR 5 (BOR) - MOVING UNDER BRAKING
1258,10022,2025-04-20 18:04:41+00:00,,37,Other,,,,FIA STEWARDS: TURN 1 INCIDENT INVOLVING CARS 30 (LAW) AND 7 (DOO) UNDER INVESTIGATION
1258,10022,2025-04-20 18:06:19+00:00,,38,Other,,,,FIA STEWARDS: 10 SECOND TIME PENALTY FOR CAR 30 (LAW) - LEAVING THE TRACK AND GAINING AN ADVANTAGE
1258,10022,2025-04-20 18:08:14+00:00,,40,Other,,,,INCIDENT INVOLVING CAR 4 (NOR) NOTED - FAILING TO FOLLOW RACE DIRECTORS INSTRUCTIONS – CROSSING THE LINE AT PIT EXIT
1258,10022,2025-04-20 18:10:54+00:00,7,41,Flag,BLUE,Driver,,WAVED BLUE FLAG FOR CAR 7 (DOO) TIMED AT 21:10:53
1258,10022,2025-04-20 18:13:06+00:00,7,43,Flag,BLUE,Driver,,WAVED BLUE FLAG FOR CAR 7 (DOO) TIMED AT 21:13:06
1258,10022,2025-04-20 18:14:11+00:00,,43,Other,,,,FIA STEWARDS: INCIDENT INVOLVING CAR 4 (NOR) REVIEWED NO FURTHER INVESTIGATION - FAILING TO FOLLOW RACE DIRECTORS INSTRUCTIONS – CROSSING THE LINE AT PIT EXIT
1258,10022,2025-04-20 18:16:33+00:00,7,45,Flag,BLUE,Driver,,WAVED BLUE FLAG FOR CAR 7 (DOO) TIMED AT 21:16:32
1258,10022,2025-04-20 18:17:19+00:00,7,46,Flag,BLUE,Driver,,WAVED BLUE FLAG FOR CAR 7 (DOO) TIMED AT 21:17:19
1258,10022,2025-04-20 18:18:11+00:00,18,46,Flag,BLUE,Driver,,WAVED BLUE FLAG FOR CAR 18 (STR) TIMED AT 21:18:11
1258,10022,2025-04-20 18:18:41+00:00,5,46,Flag,BLUE,Driver,,WAVED BLUE FLAG FOR CAR 5 (BOR) TIMED AT 21:18:40
1258,10022,2025-04-20 18:19:17+00:00,5,47,Flag,BLUE,Driver,,WAVED BLUE FLAG FOR CAR 5 (BOR) TIMED AT 21:19:16
1258,10022,2025-04-20 18:20:45+00:00,18,48,Flag,BLUE,Driver,,WAVED BLUE FLAG FOR CAR 18 (STR) TIMED AT 21:20:44
1258,10022,2025-04-20 18:21:16+00:00,5,48,Flag,BLUE,Driver,,WAVED BLUE FLAG FOR CAR 5 (BOR) TIMED AT 21:21:16
1258,10022,2025-04-20 18:21:31+00:00,18,48,Flag,BLUE,Driver,,WAVED BLUE FLAG FOR CAR 18 (STR) TIMED AT 21:21:30
1258,10022,2025-04-20 18:21:38+00:00,5,48,Flag,BLUE,Driver,,WAVED BLUE FLAG FOR CAR 5 (BOR) TIMED AT 21:21:37
1258,10022,2025-04-20 18:23:38+00:00,27,50,Flag,BLUE,Driver,,WAVED BLUE FLAG FOR CAR 27 (HUL) TIMED AT 21:23:38
1258,10022,2025-04-20 18:24:02+00:00,27,50,Flag,BLUE,Driver,,WAVED BLUE FLAG FOR CAR 27 (HUL) TIMED AT 21:24:02
1258,10022,2025-04-20 18:25:02+00:00,,50,Flag,CHEQUERED,Track,,CHEQUERED FLAG
1258,10022,2025-04-20 18:25:02.410000+00:00,,50,SessionStatus,,,,SESSION FINISHED
1259,10033,2025-05-04 19:05:02+00:00,,1,Other,,,,PINK HEAD PADDING MATERIAL MUST BE USED
1259,10033,2025-05-04 19:20:00+00:00,,1,Flag,GREEN,Track,,GREEN LIGHT - PIT EXIT OPEN
1259,10033,2025-05-04 19:30:00+00:00,,1,Other,,,,PIT EXIT CLOSED
1259,10033,2025-05-04 19:31:07+00:00,,1,Flag,DOUBLE YELLOW,Sector,3,DOUBLE YELLOW IN TRACK SECTOR 3
1259,10033,2025-05-04 19:31:47+00:00,,1,Flag,CLEAR,Sector,3,CLEAR IN TRACK SECTOR 3
1259,10033,2025-05-04 19:31:50+00:00,,1,Flag,DOUBLE YELLOW,Sector,3,DOUBLE YELLOW IN TRACK SECTOR 3
1259,10033,2025-05-04 19:34:01+00:00,,1,Flag,DOUBLE YELLOW,Sector,20,DOUBLE YELLOW IN TRACK SECTOR 20
1259,10033,2025-05-04 19:34:02+00:00,,1,Other,,,,DRS DISABLED IN ZONE 3
1259,10033,2025-05-04 19:37:35+00:00,,1,Flag,CLEAR,Sector,3,CLEAR IN TRACK SECTOR 3
1259,10033,2025-05-04 19:40:30+00:00,,1,Flag,DOUBLE YELLOW,Sector,7,DOUBLE YELLOW IN TRACK SECTOR 7
1259,10033,2025-05-04 19:41:34+00:00,,1,Flag,CLEAR,Sector,7,CLEAR IN TRACK SECTOR 7
1259,10033,2025-05-04 19:41:38+00:00,,1,Flag,DOUBLE YELLOW,Sector,7,DOUBLE YELLOW IN TRACK SECTOR 7
1259,10033,2025-05-04 19:42:57+00:00,,1,Flag,CLEAR,Sector,7,CLEAR IN TRACK SECTOR 7
1259,10033,2025-05-04 19:43:14+00:00,,1,Flag,DOUBLE YELLOW,Sector,7,DOUBLE YELLOW IN TRACK SECTOR 7
1259,10033,2025-05-04 19:44:38+00:00,,1,Flag,CLEAR,Sector,7,CLEAR IN TRACK SECTOR 7
1259,10033,2025-05-04 19:44:52+00:00,,1,Other,,,,DRS ENABLED IN ZONE 3
1259,10033,2025-05-04 19:44:52+00:00,,1,Flag,CLEAR,Sector,20,CLEAR IN TRACK SECTOR 20
1259,10033,2025-05-04 19:45:22+00:00,,1,Other,,,,RISK OF RAIN FOR F1 RACE IS 30%
1259,10033,2025-05-04 19:57:01+00:00,,1,Drs,,,,DRS DISABLED
1259,10033,2025-05-04 20:03:42+00:00,,1,Flag,GREEN,Track,,GREEN LIGHT - PIT EXIT OPEN
1259,10033,2025-05-04 20:03:42.224000+00:00,,1,SessionStatus,,,,SESSION STARTED
1259,10033,2025-05-04 20:03:56+00:00,,1,Flag,DOUBLE YELLOW,Sector,2,DOUBLE YELLOW IN TRACK SECTOR 2
1259,10033,2025-05-04 20:04:04+00:00,,1,Flag,CLEAR,Sector,2,CLEAR IN TRACK SECTOR 2
1259,10033,2025-05-04 20:04:08+00:00,,1,Flag,YELLOW,Sector,4,YELLOW IN TRACK SECTOR 4
1259,10033,2025-05-04 20:04:10+00:00,,1,Flag,DOUBLE YELLOW,Sector,4,DOUBLE YELLOW IN TRACK SECTOR 4
1259,10033,2025-05-04 20:04:13+00:00,,1,Flag,CLEAR,Sector,4,CLEAR IN TRACK SECTOR 4
1259,10033,2025-05-04 20:04:26+00:00,,1,Flag,DOUBLE YELLOW,Sector,2,DOUBLE YELLOW IN TRACK SECTOR 2
1259,10033,2025-05-04 20:04:34+00:00,,1,Other,,,,TRACK SURFACE SLIPPERY IN TRACK SECTOR 5
1259,10033,2025-05-04 20:05:12+00:00,,1,Flag,CLEAR,Sector,2,CLEAR IN TRACK SECTOR 2
1259,10033,2025-05-04 20:06:00+00:00,,2,Flag,DOUBLE YELLOW,Sector,13,DOUBLE YELLOW IN TRACK SECTOR 13
1259,10033,2025-05-04 20:06:00+00:00,,2,Flag,DOUBLE YELLOW,Sector,14,DOUBLE YELLOW IN TRACK SECTOR 14
1259,10033,2025-05-04 20:06:03+00:00,,2,SafetyCar,,,,VIRTUAL SAFETY CAR DEPLOYED
1259,10033,2025-05-04 20:06:03+00:00,,2,Flag,CLEAR,Sector,5,CLEAR IN TRACK SECTOR 5
1259,10033,2025-05-04 20:08:51+00:00,,3,Flag,CLEAR,Sector,13,CLEAR IN TRACK SECTOR 13
1259,10033,2025-05-04 20:08:51+00:00,,3,Flag,DOUBLE YELLOW,Sector,13,DOUBLE YELLOW IN TRACK SECTOR 13
1259,10033,2025-05-04 20:08:52+00:00,,3,Flag,CLEAR,Sector,14,CLEAR IN TRACK SECTOR 14
1259,10033,2025-05-04 20:08:55+00:00,,3,SafetyCar,,,,VIRTUAL SAFETY CAR ENDING
1259,10033,2025-05-04 20:09:08+00:00,,3,Flag,CLEAR,Track,,TRACK CLEAR
1259,10033,2025-05-04 20:09:09+00:00,,3,Drs,,,,DRS ENABLED
1259,10033,2025-05-04 20:10:59+00:00,,5,Other,,,,TURN 1 INCIDENT INVOLVING CARS 7 (DOO) AND 30 (LAW) NOTED - CAUSING A COLLISION
1259,10033,2025-05-04 20:12:34+00:00,,6,Other,,,,FIA STEWARDS: TURN 1 INCIDENT INVOLVING CARS 7 (DOO) AND 30 (LAW) REVIEWED NO FURTHER INVESTIGATION - CAUSING A COLLISION
1259,10033,2025-05-04 20:12:41+00:00,,6,Other,,,,TURN 2 INCIDENT INVOLVING CARS 1 (VER) AND 4 (NOR) NOTED
1259,10033,2025-05-04 20:13:41+00:00,,6,Other,,,,FIA STEWARDS: TURN 2 INCIDENT INVOLVING CARS 1 (VER) AND 4 (NOR) REVIEWED NO FURTHER INVESTIGATION
1259,10033,2025-05-04 20:29:40+00:00,,17,Other,,,,CAR 55 (SAI) TIME 1:32.915 DELETED - TRACK LIMITS AT TURN 15 LAP 16 16:28:57
1259,10033,2025-05-04 20:31:12+00:00,,18,Other,,,,TURN 15 INCIDENT INVOLVING CAR 55 (SAI) NOTED - LEAVING THE TRACK AND GAINING AN ADVANTAGE
1259,10033,2025-05-04 20:33:21+00:00,,19,Other,,,,CAR 1 (VER) TIME 1:34.857 DELETED - TRACK LIMITS AT TURN 11 LAP 17 16:30:10
1259,10033,2025-05-04 20:34:17+00:00,,20,Other,,,,TURN 11 INCIDENT INVOLVING CARS 4 (NOR) AND 1 (VER) NOTED - LEAVING THE TRACK AND GAINING AN ADVANTAGE
1259,10033,2025-05-04 20:35:09+00:00,,20,Other,,,,FIA STEWARDS: TURN 15 INCIDENT INVOLVING CAR 55 (SAI) REVIEWED NO FURTHER INVESTIGATION - LEAVING THE TRACK AND GAINING AN ADVANTAGE
1259,10033,2025-05-04 20:35:30+00:00,,21,Other,,,,FIA STEWARDS: TURN 11 INCIDENT INVOLVING CARS 4 (NOR) AND 1 (VER) REVIEWED NO FURTHER INVESTIGATION - LEAVING THE TRACK AND GAINING AN ADVANTAGE
1259,10033,2025-05-04 20:48:05+00:00,,29,SafetyCar,,,,VIRTUAL SAFETY CAR DEPLOYED
1259,10033,2025-05-04 20:50:12+00:00,,30,SafetyCar,,,,VIRTUAL SAFETY CAR ENDING
1259,10033,2025-05-04 20:50:25+00:00,,30,Flag,CLEAR,Track,,TRACK CLEAR
1259,10033,2025-05-04 20:50:25+00:00,,30,Drs,,,,DRS ENABLED
1259,10033,2025-05-04 20:52:10+00:00,,31,Other,,,,INCIDENT INVOLVING CAR 22 (TSU) NOTED - SPEEDING IN THE PIT LANE
1259,10033,2025-05-04 20:52:24+00:00,,31,Other,,,,FIA STEWARDS: INCIDENT INVOLVING CAR 22 (TSU) UNDER INVESTIGATION - SPEEDING IN THE PIT LANE
1259,10033,2025-05-04 20:53:04+00:00,,32,Other,,,,CAR 5 (BOR) TIME 1:57.049 DELETED - TRACK LIMITS AT TURN 6 LAP 30 16:51:18
1259,10033,2025-05-04 20:53:15+00:00,,32,Other,,,,FIA STEWARDS: 5 SECOND TIME PENALTY FOR CAR 22 (TSU) - SPEEDING IN THE PIT LANE
1259,10033,2025-05-04 20:53:48+00:00,5,32,Flag,BLUE,Driver,,WAVED BLUE FLAG FOR CAR 5 (BOR) TIMED AT 16:53:47
1259,10033,2025-05-04 20:55:09+00:00,,33,SafetyCar,,,,VIRTUAL SAFETY CAR DEPLOYED
1259,10033,2025-05-04 20:56:31+00:00,,34,SafetyCar,,,,VIRTUAL SAFETY CAR ENDING
1259,10033,2025-05-04 20:56:44+00:00,,34,Flag,CLEAR,Track,,TRACK CLEAR
1259,10033,2025-05-04 20:56:44+00:00,,34,Drs,,,,DRS ENABLED
1259,10033,2025-05-04 20:58:39+00:00,30,35,Flag,BLUE,Driver,,WAVED BLUE FLAG FOR CAR 30 (LAW) TIMED AT 16:58:38
1259,10033,2025-05-04 21:01:25+00:00,30,37,Flag,BLUE,Driver,,WAVED BLUE FLAG FOR CAR 30 (LAW) TIMED AT 17:01:25
1259,10033,2025-05-04 21:08:31+00:00,,42,Other,,,,INCIDENT INVOLVING CAR 10 (GAS) NOTED - YELLOW FLAG INFRINGEMENT
1259,10033,2025-05-04 21:08:40+00:00,,42,Other,,,,INCIDENT INVOLVING CAR 55 (SAI) NOTED - YELLOW FLAG INFRINGEMENT
1259,10033,2025-05-04 21:14:23+00:00,,45,Other,,,,FIA STEWARDS: INCIDENT INVOLVING CAR 10 (GAS) WILL BE INVESTIGATED AFTER THE RACE - YELLOW FLAG INFRINGEMENT
1259,10033,2025-05-04 21:14:27+00:00,,45,Other,,,,FIA STEWARDS: INCIDENT INVOLVING CAR 55 (SAI) WILL BE INVESTIGATED AFTER THE RACE - YELLOW FLAG INFRINGEMENT
1259,10033,2025-05-04 21:15:03+00:00,18,46,Flag,BLUE,Driver,,WAVED BLUE FLAG FOR CAR 18 (STR) TIMED AT 17:15:02
1259,10033,2025-05-04 21:16:34+00:00,18,47,Flag,BLUE,Driver,,WAVED BLUE FLAG FOR CAR 18 (STR) TIMED AT 17:16:34
1259,10033,2025-05-04 21:18:03+00:00,14,48,Flag,BLUE,Driver,,WAVED BLUE FLAG FOR CAR 14 (ALO) TIMED AT 17:18:03
1259,10033,2025-05-04 21:20:04+00:00,14,49,Flag,BLUE,Driver,,WAVED BLUE FLAG FOR CAR 14 (ALO) TIMED AT 17:20:04
1259,10033,2025-05-04 21:20:13+00:00,14,49,Flag,BLUE,Driver,,WAVED BLUE FLAG FOR CAR 14 (ALO) TIMED AT 17:20:13
1259,10033,2025-05-04 21:32:03+00:00,27,57,Flag,BLUE,Driver,,WAVED BLUE FLAG FOR CAR 27 (HUL) TIMED AT 17:32:03
1259,10033,2025-05-04 21:32:33+00:00,,57,Flag,CHEQUERED,Track,,CHEQUERED FLAG
1259,10033,2025-05-04 21:32:34.051000+00:00,,57,SessionStatus,,,,SESSION FINISHED
1259,10033,2025-05-04 21:34:36+00:00,,57,Other,,,,TURN 17 INCIDENT INVOLVING CARS 44 (HAM) AND 55 (SAI) NOTED - CAUSING A COLLISION
1259,10033,2025-05-04 21:34:50+00:00,,57,Other,,,,FIA STEWARDS: TURN 17 INCIDENT INVOLVING CARS 44 (HAM) AND 55 (SAI) WILL BE INVESTIGATED AFTER THE RACE - CAUSING A COLLISION
1260,9987,2025-05-18 12:20:00+00:00,,1,Flag,GREEN,Track,,GREEN LIGHT - PIT EXIT OPEN
1260,9987,2025-05-18 12:30:00+00:00,,1,Other,,,,PIT EXIT CLOSED
1260,9987,2025-05-18 12:45:13+00:00,,1,Other,,,,RISK OF RAIN FOR F1 RACE IS 20%
1260,9987,2025-05-18 12:57:02+00:00,,1,Drs,,,,DRS DISABLED
1260,9987,2025-05-18 13:03:33+00:00,,1,Flag,GREEN,Track,,GREEN LIGHT - PIT EXIT OPEN
1260,9987,2025-05-18 13:03:33.061000+00:00,,1,SessionStatus,,,,SESSION STARTED
1260,9987,2025-05-18 13:05:08+00:00,,2,Drs,,,,DRS ENABLED
1260,9987,2025-05-18 13:08:32+00:00,,4,Other,,,,CAR 10 (GAS) TIME 1:25.766 DELETED - TRACK LIMITS AT TURN 10 LAP 3 15:07:09
1260,9987,2025-05-18 13:13:47+00:00,,8,Other,,,,CAR 10 (GAS) TIME 1:22.462 DELETED - TRACK LIMITS AT TURN 17 LAP 7 15:13:08
1260,9987,2025-05-18 13:42:11+00:00,,29,Flag,YELLOW,Sector,8,YELLOW IN TRACK SECTOR 8
1260,9987,2025-05-18 13:42:34+00:00,,29,SafetyCar,,,,VIRTUAL SAFETY CAR DEPLOYED
1260,9987,2025-05-18 13:42:37+00:00,,29,Flag,DOUBLE YELLOW,Sector,8,DOUBLE YELLOW IN TRACK SECTOR 8
1260,9987,2025-05-18 13:42:44+00:00,,29,Flag,YELLOW,Sector,7,YELLOW IN TRACK SECTOR 7
1260,9987,2025-05-18 13:45:59+00:00,,31,Flag,CLEAR,Sector,8,CLEAR IN TRACK SECTOR 8
1260,9987,2025-05-18 13:46:01+00:00,,31,Flag,CLEAR,Sector,7,CLEAR IN TRACK SECTOR 7
1260,9987,2025-05-18 13:46:03+00:00,,31,SafetyCar,,,,VIRTUAL SAFETY CAR ENDING
1260,9987,2025-05-18 13:46:14+00:00,,31,Flag,CLEAR,Track,,TRACK CLEAR
1260,9987,2025-05-18 13:46:15+00:00,,31,Drs,,,,DRS ENABLED
1260,9987,2025-05-18 13:50:08+00:00,,34,Other,,,,TURN 2 INCIDENT INVOLVING CARS 22 (TSU) AND 55 (SAI) NOTED - CAUSING A COLLISION
1260,9987,2025-05-18 13:51:21+00:00,,35,Other,,,,FIA STEWARDS: TURN 2 INCIDENT INVOLVING CARS 22 (TSU) AND 55 (SAI) REVIEWED NO FURTHER INVESTIGATION - CAUSING A COLLISION
1260,9987,2025-05-18 13:57:03+00:00,,39,Other,,,,TURN 7 INCIDENT INVOLVING CAR 23 (ALB) NOTED -YELLOW FLAG INFRINGEMENT
1260,9987,2025-05-18 13:58:03+00:00,,40,Other,,,,FIA STEWARDS: TURN 7 INCIDENT INVOLVING CAR 23 (ALB) REVIEWED NO FURTHER INVESTIGATION - YELLOW FLAG INFRINGEMENT
1260,9987,2025-05-18 14:01:56+00:00,5,43,Flag,BLUE,Driver,,WAVED BLUE FLAG FOR CAR 5 (BOR) TIMED AT 16:01:55
1260,9987,2025-05-18 14:04:26+00:00,30,45,Flag,BLUE,Driver,,WAVED BLUE FLAG FOR CAR 30 (LAW) TIMED AT 16:04:26
1260,9987,2025-05-18 14:04:53+00:00,43,45,Flag,BLUE,Driver,,WAVED BLUE FLAG FOR CAR 43 (COL) TIMED AT 16:04:53
1260,9987,2025-05-18 14:06:02+00:00,10,46,Flag,BLUE,Driver,,WAVED BLUE FLAG FOR CAR 10 (GAS) TIMED AT 16:06:01
1260,9987,2025-05-18 14:06:07+00:00,,46,Flag,YELLOW,Sector,8,YELLOW IN TRACK SECTOR 8
1260,9987,2025-05-18 14:06:21+00:00,10,46,Flag,BLUE,Driver,,WAVED BLUE FLAG FOR CAR 10 (GAS) TIMED AT 16:06:20
1260,9987,2025-05-18 14:06:27+00:00,,46,SafetyCar,,,,SAFETY CAR DEPLOYED
1260,9987,2025-05-18 14:07:06+00:00,,47,Flag,DOUBLE YELLOW,Sector,8,DOUBLE YELLOW IN TRACK SECTOR 8
1260,9987,2025-05-18 14:09:30+00:00,,48,Other,,,,RECOVERY VEHICLE ON TRACK AT TURN 7
1260,9987,2025-05-18 14:14:18+00:00,,50,Flag,DOUBLE YELLOW,Sector,9,DOUBLE YELLOW IN TRACK SECTOR 9
1260,9987,2025-05-18 14:16:20+00:00,,51,Flag,CLEAR,Sector,8,CLEAR IN TRACK SECTOR 8
1260,9987,2025-05-18 14:17:21+00:00,,51,Flag,CLEAR,Sector,9,CLEAR IN TRACK SECTOR 9
1260,9987,2025-05-18 14:18:03+00:00,,52,Other,,,,LAPPED CAR MAY NOW OVERTAKE THE SAFETY CAR: 87
1260,9987,2025-05-18 14:20:09+00:00,,53,SafetyCar,,,,SAFETY CAR IN THIS LAP
1260,9987,2025-05-18 14:21:42+00:00,,53,Flag,CLEAR,Track,,TRACK CLEAR
1260,9987,2025-05-18 14:23:24+00:00,,55,Other,,,,INCIDENT INVOLVING CARS 4 (NOR) AND 23 (ALB) NOTED - SAFETY CAR INFRINGEMENT
1260,9987,2025-05-18 14:23:33+00:00,,55,Drs,,,,DRS ENABLED
1260,9987,2025-05-18 14:24:31+00:00,,55,Other,,,,FIA STEWARDS: INCIDENT INVOLVING CARS 4 (NOR) AND 23 (ALB) REVIEWED NO FURTHER INVESTIGATION - SAFETY CAR INFRINGEMENT
1260,9987,2025-05-18 14:31:22+00:00,,61,Other,,,,TURN 2 INCIDENT INVOLVING CARS 16 (LEC) AND 23 (ALB) NOTED - FORCING ANOTHER DRIVER OFF THE TRACK
1260,9987,2025-05-18 14:31:43+00:00,,61,Other,,,,CAR 23 (ALB) TIME 1:21.386 DELETED - TRACK LIMITS AT TURN 3 LAP 60 16:30:16
1260,9987,2025-05-18 14:33:47+00:00,,62,Other,,,,FIA STEWARDS: TURN 2 INCIDENT INVOLVING CARS 16 (LEC) AND 23 (ALB) UNDER INVESTIGATION - FORCING ANOTHER DRIVER OFF THE TRACK
1260,9987,2025-05-18 14:35:06+00:00,,63,Flag,CHEQUERED,Track,,CHEQUERED FLAG
1260,9987,2025-05-18 14:35:06.430000+00:00,,63,SessionStatus,,,,SESSION FINISHED
1260,9987,2025-05-18 14:36:51+00:00,,63,Other,,,,FIA STEWARDS: TURN 2 INCIDENT INVOLVING CARS 16 (LEC) AND 23 (ALB) NO FURTHER ACTION - FORCING ANOTHER DRIVER OFF THE TRACK
1261,9979,2025-05-25 12:20:01+00:00,,1,Flag,GREEN,Track,,GREEN LIGHT - PIT EXIT OPEN
1261,9979,2025-05-25 12:30:01+00:00,,1,Other,,,,PIT EXIT CLOSED
1261,9979,2025-05-25 12:31:26+00:00,,1,Flag,DOUBLE YELLOW,Sector,7,DOUBLE YELLOW IN TRACK SECTOR 7
1261,9979,2025-05-25 12:31:36+00:00,,1,Flag,CLEAR,Sector,7,CLEAR IN TRACK SECTOR 7
1261,9979,2025-05-25 12:37:42+00:00,,1,Other,,,,INCIDENT INVOLVING CAR 87 (BEA) NOTED - UNSAFE CONDITION
1261,9979,2025-05-25 12:39:28+00:00,,1,Other,,,,FIA STEWARDS: INCIDENT INVOLVING CAR 87 (BEA) WILL BE INVESTIGATED AFTER THE RACE - UNSAFE CONDITION
1261,9979,2025-05-25 12:45:08+00:00,,1,Other,,,,RISK OF RAIN FOR F1 RACE IS 0%
1261,9979,2025-05-25 12:57:02+00:00,,1,Drs,,,,DRS DISABLED
1261,9979,2025-05-25 13:03:09+00:00,,1,Flag,GREEN,Track,,GREEN LIGHT - PIT EXIT OPEN
1261,9979,2025-05-25 13:03:09.194000+00:00,,1,SessionStatus,,,,SESSION STARTED
1261,9979,2025-05-25 13:04:01+00:00,,1,Flag,YELLOW,Sector,10,YELLOW IN TRACK SECTOR 10
1261,9979,2025-05-25 13:04:18+00:00,,1,Flag,CLEAR,Sector,10,CLEAR IN TRACK SECTOR 10
1261,9979,2025-05-25 13:04:43+00:00,,2,SafetyCar,,,,VIRTUAL SAFETY CAR DEPLOYED
1261,9979,2025-05-25 13:04:57+00:00,,2,Flag,DOUBLE YELLOW,Sector,10,DOUBLE YELLOW IN TRACK SECTOR 10
1261,9979,2025-05-25 13:09:07+00:00,,4,Flag,CLEAR,Sector,10,CLEAR IN TRACK SECTOR 10
1261,9979,2025-05-25 13:09:15+00:00,,4,SafetyCar,,,,VIRTUAL SAFETY CAR ENDING
1261,9979,2025-05-25 13:09:28+00:00,,4,Flag,CLEAR,Track,,TRACK CLEAR
1261,9979,2025-05-25 13:09:31+00:00,,4,Drs,,,,DRS ENABLED
1261,9979,2025-05-25 13:10:35+00:00,,5,Other,,,,TURN 8 INCIDENT INVOLVING CARS 12 (ANT) AND 5 (BOR) NOTED
1261,9979,2025-05-25 13:11:07+00:00,,6,Other,,,,FIA STEWARDS: TURN 8 INCIDENT INVOLVING CARS 12 (ANT) AND 5 (BOR) REVIEWED NO FURTHER INVESTIGATION
1261,9979,2025-05-25 13:14:56+00:00,,8,Flag,DOUBLE YELLOW,Sector,13,DOUBLE YELLOW IN TRACK SECTOR 13
1261,9979,2025-05-25 13:16:39+00:00,,10,Flag,DOUBLE YELLOW,Sector,16,DOUBLE YELLOW IN TRACK SECTOR 16
1261,9979,2025-05-25 13:16:52+00:00,,10,Flag,CLEAR,Sector,16,CLEAR IN TRACK SECTOR 16
1261,9979,2025-05-25 13:16:58+00:00,,10,Other,,,,PIT LANE ENTRY CLOSED
1261,9979,2025-05-25 13:18:39+00:00,,11,Flag,CLEAR,Sector,13,CLEAR IN TRACK SECTOR 13
1261,9979,2025-05-25 13:18:48+00:00,,11,Other,,,,PIT LANE ENTRY OPEN
1261,9979,2025-05-25 13:19:30+00:00,,12,Other,,,,CAR 22 (TSU) TIME 1:23.351 DELETED - TRACK LIMITS AT TURN 10 LAP 8 15:14:56
1261,9979,2025-05-25 13:19:33+00:00,,12,Other,,,,CAR 30 (LAW) TIME 1:24.550 DELETED - TRACK LIMITS AT TURN 10 LAP 9 15:16:11
1261,9979,2025-05-25 13:20:17+00:00,,12,Other,,,,TURN 10 INCIDENT INVOLVING CARS 22 (TSU) AND 10 (GAS) NOTED - CAUSING A COLLISION
1261,9979,2025-05-25 13:21:20+00:00,,13,Other,,,,FIA STEWARDS: TURN 10 INCIDENT INVOLVING CARS 22 (TSU) AND 10 (GAS) WILL BE INVESTIGATED AFTER THE RACE - CAUSING A COLLISION
1261,9979,2025-05-25 13:33:12+00:00,,23,Other,,,,CAR 16 (LEC) TIME 1:15.782 DELETED - TRACK LIMITS AT TURN 10 LAP 21 15:31:13
1261,9979,2025-05-25 13:37:56+00:00,87,26,Flag,BLUE,Driver,,WAVED BLUE FLAG FOR CAR 87 (BEA) TIMED AT 15:37:55
1261,9979,2025-05-25 13:38:51+00:00,18,27,Flag,BLUE,Driver,,WAVED BLUE FLAG FOR CAR 18 (STR) TIMED AT 15:38:50
1261,9979,2025-05-25 13:39:43+00:00,43,28,Flag,BLUE,Driver,,WAVED BLUE FLAG FOR CAR 43 (COL) TIMED AT 15:39:42
1261,9979,2025-05-25 13:40:23+00:00,27,28,Flag,BLUE,Driver,,WAVED BLUE FLAG FOR CAR 27 (HUL) TIMED AT 15:40:23
1261,9979,2025-05-25 13:40:40+00:00,5,28,Flag,BLUE,Driver,,WAVED BLUE FLAG FOR CAR 5 (BOR) TIMED AT 15:40:39
1261,9979,2025-05-25 13:40:50+00:00,5,29,Flag,BLUE,Driver,,WAVED BLUE FLAG FOR CAR 5 (BOR) TIMED AT 15:40:49
1261,9979,2025-05-25 13:41:00+00:00,43,29,Flag,BLUE,Driver,,WAVED BLUE FLAG FOR CAR 43 (COL) TIMED AT 15:41:00
1261,9979,2025-05-25 13:41:09+00:00,43,29,Flag,BLUE,Driver,,WAVED BLUE FLAG FOR CAR 43 (COL) TIMED AT 15:41:09
1261,9979,2025-05-25 13:41:54+00:00,87,29,Flag,BLUE,Driver,,WAVED BLUE FLAG FOR CAR 87 (BEA) TIMED AT 15:41:54
1261,9979,2025-05-25 13:42:15+00:00,18,30,Flag,BLUE,Driver,,WAVED BLUE FLAG FOR CAR 18 (STR) TIMED AT 15:42:15
1261,9979,2025-05-25 13:42:45+00:00,27,30,Flag,BLUE,Driver,,WAVED BLUE FLAG FOR CAR 27 (HUL) TIMED AT 15:42:44
1261,9979,2025-05-25 13:43:10+00:00,87,30,Flag,BLUE,Driver,,WAVED BLUE FLAG FOR CAR 87 (BEA) TIMED AT 15:43:10
1261,9979,2025-05-25 13:43:20+00:00,22,31,Flag,BLUE,Driver,,WAVED BLUE FLAG FOR CAR 22 (TSU) TIMED AT 15:43:19
1261,9979,2025-05-25 13:43:40+00:00,12,31,Flag,BLUE,Driver,,WAVED BLUE FLAG FOR CAR 12 (ANT) TIMED AT 15:43:40
1261,9979,2025-05-25 13:43:54+00:00,18,31,Flag,BLUE,Driver,,WAVED BLUE FLAG FOR CAR 18 (STR) TIMED AT 15:43:54
1261,9979,2025-05-25 13:44:06+00:00,63,31,Flag,BLUE,Driver,,WAVED BLUE FLAG FOR CAR 63 (RUS) TIMED AT 15:44:05
1261,9979,2025-05-25 13:44:27+00:00,27,31,Flag,BLUE,Driver,,WAVED BLUE FLAG FOR CAR 27 (HUL) TIMED AT 15:44:26
1261,9979,2025-05-25 13:44:43+00:00,22,32,Flag,BLUE,Driver,,WAVED BLUE FLAG FOR CAR 22 (TSU) TIMED AT 15:44:43
1261,9979,2025-05-25 13:44:46+00:00,87,32,Flag,BLUE,Driver,,WAVED BLUE FLAG FOR CAR 87 (BEA) TIMED AT 15:44:46
1261,9979,2025-05-25 13:44:52+00:00,87,32,Flag,BLUE,Driver,,WAVED BLUE FLAG FOR CAR 87 (BEA) TIMED AT 15:44:51
1261,9979,2025-05-25 13:45:01+00:00,12,32,Flag,BLUE,Driver,,WAVED BLUE FLAG FOR CAR 12 (ANT) TIMED AT 15:45:00
1261,9979,2025-05-25 13:45:04+00:00,18,32,Flag,BLUE,Driver,,WAVED BLUE FLAG FOR CAR 18 (STR) TIMED AT 15:45:03
1261,9979,2025-05-25 13:45:25+00:00,27,32,Flag,BLUE,Driver,,WAVED BLUE FLAG FOR CAR 27 (HUL) TIMED AT 15:45:25
1261,9979,2025-05-25 13:45:37+00:00,5,32,Flag,BLUE,Driver,,WAVED BLUE FLAG FOR CAR 5 (BOR) TIMED AT 15:45:36
1261,9979,2025-05-25 13:45:37+00:00,27,32,Flag,BLUE,Driver,,WAVED BLUE FLAG FOR CAR 27 (HUL) TIMED AT 15:45:37
1261,9979,2025-05-25 13:45:39+00:00,63,32,Flag,BLUE,Driver,,WAVED BLUE FLAG FOR CAR 63 (RUS) TIMED AT 15:45:38
1261,9979,2025-05-25 13:45:49+00:00,87,33,Flag,BLUE,Driver,,WAVED BLUE FLAG FOR CAR 87 (BEA) TIMED AT 15:45:49
1261,9979,2025-05-25 13:46:03+00:00,22,33,Flag,BLUE,Driver,,WAVED BLUE FLAG FOR CAR 22 (TSU) TIMED AT 15:46:03
1261,9979,2025-05-25 13:46:06+00:00,18,33,Flag,BLUE,Driver,,WAVED BLUE FLAG FOR CAR 18 (STR) TIMED AT 15:46:05
1261,9979,2025-05-25 13:46:17+00:00,55,33,Flag,BLUE,Driver,,WAVED BLUE FLAG FOR CAR 55 (SAI) TIMED AT 15:46:16
1261,9979,2025-05-25 13:46:23+00:00,27,33,Flag,BLUE,Driver,,WAVED BLUE FLAG FOR CAR 27 (HUL) TIMED AT 15:46:22
1261,9979,2025-05-25 13:46:36+00:00,12,33,Flag,BLUE,Driver,,WAVED BLUE FLAG FOR CAR 12 (ANT) TIMED AT 15:46:36
1261,9979,2025-05-25 13:46:44+00:00,22,33,Flag,BLUE,Driver,,WAVED BLUE FLAG FOR CAR 22 (TSU) TIMED AT 15:46:44
1261,9979,2025-05-25 13:46:45+00:00,43,33,Flag,BLUE,Driver,,WAVED BLUE FLAG FOR CAR 43 (COL) TIMED AT 15:46:44
1261,9979,2025-05-25 13:47:01+00:00,12,33,Flag,BLUE,Driver,,WAVED BLUE FLAG FOR CAR 12 (ANT) TIMED AT 15:47:00
1261,9979,2025-05-25 13:47:12+00:00,23,34,Flag,BLUE,Driver,,WAVED BLUE FLAG FOR CAR 23 (ALB) TIMED AT 15:47:12
1261,9979,2025-05-25 13:47:15+00:00,5,34,Flag,BLUE,Driver,,WAVED BLUE FLAG FOR CAR 5 (BOR) TIMED AT 15:47:14
1261,9979,2025-05-25 13:47:19+00:00,63,34,Flag,BLUE,Driver,,WAVED BLUE FLAG FOR CAR 63 (RUS) TIMED AT 15:47:19
1261,9979,2025-05-25 13:47:41+00:00,55,34,Flag,BLUE,Driver,,WAVED BLUE FLAG FOR CAR 55 (SAI) TIMED AT 15:47:41
1261,9979,2025-05-25 13:47:42+00:00,30,34,Flag,BLUE,Driver,,WAVED BLUE FLAG FOR CAR 30 (LAW) TIMED AT 15:47:42
1261,9979,2025-05-25 13:47:49+00:00,63,34,Flag,BLUE,Driver,,WAVED BLUE FLAG FOR CAR 63 (RUS) TIMED AT 15:47:49
1261,9979,2025-05-25 13:47:50+00:00,30,34,Flag,BLUE,Driver,,WAVED BLUE FLAG FOR CAR 30 (LAW) TIMED AT 15:47:49
1261,9979,2025-05-25 13:47:52+00:00,55,34,Flag,BLUE,Driver,,WAVED BLUE FLAG FOR CAR 55 (SAI) TIMED AT 15:47:52
1261,9979,2025-05-25 13:48:09+00:00,55,34,Flag,BLUE,Driver,,WAVED BLUE FLAG FOR CAR 55 (SAI) TIMED AT 15:48:08
1261,9979,2025-05-25 13:48:19+00:00,23,35,Flag,BLUE,Driver,,WAVED BLUE FLAG FOR CAR 23 (ALB) TIMED AT 15:48:19
1261,9979,2025-05-25 13:48:23+00:00,87,35,Flag,BLUE,Driver,,WAVED BLUE FLAG FOR CAR 87 (BEA) TIMED AT 15:48:22
1261,9979,2025-05-25 13:48:47+00:00,23,35,Flag,BLUE,Driver,,WAVED BLUE FLAG FOR CAR 23 (ALB) TIMED AT 15:48:46
1261,9979,2025-05-25 13:48:56+00:00,18,35,Flag,BLUE,Driver,,WAVED BLUE FLAG FOR CAR 18 (STR) TIMED AT 15:48:55
1261,9979,2025-05-25 13:49:09+00:00,18,35,Flag,BLUE,Driver,,WAVED BLUE FLAG FOR CAR 18 (STR) TIMED AT 15:49:09
1261,9979,2025-05-25 13:49:20+00:00,18,35,Flag,BLUE,Driver,,WAVED BLUE FLAG FOR CAR 18 (STR) TIMED AT 15:49:19
1261,9979,2025-05-25 13:50:12+00:00,27,36,Flag,BLUE,Driver,,WAVED BLUE FLAG FOR CAR 27 (HUL) TIMED AT 15:50:11
1261,9979,2025-05-25 13:50:24+00:00,27,36,Flag,BLUE,Driver,,WAVED BLUE FLAG FOR CAR 27 (HUL) TIMED AT 15:50:24
1261,9979,2025-05-25 13:50:41+00:00,22,36,Flag,BLUE,Driver,,WAVED BLUE FLAG FOR CAR 22 (TSU) TIMED AT 15:50:41
1261,9979,2025-05-25 13:51:05+00:00,30,37,Flag,BLUE,Driver,,WAVED BLUE FLAG FOR CAR 30 (LAW) TIMED AT 15:51:05
1261,9979,2025-05-25 13:51:07+00:00,12,37,Flag,BLUE,Driver,,WAVED BLUE FLAG FOR CAR 12 (ANT) TIMED AT 15:51:07
1261,9979,2025-05-25 13:51:11+00:00,,37,Other,,,,CAR 44 (HAM) TIME 1:17.826 DELETED - TRACK LIMITS AT TURN 10 LAP 35 15:49:24
1261,9979,2025-05-25 13:51:23+00:00,30,37,Flag,BLUE,Driver,,WAVED BLUE FLAG FOR CAR 30 (LAW) TIMED AT 15:51:22
1261,9979,2025-05-25 13:51:29+00:00,63,37,Flag,BLUE,Driver,,WAVED BLUE FLAG FOR CAR 63 (RUS) TIMED AT 15:51:28
1261,9979,2025-05-25 13:51:33+00:00,30,37,Flag,BLUE,Driver,,WAVED BLUE FLAG FOR CAR 30 (LAW) TIMED AT 15:51:33
1261,9979,2025-05-25 13:51:49+00:00,30,37,Flag,BLUE,Driver,,WAVED BLUE FLAG FOR CAR 30 (LAW) TIMED AT 15:51:49
1261,9979,2025-05-25 13:51:53+00:00,55,37,Flag,BLUE,Driver,,WAVED BLUE FLAG FOR CAR 55 (SAI) TIMED AT 15:51:52
1261,9979,2025-05-25 13:52:55+00:00,,38,Flag,YELLOW,Sector,17,YELLOW IN TRACK SECTOR 17
1261,9979,2025-05-25 13:53:02+00:00,,38,Flag,CLEAR,Sector,17,CLEAR IN TRACK SECTOR 17
1261,9979,2025-05-25 13:55:14+00:00,31,40,Flag,BLUE,Driver,,WAVED BLUE FLAG FOR CAR 31 (OCO) TIMED AT 15:55:14
1261,9979,2025-05-25 13:56:54+00:00,31,41,Flag,BLUE,Driver,,WAVED BLUE FLAG FOR CAR 31 (OCO) TIMED AT 15:56:54
1261,9979,2025-05-25 13:57:07+00:00,31,42,Flag,BLUE,Driver,,WAVED BLUE FLAG FOR CAR 31 (OCO) TIMED AT 15:57:07
1261,9979,2025-05-25 13:58:04+00:00,6,42,Flag,BLUE,Driver,,WAVED BLUE FLAG FOR CAR 6 (HAD) TIMED AT 15:58:04
1261,9979,2025-05-25 13:59:22+00:00,,43,Other,,,,CAR 12 (ANT) TIME 1:18.060 DELETED - TRACK LIMITS AT TURN 10 LAP 41 15:58:34
1261,9979,2025-05-25 13:59:24+00:00,6,43,Flag,BLUE,Driver,,WAVED BLUE FLAG FOR CAR 6 (HAD) TIMED AT 15:59:23
1261,9979,2025-05-25 13:59:37+00:00,6,44,Flag,BLUE,Driver,,WAVED BLUE FLAG FOR CAR 6 (HAD) TIMED AT 15:59:36
1261,9979,2025-05-25 14:01:52+00:00,31,45,Flag,BLUE,Driver,,WAVED BLUE FLAG FOR CAR 31 (OCO) TIMED AT 16:01:52
1261,9979,2025-05-25 14:02:16+00:00,31,46,Flag,BLUE,Driver,,WAVED BLUE FLAG FOR CAR 31 (OCO) TIMED AT 16:02:15
1261,9979,2025-05-25 14:03:07+00:00,6,46,Flag,BLUE,Driver,,WAVED BLUE FLAG FOR CAR 6 (HAD) TIMED AT 16:03:06
1261,9979,2025-05-25 14:04:52+00:00,5,48,Flag,BLUE,Driver,,WAVED BLUE FLAG FOR CAR 5 (BOR) TIMED AT 16:04:52
1261,9979,2025-05-25 14:05:13+00:00,43,48,Flag,BLUE,Driver,,WAVED BLUE FLAG FOR CAR 43 (COL) TIMED AT 16:05:12
1261,9979,2025-05-25 14:05:31+00:00,87,48,Flag,BLUE,Driver,,WAVED BLUE FLAG FOR CAR 87 (BEA) TIMED AT 16:05:30
1261,9979,2025-05-25 14:05:52+00:00,18,49,Flag,BLUE,Driver,,WAVED BLUE FLAG FOR CAR 18 (STR) TIMED AT 16:05:52
1261,9979,2025-05-25 14:06:04+00:00,22,49,Flag,BLUE,Driver,,WAVED BLUE FLAG FOR CAR 22 (TSU) TIMED AT 16:06:03
1261,9979,2025-05-25 14:06:26+00:00,12,49,Flag,BLUE,Driver,,WAVED BLUE FLAG FOR CAR 12 (ANT) TIMED AT 16:06:25
1261,9979,2025-05-25 14:06:39+00:00,5,49,Flag,BLUE,Driver,,WAVED BLUE FLAG FOR CAR 5 (BOR) TIMED AT 16:06:38
1261,9979,2025-05-25 14:06:47+00:00,63,49,Flag,BLUE,Driver,,WAVED BLUE FLAG FOR CAR 63 (RUS) TIMED AT 16:06:47
1261,9979,2025-05-25 14:06:52+00:00,43,49,Flag,BLUE,Driver,,WAVED BLUE FLAG FOR CAR 43 (COL) TIMED AT 16:06:51
1261,9979,2025-05-25 14:07:01+00:00,23,50,Flag,BLUE,Driver,,WAVED BLUE FLAG FOR CAR 23 (ALB) TIMED AT 16:07:00
1261,9979,2025-05-25 14:07:09+00:00,,50,Other,,,,CAR 63 (RUS) TIME 1:19.959 DELETED - TRACK LIMITS AT TURN 10 LAP 47 16:06:25
1261,9979,2025-05-25 14:08:23+00:00,,50,Other,,,,TURN 10 INCIDENT INVOLVING CAR 63 (RUS) NOTED - LEAVING THE TRACK AND GAINING AN ADVANTAGE
1261,9979,2025-05-25 14:08:28+00:00,,51,Other,,,,CAR 63 (RUS) TIME 1:17.477 DELETED - TRACK LIMITS AT TURN 10 LAP 48 16:07:44
1261,9979,2025-05-25 14:08:37+00:00,27,51,Flag,BLUE,Driver,,WAVED BLUE FLAG FOR CAR 27 (HUL) TIMED AT 16:08:36
1261,9979,2025-05-25 14:09:00+00:00,,51,Other,,,,FIA STEWARDS: TURN 10 INCIDENT INVOLVING CAR 63 (RUS) UNDER INVESTIGATION - LEAVING THE TRACK AND GAINING AN ADVANTAGE
1261,9979,2025-05-25 14:09:49+00:00,31,52,Flag,BLUE,Driver,,WAVED BLUE FLAG FOR CAR 31 (OCO) TIMED AT 16:09:48
1261,9979,2025-05-25 14:10:09+00:00,5,52,Flag,BLUE,Driver,,WAVED BLUE FLAG FOR CAR 5 (BOR) TIMED AT 16:10:08
1261,9979,2025-05-25 14:10:32+00:00,43,52,Flag,BLUE,Driver,,WAVED BLUE FLAG FOR CAR 43 (COL) TIMED AT 16:10:31
1261,9979,2025-05-25 14:10:37+00:00,6,52,Flag,BLUE,Driver,,WAVED BLUE FLAG FOR CAR 6 (HAD) TIMED AT 16:10:36
1261,9979,2025-05-25 14:10:47+00:00,87,52,Flag,BLUE,Driver,,WAVED BLUE FLAG FOR CAR 87 (BEA) TIMED AT 16:10:46
1261,9979,2025-05-25 14:11:09+00:00,18,53,Flag,BLUE,Driver,,WAVED BLUE FLAG FOR CAR 18 (STR) TIMED AT 16:11:08
1261,9979,2025-05-25 14:11:10+00:00,,53,Other,,,,FIA STEWARDS: DRIVE THROUGH PENALTY FOR CAR 63 (RUS) - LEAVING THE TRACK AND GAINING AN ADVANTAGE
1261,9979,2025-05-25 14:11:29+00:00,27,53,Flag,BLUE,Driver,,WAVED BLUE FLAG FOR CAR 27 (HUL) TIMED AT 16:11:28
1261,9979,2025-05-25 14:11:42+00:00,22,53,Flag,BLUE,Driver,,WAVED BLUE FLAG FOR CAR 22 (TSU) TIMED AT 16:11:42
1261,9979,2025-05-25 14:11:46+00:00,5,53,Flag,BLUE,Driver,,WAVED BLUE FLAG FOR CAR 5 (BOR) TIMED AT 16:11:45
1261,9979,2025-05-25 14:11:51+00:00,27,53,Flag,BLUE,Driver,,WAVED BLUE FLAG FOR CAR 27 (HUL) TIMED AT 16:11:51
1261,9979,2025-05-25 14:11:54+00:00,43,53,Flag,BLUE,Driver,,WAVED BLUE FLAG FOR CAR 43 (COL) TIMED AT 16:11:54
1261,9979,2025-05-25 14:12:04+00:00,12,53,Flag,BLUE,Driver,,WAVED BLUE FLAG FOR CAR 12 (ANT) TIMED AT 16:12:04
1261,9979,2025-05-25 14:12:07+00:00,87,53,Flag,BLUE,Driver,,WAVED BLUE FLAG FOR CAR 87 (BEA) TIMED AT 16:12:07
1261,9979,2025-05-25 14:12:09+00:00,5,53,Flag,BLUE,Driver,,WAVED BLUE FLAG FOR CAR 5 (BOR) TIMED AT 16:12:09
1261,9979,2025-05-25 14:12:18+00:00,23,54,Flag,BLUE,Driver,,WAVED BLUE FLAG FOR CAR 23 (ALB) TIMED AT 16:12:17
1261,9979,2025-05-25 14:12:18+00:00,,54,Other,,,,CAR 12 (ANT) TIME 1:20.341 DELETED - TRACK LIMITS AT TURN 10 LAP 51 16:11:41
1261,9979,2025-05-25 14:12:22+00:00,43,54,Flag,BLUE,Driver,,WAVED BLUE FLAG FOR CAR 43 (COL) TIMED AT 16:12:22
1261,9979,2025-05-25 14:12:23+00:00,18,54,Flag,BLUE,Driver,,WAVED BLUE FLAG FOR CAR 18 (STR) TIMED AT 16:12:23
1261,9979,2025-05-25 14:12:28+00:00,87,54,Flag,BLUE,Driver,,WAVED BLUE FLAG FOR CAR 87 (BEA) TIMED AT 16:12:28
1261,9979,2025-05-25 14:12:41+00:00,22,54,Flag,BLUE,Driver,,WAVED BLUE FLAG FOR CAR 22 (TSU) TIMED AT 16:12:40
1261,9979,2025-05-25 14:12:42+00:00,18,54,Flag,BLUE,Driver,,WAVED BLUE FLAG FOR CAR 18 (STR) TIMED AT 16:12:42
1261,9979,2025-05-25 14:12:52+00:00,12,54,Flag,BLUE,Driver,,WAVED BLUE FLAG FOR CAR 12 (ANT) TIMED AT 16:12:51
1261,9979,2025-05-25 14:12:53+00:00,31,54,Flag,BLUE,Driver,,WAVED BLUE FLAG FOR CAR 31 (OCO) TIMED AT 16:12:52
1261,9979,2025-05-25 14:13:04+00:00,31,54,Flag,BLUE,Driver,,WAVED BLUE FLAG FOR CAR 31 (OCO) TIMED AT 16:13:03
1261,9979,2025-05-25 14:13:05+00:00,22,54,Flag,BLUE,Driver,,WAVED BLUE FLAG FOR CAR 22 (TSU) TIMED AT 16:13:04
1261,9979,2025-05-25 14:13:14+00:00,22,54,Flag,BLUE,Driver,,WAVED BLUE FLAG FOR CAR 22 (TSU) TIMED AT 16:13:13
1261,9979,2025-05-25 14:13:14+00:00,23,54,Flag,BLUE,Driver,,WAVED BLUE FLAG FOR CAR 23 (ALB) TIMED AT 16:13:14
1261,9979,2025-05-25 14:13:24+00:00,23,54,Flag,BLUE,Driver,,WAVED BLUE FLAG FOR CAR 23 (ALB) TIMED AT 16:13:23
1261,9979,2025-05-25 14:13:26+00:00,12,54,Flag,BLUE,Driver,,WAVED BLUE FLAG FOR CAR 12 (ANT) TIMED AT 16:13:26
1261,9979,2025-05-25 14:13:39+00:00,27,55,Flag,BLUE,Driver,,WAVED BLUE FLAG FOR CAR 27 (HUL) TIMED AT 16:13:39
1261,9979,2025-05-25 14:13:59+00:00,5,55,Flag,BLUE,Driver,,WAVED BLUE FLAG FOR CAR 5 (BOR) TIMED AT 16:13:58
1261,9979,2025-05-25 14:14:09+00:00,23,55,Flag,BLUE,Driver,,WAVED BLUE FLAG FOR CAR 23 (ALB) TIMED AT 16:14:09
1261,9979,2025-05-25 14:14:10+00:00,,55,Other,,,,CAR 1 (VER) TIME 1:17.547 DELETED - TRACK LIMITS AT TURN 10 LAP 53 16:11:43
1261,9979,2025-05-25 14:14:16+00:00,43,55,Flag,BLUE,Driver,,WAVED BLUE FLAG FOR CAR 43 (COL) TIMED AT 16:14:15
1261,9979,2025-05-25 14:14:31+00:00,6,55,Flag,BLUE,Driver,,WAVED BLUE FLAG FOR CAR 6 (HAD) TIMED AT 16:14:30
1261,9979,2025-05-25 14:14:37+00:00,,55,Other,,,,CAR 87 (BEA) TIME 1:22.205 DELETED - TRACK LIMITS AT TURN 10 LAP 51 16:11:44
1261,9979,2025-05-25 14:14:38+00:00,87,55,Flag,BLUE,Driver,,WAVED BLUE FLAG FOR CAR 87 (BEA) TIMED AT 16:14:37
1261,9979,2025-05-25 14:14:40+00:00,,55,Other,,,,CAR 27 (HUL) TIME 1:20.376 DELETED - TRACK LIMITS AT TURN 10 LAP 52 16:13:08
1261,9979,2025-05-25 14:14:53+00:00,18,56,Flag,BLUE,Driver,,WAVED BLUE FLAG FOR CAR 18 (STR) TIMED AT 16:14:52
1261,9979,2025-05-25 14:14:54+00:00,63,56,Flag,BLUE,Driver,,WAVED BLUE FLAG FOR CAR 63 (RUS) TIMED AT 16:14:53
1261,9979,2025-05-25 14:15:00+00:00,55,56,Flag,BLUE,Driver,,WAVED BLUE FLAG FOR CAR 55 (SAI) TIMED AT 16:14:59
1261,9979,2025-05-25 14:15:04+00:00,22,56,Flag,BLUE,Driver,,WAVED BLUE FLAG FOR CAR 22 (TSU) TIMED AT 16:15:03
1261,9979,2025-05-25 14:15:21+00:00,12,56,Flag,BLUE,Driver,,WAVED BLUE FLAG FOR CAR 12 (ANT) TIMED AT 16:15:20
1261,9979,2025-05-25 14:17:05+00:00,23,57,Flag,BLUE,Driver,,WAVED BLUE FLAG FOR CAR 23 (ALB) TIMED AT 16:17:05
1261,9979,2025-05-25 14:17:22+00:00,23,58,Flag,BLUE,Driver,,WAVED BLUE FLAG FOR CAR 23 (ALB) TIMED AT 16:17:22
1261,9979,2025-05-25 14:18:01+00:00,63,58,Flag,BLUE,Driver,,WAVED BLUE FLAG FOR CAR 63 (RUS) TIMED AT 16:18:00
1261,9979,2025-05-25 14:21:16+00:00,55,61,Flag,BLUE,Driver,,WAVED BLUE FLAG FOR CAR 55 (SAI) TIMED AT 16:21:16
1261,9979,2025-05-25 14:21:22+00:00,55,61,Flag,BLUE,Driver,,WAVED BLUE FLAG FOR CAR 55 (SAI) TIMED AT 16:21:21
1261,9979,2025-05-25 14:21:27+00:00,55,61,Flag,BLUE,Driver,,WAVED BLUE FLAG FOR CAR 55 (SAI) TIMED AT 16:21:27
1261,9979,2025-05-25 14:25:43+00:00,27,64,Flag,BLUE,Driver,,WAVED BLUE FLAG FOR CAR 27 (HUL) TIMED AT 16:25:42
1261,9979,2025-05-25 14:25:49+00:00,27,64,Flag,BLUE,Driver,,WAVED BLUE FLAG FOR CAR 27 (HUL) TIMED AT 16:25:48
1261,9979,2025-05-25 14:25:56+00:00,27,64,Flag,BLUE,Driver,,WAVED BLUE FLAG FOR CAR 27 (HUL) TIMED AT 16:25:56
1261,9979,2025-05-25 14:27:50+00:00,27,66,Flag,BLUE,Driver,,WAVED BLUE FLAG FOR CAR 27 (HUL) TIMED AT 16:27:50
1261,9979,2025-05-25 14:28:00+00:00,27,66,Flag,BLUE,Driver,,WAVED BLUE FLAG FOR CAR 27 (HUL) TIMED AT 16:28:00
1261,9979,2025-05-25 14:28:02+00:00,5,66,Flag,BLUE,Driver,,WAVED BLUE FLAG FOR CAR 5 (BOR) TIMED AT 16:28:01
1261,9979,2025-05-25 14:28:09+00:00,30,66,Flag,BLUE,Driver,,WAVED BLUE FLAG FOR CAR 30 (LAW) TIMED AT 16:28:09
1261,9979,2025-05-25 14:28:15+00:00,27,66,Flag,BLUE,Driver,,WAVED BLUE FLAG FOR CAR 27 (HUL) TIMED AT 16:28:14
1261,9979,2025-05-25 14:28:21+00:00,30,66,Flag,BLUE,Driver,,WAVED BLUE FLAG FOR CAR 30 (LAW) TIMED AT 16:28:20
1261,9979,2025-05-25 14:28:40+00:00,30,67,Flag,BLUE,Driver,,WAVED BLUE FLAG FOR CAR 30 (LAW) TIMED AT 16:28:39
1261,9979,2025-05-25 14:29:13+00:00,5,67,Flag,BLUE,Driver,,WAVED BLUE FLAG FOR CAR 5 (BOR) TIMED AT 16:29:13
1261,9979,2025-05-25 14:29:33+00:00,5,67,Flag,BLUE,Driver,,WAVED BLUE FLAG FOR CAR 5 (BOR) TIMED AT 16:29:32
1261,9979,2025-05-25 14:29:35+00:00,,67,Other,,,,CAR 27 (HUL) TIME 1:20.147 DELETED - TRACK LIMITS AT TURN 10 LAP 64 16:28:59
1261,9979,2025-05-25 14:29:56+00:00,31,68,Flag,BLUE,Driver,,WAVED BLUE FLAG FOR CAR 31 (OCO) TIMED AT 16:29:56
1261,9979,2025-05-25 14:30:34+00:00,6,68,Flag,BLUE,Driver,,WAVED BLUE FLAG FOR CAR 6 (HAD) TIMED AT 16:30:34
1261,9979,2025-05-25 14:30:47+00:00,6,68,Flag,BLUE,Driver,,WAVED BLUE FLAG FOR CAR 6 (HAD) TIMED AT 16:30:47
1261,9979,2025-05-25 14:32:16+00:00,43,69,Flag,BLUE,Driver,,WAVED BLUE FLAG FOR CAR 43 (COL) TIMED AT 16:32:15
1261,9979,2025-05-25 14:32:24+00:00,43,70,Flag,BLUE,Driver,,WAVED BLUE FLAG FOR CAR 43 (COL) TIMED AT 16:32:23
1261,9979,2025-05-25 14:33:13+00:00,87,70,Flag,BLUE,Driver,,WAVED BLUE FLAG FOR CAR 87 (BEA) TIMED AT 16:33:13
1261,9979,2025-05-25 14:33:22+00:00,87,70,Flag,BLUE,Driver,,WAVED BLUE FLAG FOR CAR 87 (BEA) TIMED AT 16:33:21
1261,9979,2025-05-25 14:33:31+00:00,87,70,Flag,BLUE,Driver,,WAVED BLUE FLAG FOR CAR 87 (BEA) TIMED AT 16:33:31
1261,9979,2025-05-25 14:34:58+00:00,22,72,Flag,BLUE,Driver,,WAVED BLUE FLAG FOR CAR 22 (TSU) TIMED AT 16:34:58
1261,9979,2025-05-25 14:42:26+00:00,,77,Other,,,,CAR 18 (STR) TIME 1:17.061 DELETED - TRACK LIMITS AT TURN 10 LAP 74 16:41:50
1261,9979,2025-05-25 14:43:43+00:00,,78,Flag,CHEQUERED,Track,,CHEQUERED FLAG
1261,9979,2025-05-25 14:43:43.269000+00:00,,78,SessionStatus,,,,SESSION FINISHED
1261,9979,2025-05-25 14:44:02+00:00,,78,Other,,,,TURN 10 INCIDENT INVOLVING CARS 27 (HUL) AND 18 (STR) NOTED - FORCING ANOTHER DRIVER OFF THE TRACK
1261,9979,2025-05-25 14:45:13+00:00,,78,Other,,,,FIA STEWARDS: TURN 10 INCIDENT INVOLVING CARS 27 (HUL) AND 18 (STR) REVIEWED NO FURTHER INVESTIGATION - FORCING ANOTHER DRIVER OFF THE TRACK
1261,9979,2025-05-25 14:45:40+00:00,,78,Other,,,,FIA STEWARDS: PENALTY SERVED - DRIVE THROUGH PENALTY FOR CAR 63 (RUS) - LEAVING THE TRACK AND GAINING AN ADVANTAGE
1261,9979,2025-05-25 14:45:53+00:00,,78,Other,,,,CAR 87 (BEA) TIME 1:17.224 DELETED - TRACK LIMITS AT TURN 10 LAP 76 16:44:08
1262,9971,2025-06-01 12:05:01+00:00,,1,Other,,,,BLUE HEAD PADDING MATERIAL MUST BE USED
1262,9971,2025-06-01 12:20:01+00:00,,1,Flag,GREEN,Track,,GREEN LIGHT - PIT EXIT OPEN
1262,9971,2025-06-01 12:30:01+00:00,,1,Other,,,,PIT EXIT CLOSED
1262,9971,2025-06-01 12:45:07+00:00,,1,Other,,,,RISK OF RAIN FOR F1 RACE IS 10%
1262,9971,2025-06-01 12:57:01+00:00,,1,Drs,,,,DRS DISABLED
1262,9971,2025-06-01 13:03:17.590000+00:00,,1,SessionStatus,,,,SESSION STARTED
1262,9971,2025-06-01 13:03:18+00:00,,1,Flag,GREEN,Track,,GREEN LIGHT - PIT EXIT OPEN
1262,9971,2025-06-01 13:04:41+00:00,,2,Drs,,,,DRS ENABLED
1262,9971,2025-06-01 13:10:00+00:00,,5,Other,,,,LAP 1 TURN 1 INCIDENT INVOLVING CAR 27 (HUL) NOTED - LEAVING THE TRACK AND GAINING AN ADVANTAGE
1262,9971,2025-06-01 13:12:04+00:00,,7,Other,,,,FIA STEWARDS: LAP 1 TURN 1 INCIDENT INVOLVING CAR 27 (HUL) REVIEWED NO FURTHER INVESTIGATION - LEAVING THE TRACK AND GAINING AN ADVANTAGE
1262,9971,2025-06-01 13:20:25+00:00,,13,Other,,,,CAR 43 (COL) TIME 1:23.037 DELETED - TRACK LIMITS AT TURN 13 LAP 12 15:19:55
1262,9971,2025-06-01 13:21:54+00:00,,14,Other,,,,CAR 14 (ALO) TIME 1:30.665 DELETED - TRACK LIMITS AT TURN 5 LAP 13 15:20:33
1262,9971,2025-06-01 13:22:00+00:00,,14,Other,,,,TURN 5 INCIDENT INVOLVING CAR 14 (ALO) NOTED - REJOINING UNSAFELY
1262,9971,2025-06-01 13:23:10+00:00,,15,Other,,,,CAR 12 (ANT) TIME 1:22.313 DELETED - TRACK LIMITS AT TURN 10 LAP 14 15:22:08
1262,9971,2025-06-01 13:24:25+00:00,,16,Other,,,,FIA STEWARDS: TURN 5 INCIDENT INVOLVING CAR 14 (ALO) REVIEWED NO FURTHER INVESTIGATION - REJOINING UNSAFELY
1262,9971,2025-06-01 13:32:54+00:00,,22,Other,,,,CAR 44 (HAM) TIME 1:20.755 DELETED - TRACK LIMITS AT TURN 10 LAP 20 15:30:34
1262,9971,2025-06-01 13:34:43+00:00,,24,Other,,,,CAR 44 (HAM) TIME 1:20.755 WILL BE REINSTATED
1262,9971,2025-06-01 13:37:18+00:00,,26,Other,,,,TURN 1 INCIDENT INVOLVING CARS 23 (ALB) AND 30 (LAW) NOTED
1262,9971,2025-06-01 13:37:25+00:00,,26,Other,,,,FIA STEWARDS: TURN 1 INCIDENT INVOLVING CARS 23 (ALB) AND 30 (LAW) UNDER INVESTIGATION
1262,9971,2025-06-01 13:38:36+00:00,,27,Other,,,,CAR 23 (ALB) TIME 1:23.477 DELETED - TRACK LIMITS AT TURN 2 LAP 24 15:35:34
1262,9971,2025-06-01 13:39:31+00:00,,27,Other,,,,FIA STEWARDS: 10 SECOND TIME PENALTY FOR CAR 23 (ALB) -LEAVING THE TRACK AND GAINING AN ADVANTAGE 
1262,9971,2025-06-01 13:40:47+00:00,,28,Other,,,,TURN 1 INCIDENT INVOLVING CARS 23 (ALB) AND 30 (LAW) NOTED - CAUSING A COLLISION
1262,9971,2025-06-01 13:41:03+00:00,,28,Other,,,,FIA STEWARDS: TURN 1 INCIDENT INVOLVING CARS 23 (ALB) AND 30 (LAW) UNDER INVESTIGATION - CAUSING A COLLISION
1262,9971,2025-06-01 13:42:34+00:00,,29,Other,,,,FIA STEWARDS: TURN 1 INCIDENT INVOLVING CARS 23 (ALB) AND 30 (LAW) NO FURTHER ACTION - CAUSING A COLLISION
1262,9971,2025-06-01 13:43:02+00:00,,30,Other,,,,FIA STEWARDS: PENALTY SERVED - 10 SECOND TIME PENALTY FOR CAR 23 (ALB)
1262,9971,2025-06-01 13:46:30+00:00,,32,Other,,,,TURN 1 INCIDENT INVOLVING CARS 30 (LAW) AND 87 (BEA) NOTED - CAUSING A COLLISION
1262,9971,2025-06-01 13:46:39+00:00,,33,Other,,,,CAR 87 (BEA) TIME 1:23.130 DELETED - TRACK LIMITS AT TURN 2 LAP 31 15:45:05
1262,9971,2025-06-01 13:46:45+00:00,,33,Other,,,,FIA STEWARDS: TURN 1 INCIDENT INVOLVING CARS 30 (LAW) AND 87 (BEA) UNDER INVESTIGATION - CAUSING A COLLISION
1262,9971,2025-06-01 13:47:50+00:00,43,33,Flag,BLUE,Driver,,WAVED BLUE FLAG FOR CAR 43 (COL) TIMED AT 15:47:50
1262,9971,2025-06-01 13:47:55+00:00,43,33,Flag,BLUE,Driver,,WAVED BLUE FLAG FOR CAR 43 (COL) TIMED AT 15:47:55
1262,9971,2025-06-01 13:49:30+00:00,43,35,Flag,BLUE,Driver,,WAVED BLUE FLAG FOR CAR 43 (COL) TIMED AT 15:49:30
1262,9971,2025-06-01 13:49:32+00:00,,35,Other,,,,FIA STEWARDS: TURN 1 INCIDENT INVOLVING CARS 30 (LAW) AND 87 (BEA) NO FURTHER ACTION - CAUSING A COLLISION
1262,9971,2025-06-01 13:51:52+00:00,43,36,Flag,BLUE,Driver,,WAVED BLUE FLAG FOR CAR 43 (COL) TIMED AT 15:51:52
1262,9971,2025-06-01 13:52:20+00:00,10,37,Flag,BLUE,Driver,,WAVED BLUE FLAG FOR CAR 10 (GAS) TIMED AT 15:52:19
1262,9971,2025-06-01 13:52:24+00:00,43,37,Flag,BLUE,Driver,,WAVED BLUE FLAG FOR CAR 43 (COL) TIMED AT 15:52:24
1262,9971,2025-06-01 13:52:32+00:00,10,37,Flag,BLUE,Driver,,WAVED BLUE FLAG FOR CAR 10 (GAS) TIMED AT 15:52:32
1262,9971,2025-06-01 13:53:48+00:00,87,38,Flag,BLUE,Driver,,WAVED BLUE FLAG FOR CAR 87 (BEA) TIMED AT 15:53:48
1262,9971,2025-06-01 13:54:13+00:00,10,38,Flag,BLUE,Driver,,WAVED BLUE FLAG FOR CAR 10 (GAS) TIMED AT 15:54:12
1262,9971,2025-06-01 13:54:17+00:00,,38,Other,,,,CAR 12 (ANT) TIME 1:20.752 DELETED - TRACK LIMITS AT TURN 10 LAP 37 15:53:39
1262,9971,2025-06-01 13:56:32+00:00,31,40,Flag,BLUE,Driver,,WAVED BLUE FLAG FOR CAR 31 (OCO) TIMED AT 15:56:31
1262,9971,2025-06-01 13:57:22+00:00,10,41,Flag,BLUE,Driver,,WAVED BLUE FLAG FOR CAR 10 (GAS) TIMED AT 15:57:21
1262,9971,2025-06-01 13:57:45+00:00,31,41,Flag,BLUE,Driver,,WAVED BLUE FLAG FOR CAR 31 (OCO) TIMED AT 15:57:45
1262,9971,2025-06-01 13:58:12+00:00,31,41,Flag,BLUE,Driver,,WAVED BLUE FLAG FOR CAR 31 (OCO) TIMED AT 15:58:12
1262,9971,2025-06-01 13:58:57+00:00,22,42,Flag,BLUE,Driver,,WAVED BLUE FLAG FOR CAR 22 (TSU) TIMED AT 15:58:56
1262,9971,2025-06-01 14:00:12+00:00,22,43,Flag,BLUE,Driver,,WAVED BLUE FLAG FOR CAR 22 (TSU) TIMED AT 16:00:11
1262,9971,2025-06-01 14:00:45+00:00,31,43,Flag,BLUE,Driver,,WAVED BLUE FLAG FOR CAR 31 (OCO) TIMED AT 16:00:44
1262,9971,2025-06-01 14:01:09+00:00,43,43,Flag,BLUE,Driver,,WAVED BLUE FLAG FOR CAR 43 (COL) TIMED AT 16:01:08
1262,9971,2025-06-01 14:01:18+00:00,43,43,Flag,BLUE,Driver,,WAVED BLUE FLAG FOR CAR 43 (COL) TIMED AT 16:01:17
1262,9971,2025-06-01 14:01:23+00:00,5,44,Flag,BLUE,Driver,,WAVED BLUE FLAG FOR CAR 5 (BOR) TIMED AT 16:01:23
1262,9971,2025-06-01 14:02:34+00:00,5,44,Flag,BLUE,Driver,,WAVED BLUE FLAG FOR CAR 5 (BOR) TIMED AT 16:02:34
1262,9971,2025-06-01 14:02:41+00:00,22,45,Flag,BLUE,Driver,,WAVED BLUE FLAG FOR CAR 22 (TSU) TIMED AT 16:02:41
1262,9971,2025-06-01 14:02:46+00:00,22,45,Flag,BLUE,Driver,,WAVED BLUE FLAG FOR CAR 22 (TSU) TIMED AT 16:02:46
1262,9971,2025-06-01 14:05:10+00:00,5,46,Flag,BLUE,Driver,,WAVED BLUE FLAG FOR CAR 5 (BOR) TIMED AT 16:05:10
1262,9971,2025-06-01 14:05:27+00:00,5,47,Flag,BLUE,Driver,,WAVED BLUE FLAG FOR CAR 5 (BOR) TIMED AT 16:05:26
1262,9971,2025-06-01 14:07:18+00:00,22,48,Flag,BLUE,Driver,,WAVED BLUE FLAG FOR CAR 22 (TSU) TIMED AT 16:07:18
1262,9971,2025-06-01 14:09:15+00:00,43,49,Flag,BLUE,Driver,,WAVED BLUE FLAG FOR CAR 43 (COL) TIMED AT 16:09:14
1262,9971,2025-06-01 14:09:27+00:00,55,50,Flag,BLUE,Driver,,WAVED BLUE FLAG FOR CAR 55 (SAI) TIMED AT 16:09:27
1262,9971,2025-06-01 14:10:16+00:00,14,50,Flag,BLUE,Driver,,WAVED BLUE FLAG FOR CAR 14 (ALO) TIMED AT 16:10:16
1262,9971,2025-06-01 14:11:01+00:00,30,51,Flag,BLUE,Driver,,WAVED BLUE FLAG FOR CAR 30 (LAW) TIMED AT 16:11:01
1262,9971,2025-06-01 14:11:15+00:00,30,51,Flag,BLUE,Driver,,WAVED BLUE FLAG FOR CAR 30 (LAW) TIMED AT 16:11:14
1262,9971,2025-06-01 14:11:35+00:00,87,51,Flag,BLUE,Driver,,WAVED BLUE FLAG FOR CAR 87 (BEA) TIMED AT 16:11:35
1262,9971,2025-06-01 14:11:42+00:00,14,51,Flag,BLUE,Driver,,WAVED BLUE FLAG FOR CAR 14 (ALO) TIMED AT 16:11:41
1262,9971,2025-06-01 14:11:44+00:00,87,51,Flag,BLUE,Driver,,WAVED BLUE FLAG FOR CAR 87 (BEA) TIMED AT 16:11:44
1262,9971,2025-06-01 14:12:03+00:00,30,51,Flag,BLUE,Driver,,WAVED BLUE FLAG FOR CAR 30 (LAW) TIMED AT 16:12:02
1262,9971,2025-06-01 14:12:04+00:00,14,51,Flag,BLUE,Driver,,WAVED BLUE FLAG FOR CAR 14 (ALO) TIMED AT 16:12:04
1262,9971,2025-06-01 14:12:28+00:00,87,52,Flag,BLUE,Driver,,WAVED BLUE FLAG FOR CAR 87 (BEA) TIMED AT 16:12:27
1262,9971,2025-06-01 14:12:30+00:00,10,52,Flag,BLUE,Driver,,WAVED BLUE FLAG FOR CAR 10 (GAS) TIMED AT 16:12:30
1262,9971,2025-06-01 14:12:33+00:00,30,52,Flag,BLUE,Driver,,WAVED BLUE FLAG FOR CAR 30 (LAW) TIMED AT 16:12:32
1262,9971,2025-06-01 14:12:40+00:00,10,52,Flag,BLUE,Driver,,WAVED BLUE FLAG FOR CAR 10 (GAS) TIMED AT 16:12:39
1262,9971,2025-06-01 14:12:40+00:00,87,52,Flag,BLUE,Driver,,WAVED BLUE FLAG FOR CAR 87 (BEA) TIMED AT 16:12:39
1262,9971,2025-06-01 14:13:33+00:00,10,52,Flag,BLUE,Driver,,WAVED BLUE FLAG FOR CAR 10 (GAS) TIMED AT 16:13:32
1262,9971,2025-06-01 14:14:06+00:00,10,53,Flag,BLUE,Driver,,WAVED BLUE FLAG FOR CAR 10 (GAS) TIMED AT 16:14:06
1262,9971,2025-06-01 14:15:10+00:00,,54,Other,,,,TURN 1 INCIDENT INVOLVING CARS 87 (BEA) AND 30 (LAW) NOTED - LEAVING THE TRACK AND GAINING AN ADVANTAGE
1262,9971,2025-06-01 14:15:25+00:00,27,54,Flag,BLUE,Driver,,WAVED BLUE FLAG FOR CAR 27 (HUL) TIMED AT 16:15:24
1262,9971,2025-06-01 14:15:57+00:00,,54,Other,,,,FIA STEWARDS: TURN 1 INCIDENT INVOLVING CARS 87 (BEA) AND 30 (LAW) UNDER INVESTIGATION - LEAVING THE TRACK AND GAINING AN ADVANTAGE
1262,9971,2025-06-01 14:16:22+00:00,,55,Other,,,,CAR 87 (BEA) TIME 1:22.963 DELETED - TRACK LIMITS AT TURN 2 LAP 51 16:12:31
1262,9971,2025-06-01 14:16:23+00:00,,55,Other,,,,CAR 30 (LAW) TIME 1:19.805 DELETED - TRACK LIMITS AT TURN 5 LAP 52 16:14:18
1262,9971,2025-06-01 14:16:42+00:00,5,55,Flag,BLUE,Driver,,WAVED BLUE FLAG FOR CAR 5 (BOR) TIMED AT 16:16:41
1262,9971,2025-06-01 14:16:46+00:00,,55,Flag,DOUBLE YELLOW,Sector,12,DOUBLE YELLOW IN TRACK SECTOR 12
1262,9971,2025-06-01 14:16:48+00:00,,55,Other,,,,DRS DISABLED IN ZONE 1
1262,9971,2025-06-01 14:16:48+00:00,,55,Flag,YELLOW,Sector,12,YELLOW IN TRACK SECTOR 12
1262,9971,2025-06-01 14:16:52+00:00,27,55,Flag,BLUE,Driver,,WAVED BLUE FLAG FOR CAR 27 (HUL) TIMED AT 16:16:51
1262,9971,2025-06-01 14:17:01+00:00,,55,SafetyCar,,,,SAFETY CAR DEPLOYED
1262,9971,2025-06-01 14:19:04+00:00,,56,Flag,DOUBLE YELLOW,Sector,12,DOUBLE YELLOW IN TRACK SECTOR 12
1262,9971,2025-06-01 14:19:09+00:00,,56,Other,,,,RECOVERY VEHICLE ON TRACK AT TURN 10
1262,9971,2025-06-01 14:23:12+00:00,,58,Flag,CLEAR,Sector,12,CLEAR IN TRACK SECTOR 12
1262,9971,2025-06-01 14:23:46+00:00,,58,Other,,,,"LAPPED CARS MAY NOW OVERTAKE THE SAFETY CAR: 30, 31, 5, 14, 87, 22, 55, 43"
1262,9971,2025-06-01 14:27:16+00:00,,60,SafetyCar,,,,SAFETY CAR IN THIS LAP
1262,9971,2025-06-01 14:28:21+00:00,,60,Flag,CLEAR,Track,,TRACK CLEAR
1262,9971,2025-06-01 14:29:52+00:00,,62,Drs,,,,DRS ENABLED
1262,9971,2025-06-01 14:30:10+00:00,,62,Other,,,,FIA STEWARDS: 10 SECOND TIME PENALTY FOR CAR 87 (BEA) - LEAVING THE TRACK AND GAINING AN ADVANTAGE
1262,9971,2025-06-01 14:30:48+00:00,,62,Other,,,,TURN 1 INCIDENT INVOLVING CARS 1 (VER) AND 63 (RUS) NOTED
1262,9971,2025-06-01 14:30:59+00:00,,62,Other,,,,FIA STEWARDS: TURN 1 INCIDENT INVOLVING CARS 1 (VER) AND 63 (RUS) UNDER INVESTIGATION
1262,9971,2025-06-01 14:31:39+00:00,,63,Other,,,,CAR 1 (VER) TIME 1:18.862 DELETED - TRACK LIMITS AT TURN 2 LAP 61 16:28:50
1262,9971,2025-06-01 14:33:59+00:00,,65,Other,,,,TURN 5 INCIDENT INVOLVING CARS 1 (VER) AND 63 (RUS) NOTED - CAUSING A COLLISION
1262,9971,2025-06-01 14:35:28+00:00,,66,Other,,,,FIA STEWARDS: TURN 5 INCIDENT INVOLVING CARS 1 (VER) AND 63 (RUS) UNDER INVESTIGATION - CAUSING A COLLISION
1262,9971,2025-06-01 14:35:49+00:00,,66,Other,,,,FIA STEWARDS: TURN 1 INCIDENT INVOLVING CARS 1 (VER) AND 63 (RUS) NO FURTHER ACTION
1262,9971,2025-06-01 14:36:15+00:00,,66,Flag,CHEQUERED,Track,,CHEQUERED FLAG
1262,9971,2025-06-01 14:36:15.210000+00:00,,66,SessionStatus,,,,SESSION FINISHED
1262,9971,2025-06-01 14:37:18+00:00,,66,Other,,,,FIA STEWARDS: 10 SECOND TIME PENALTY FOR CAR 1 (VER) - CAUSING A COLLISION
1262,9971,2025-06-01 14:41:03+00:00,,66,Other,,,,START/FINISH STRAIGHT INCIDENT INVOLVING CARS 1 (VER) AND 16 (LEC) NOTED - CAUSING A COLLISION
1262,9971,2025-06-01 14:42:18+00:00,,66,Other,,,,FIA STEWARDS: START/FINISH STRAIGHT INCIDENT INVOLVING CARS 1 (VER) AND 16 (LEC) WILL BE INVESTIGATED AFTER THE RACE - CAUSING A COLLISION
1263,9963,2025-06-15 17:05:00+00:00,,1,Other,,,,PINK HEAD PADDING MATERIAL MUST BE USED
1263,9963,2025-06-15 17:20:00+00:00,,1,Flag,GREEN,Track,,GREEN LIGHT - PIT EXIT OPEN
1263,9963,2025-06-15 17:30:00+00:00,,1,Other,,,,PIT EXIT CLOSED
1263,9963,2025-06-15 17:45:10+00:00,,1,Other,,,,RISK OF RAIN FOR F1 RACE IS 0 %
1263,9963,2025-06-15 17:57:03+00:00,,1,Drs,,,,DRS DISABLED
1263,9963,2025-06-15 18:03:04.635000+00:00,,1,SessionStatus,,,,SESSION STARTED
1263,9963,2025-06-15 18:03:05+00:00,,1,Flag,GREEN,Track,,GREEN LIGHT - PIT EXIT OPEN
1263,9963,2025-06-15 18:04:27+00:00,,2,Drs,,,,DRS ENABLED
1263,9963,2025-06-15 18:05:50+00:00,,3,Other,,,,TRACK SURFACE SLIPPERY IN TRACK SECTOR 13
1263,9963,2025-06-15 18:07:09+00:00,,4,Flag,CLEAR,Sector,13,CLEAR IN TRACK SECTOR 13
1263,9963,2025-06-15 18:08:24+00:00,,5,Other,,,,CAR 12 (ANT) TIME 1:16.878 DELETED - TRACK LIMITS AT TURN 14 LAP 3 14:06:54
1263,9963,2025-06-15 18:10:43+00:00,,6,Other,,,,CAR 23 (ALB) LAP DELETED - TRACK LIMITS AT TURN 9 LAP 1 14:03:53
1263,9963,2025-06-15 18:22:12+00:00,,15,Other,,,,TRACK SURFACE SLIPPERY IN TRACK SECTOR 11
1263,9963,2025-06-15 18:23:03+00:00,,16,Flag,CLEAR,Sector,11,CLEAR IN TRACK SECTOR 11
1263,9963,2025-06-15 18:53:08+00:00,30,40,Flag,BLUE,Driver,,WAVED BLUE FLAG FOR CAR 30 (LAW) TIMED AT 14:53:07
1263,9963,2025-06-15 18:54:15+00:00,30,41,Flag,BLUE,Driver,,WAVED BLUE FLAG FOR CAR 30 (LAW) TIMED AT 14:54:15
1263,9963,2025-06-15 18:57:24+00:00,30,43,Flag,BLUE,Driver,,WAVED BLUE FLAG FOR CAR 30 (LAW) TIMED AT 14:57:24
1263,9963,2025-06-15 18:58:31+00:00,,44,Other,,,,CAR 87 (BEA) TIME 1:16.813 DELETED - TRACK LIMITS AT TURN 14 LAP 41 14:56:28
1263,9963,2025-06-15 18:59:05+00:00,30,44,Flag,BLUE,Driver,,WAVED BLUE FLAG FOR CAR 30 (LAW) TIMED AT 14:59:04
1263,9963,2025-06-15 18:59:24+00:00,30,45,Flag,BLUE,Driver,,WAVED BLUE FLAG FOR CAR 30 (LAW) TIMED AT 14:59:24
1263,9963,2025-06-15 19:01:19+00:00,,46,Other,,,,TURN 13 INCIDENT INVOLVING CARS 18 (STR) AND 10 (GAS) NOTED - FORCING ANOTHER DRIVER OFF THE TRACK
1263,9963,2025-06-15 19:01:26+00:00,30,46,Flag,BLUE,Driver,,WAVED BLUE FLAG FOR CAR 30 (LAW) TIMED AT 15:01:26
1263,9963,2025-06-15 19:01:47+00:00,,46,Other,,,,CAR 10 (GAS) TIME 1:18.503 DELETED - TRACK LIMITS AT TURN 14 LAP 44 15:00:21
1263,9963,2025-06-15 19:02:23+00:00,30,47,Flag,BLUE,Driver,,WAVED BLUE FLAG FOR CAR 30 (LAW) TIMED AT 15:02:22
1263,9963,2025-06-15 19:02:33+00:00,,47,Other,,,,FIA STEWARDS: TURN 13 INCIDENT INVOLVING CARS 18 (STR) AND 10 (GAS) UNDER INVESTIGATION - FORCING ANOTHER DRIVER OFF THE TRACK
1263,9963,2025-06-15 19:03:00+00:00,23,47,Flag,BLUE,Driver,,WAVED BLUE FLAG FOR CAR 23 (ALB) TIMED AT 15:02:59
1263,9963,2025-06-15 19:03:06+00:00,30,47,Flag,BLUE,Driver,,WAVED BLUE FLAG FOR CAR 30 (LAW) TIMED AT 15:03:06
1263,9963,2025-06-15 19:03:15+00:00,30,48,Flag,BLUE,Driver,,WAVED BLUE FLAG FOR CAR 30 (LAW) TIMED AT 15:03:14
1263,9963,2025-06-15 19:03:44+00:00,23,48,Flag,BLUE,Driver,,WAVED BLUE FLAG FOR CAR 23 (ALB) TIMED AT 15:03:44
1263,9963,2025-06-15 19:03:53+00:00,23,48,Flag,BLUE,Driver,,WAVED BLUE FLAG FOR CAR 23 (ALB) TIMED AT 15:03:52
1263,9963,2025-06-15 19:03:55+00:00,,48,Other,,,,CAR 6 (HAD) TIME 1:18.101 DELETED - TRACK LIMITS AT TURN 14 LAP 45 15:01:37
1263,9963,2025-06-15 19:04:01+00:00,23,48,Flag,BLUE,Driver,,WAVED BLUE FLAG FOR CAR 23 (ALB) TIMED AT 15:04:01
1263,9963,2025-06-15 19:04:07+00:00,,48,Other,,,,INCIDENT INVOLVING CAR 30 (LAW) NOTED - IGNORING BLUE FLAGS
1263,9963,2025-06-15 19:04:24+00:00,,48,Flag,YELLOW,Sector,11,YELLOW IN TRACK SECTOR 11
1263,9963,2025-06-15 19:04:29+00:00,,49,Flag,YELLOW,Sector,10,YELLOW IN TRACK SECTOR 10
1263,9963,2025-06-15 19:04:35+00:00,,49,Flag,CLEAR,Sector,10,CLEAR IN TRACK SECTOR 10
1263,9963,2025-06-15 19:04:41+00:00,,49,Flag,CLEAR,Sector,11,CLEAR IN TRACK SECTOR 11
1263,9963,2025-06-15 19:05:00+00:00,,49,Other,,,,FIA STEWARDS: 10 SECOND TIME PENALTY FOR CAR 18 (STR) - FORCING ANOTHER DRIVER OFF THE TRACK
1263,9963,2025-06-15 19:05:32+00:00,30,49,Flag,BLUE,Driver,,WAVED BLUE FLAG FOR CAR 30 (LAW) TIMED AT 15:05:32
1263,9963,2025-06-15 19:06:39+00:00,,50,Other,,,,TURN 13 INCIDENT INVOLVING CARS 87 (BEA) AND 6 (HAD) NOTED
1263,9963,2025-06-15 19:07:45+00:00,5,51,Flag,BLUE,Driver,,WAVED BLUE FLAG FOR CAR 5 (BOR) TIMED AT 15:07:45
1263,9963,2025-06-15 19:07:54+00:00,,51,Other,,,,CAR 87 (BEA) TIME 1:17.889 DELETED - TRACK LIMITS AT TURN 14 LAP 47 15:04:13
1263,9963,2025-06-15 19:10:37+00:00,10,53,Flag,BLUE,Driver,,WAVED BLUE FLAG FOR CAR 10 (GAS) TIMED AT 15:10:37
1263,9963,2025-06-15 19:11:11+00:00,30,54,Flag,BLUE,Driver,,WAVED BLUE FLAG FOR CAR 30 (LAW) TIMED AT 15:11:10
1263,9963,2025-06-15 19:11:37+00:00,10,54,Flag,BLUE,Driver,,WAVED BLUE FLAG FOR CAR 10 (GAS) TIMED AT 15:11:37
1263,9963,2025-06-15 19:12:32+00:00,10,55,Flag,BLUE,Driver,,WAVED BLUE FLAG FOR CAR 10 (GAS) TIMED AT 15:12:31
1263,9963,2025-06-15 19:12:52+00:00,6,55,Flag,BLUE,Driver,,WAVED BLUE FLAG FOR CAR 6 (HAD) TIMED AT 15:12:52
1263,9963,2025-06-15 19:13:09+00:00,6,55,Flag,BLUE,Driver,,WAVED BLUE FLAG FOR CAR 6 (HAD) TIMED AT 15:13:08
1263,9963,2025-06-15 19:13:44+00:00,6,56,Flag,BLUE,Driver,,WAVED BLUE FLAG FOR CAR 6 (HAD) TIMED AT 15:13:43
1263,9963,2025-06-15 19:13:52+00:00,,56,Other,,,,FIA STEWARDS: TURN 13 INCIDENT INVOLVING CARS 87 (BEA) AND 6 (HAD) REVIEWED NO FURTHER INVESTIGATION
1263,9963,2025-06-15 19:14:11+00:00,6,56,Flag,BLUE,Driver,,WAVED BLUE FLAG FOR CAR 6 (HAD) TIMED AT 15:14:10
1263,9963,2025-06-15 19:14:43+00:00,87,57,Flag,BLUE,Driver,,WAVED BLUE FLAG FOR CAR 87 (BEA) TIMED AT 15:14:42
1263,9963,2025-06-15 19:14:45+00:00,6,57,Flag,BLUE,Driver,,WAVED BLUE FLAG FOR CAR 6 (HAD) TIMED AT 15:14:44
1263,9963,2025-06-15 19:15:12+00:00,87,57,Flag,BLUE,Driver,,WAVED BLUE FLAG FOR CAR 87 (BEA) TIMED AT 15:15:11
1263,9963,2025-06-15 19:15:22+00:00,43,57,Flag,BLUE,Driver,,WAVED BLUE FLAG FOR CAR 43 (COL) TIMED AT 15:15:21
1263,9963,2025-06-15 19:15:40+00:00,43,57,Flag,BLUE,Driver,,WAVED BLUE FLAG FOR CAR 43 (COL) TIMED AT 15:15:40
1263,9963,2025-06-15 19:15:45+00:00,87,57,Flag,BLUE,Driver,,WAVED BLUE FLAG FOR CAR 87 (BEA) TIMED AT 15:15:44
1263,9963,2025-06-15 19:15:52+00:00,87,58,Flag,BLUE,Driver,,WAVED BLUE FLAG FOR CAR 87 (BEA) TIMED AT 15:15:52
1263,9963,2025-06-15 19:16:15+00:00,43,58,Flag,BLUE,Driver,,WAVED BLUE FLAG FOR CAR 43 (COL) TIMED AT 15:16:15
1263,9963,2025-06-15 19:16:16+00:00,87,58,Flag,BLUE,Driver,,WAVED BLUE FLAG FOR CAR 87 (BEA) TIMED AT 15:16:15
1263,9963,2025-06-15 19:16:25+00:00,43,58,Flag,BLUE,Driver,,WAVED BLUE FLAG FOR CAR 43 (COL) TIMED AT 15:16:24
1263,9963,2025-06-15 19:16:26+00:00,87,58,Flag,BLUE,Driver,,WAVED BLUE FLAG FOR CAR 87 (BEA) TIMED AT 15:16:26
1263,9963,2025-06-15 19:16:46+00:00,,58,Other,,,,TURN 14 INCIDENT INVOLVING CAR 87 (BEA) NOTED - FAILING TO FOLLOW RACE DIRECTORS INSTRUCTIONS – ESCAPE ROAD INSTRUCTIONS
1263,9963,2025-06-15 19:16:55+00:00,43,58,Flag,BLUE,Driver,,WAVED BLUE FLAG FOR CAR 43 (COL) TIMED AT 15:16:55
1263,9963,2025-06-15 19:17:01+00:00,,59,Other,,,,CAR 87 (BEA) TIME 1:16.646 DELETED - TRACK LIMITS AT TURN 14 LAP 55 15:14:22
1263,9963,2025-06-15 19:17:12+00:00,31,59,Flag,BLUE,Driver,,WAVED BLUE FLAG FOR CAR 31 (OCO) TIMED AT 15:17:11
1263,9963,2025-06-15 19:17:13+00:00,,59,Other,,,,CAR 55 (SAI) TIME 1:17.283 DELETED - TRACK LIMITS AT TURN 14 LAP 56 15:15:25
1263,9963,2025-06-15 19:17:20+00:00,31,59,Flag,BLUE,Driver,,WAVED BLUE FLAG FOR CAR 31 (OCO) TIMED AT 15:17:19
1263,9963,2025-06-15 19:18:00+00:00,5,59,Flag,BLUE,Driver,,WAVED BLUE FLAG FOR CAR 5 (BOR) TIMED AT 15:17:59
1263,9963,2025-06-15 19:18:01+00:00,,59,Other,,,,FIA STEWARDS: PENALTY SERVED - 10 SECOND TIME PENALTY FOR CAR 18 (STR) - FORCING ANOTHER DRIVER OFF THE TRACK
1263,9963,2025-06-15 19:18:44+00:00,,60,Other,,,,TRACK SURFACE SLIPPERY IN TRACK SECTOR 10
1263,9963,2025-06-15 19:18:47+00:00,,60,Flag,CLEAR,Sector,10,CLEAR IN TRACK SECTOR 10
1263,9963,2025-06-15 19:19:22+00:00,,60,Other,,,,FIA STEWARDS: INCIDENT INVOLVING CAR 30 (LAW) REVIEWED NO FURTHER INVESTIGATION - IGNORING BLUE FLAGS
1263,9963,2025-06-15 19:21:33+00:00,22,62,Flag,BLUE,Driver,,WAVED BLUE FLAG FOR CAR 22 (TSU) TIMED AT 15:21:32
1263,9963,2025-06-15 19:21:55+00:00,22,62,Flag,BLUE,Driver,,WAVED BLUE FLAG FOR CAR 22 (TSU) TIMED AT 15:21:55
1263,9963,2025-06-15 19:22:31+00:00,6,63,Flag,BLUE,Driver,,WAVED BLUE FLAG FOR CAR 6 (HAD) TIMED AT 15:22:30
1263,9963,2025-06-15 19:22:54+00:00,,63,Other,,,,FIA STEWARDS: TURN 14 INCIDENT INVOLVING CAR 87 (BEA) WILL BE INVESTIGATED AFTER THE RACE - FAILING TO FOLLOW RACE DIRECTORS INSTRUCTIONS – ESCAPE ROAD INSTRUCTIONS
1263,9963,2025-06-15 19:23:04+00:00,43,63,Flag,BLUE,Driver,,WAVED BLUE FLAG FOR CAR 43 (COL) TIMED AT 15:23:03
1263,9963,2025-06-15 19:26:31+00:00,,66,Other,,,,CAR 16 (LEC) TIME 1:15.338 DELETED - TRACK LIMITS AT TURN 14 LAP 65 15:25:57
1263,9963,2025-06-15 19:27:05+00:00,,67,Flag,DOUBLE YELLOW,Sector,1,DOUBLE YELLOW IN TRACK SECTOR 1
1263,9963,2025-06-15 19:27:05+00:00,,67,Flag,YELLOW,Sector,1,YELLOW IN TRACK SECTOR 1
1263,9963,2025-06-15 19:27:06+00:00,,67,Other,,,,DRS DISABLED IN ZONE 3
1263,9963,2025-06-15 19:27:19+00:00,,67,Flag,DOUBLE YELLOW,Sector,1,DOUBLE YELLOW IN TRACK SECTOR 1
1263,9963,2025-06-15 19:27:23+00:00,,67,Flag,YELLOW,Sector,15,YELLOW IN TRACK SECTOR 15
1263,9963,2025-06-15 19:27:32+00:00,,67,SafetyCar,,,,SAFETY CAR DEPLOYED
1263,9963,2025-06-15 19:27:49+00:00,,67,Other,,,,ALL CARS TO FOLLOW THE SAFETY CAR THROUGH THE PIT LANE
1263,9963,2025-06-15 19:33:50+00:00,,70,Other,,,,PIT LANE ENTRY OPEN
1263,9963,2025-06-15 19:34:01+00:00,,70,Flag,CLEAR,Sector,15,CLEAR IN TRACK SECTOR 15
1263,9963,2025-06-15 19:34:03+00:00,,70,Flag,CLEAR,Sector,1,CLEAR IN TRACK SECTOR 1
1263,9963,2025-06-15 19:34:56+00:00,,70,Flag,CHEQUERED,Track,,CHEQUERED FLAG
1263,9963,2025-06-15 19:34:57.557000+00:00,,70,SessionStatus,,,,SESSION FINISHED
1263,9963,2025-06-15 19:39:31+00:00,,70,Other,,,,TURN 2 INCIDENT INVOLVING CARS 31 (OCO) AND 55 (SAI) NOTED - DRIVING ERRATICALLY
1263,9963,2025-06-15 19:39:45+00:00,,70,Flag,CLEAR,Track,,TRACK CLEAR
1263,9963,2025-06-15 19:44:20+00:00,,70,Other,,,,FIA STEWARDS: TURN 2 INCIDENT INVOLVING CARS 31 (OCO) AND 55 (SAI) WILL BE INVESTIGATED AFTER THE RACE - DRIVING ERRATICALLY
1263,9963,2025-06-15 19:48:27+00:00,,70,Other,,,,"INCIDENT INVOLVING CARS 12 (ANT), 81 (PIA), 31 (OCO), 16 (LEC), 55 (SAI), 10 (GAS) AND 18 (STR) NOTED - SAFETY CAR INFRINGEMENT"
1263,9963,2025-06-15 19:54:57+00:00,,70,Other,,,,START/FINISH STRAIGHT INCIDENT INVOLVING CARS 4 (NOR) AND 81 (PIA) NOTED - CAUSING A COLLISION
1263,9963,2025-06-15 19:58:16+00:00,,70,Other,,,,"FIA STEWARDS: INCIDENT INVOLVING CARS 12 (ANT), 81 (PIA), 31 (OCO), 16 (LEC), 55 (SAI), 10 (GAS) AND 18 (STR) WILL BE INVESTIGATED AFTER THE RACE - SAFETY CAR INFRINGEMENT"
1263,9963,2025-06-15 19:58:19+00:00,,70,Other,,,,FIA STEWARDS: START/FINISH STRAIGHT INCIDENT INVOLVING CARS 4 (NOR) AND 81 (PIA) WILL BE INVESTIGATED AFTER THE RACE - CAUSING A COLLISION
1264,9955,2025-06-29 12:20:01+00:00,,1,Flag,GREEN,Track,,GREEN LIGHT - PIT EXIT OPEN
1264,9955,2025-06-29 12:20:26+00:00,,1,Flag,YELLOW,Sector,3,YELLOW IN TRACK SECTOR 3
1264,9955,2025-06-29 12:20:27+00:00,,1,Other,,,,DRS DISABLED IN ZONE 1
1264,9955,2025-06-29 12:20:36+00:00,,1,Flag,CLEAR,Sector,3,CLEAR IN TRACK SECTOR 3
1264,9955,2025-06-29 12:20:36+00:00,,1,Other,,,,DRS ENABLED IN ZONE 1
1264,9955,2025-06-29 12:20:38+00:00,,1,Flag,YELLOW,Sector,3,YELLOW IN TRACK SECTOR 3
1264,9955,2025-06-29 12:20:39+00:00,,1,Other,,,,DRS DISABLED IN ZONE 1
1264,9955,2025-06-29 12:20:45+00:00,,1,Other,,,,DRS ENABLED IN ZONE 1
1264,9955,2025-06-29 12:20:45+00:00,,1,Flag,CLEAR,Sector,3,CLEAR IN TRACK SECTOR 3
1264,9955,2025-06-29 12:30:01+00:00,,1,Other,,,,PIT EXIT CLOSED
1264,9955,2025-06-29 12:31:31+00:00,,1,Other,,,,FIA STEWARDS: INCIDENT INVOLVING CAR 81 (PIA) NOTED - FAILING TO FOLLOW RACE DIRECTORS INSTRUCTIONS - MAXIMUM DELTA TIME
1264,9955,2025-06-29 12:45:09+00:00,,1,Other,,,,RISK OF RAIN FOR F1 RACE IS 0 %
1264,9955,2025-06-29 12:49:28+00:00,,1,Other,,,,FIA STEWARDS: INCIDENT INVOLVING CAR 81 (PIA) REVIEWED NO FURTHER INVESTIGATION - FAILING TO FOLLOW RACE DIRECTORS INSTRUCTIONS - MAXIMUM DELTA TIME
1264,9955,2025-06-29 12:57:30+00:00,,1,Drs,,,,DRS DISABLED
1264,9955,2025-06-29 13:01:31+00:00,,1,Flag,YELLOW,Sector,16,YELLOW IN TRACK SECTOR 16
1264,9955,2025-06-29 13:01:36+00:00,,1,Other,,,,ABORTED START
1264,9955,2025-06-29 13:01:41+00:00,,1,Flag,CLEAR,Sector,16,CLEAR IN TRACK SECTOR 16
1264,9955,2025-06-29 13:04:23+00:00,,1,Other,,,,FORMATION LAP WILL START AT 15:15
1264,9955,2025-06-29 13:18:01+00:00,,1,Flag,GREEN,Track,,GREEN LIGHT - PIT EXIT OPEN
1264,9955,2025-06-29 13:18:01.079000+00:00,,1,SessionStatus,,,,SESSION STARTED
1264,9955,2025-06-29 13:18:29+00:00,,1,Flag,DOUBLE YELLOW,Sector,6,DOUBLE YELLOW IN TRACK SECTOR 6
1264,9955,2025-06-29 13:18:36+00:00,,1,Flag,YELLOW,Sector,5,YELLOW IN TRACK SECTOR 5
1264,9955,2025-06-29 13:18:56+00:00,,1,SafetyCar,,,,SAFETY CAR DEPLOYED
1264,9955,2025-06-29 13:19:15+00:00,,1,Other,,,,RECOVERY VEHICLE ON TRACK AT TURN 3
1264,9955,2025-06-29 13:19:28+00:00,,1,Flag,DOUBLE YELLOW,Sector,6,DOUBLE YELLOW IN TRACK SECTOR 6
1264,9955,2025-06-29 13:22:13+00:00,,3,SafetyCar,,,,SAFETY CAR IN THIS LAP
1264,9955,2025-06-29 13:22:20+00:00,,3,Flag,CLEAR,Sector,6,CLEAR IN TRACK SECTOR 6
1264,9955,2025-06-29 13:22:21+00:00,,3,Flag,CLEAR,Sector,5,CLEAR IN TRACK SECTOR 5
1264,9955,2025-06-29 13:22:46+00:00,,3,Other,,,,TURN 3 INCIDENT INVOLVING CARS 12 (ANT) AND 1 (VER) NOTED - CAUSING A COLLISION
1264,9955,2025-06-29 13:23:02+00:00,,3,Flag,CLEAR,Track,,TRACK CLEAR
1264,9955,2025-06-29 13:23:31+00:00,,4,Other,,,,FIA STEWARDS: TURN 3 INCIDENT INVOLVING CARS 12 (ANT) AND 1 (VER) WILL BE INVESTIGATED AFTER THE RACE - CAUSING A COLLISION
1264,9955,2025-06-29 13:24:17+00:00,,4,Drs,,,,DRS ENABLED
1264,9955,2025-06-29 13:26:47+00:00,,6,Other,,,,TURN 3 INCIDENT INVOLVING CARS 43 (COL) AND 87 (BEA) NOTED
1264,9955,2025-06-29 13:27:10+00:00,,7,Other,,,,CAR 87 (BEA) TIME 1:12.690 DELETED - TRACK LIMITS AT TURN 3 LAP 4 15:23:46
1264,9955,2025-06-29 13:29:32+00:00,,9,Other,,,,FIA STEWARDS: TURN 3 INCIDENT INVOLVING CARS 43 (COL) AND 87 (BEA) UNDER INVESTIGATION
1264,9955,2025-06-29 13:30:32+00:00,,10,Other,,,,FIA STEWARDS: TURN 3 INCIDENT INVOLVING CARS 43 (COL) AND 87 (BEA) NO FURTHER ACTION
1264,9955,2025-06-29 13:36:49+00:00,,15,Other,,,,CAR 4 (NOR) TIME 1:11.318 DELETED - TRACK LIMITS AT TURN 10 LAP 14 15:36:03
1264,9955,2025-06-29 13:38:13+00:00,,16,Other,,,,CAR 18 (STR) TIME 1:13.402 DELETED - TRACK LIMITS AT TURN 3 LAP 15 15:36:56
1264,9955,2025-06-29 13:39:08+00:00,,17,Other,,,,TURN 3 INCIDENT INVOLVING CARS 22 (TSU) AND 18 (STR) NOTED - CAUSING A COLLISION
1264,9955,2025-06-29 13:39:50+00:00,,18,Other,,,,CAR 16 (LEC) TIME 1:11.747 DELETED - TRACK LIMITS AT TURN 1 LAP 17 15:38:42
1264,9955,2025-06-29 13:42:40+00:00,,20,Other,,,,FIA STEWARDS: TURN 3 INCIDENT INVOLVING CARS 22 (TSU) AND 18 (STR) UNDER INVESTIGATION - CAUSING A COLLISION
1264,9955,2025-06-29 13:43:43+00:00,,21,Other,,,,FIA STEWARDS: TURN 3 INCIDENT INVOLVING CARS 22 (TSU) AND 18 (STR) NO FURTHER ACTION - CAUSING A COLLISION
1264,9955,2025-06-29 13:53:42+00:00,,29,Other,,,,TURN 3 INCIDENT INVOLVING CARS 43 (COL) AND 31 (OCO) NOTED
1264,9955,2025-06-29 13:54:05+00:00,,30,Other,,,,CAR 31 (OCO) TIME 1:12.205 DELETED - TRACK LIMITS AT TURN 3 LAP 27 15:51:29
1264,9955,2025-06-29 13:54:31+00:00,,30,Other,,,,CAR 14 (ALO) TIME 1:13.447 DELETED - TRACK LIMITS AT TURN 1 LAP 29 15:53:21
1264,9955,2025-06-29 13:54:43+00:00,,30,Other,,,,CAR 87 (BEA) TIME 1:12.441 DELETED - TRACK LIMITS AT TURN 1 LAP 29 15:53:35
1264,9955,2025-06-29 13:55:17+00:00,,31,Other,,,,FIA STEWARDS: TURN 3 INCIDENT INVOLVING CARS 43 (COL) AND 31 (OCO) REVIEWED NO FURTHER INVESTIGATION
1264,9955,2025-06-29 13:55:22+00:00,,31,Flag,YELLOW,Sector,9,YELLOW IN TRACK SECTOR 9
1264,9955,2025-06-29 13:55:23+00:00,,31,Other,,,,DRS DISABLED IN ZONE 2
1264,9955,2025-06-29 13:55:26+00:00,,31,Flag,CLEAR,Sector,9,CLEAR IN TRACK SECTOR 9
1264,9955,2025-06-29 13:55:26+00:00,,31,Other,,,,DRS ENABLED IN ZONE 2
1264,9955,2025-06-29 13:56:56+00:00,,32,Other,,,,TURN 4 INCIDENT INVOLVING CARS 22 (TSU) AND 43 (COL) NOTED - CAUSING A COLLISION
1264,9955,2025-06-29 13:57:20+00:00,,32,Other,,,,CAR 43 (COL) TIME 1:12.507 DELETED - TRACK LIMITS AT TURN 1 LAP 31 15:56:07
1264,9955,2025-06-29 13:57:44+00:00,,33,Other,,,,FIA STEWARDS: TURN 4 INCIDENT INVOLVING CARS 22 (TSU) AND 43 (COL) UNDER INVESTIGATION - CAUSING A COLLISION
1264,9955,2025-06-29 13:58:27+00:00,,33,Other,,,,FIA STEWARDS: 10 SECOND TIME PENALTY FOR CAR 22 (TSU) - CAUSING A COLLISION
1264,9955,2025-06-29 14:06:21+00:00,43,40,Flag,BLUE,Driver,,WAVED BLUE FLAG FOR CAR 43 (COL) TIMED AT 16:06:21
1264,9955,2025-06-29 14:07:46+00:00,18,41,Flag,BLUE,Driver,,WAVED BLUE FLAG FOR CAR 18 (STR) TIMED AT 16:07:46
1264,9955,2025-06-29 14:07:52+00:00,18,41,Flag,BLUE,Driver,,WAVED BLUE FLAG FOR CAR 18 (STR) TIMED AT 16:07:51
1264,9955,2025-06-29 14:07:56+00:00,18,41,Flag,BLUE,Driver,,WAVED BLUE FLAG FOR CAR 18 (STR) TIMED AT 16:07:55
1264,9955,2025-06-29 14:10:04+00:00,18,43,Flag,BLUE,Driver,,WAVED BLUE FLAG FOR CAR 18 (STR) TIMED AT 16:10:03
1264,9955,2025-06-29 14:13:42+00:00,27,46,Flag,BLUE,Driver,,WAVED BLUE FLAG FOR CAR 27 (HUL) TIMED AT 16:13:41
1264,9955,2025-06-29 14:13:55+00:00,27,47,Flag,BLUE,Driver,,WAVED BLUE FLAG FOR CAR 27 (HUL) TIMED AT 16:13:54
1264,9955,2025-06-29 14:14:06+00:00,27,47,Flag,BLUE,Driver,,WAVED BLUE FLAG FOR CAR 27 (HUL) TIMED AT 16:14:06
1264,9955,2025-06-29 14:15:02+00:00,22,48,Flag,BLUE,Driver,,WAVED BLUE FLAG FOR CAR 22 (TSU) TIMED AT 16:15:02
1264,9955,2025-06-29 14:16:15+00:00,,49,Other,,,,CAR 81 (PIA) TIME 1:10.621 DELETED - TRACK LIMITS AT TURN 1 LAP 48 16:15:08
1264,9955,2025-06-29 14:16:40+00:00,,49,Other,,,,CAR 44 (HAM) TIME 1:11.777 DELETED - TRACK LIMITS AT TURN 3 LAP 48 16:15:45
1264,9955,2025-06-29 14:18:41+00:00,5,51,Flag,BLUE,Driver,,WAVED BLUE FLAG FOR CAR 5 (BOR) TIMED AT 16:18:41
1264,9955,2025-06-29 14:22:30+00:00,43,54,Flag,BLUE,Driver,,WAVED BLUE FLAG FOR CAR 43 (COL) TIMED AT 16:22:30
1264,9955,2025-06-29 14:22:47+00:00,22,54,Flag,BLUE,Driver,,WAVED BLUE FLAG FOR CAR 22 (TSU) TIMED AT 16:22:46
1264,9955,2025-06-29 14:23:20+00:00,18,54,Flag,BLUE,Driver,,WAVED BLUE FLAG FOR CAR 18 (STR) TIMED AT 16:23:20
1264,9955,2025-06-29 14:23:26+00:00,,54,Other,,,,TURN 3 INCIDENT INVOLVING CARS 43 (COL) AND 81 (PIA) NOTED - FORCING ANOTHER DRIVER OFF THE TRACK
1264,9955,2025-06-29 14:23:54+00:00,,55,Other,,,,FIA STEWARDS: TURN 3 INCIDENT INVOLVING CARS 43 (COL) AND 81 (PIA) UNDER INVESTIGATION - FORCING ANOTHER DRIVER OFF THE TRACK
1264,9955,2025-06-29 14:24:06+00:00,10,55,Flag,BLUE,Driver,,WAVED BLUE FLAG FOR CAR 10 (GAS) TIMED AT 16:24:05
1264,9955,2025-06-29 14:25:36+00:00,10,56,Flag,BLUE,Driver,,WAVED BLUE FLAG FOR CAR 10 (GAS) TIMED AT 16:25:36
1264,9955,2025-06-29 14:26:00+00:00,,57,Other,,,,FIA STEWARDS: 5 SECOND TIME PENALTY FOR CAR 43 (COL) - FORCING ANOTHER DRIVER OFF THE TRACK
1264,9955,2025-06-29 14:27:18+00:00,87,58,Flag,BLUE,Driver,,WAVED BLUE FLAG FOR CAR 87 (BEA) TIMED AT 16:27:17
1264,9955,2025-06-29 14:27:57+00:00,22,58,Flag,BLUE,Driver,,WAVED BLUE FLAG FOR CAR 22 (TSU) TIMED AT 16:27:57
1264,9955,2025-06-29 14:28:04+00:00,87,59,Flag,BLUE,Driver,,WAVED BLUE FLAG FOR CAR 87 (BEA) TIMED AT 16:28:04
1264,9955,2025-06-29 14:28:20+00:00,18,59,Flag,BLUE,Driver,,WAVED BLUE FLAG FOR CAR 18 (STR) TIMED AT 16:28:20
1264,9955,2025-06-29 14:29:20+00:00,43,60,Flag,BLUE,Driver,,WAVED BLUE FLAG FOR CAR 43 (COL) TIMED AT 16:29:20
1264,9955,2025-06-29 14:29:27+00:00,43,60,Flag,BLUE,Driver,,WAVED BLUE FLAG FOR CAR 43 (COL) TIMED AT 16:29:26
1264,9955,2025-06-29 14:29:49+00:00,6,60,Flag,BLUE,Driver,,WAVED BLUE FLAG FOR CAR 6 (HAD) TIMED AT 16:29:48
1264,9955,2025-06-29 14:30:20+00:00,6,61,Flag,BLUE,Driver,,WAVED BLUE FLAG FOR CAR 6 (HAD) TIMED AT 16:30:20
1264,9955,2025-06-29 14:31:52+00:00,31,62,Flag,BLUE,Driver,,WAVED BLUE FLAG FOR CAR 31 (OCO) TIMED AT 16:31:51
1264,9955,2025-06-29 14:32:17+00:00,31,62,Flag,BLUE,Driver,,WAVED BLUE FLAG FOR CAR 31 (OCO) TIMED AT 16:32:16
1264,9955,2025-06-29 14:32:32+00:00,22,62,Flag,BLUE,Driver,,WAVED BLUE FLAG FOR CAR 22 (TSU) TIMED AT 16:32:32
1264,9955,2025-06-29 14:33:33+00:00,10,63,Flag,BLUE,Driver,,WAVED BLUE FLAG FOR CAR 10 (GAS) TIMED AT 16:33:32
1264,9955,2025-06-29 14:34:09+00:00,27,64,Flag,BLUE,Driver,,WAVED BLUE FLAG FOR CAR 27 (HUL) TIMED AT 16:34:09
1264,9955,2025-06-29 14:34:38+00:00,27,64,Flag,BLUE,Driver,,WAVED BLUE FLAG FOR CAR 27 (HUL) TIMED AT 16:34:38
1264,9955,2025-06-29 14:35:04+00:00,43,65,Flag,BLUE,Driver,,WAVED BLUE FLAG FOR CAR 43 (COL) TIMED AT 16:35:03
1264,9955,2025-06-29 14:35:25+00:00,43,65,Flag,BLUE,Driver,,WAVED BLUE FLAG FOR CAR 43 (COL) TIMED AT 16:35:24
1264,9955,2025-06-29 14:35:43+00:00,,65,Other,,,,FIA STEWARDS: PENALTY SERVED - 10 SECOND TIME PENALTY FOR CAR 22 (TSU) - CAUSING A COLLISION
1264,9955,2025-06-29 14:37:00+00:00,22,66,Flag,BLUE,Driver,,WAVED BLUE FLAG FOR CAR 22 (TSU) TIMED AT 16:37:00
1264,9955,2025-06-29 14:38:10+00:00,6,67,Flag,BLUE,Driver,,WAVED BLUE FLAG FOR CAR 6 (HAD) TIMED AT 16:38:10
1264,9955,2025-06-29 14:38:35+00:00,87,68,Flag,BLUE,Driver,,WAVED BLUE FLAG FOR CAR 87 (BEA) TIMED AT 16:38:35
1264,9955,2025-06-29 14:38:41+00:00,87,68,Flag,BLUE,Driver,,WAVED BLUE FLAG FOR CAR 87 (BEA) TIMED AT 16:38:40
1264,9955,2025-06-29 14:39:14+00:00,10,68,Flag,BLUE,Driver,,WAVED BLUE FLAG FOR CAR 10 (GAS) TIMED AT 16:39:14
1264,9955,2025-06-29 14:39:20+00:00,22,68,Flag,BLUE,Driver,,WAVED BLUE FLAG FOR CAR 22 (TSU) TIMED AT 16:39:19
1264,9955,2025-06-29 14:39:21+00:00,10,68,Flag,BLUE,Driver,,WAVED BLUE FLAG FOR CAR 10 (GAS) TIMED AT 16:39:20
1264,9955,2025-06-29 14:39:27+00:00,22,68,Flag,BLUE,Driver,,WAVED BLUE FLAG FOR CAR 22 (TSU) TIMED AT 16:39:26
1264,9955,2025-06-29 14:39:40+00:00,22,69,Flag,BLUE,Driver,,WAVED BLUE FLAG FOR CAR 22 (TSU) TIMED AT 16:39:40
1264,9955,2025-06-29 14:40:18+00:00,5,69,Flag,BLUE,Driver,,WAVED BLUE FLAG FOR CAR 5 (BOR) TIMED AT 16:40:18
1264,9955,2025-06-29 14:40:29+00:00,14,69,Flag,BLUE,Driver,,WAVED BLUE FLAG FOR CAR 14 (ALO) TIMED AT 16:40:29
1264,9955,2025-06-29 14:40:34+00:00,5,69,Flag,BLUE,Driver,,WAVED BLUE FLAG FOR CAR 5 (BOR) TIMED AT 16:40:33
1264,9955,2025-06-29 14:41:47+00:00,,70,Flag,CHEQUERED,Track,,CHEQUERED FLAG
1264,9955,2025-06-29 14:41:48.986000+00:00,,70,SessionStatus,,,,SESSION FINISHED
1264,9955,2025-06-29 14:41:57+00:00,,70,Other,,,,CAR 81 (PIA) TIME 1:10.782 DELETED - TRACK LIMITS AT TURN 1 LAP 70 16:40:49
1264,9955,2025-06-29 14:42:11+00:00,6,70,Flag,BLUE,Driver,,WAVED BLUE FLAG FOR CAR 6 (HAD) TIMED AT 16:42:10
1264,9955,2025-06-29 14:44:42+00:00,,70,Other,,,,ALL PASS HOLDERS MAY ACCESS THE PIT LANE
1264,9955,2025-06-29 14:45:15+00:00,,70,Flag,YELLOW,Sector,9,YELLOW IN TRACK SECTOR 9
1264,9955,2025-06-29 14:45:16+00:00,,70,Other,,,,DRS DISABLED IN ZONE 2
1264,9955,2025-06-29 14:45:52+00:00,,70,Flag,YELLOW,Sector,10,YELLOW IN TRACK SECTOR 10
1264,9955,2025-06-29 14:46:11+00:00,,70,Flag,CLEAR,Sector,9,CLEAR IN TRACK SECTOR 9
1264,9955,2025-06-29 14:46:11+00:00,,70,Other,,,,DRS ENABLED IN ZONE 2
1264,9955,2025-06-29 14:46:17+00:00,,70,Flag,YELLOW,Sector,9,YELLOW IN TRACK SECTOR 9
1264,9955,2025-06-29 14:46:18+00:00,,70,Other,,,,DRS DISABLED IN ZONE 2
1264,9955,2025-06-29 14:47:32+00:00,,70,Flag,CLEAR,Sector,9,CLEAR IN TRACK SECTOR 9
1264,9955,2025-06-29 14:47:32+00:00,,70,Other,,,,DRS ENABLED IN ZONE 2
1264,9955,2025-06-29 14:48:12+00:00,,70,Flag,CLEAR,Sector,10,CLEAR IN TRACK SECTOR 10
1277,9947,2025-07-06 13:19:04+00:00,,1,Other,,,,AWNINGS MAY BE USED
1277,9947,2025-07-06 13:20:01+00:00,,1,Flag,GREEN,Track,,GREEN LIGHT - PIT EXIT OPEN
1277,9947,2025-07-06 13:30:01+00:00,,1,Other,,,,PIT EXIT CLOSED
1277,9947,2025-07-06 13:31:23+00:00,,1,Flag,YELLOW,Sector,13,YELLOW IN TRACK SECTOR 13
1277,9947,2025-07-06 13:31:24+00:00,,1,Other,,,,DRS DISABLED IN ZONE 2
1277,9947,2025-07-06 13:31:29+00:00,,1,Flag,YELLOW,Sector,7,YELLOW IN TRACK SECTOR 7
1277,9947,2025-07-06 13:31:30+00:00,,1,Flag,YELLOW,Sector,12,YELLOW IN TRACK SECTOR 12
1277,9947,2025-07-06 13:31:30+00:00,,1,Other,,,,DRS DISABLED IN ZONE 1
1277,9947,2025-07-06 13:31:43+00:00,,1,Flag,DOUBLE YELLOW,Sector,8,DOUBLE YELLOW IN TRACK SECTOR 8
1277,9947,2025-07-06 13:32:01+00:00,,1,Flag,YELLOW,Sector,16,YELLOW IN TRACK SECTOR 16
1277,9947,2025-07-06 13:32:07+00:00,,1,Flag,YELLOW,Sector,6,YELLOW IN TRACK SECTOR 6
1277,9947,2025-07-06 13:32:19+00:00,,1,Flag,DOUBLE YELLOW,Sector,9,DOUBLE YELLOW IN TRACK SECTOR 9
1277,9947,2025-07-06 13:32:27+00:00,,1,Flag,DOUBLE YELLOW,Sector,10,DOUBLE YELLOW IN TRACK SECTOR 10
1277,9947,2025-07-06 13:32:27+00:00,,1,Flag,YELLOW,Sector,11,YELLOW IN TRACK SECTOR 11
1277,9947,2025-07-06 13:32:36+00:00,,1,Flag,YELLOW,Sector,4,YELLOW IN TRACK SECTOR 4
1277,9947,2025-07-06 13:32:37+00:00,,1,Flag,DOUBLE YELLOW,Sector,11,DOUBLE YELLOW IN TRACK SECTOR 11
1277,9947,2025-07-06 13:32:52+00:00,,1,Flag,DOUBLE YELLOW,Sector,6,DOUBLE YELLOW IN TRACK SECTOR 6
1277,9947,2025-07-06 13:33:05+00:00,,1,Flag,DOUBLE YELLOW,Sector,7,DOUBLE YELLOW IN TRACK SECTOR 7
1277,9947,2025-07-06 13:33:58+00:00,,1,Flag,YELLOW,Sector,6,YELLOW IN TRACK SECTOR 6
1277,9947,2025-07-06 13:34:00+00:00,,1,Flag,CLEAR,Sector,4,CLEAR IN TRACK SECTOR 4
1277,9947,2025-07-06 13:34:04+00:00,,1,Flag,DOUBLE YELLOW,Sector,15,DOUBLE YELLOW IN TRACK SECTOR 15
1277,9947,2025-07-06 13:34:13+00:00,,1,Flag,CLEAR,Sector,9,CLEAR IN TRACK SECTOR 9
1277,9947,2025-07-06 13:34:43+00:00,,1,Flag,YELLOW,Sector,5,YELLOW IN TRACK SECTOR 5
1277,9947,2025-07-06 13:35:50+00:00,,1,Flag,CLEAR,Sector,7,CLEAR IN TRACK SECTOR 7
1277,9947,2025-07-06 13:35:51+00:00,,1,Flag,YELLOW,Sector,9,YELLOW IN TRACK SECTOR 9
1277,9947,2025-07-06 13:35:57+00:00,,1,Flag,CLEAR,Sector,6,CLEAR IN TRACK SECTOR 6
1277,9947,2025-07-06 13:36:03+00:00,,1,Flag,YELLOW,Sector,8,YELLOW IN TRACK SECTOR 8
1277,9947,2025-07-06 13:36:44+00:00,,1,Flag,CLEAR,Sector,8,CLEAR IN TRACK SECTOR 8
1277,9947,2025-07-06 13:36:55+00:00,,1,Flag,YELLOW,Sector,17,YELLOW IN TRACK SECTOR 17
1277,9947,2025-07-06 13:37:10+00:00,,1,Flag,CLEAR,Sector,5,CLEAR IN TRACK SECTOR 5
1277,9947,2025-07-06 13:37:10+00:00,,1,Other,,,,DRS ENABLED IN ZONE 1
1277,9947,2025-07-06 13:37:16+00:00,,1,Flag,CLEAR,Sector,10,CLEAR IN TRACK SECTOR 10
1277,9947,2025-07-06 13:37:22+00:00,,1,Flag,YELLOW,Sector,14,YELLOW IN TRACK SECTOR 14
1277,9947,2025-07-06 13:38:21+00:00,,1,Flag,CLEAR,Sector,9,CLEAR IN TRACK SECTOR 9
1277,9947,2025-07-06 13:38:36+00:00,,1,Flag,CLEAR,Sector,16,CLEAR IN TRACK SECTOR 16
1277,9947,2025-07-06 13:38:42+00:00,,1,Flag,CLEAR,Sector,17,CLEAR IN TRACK SECTOR 17
1277,9947,2025-07-06 13:39:22+00:00,,1,Flag,YELLOW,Sector,10,YELLOW IN TRACK SECTOR 10
1277,9947,2025-07-06 13:40:13+00:00,,1,Flag,YELLOW,Sector,15,YELLOW IN TRACK SECTOR 15
1277,9947,2025-07-06 13:41:59+00:00,,1,Flag,YELLOW,Sector,11,YELLOW IN TRACK SECTOR 11
1277,9947,2025-07-06 13:42:02+00:00,,1,Flag,CLEAR,Sector,10,CLEAR IN TRACK SECTOR 10
1277,9947,2025-07-06 13:43:40+00:00,,1,Flag,CLEAR,Sector,15,CLEAR IN TRACK SECTOR 15
1277,9947,2025-07-06 13:44:20+00:00,,1,Flag,YELLOW,Sector,15,YELLOW IN TRACK SECTOR 15
1277,9947,2025-07-06 13:44:42+00:00,,1,Flag,CLEAR,Sector,15,CLEAR IN TRACK SECTOR 15
1277,9947,2025-07-06 13:44:46+00:00,,1,Flag,CLEAR,Sector,11,CLEAR IN TRACK SECTOR 11
1277,9947,2025-07-06 13:44:50+00:00,,1,Flag,YELLOW,Sector,4,YELLOW IN TRACK SECTOR 4
1277,9947,2025-07-06 13:45:16+00:00,,1,Other,,,,RISK OF RAIN FOR F1 RACE IS 60%
1277,9947,2025-07-06 13:45:45+00:00,,1,Flag,CLEAR,Sector,12,CLEAR IN TRACK SECTOR 12
1277,9947,2025-07-06 13:46:27+00:00,,1,Flag,CLEAR,Sector,4,CLEAR IN TRACK SECTOR 4
1277,9947,2025-07-06 13:46:41+00:00,,1,Flag,YELLOW,Sector,5,YELLOW IN TRACK SECTOR 5
1277,9947,2025-07-06 13:46:42+00:00,,1,Other,,,,DRS DISABLED IN ZONE 1
1277,9947,2025-07-06 13:47:22+00:00,,1,Flag,CLEAR,Sector,13,CLEAR IN TRACK SECTOR 13
1277,9947,2025-07-06 13:48:30+00:00,,1,Flag,CLEAR,Sector,5,CLEAR IN TRACK SECTOR 5
1277,9947,2025-07-06 13:48:30+00:00,,1,Other,,,,DRS ENABLED IN ZONE 1
1277,9947,2025-07-06 13:50:02+00:00,,1,Flag,YELLOW,Sector,15,YELLOW IN TRACK SECTOR 15
1277,9947,2025-07-06 13:50:48+00:00,,1,Flag,CLEAR,Sector,15,CLEAR IN TRACK SECTOR 15
1277,9947,2025-07-06 13:50:51+00:00,,1,Other,,,,DRS ENABLED IN ZONE 2
1277,9947,2025-07-06 13:50:51+00:00,,1,Flag,CLEAR,Sector,14,CLEAR IN TRACK SECTOR 14
1277,9947,2025-07-06 13:55:00+00:00,,1,Other,,,,FORMATION LAP WILL BE STARTED BEHIND THE SAFETY CAR
1277,9947,2025-07-06 13:57:07+00:00,,1,Drs,,,,DRS DISABLED
1277,9947,2025-07-06 13:57:09+00:00,,1,Other,,,,LOW GRIP CONDITIONS
1277,9947,2025-07-06 14:00:55+00:00,,1,Other,,,,STANDING START
1277,9947,2025-07-06 14:03:49.615000+00:00,,1,SessionStatus,,,,SESSION STARTED
1277,9947,2025-07-06 14:03:50+00:00,,1,Flag,GREEN,Track,,GREEN LIGHT - PIT EXIT OPEN
1277,9947,2025-07-06 14:04:23+00:00,,1,Flag,YELLOW,Sector,5,YELLOW IN TRACK SECTOR 5
1277,9947,2025-07-06 14:04:39+00:00,,1,Flag,CLEAR,Sector,5,CLEAR IN TRACK SECTOR 5
1277,9947,2025-07-06 14:04:43+00:00,,1,Flag,YELLOW,Sector,6,YELLOW IN TRACK SECTOR 6
1277,9947,2025-07-06 14:04:46+00:00,,1,Other,,,,TRACK SURFACE SLIPPERY IN TRACK SECTOR 5
1277,9947,2025-07-06 14:05:12+00:00,,1,Flag,DOUBLE YELLOW,Sector,6,DOUBLE YELLOW IN TRACK SECTOR 6
1277,9947,2025-07-06 14:05:48+00:00,,2,SafetyCar,,,,VIRTUAL SAFETY CAR DEPLOYED
1277,9947,2025-07-06 14:05:48+00:00,,2,Flag,CLEAR,Sector,5,CLEAR IN TRACK SECTOR 5
1277,9947,2025-07-06 14:09:36+00:00,,3,Flag,DOUBLE YELLOW,Sector,4,DOUBLE YELLOW IN TRACK SECTOR 4
1277,9947,2025-07-06 14:09:37+00:00,,3,Flag,DOUBLE YELLOW,Sector,5,DOUBLE YELLOW IN TRACK SECTOR 5
1277,9947,2025-07-06 14:10:14+00:00,,4,Flag,CLEAR,Sector,4,CLEAR IN TRACK SECTOR 4
1277,9947,2025-07-06 14:10:18+00:00,,4,SafetyCar,,,,VIRTUAL SAFETY CAR ENDING
1277,9947,2025-07-06 14:10:20+00:00,,4,Flag,CLEAR,Sector,6,CLEAR IN TRACK SECTOR 6
1277,9947,2025-07-06 14:10:22+00:00,,4,Flag,CLEAR,Sector,5,CLEAR IN TRACK SECTOR 5
1277,9947,2025-07-06 14:10:31+00:00,,4,Flag,CLEAR,Track,,TRACK CLEAR
1277,9947,2025-07-06 14:11:03+00:00,,4,Flag,YELLOW,Sector,2,YELLOW IN TRACK SECTOR 2
1277,9947,2025-07-06 14:11:04+00:00,,4,Other,,,,TURN 5 INCIDENT INVOLVING CARS 31 (OCO) AND 30 (LAW) NOTED - CAUSING A COLLISION
1277,9947,2025-07-06 14:11:22+00:00,,4,Flag,CLEAR,Sector,2,CLEAR IN TRACK SECTOR 2
1277,9947,2025-07-06 14:12:35+00:00,,5,Other,,,,FIA STEWARDS: TURN 5 INCIDENT INVOLVING CARS 31 (OCO) AND 30 (LAW) REVIEWED NO FURTHER INVESTIGATION - CAUSING A COLLISION
1277,9947,2025-07-06 14:12:36+00:00,,5,Flag,YELLOW,Sector,10,YELLOW IN TRACK SECTOR 10
1277,9947,2025-07-06 14:13:39+00:00,,5,SafetyCar,,,,VIRTUAL SAFETY CAR DEPLOYED
1277,9947,2025-07-06 14:15:05+00:00,,6,Flag,DOUBLE YELLOW,Sector,10,DOUBLE YELLOW IN TRACK SECTOR 10
1277,9947,2025-07-06 14:15:32+00:00,,6,Other,,,,CAR 4 (NOR) TIME 1:45.033 DELETED - TRACK LIMITS AT TURN 6 LAP 5 15:12:34
1277,9947,2025-07-06 14:16:38+00:00,,7,Other,,,,CAR 87 (BEA) TIME 2:00.293 DELETED - TRACK LIMITS AT TURN 1 LAP 5 15:12:41
1277,9947,2025-07-06 14:17:02+00:00,,7,Flag,CLEAR,Sector,10,CLEAR IN TRACK SECTOR 10
1277,9947,2025-07-06 14:17:04+00:00,,7,SafetyCar,,,,VIRTUAL SAFETY CAR ENDING
1277,9947,2025-07-06 14:17:17+00:00,,7,Flag,CLEAR,Track,,TRACK CLEAR
1277,9947,2025-07-06 14:18:12+00:00,,8,Drs,,,,DRS ENABLED
1277,9947,2025-07-06 14:18:15+00:00,,8,Other,,,,NORMAL GRIP CONDITIONS
1277,9947,2025-07-06 14:23:23+00:00,,11,Drs,,,,DRS DISABLED
1277,9947,2025-07-06 14:23:34+00:00,,11,Other,,,,LOW GRIP CONDITIONS
1277,9947,2025-07-06 14:25:10+00:00,,12,Other,,,,CAR 1 (VER) LAP DELETED - TRACK LIMITS AT TURN 14 LAP 11 15:24:40 (PIT)
1277,9947,2025-07-06 14:28:03+00:00,,13,Other,,,,CAR 44 (HAM) TIME 2:07.044 DELETED - TRACK LIMITS AT TURN 6 LAP 12 15:26:18
1277,9947,2025-07-06 14:28:59+00:00,,14,Flag,YELLOW,Sector,12,YELLOW IN TRACK SECTOR 12
1277,9947,2025-07-06 14:29:01+00:00,,14,Flag,CLEAR,Sector,12,CLEAR IN TRACK SECTOR 12
1277,9947,2025-07-06 14:29:14+00:00,,14,SafetyCar,,,,SAFETY CAR DEPLOYED
1277,9947,2025-07-06 14:29:45+00:00,,14,Other,,,,CAR 16 (LEC) TIME 2:00.583 DELETED - TRACK LIMITS AT TURN 12 LAP 13 15:28:53
1277,9947,2025-07-06 14:38:36+00:00,,17,SafetyCar,,,,SAFETY CAR IN THIS LAP
1277,9947,2025-07-06 14:39:12+00:00,,17,Flag,CLEAR,Track,,TRACK CLEAR
1277,9947,2025-07-06 14:41:01+00:00,,18,Flag,YELLOW,Sector,10,YELLOW IN TRACK SECTOR 10
1277,9947,2025-07-06 14:41:15+00:00,,18,SafetyCar,,,,SAFETY CAR DEPLOYED
1277,9947,2025-07-06 14:42:05+00:00,,19,Flag,DOUBLE YELLOW,Sector,10,DOUBLE YELLOW IN TRACK SECTOR 10
1277,9947,2025-07-06 14:43:27+00:00,,19,Other,,,,TURN 9 INCIDENT INVOLVING CARS 6 (HAD) AND 12 (ANT) NOTED - CAUSING A COLLISION
1277,9947,2025-07-06 14:45:05+00:00,,20,Other,,,,RECOVERY VEHICLE ON TRACK AT TURN 9
1277,9947,2025-07-06 14:45:08+00:00,,20,Flag,CLEAR,Sector,10,CLEAR IN TRACK SECTOR 10
1277,9947,2025-07-06 14:45:35+00:00,,20,Other,,,,FIA STEWARDS: TURN 9 INCIDENT INVOLVING CARS 6 (HAD) AND 12 (ANT) WILL BE INVESTIGATED AFTER THE RACE - CAUSING A COLLISION
1277,9947,2025-07-06 14:49:02+00:00,,21,SafetyCar,,,,SAFETY CAR IN THIS LAP
1277,9947,2025-07-06 14:49:28+00:00,,21,Flag,CLEAR,Track,,TRACK CLEAR
1277,9947,2025-07-06 14:49:47+00:00,,22,Other,,,,INCIDENT INVOLVING CAR 81 (PIA) NOTED - SAFETY CAR INFRINGEMENT
1277,9947,2025-07-06 14:50:38+00:00,,22,Flag,YELLOW,Sector,7,YELLOW IN TRACK SECTOR 7
1277,9947,2025-07-06 14:50:41+00:00,,22,Flag,CLEAR,Sector,7,CLEAR IN TRACK SECTOR 7
1277,9947,2025-07-06 14:51:52+00:00,,23,Other,,,,TURN 6 INCIDENT INVOLVING CARS 22 (TSU) AND 87 (BEA) NOTED - CAUSING A COLLISION
1277,9947,2025-07-06 14:51:57+00:00,,23,Other,,,,FIA STEWARDS: INCIDENT INVOLVING CAR 81 (PIA) UNDER INVESTIGATION - SAFETY CAR INFRINGEMENT
1277,9947,2025-07-06 14:55:02+00:00,,25,Other,,,,FIA STEWARDS: 10 SECOND TIME PENALTY FOR CAR 81 (PIA) - SAFETY CAR INFRINGEMENT
1277,9947,2025-07-06 14:55:58+00:00,,25,Other,,,,CAR 44 (HAM) TIME 1:45.853 DELETED - TRACK LIMITS AT TURN 9 LAP 24 15:54:25
1277,9947,2025-07-06 14:56:10+00:00,,25,Other,,,,FIA STEWARDS: TURN 6 INCIDENT INVOLVING CARS 22 (TSU) AND 87 (BEA) UNDER INVESTIGATION - CAUSING A COLLISION
1277,9947,2025-07-06 14:59:11+00:00,,27,Other,,,,FIA STEWARDS: 10 SECOND TIME PENALTY FOR CAR 22 (TSU) - CAUSING A COLLISION
1277,9947,2025-07-06 15:09:18+00:00,,33,Other,,,,CAR 16 (LEC) TIME 1:45.187 DELETED - TRACK LIMITS AT TURN 9 LAP 32 16:08:27
1277,9947,2025-07-06 15:11:42+00:00,,34,Drs,,,,DRS ENABLED
1277,9947,2025-07-06 15:11:47+00:00,,34,Other,,,,NORMAL GRIP CONDITIONS
1277,9947,2025-07-06 15:17:59+00:00,,38,Other,,,,CAR 87 (BEA) TIME 1:43.169 DELETED - TRACK LIMITS AT TURN 9 LAP 37 16:17:08
1277,9947,2025-07-06 15:20:56+00:00,,40,Flag,YELLOW,Sector,12,YELLOW IN TRACK SECTOR 12
1277,9947,2025-07-06 15:21:06+00:00,,40,Flag,CLEAR,Sector,12,CLEAR IN TRACK SECTOR 12
1277,9947,2025-07-06 15:21:48+00:00,,40,Other,,,,TURN 4 INCIDENT INVOLVING CARS 16 (LEC) AND 55 (SAI) NOTED
1277,9947,2025-07-06 15:23:21+00:00,,41,Other,,,,FIA STEWARDS: TURN 4 INCIDENT INVOLVING CARS 16 (LEC) AND 55 (SAI) REVIEWED NO FURTHER INVESTIGATION
1277,9947,2025-07-06 15:26:08+00:00,,43,Flag,YELLOW,Sector,11,YELLOW IN TRACK SECTOR 11
1277,9947,2025-07-06 15:26:09+00:00,,43,Flag,YELLOW,Sector,12,YELLOW IN TRACK SECTOR 12
1277,9947,2025-07-06 15:26:10+00:00,,43,Flag,CLEAR,Sector,11,CLEAR IN TRACK SECTOR 11
1277,9947,2025-07-06 15:26:10+00:00,,43,Flag,CLEAR,Sector,12,CLEAR IN TRACK SECTOR 12
1277,9947,2025-07-06 15:26:48+00:00,,43,Other,,,,CAR 44 (HAM) TIME 2:09.772 DELETED - TRACK LIMITS AT TURN 3 LAP 42 16:24:48
1277,9947,2025-07-06 15:27:21+00:00,,44,Flag,YELLOW,Sector,7,YELLOW IN TRACK SECTOR 7
1277,9947,2025-07-06 15:27:22+00:00,,44,Other,,,,DRS DISABLED IN ZONE 1
1277,9947,2025-07-06 15:27:31+00:00,,44,Flag,CLEAR,Sector,7,CLEAR IN TRACK SECTOR 7
1277,9947,2025-07-06 15:27:31+00:00,,44,Other,,,,DRS ENABLED IN ZONE 1
1277,9947,2025-07-06 15:27:53+00:00,,44,Other,,,,TRACK SURFACE SLIPPERY IN TRACK SECTOR 7
1277,9947,2025-07-06 15:27:54+00:00,31,44,Flag,BLUE,Driver,,WAVED BLUE FLAG FOR CAR 31 (OCO) TIMED AT 16:27:53
1277,9947,2025-07-06 15:27:59+00:00,,44,Flag,CLEAR,Sector,7,CLEAR IN TRACK SECTOR 7
1277,9947,2025-07-06 15:28:07+00:00,,44,Other,,,,TRACK SURFACE SLIPPERY IN TRACK SECTOR 7
1277,9947,2025-07-06 15:28:11+00:00,,44,Flag,YELLOW,Sector,15,YELLOW IN TRACK SECTOR 15
1277,9947,2025-07-06 15:28:12+00:00,,44,Other,,,,DRS DISABLED IN ZONE 2
1277,9947,2025-07-06 15:28:23+00:00,,44,Other,,,,DRS ENABLED IN ZONE 2
1277,9947,2025-07-06 15:28:23+00:00,,44,Flag,CLEAR,Sector,15,CLEAR IN TRACK SECTOR 15
1277,9947,2025-07-06 15:28:54+00:00,,45,Other,,,,CAR 1 (VER) TIME 1:39.479 DELETED - TRACK LIMITS AT TURN 2 LAP 43 16:26:43
1277,9947,2025-07-06 15:30:14+00:00,,45,Other,,,,TURN 6 INCIDENT INVOLVING CARS 87 (BEA) AND 31 (OCO) NOTED
1277,9947,2025-07-06 15:30:58+00:00,,46,Other,,,,TURN 15 INCIDENT INVOLVING CARS 55 (SAI) AND 16 (LEC) NOTED - CAUSING A COLLISION
1277,9947,2025-07-06 15:31:14+00:00,,46,Flag,CLEAR,Sector,7,CLEAR IN TRACK SECTOR 7
1277,9947,2025-07-06 15:31:53+00:00,,46,Other,,,,CAR 81 (PIA) TIME 1:34.870 DELETED - TRACK LIMITS AT TURN 11 LAP 45 16:30:03
1277,9947,2025-07-06 15:32:46+00:00,,47,Other,,,,FIA STEWARDS: TURN 6 INCIDENT INVOLVING CARS 87 (BEA) AND 31 (OCO) WILL BE INVESTIGATED AFTER THE RACE
1277,9947,2025-07-06 15:33:16+00:00,,47,Other,,,,CAR 1 (VER) TIME 1:39.479 DELETED - TRACK LIMITS AT TURN 1 LAP 43 16:26:42
1277,9947,2025-07-06 15:33:41+00:00,,48,Other,,,,FIA STEWARDS: PENALTY SERVED - 10 SECOND TIME PENALTY FOR CAR 81 (PIA) - SAFETY CAR INFRINGEMENT
1277,9947,2025-07-06 15:34:12+00:00,,48,Other,,,,FIA STEWARDS: TURN 15 INCIDENT INVOLVING CARS 55 (SAI) AND 16 (LEC) REVIEWED NO FURTHER INVESTIGATION - CAUSING A COLLISION
1277,9947,2025-07-06 15:37:55+00:00,,50,Other,,,,CAR 55 (SAI) TIME 1:34.080 DELETED - TRACK LIMITS AT TURN 6 LAP 46 16:32:15
1277,9947,2025-07-06 15:41:05+00:00,,52,Flag,CHEQUERED,Track,,CHEQUERED FLAG
1277,9947,2025-07-06 15:41:05.570000+00:00,,52,SessionStatus,,,,SESSION FINISHED
1277,9947,2025-07-06 15:43:42+00:00,,52,Other,,,,ALL PASS HOLDERS MAY ACCESS THE PIT LANE
1277,9947,2025-07-06 15:44:55+00:00,,52,Other,,,,CAR 81 (PIA) TIME 1:32.340 DELETED - TRACK LIMITS AT TURN 6 LAP 52 16:40:13
1265,9939,2025-07-27 12:19:00+00:00,,1,Other,,,,LOW GRIP CONDITIONS
1265,9939,2025-07-27 12:20:00+00:00,,1,Flag,GREEN,Track,,GREEN LIGHT - PIT EXIT OPEN
1265,9939,2025-07-27 12:22:08+00:00,,1,Other,,,,AWNINGS MAY BE USED
1265,9939,2025-07-27 12:26:06+00:00,,1,Other,,,,TRACK SURFACE SLIPPERY IN TRACK SECTOR 11
1265,9939,2025-07-27 12:26:17+00:00,,1,Flag,CLEAR,Sector,11,CLEAR IN TRACK SECTOR 11
1265,9939,2025-07-27 12:28:44+00:00,,1,Other,,,,TRACK SURFACE SLIPPERY IN TRACK SECTOR 14
1265,9939,2025-07-27 12:28:52+00:00,,1,Flag,CLEAR,Sector,14,CLEAR IN TRACK SECTOR 14
1265,9939,2025-07-27 12:28:59+00:00,,1,Other,,,,TRACK SURFACE SLIPPERY IN TRACK SECTOR 8
1265,9939,2025-07-27 12:29:06+00:00,,1,Flag,CLEAR,Sector,8,CLEAR IN TRACK SECTOR 8
1265,9939,2025-07-27 12:30:00+00:00,,1,Other,,,,PIT EXIT CLOSED
1265,9939,2025-07-27 12:30:53+00:00,,1,Other,,,,TRACK SURFACE SLIPPERY IN TRACK SECTOR 14
1265,9939,2025-07-27 12:30:54+00:00,,1,Flag,CLEAR,Sector,14,CLEAR IN TRACK SECTOR 14
1265,9939,2025-07-27 12:31:00+00:00,,1,Other,,,,TRACK SURFACE SLIPPERY IN TRACK SECTOR 14
1265,9939,2025-07-27 12:31:03+00:00,,1,Flag,CLEAR,Sector,14,CLEAR IN TRACK SECTOR 14
1265,9939,2025-07-27 12:31:08+00:00,,1,Other,,,,TRACK SURFACE SLIPPERY IN TRACK SECTOR 14
1265,9939,2025-07-27 12:31:10+00:00,,1,Flag,CLEAR,Sector,14,CLEAR IN TRACK SECTOR 14
1265,9939,2025-07-27 12:38:46+00:00,,1,Other,,,,TRACK SURFACE SLIPPERY IN TRACK SECTOR 20
1265,9939,2025-07-27 12:38:53+00:00,,1,Flag,CLEAR,Sector,20,CLEAR IN TRACK SECTOR 20
1265,9939,2025-07-27 12:42:58+00:00,,1,Other,,,,TRACK SURFACE SLIPPERY IN TRACK SECTOR 15
1265,9939,2025-07-27 12:43:01+00:00,,1,Flag,CLEAR,Sector,15,CLEAR IN TRACK SECTOR 15
1265,9939,2025-07-27 12:43:44+00:00,,1,Other,,,,TRACK SURFACE SLIPPERY IN TRACK SECTOR 14
1265,9939,2025-07-27 12:43:48+00:00,,1,Flag,CLEAR,Sector,14,CLEAR IN TRACK SECTOR 14
1265,9939,2025-07-27 12:43:50+00:00,,1,Other,,,,TRACK SURFACE SLIPPERY IN TRACK SECTOR 11
1265,9939,2025-07-27 12:43:55+00:00,,1,Flag,CLEAR,Sector,14,CLEAR IN TRACK SECTOR 14
1265,9939,2025-07-27 12:44:02+00:00,,1,Flag,CLEAR,Sector,11,CLEAR IN TRACK SECTOR 11
1265,9939,2025-07-27 12:44:06+00:00,,1,Other,,,,TRACK SURFACE SLIPPERY IN TRACK SECTOR 11
1265,9939,2025-07-27 12:44:08+00:00,,1,Flag,CLEAR,Sector,11,CLEAR IN TRACK SECTOR 11
1265,9939,2025-07-27 12:50:18+00:00,,1,Other,,,,RISK OF RAIN FOR F1 RACE IS 100%
1265,9939,2025-07-27 12:55:01+00:00,,1,Other,,,,FORMATION LAP WILL BE STARTED BEHIND THE SAFETY CAR
1265,9939,2025-07-27 12:57:01+00:00,,1,Drs,,,,DRS DISABLED
1265,9939,2025-07-27 13:01:44+00:00,,1,Other,,,,STARTING PROCEDURE SUSPENDED
1265,9939,2025-07-27 13:01:58+00:00,,1,Flag,RED,Track,,RED FLAG
1265,9939,2025-07-27 13:09:08+00:00,,1,Other,,,,AWNINGS MAY BE USED
1265,9939,2025-07-27 13:54:50+00:00,,1,Flag,CLEAR,Track,,TRACK CLEAR
1265,9939,2025-07-27 13:55:46+00:00,,1,Flag,DOUBLE YELLOW,Sector,4,DOUBLE YELLOW IN TRACK SECTOR 4
1265,9939,2025-07-27 13:56:16+00:00,,1,Flag,CLEAR,Sector,4,CLEAR IN TRACK SECTOR 4
1265,9939,2025-07-27 13:56:17+00:00,,1,Flag,DOUBLE YELLOW,Sector,7,DOUBLE YELLOW IN TRACK SECTOR 7
1265,9939,2025-07-27 13:56:26+00:00,,1,Flag,CLEAR,Sector,7,CLEAR IN TRACK SECTOR 7
1265,9939,2025-07-27 13:56:34+00:00,,1,Flag,DOUBLE YELLOW,Sector,16,DOUBLE YELLOW IN TRACK SECTOR 16
1265,9939,2025-07-27 13:56:52+00:00,,1,Flag,DOUBLE YELLOW,Sector,4,DOUBLE YELLOW IN TRACK SECTOR 4
1265,9939,2025-07-27 13:56:52+00:00,,1,Flag,DOUBLE YELLOW,Sector,5,DOUBLE YELLOW IN TRACK SECTOR 5
1265,9939,2025-07-27 13:56:52+00:00,,1,Flag,DOUBLE YELLOW,Sector,6,DOUBLE YELLOW IN TRACK SECTOR 6
1265,9939,2025-07-27 13:57:29+00:00,,1,Flag,CLEAR,Sector,16,CLEAR IN TRACK SECTOR 16
1265,9939,2025-07-27 13:58:11+00:00,,1,Flag,DOUBLE YELLOW,Sector,14,DOUBLE YELLOW IN TRACK SECTOR 14
1265,9939,2025-07-27 14:00:01+00:00,,1,Flag,CLEAR,Sector,14,CLEAR IN TRACK SECTOR 14
1265,9939,2025-07-27 14:00:12+00:00,,1,Flag,DOUBLE YELLOW,Sector,7,DOUBLE YELLOW IN TRACK SECTOR 7
1265,9939,2025-07-27 14:00:30+00:00,,1,Flag,DOUBLE YELLOW,Sector,13,DOUBLE YELLOW IN TRACK SECTOR 13
1265,9939,2025-07-27 14:00:43+00:00,,1,Flag,YELLOW,Sector,12,YELLOW IN TRACK SECTOR 12
1265,9939,2025-07-27 14:02:04+00:00,,1,Flag,YELLOW,Sector,11,YELLOW IN TRACK SECTOR 11
1265,9939,2025-07-27 14:02:18+00:00,,1,Flag,CLEAR,Sector,7,CLEAR IN TRACK SECTOR 7
1265,9939,2025-07-27 14:03:15+00:00,,1,Flag,YELLOW,Sector,20,YELLOW IN TRACK SECTOR 20
1265,9939,2025-07-27 14:03:21+00:00,,1,Flag,CLEAR,Sector,13,CLEAR IN TRACK SECTOR 13
1265,9939,2025-07-27 14:03:22+00:00,,1,Flag,DOUBLE YELLOW,Sector,14,DOUBLE YELLOW IN TRACK SECTOR 14
1265,9939,2025-07-27 14:03:27+00:00,,1,Flag,CLEAR,Sector,12,CLEAR IN TRACK SECTOR 12
1265,9939,2025-07-27 14:03:30+00:00,,1,Flag,CLEAR,Sector,20,CLEAR IN TRACK SECTOR 20
1265,9939,2025-07-27 14:03:50+00:00,,1,Flag,CLEAR,Sector,14,CLEAR IN TRACK SECTOR 14
1265,9939,2025-07-27 14:04:09+00:00,,1,Flag,CLEAR,Sector,11,CLEAR IN TRACK SECTOR 11
1265,9939,2025-07-27 14:04:18+00:00,,1,Flag,DOUBLE YELLOW,Sector,16,DOUBLE YELLOW IN TRACK SECTOR 16
1265,9939,2025-07-27 14:04:44+00:00,,1,Other,,,,RACE WILL RESUME AT 16:20
1265,9939,2025-07-27 14:05:31+00:00,,1,Flag,CLEAR,Sector,16,CLEAR IN TRACK SECTOR 16
1265,9939,2025-07-27 14:06:18+00:00,,1,Flag,DOUBLE YELLOW,Sector,7,DOUBLE YELLOW IN TRACK SECTOR 7
1265,9939,2025-07-27 14:06:30+00:00,,1,Flag,DOUBLE YELLOW,Sector,14,DOUBLE YELLOW IN TRACK SECTOR 14
1265,9939,2025-07-27 14:06:40+00:00,,1,Flag,DOUBLE YELLOW,Sector,13,DOUBLE YELLOW IN TRACK SECTOR 13
1265,9939,2025-07-27 14:06:41+00:00,,1,Flag,CLEAR,Sector,14,CLEAR IN TRACK SECTOR 14
1265,9939,2025-07-27 14:06:56+00:00,,1,Flag,YELLOW,Sector,12,YELLOW IN TRACK SECTOR 12
1265,9939,2025-07-27 14:07:18+00:00,,1,Flag,CLEAR,Sector,7,CLEAR IN TRACK SECTOR 7
1265,9939,2025-07-27 14:08:26+00:00,,1,Flag,DOUBLE YELLOW,Sector,14,DOUBLE YELLOW IN TRACK SECTOR 14
1265,9939,2025-07-27 14:08:27+00:00,,1,Flag,CLEAR,Sector,13,CLEAR IN TRACK SECTOR 13
1265,9939,2025-07-27 14:08:31+00:00,,1,Flag,CLEAR,Sector,12,CLEAR IN TRACK SECTOR 12
1265,9939,2025-07-27 14:10:27+00:00,,1,Flag,DOUBLE YELLOW,Sector,15,DOUBLE YELLOW IN TRACK SECTOR 15
1265,9939,2025-07-27 14:10:32+00:00,,1,Flag,CLEAR,Sector,14,CLEAR IN TRACK SECTOR 14
1265,9939,2025-07-27 14:11:04+00:00,,1,Flag,DOUBLE YELLOW,Sector,16,DOUBLE YELLOW IN TRACK SECTOR 16
1265,9939,2025-07-27 14:11:05+00:00,,1,Flag,DOUBLE YELLOW,Sector,7,DOUBLE YELLOW IN TRACK SECTOR 7
1265,9939,2025-07-27 14:11:16+00:00,,1,Flag,CLEAR,Sector,15,CLEAR IN TRACK SECTOR 15
1265,9939,2025-07-27 14:12:13+00:00,,1,Flag,CLEAR,Sector,16,CLEAR IN TRACK SECTOR 16
1265,9939,2025-07-27 14:12:17+00:00,,1,Flag,DOUBLE YELLOW,Sector,15,DOUBLE YELLOW IN TRACK SECTOR 15
1265,9939,2025-07-27 14:12:18+00:00,,1,Flag,CLEAR,Sector,7,CLEAR IN TRACK SECTOR 7
1265,9939,2025-07-27 14:12:50+00:00,,1,Flag,DOUBLE YELLOW,Sector,14,DOUBLE YELLOW IN TRACK SECTOR 14
1265,9939,2025-07-27 14:12:52+00:00,,1,Flag,CLEAR,Sector,15,CLEAR IN TRACK SECTOR 15
1265,9939,2025-07-27 14:13:08+00:00,,1,Flag,CLEAR,Sector,14,CLEAR IN TRACK SECTOR 14
1265,9939,2025-07-27 14:13:10+00:00,,1,Flag,DOUBLE YELLOW,Sector,13,DOUBLE YELLOW IN TRACK SECTOR 13
1265,9939,2025-07-27 14:13:15+00:00,,1,Flag,CLEAR,Sector,4,CLEAR IN TRACK SECTOR 4
1265,9939,2025-07-27 14:13:15+00:00,,1,Flag,CLEAR,Sector,5,CLEAR IN TRACK SECTOR 5
1265,9939,2025-07-27 14:13:15+00:00,,1,Flag,CLEAR,Sector,6,CLEAR IN TRACK SECTOR 6
1265,9939,2025-07-27 14:13:15+00:00,,1,Flag,YELLOW,Sector,12,YELLOW IN TRACK SECTOR 12
1265,9939,2025-07-27 14:14:02+00:00,,1,Flag,CLEAR,Sector,13,CLEAR IN TRACK SECTOR 13
1265,9939,2025-07-27 14:14:21+00:00,,1,Flag,CLEAR,Sector,12,CLEAR IN TRACK SECTOR 12
1265,9939,2025-07-27 14:15:01+00:00,,1,Other,,,,RACE WILL START BEHIND THE SAFETY CAR
1265,9939,2025-07-27 14:20:00+00:00,,1,Flag,GREEN,Track,,GREEN LIGHT - PIT EXIT OPEN
1265,9939,2025-07-27 14:20:00.065000+00:00,,1,SessionStatus,,,,SESSION STARTED
1265,9939,2025-07-27 14:29:35+00:00,,4,Other,,,,ROLLING START
1265,9939,2025-07-27 14:34:11+00:00,,6,Other,,,,CAR 55 (SAI) TIME 2:03.311 DELETED - TRACK LIMITS AT TURN 6 LAP 5 16:32:41
1265,9939,2025-07-27 14:38:14+00:00,,8,Other,,,,CAR 10 (GAS) TIME 2:02.794 DELETED - TRACK LIMITS AT TURN 4 LAP 7 16:36:28
1265,9939,2025-07-27 14:38:33+00:00,,8,Other,,,,CAR 12 (ANT) TIME 2:02.188 DELETED - TRACK LIMITS AT TURN 18 LAP 7 16:38:08
1265,9939,2025-07-27 14:40:09+00:00,,9,Other,,,,CAR 6 (HAD) TIME 2:02.837 DELETED - TRACK LIMITS AT TURN 4 LAP 8 16:38:24
1265,9939,2025-07-27 14:40:19+00:00,,9,Other,,,,CAR 43 (COL) TIME 2:04.446 DELETED - TRACK LIMITS AT TURN 4 LAP 8 16:38:33
1265,9939,2025-07-27 14:42:18+00:00,,10,Other,,,,CAR 5 (BOR) TIME 2:03.996 DELETED - TRACK LIMITS AT TURN 4 LAP 9 16:40:29
1265,9939,2025-07-27 14:46:35+00:00,,12,Other,,,,CAR 55 (SAI) TIME 2:04.978 DELETED - TRACK LIMITS AT TURN 4 LAP 11 16:44:49
1265,9939,2025-07-27 14:48:00+00:00,,12,Drs,,,,DRS ENABLED
1265,9939,2025-07-27 14:48:01+00:00,,13,Other,,,,NORMAL GRIP CONDITIONS
1265,9939,2025-07-27 14:48:27+00:00,,13,Other,,,,CAR 6 (HAD) TIME 2:04.240 DELETED - TRACK LIMITS AT TURN 4 LAP 12 16:46:40
1265,9939,2025-07-27 14:58:13+00:00,,18,Other,,,,CAR 43 (COL) TIME 1:49.645 DELETED - TRACK LIMITS AT TURN 4 LAP 17 16:56:40
1265,9939,2025-07-27 15:13:39+00:00,,27,Other,,,,CAR 4 (NOR) TIME 1:47.660 DELETED - TRACK LIMITS AT TURN 10 LAP 26 17:12:48
1265,9939,2025-07-27 15:14:34+00:00,,27,Other,,,,CAR 55 (SAI) LAP DELETED - TRACK LIMITS AT TURN 4 LAP 26 17:13:02 (PIT)
1265,9939,2025-07-27 15:16:18+00:00,55,28,Flag,BLACK AND WHITE,Driver,,BLACK AND WHITE FLAG FOR CAR 55 (SAI) - TRACK LIMITS
1265,9939,2025-07-27 15:18:03+00:00,,29,Other,,,,CAR 14 (ALO) TIME 1:48.720 DELETED - TRACK LIMITS AT TURN 6 LAP 28 17:16:45
1265,9939,2025-07-27 15:35:18+00:00,6,39,Flag,BLUE,Driver,,WAVED BLUE FLAG FOR CAR 6 (HAD) TIMED AT 17:35:18
1265,9939,2025-07-27 15:37:40+00:00,6,40,Flag,BLUE,Driver,,WAVED BLUE FLAG FOR CAR 6 (HAD) TIMED AT 17:37:40
1265,9939,2025-07-27 15:37:44+00:00,6,40,Flag,BLUE,Driver,,WAVED BLUE FLAG FOR CAR 6 (HAD) TIMED AT 17:37:44
1265,9939,2025-07-27 15:37:53+00:00,6,40,Flag,BLUE,Driver,,WAVED BLUE FLAG FOR CAR 6 (HAD) TIMED AT 17:37:52
1265,9939,2025-07-27 15:45:22+00:00,,44,Flag,CHEQUERED,Track,,CHEQUERED FLAG
1265,9939,2025-07-27 15:45:22.827000+00:00,,44,SessionStatus,,,,SESSION FINISHED
1265,9939,2025-07-27 15:46:05+00:00,,44,Other,,,,CAR 23 (ALB) TIME 1:47.252 DELETED - TRACK LIMITS AT TURN 10 LAP 44 17:45:15
1265,9939,2025-07-27 15:46:41+00:00,,44,Other,,,,CAR 22 (TSU) TIME 1:48.375 DELETED - TRACK LIMITS AT TURN 4 LAP 44 17:45:10
1265,9939,2025-07-27 15:48:29+00:00,,44,Other,,,,ALL PASS HOLDERS MAY ACCESS THE PIT LANE
1265,9939,2025-07-27 15:48:59+00:00,,44,Flag,DOUBLE YELLOW,Sector,10,DOUBLE YELLOW IN TRACK SECTOR 10
1265,9939,2025-07-27 15:49:46+00:00,,44,Flag,CLEAR,Sector,10,CLEAR IN TRACK SECTOR 10
1266,9928,2025-08-03 12:20:00+00:00,,1,Flag,GREEN,Track,,GREEN LIGHT - PIT EXIT OPEN
1266,9928,2025-08-03 12:30:00+00:00,,1,Other,,,,PIT EXIT CLOSED
1266,9928,2025-08-03 12:31:37+00:00,,1,Flag,YELLOW,Sector,3,YELLOW IN TRACK SECTOR 3
1266,9928,2025-08-03 12:31:38+00:00,,1,Other,,,,DRS DISABLED IN ZONE 1
1266,9928,2025-08-03 12:31:39+00:00,,1,Other,,,,DRS DISABLED IN ZONE 2
1266,9928,2025-08-03 12:32:28+00:00,,1,Other,,,,DRS ENABLED IN ZONE 2
1266,9928,2025-08-03 12:32:28+00:00,,1,Flag,CLEAR,Sector,3,CLEAR IN TRACK SECTOR 3
1266,9928,2025-08-03 12:43:44+00:00,,1,Other,,,,PINK HEAD PADDING MATERIAL MUST BE USED
1266,9928,2025-08-03 12:45:14+00:00,,1,Other,,,,RISK OF RAIN FOR F1 RACE IS 20 %
1266,9928,2025-08-03 12:47:21+00:00,,1,Flag,YELLOW,Sector,3,YELLOW IN TRACK SECTOR 3
1266,9928,2025-08-03 12:47:22+00:00,,1,Other,,,,DRS DISABLED IN ZONE 2
1266,9928,2025-08-03 12:47:46+00:00,,1,Other,,,,DRS ENABLED IN ZONE 2
1266,9928,2025-08-03 12:47:46+00:00,,1,Flag,CLEAR,Sector,3,CLEAR IN TRACK SECTOR 3
1266,9928,2025-08-03 12:57:05+00:00,,1,Drs,,,,DRS DISABLED
1266,9928,2025-08-03 13:03:06+00:00,,1,Flag,GREEN,Track,,GREEN LIGHT - PIT EXIT OPEN
1266,9928,2025-08-03 13:03:06.039000+00:00,,1,SessionStatus,,,,SESSION STARTED
1266,9928,2025-08-03 13:04:34+00:00,,2,Drs,,,,DRS ENABLED
1266,9928,2025-08-03 13:06:37+00:00,,3,Other,,,,CAR 10 (GAS) TIME 1:25.330 DELETED - TRACK LIMITS AT TURN 1 LAP 2 15:04:55
1266,9928,2025-08-03 13:08:27+00:00,,4,Other,,,,INCIDENT INVOLVING CAR 5 (BOR) NOTED - FALSE START - MOVING BEFORE SIGNAL
1266,9928,2025-08-03 13:09:03+00:00,,5,Other,,,,CAR 27 (HUL) TIME 1:24.397 DELETED - TRACK LIMITS AT TURN 1 LAP 4 15:07:43
1266,9928,2025-08-03 13:10:20+00:00,,6,Other,,,,INCIDENT INVOLVING CAR 27 (HUL) NOTED - FALSE START - MOVING BEFORE SIGNAL
1266,9928,2025-08-03 13:12:57+00:00,,8,Other,,,,FIA STEWARDS: INCIDENT INVOLVING CAR 5 (BOR) REVIEWED NO FURTHER INVESTIGATION - FALSE START - MOVING BEFORE SIGNAL
1266,9928,2025-08-03 13:13:05+00:00,,8,Other,,,,FIA STEWARDS: INCIDENT INVOLVING CAR 27 (HUL) UNDER INVESTIGATION - FALSE START - MOVING BEFORE SIGNAL
1266,9928,2025-08-03 13:15:06+00:00,,9,Other,,,,FIA STEWARDS: 5 SECOND TIME PENALTY FOR CAR 27 (HUL) - FALSE START - MOVING BEFORE SIGNAL
1266,9928,2025-08-03 13:34:18+00:00,,23,Other,,,,CAR 87 (BEA) TIME 1:23.890 DELETED - TRACK LIMITS AT TURN 14 LAP 21 15:32:32
1266,9928,2025-08-03 13:34:21+00:00,,23,Other,,,,CAR 27 (HUL) TIME 1:24.497 DELETED - TRACK LIMITS AT TURN 7 LAP 22 15:33:23
1266,9928,2025-08-03 13:34:29+00:00,,23,Other,,,,CAR 12 (ANT) TIME 1:43.212 DELETED - TRACK LIMITS AT TURN 7 LAP 22 15:33:42
1266,9928,2025-08-03 13:41:16+00:00,,28,Other,,,,CAR 43 (COL) TIME 1:22.421 DELETED - TRACK LIMITS AT TURN 7 LAP 27 15:40:30
1266,9928,2025-08-03 13:43:10+00:00,,30,Other,,,,CAR 4 (NOR) TIME 1:22.533 DELETED - TRACK LIMITS AT TURN 7 LAP 29 15:42:20
1266,9928,2025-08-03 13:43:39+00:00,,30,Other,,,,CAR 63 (RUS) TIME 1:21.680 DELETED - TRACK LIMITS AT TURN 7 LAP 29 15:42:35
1266,9928,2025-08-03 13:46:13+00:00,,32,Other,,,,TURN 4 INCIDENT INVOLVING CARS 1 (VER) AND 44 (HAM) NOTED
1266,9928,2025-08-03 13:46:59+00:00,,32,Other,,,,CAR 44 (HAM) TIME 1:25.490 DELETED - TRACK LIMITS AT TURN 4 LAP 29 15:42:56
1266,9928,2025-08-03 13:47:05+00:00,,32,Other,,,,CAR 23 (ALB) TIME 1:24.453 DELETED - TRACK LIMITS AT TURN 7 LAP 30 15:44:35
1266,9928,2025-08-03 13:51:24+00:00,,36,Other,,,,FIA STEWARDS: TURN 4 INCIDENT INVOLVING CARS 1 (VER) AND 44 (HAM) UNDER INVESTIGATION
1266,9928,2025-08-03 13:56:07+00:00,43,39,Flag,BLUE,Driver,,WAVED BLUE FLAG FOR CAR 43 (COL) TIMED AT 15:56:07
1266,9928,2025-08-03 13:56:21+00:00,43,39,Flag,BLUE,Driver,,WAVED BLUE FLAG FOR CAR 43 (COL) TIMED AT 15:56:20
1266,9928,2025-08-03 13:58:27+00:00,43,41,Flag,BLUE,Driver,,WAVED BLUE FLAG FOR CAR 43 (COL) TIMED AT 15:58:26
1266,9928,2025-08-03 13:59:18+00:00,,41,Other,,,,FIA STEWARDS: TURN 4 INCIDENT INVOLVING CARS 1 (VER) AND 44 (HAM) WILL BE INVESTIGATED AFTER THE RACE
1266,9928,2025-08-03 14:01:01+00:00,27,43,Flag,BLUE,Driver,,WAVED BLUE FLAG FOR CAR 27 (HUL) TIMED AT 16:01:01
1266,9928,2025-08-03 14:02:12+00:00,44,44,Flag,BLUE,Driver,,WAVED BLUE FLAG FOR CAR 44 (HAM) TIMED AT 16:02:12
1266,9928,2025-08-03 14:02:27+00:00,,44,Other,,,,FIA STEWARDS: PENALTY SERVED - 5 SECOND TIME PENALTY FOR CAR 27 (HUL) - FALSE START - MOVING BEFORE SIGNAL
1266,9928,2025-08-03 14:04:53+00:00,22,46,Flag,BLUE,Driver,,WAVED BLUE FLAG FOR CAR 22 (TSU) TIMED AT 16:04:53
1266,9928,2025-08-03 14:05:08+00:00,43,46,Flag,BLUE,Driver,,WAVED BLUE FLAG FOR CAR 43 (COL) TIMED AT 16:05:07
1266,9928,2025-08-03 14:07:51+00:00,23,48,Flag,BLUE,Driver,,WAVED BLUE FLAG FOR CAR 23 (ALB) TIMED AT 16:07:50
1266,9928,2025-08-03 14:08:06+00:00,23,48,Flag,BLUE,Driver,,WAVED BLUE FLAG FOR CAR 23 (ALB) TIMED AT 16:08:06
1266,9928,2025-08-03 14:08:15+00:00,43,48,Flag,BLUE,Driver,,WAVED BLUE FLAG FOR CAR 43 (COL) TIMED AT 16:08:15
1266,9928,2025-08-03 14:09:25+00:00,87,49,Flag,BLUE,Driver,,WAVED BLUE FLAG FOR CAR 87 (BEA) TIMED AT 16:09:24
1266,9928,2025-08-03 14:10:46+00:00,,50,Other,,,,BLACK AND WHITE FLAG FOR CAR 31 (OCO)
1266,9928,2025-08-03 14:11:03+00:00,22,50,Flag,BLUE,Driver,,WAVED BLUE FLAG FOR CAR 22 (TSU) TIMED AT 16:11:02
1266,9928,2025-08-03 14:11:52+00:00,43,51,Flag,BLUE,Driver,,WAVED BLUE FLAG FOR CAR 43 (COL) TIMED AT 16:11:52
1266,9928,2025-08-03 14:11:59+00:00,,51,Other,,,,CAR 43 (COL) TIME 1:23.690 DELETED - TRACK LIMITS AT TURN 7 LAP 47 16:08:30
1266,9928,2025-08-03 14:11:59+00:00,43,51,Flag,BLUE,Driver,,WAVED BLUE FLAG FOR CAR 43 (COL) TIMED AT 16:11:59
1266,9928,2025-08-03 14:12:43+00:00,27,51,Flag,BLUE,Driver,,WAVED BLUE FLAG FOR CAR 27 (HUL) TIMED AT 16:12:43
1266,9928,2025-08-03 14:13:21+00:00,,52,Other,,,,TURN 1 INCIDENT INVOLVING CARS 27 (HUL) AND 22 (TSU) NOTED
1266,9928,2025-08-03 14:13:44+00:00,10,52,Flag,BLUE,Driver,,WAVED BLUE FLAG FOR CAR 10 (GAS) TIMED AT 16:13:44
1266,9928,2025-08-03 14:13:58+00:00,,52,Other,,,,CAR 27 (HUL) TIME 1:21.837 DELETED - TRACK LIMITS AT TURN 1 LAP 49 16:10:36
1266,9928,2025-08-03 14:14:17+00:00,31,52,Flag,BLUE,Driver,,WAVED BLUE FLAG FOR CAR 31 (OCO) TIMED AT 16:14:17
1266,9928,2025-08-03 14:14:49+00:00,22,53,Flag,BLUE,Driver,,WAVED BLUE FLAG FOR CAR 22 (TSU) TIMED AT 16:14:49
1266,9928,2025-08-03 14:15:00+00:00,22,53,Flag,BLUE,Driver,,WAVED BLUE FLAG FOR CAR 22 (TSU) TIMED AT 16:14:59
1266,9928,2025-08-03 14:15:24+00:00,23,53,Flag,BLUE,Driver,,WAVED BLUE FLAG FOR CAR 23 (ALB) TIMED AT 16:15:24
1266,9928,2025-08-03 14:16:39+00:00,10,54,Flag,BLUE,Driver,,WAVED BLUE FLAG FOR CAR 10 (GAS) TIMED AT 16:16:39
1266,9928,2025-08-03 14:17:14+00:00,31,55,Flag,BLUE,Driver,,WAVED BLUE FLAG FOR CAR 31 (OCO) TIMED AT 16:17:13
1266,9928,2025-08-03 14:19:41+00:00,,56,Other,,,,CAR 12 (ANT) TIME 1:21.234 DELETED - TRACK LIMITS AT TURN 7 LAP 55 16:18:53
1266,9928,2025-08-03 14:20:37+00:00,,57,Other,,,,FIA STEWARDS: TURN 1 INCIDENT INVOLVING CARS 27 (HUL) AND 22 (TSU) UNDER INVESTIGATION
1266,9928,2025-08-03 14:20:54+00:00,27,57,Flag,BLUE,Driver,,WAVED BLUE FLAG FOR CAR 27 (HUL) TIMED AT 16:20:53
1266,9928,2025-08-03 14:21:11+00:00,27,58,Flag,BLUE,Driver,,WAVED BLUE FLAG FOR CAR 27 (HUL) TIMED AT 16:21:11
1266,9928,2025-08-03 14:21:43+00:00,,58,Other,,,,FIA STEWARDS: TURN 1 INCIDENT INVOLVING CARS 27 (HUL) AND 22 (TSU) NO FURTHER ACTION
1266,9928,2025-08-03 14:22:16+00:00,23,58,Flag,BLUE,Driver,,WAVED BLUE FLAG FOR CAR 23 (ALB) TIMED AT 16:22:15
1266,9928,2025-08-03 14:22:32+00:00,23,59,Flag,BLUE,Driver,,WAVED BLUE FLAG FOR CAR 23 (ALB) TIMED AT 16:22:31
1266,9928,2025-08-03 14:22:39+00:00,23,59,Flag,BLUE,Driver,,WAVED BLUE FLAG FOR CAR 23 (ALB) TIMED AT 16:22:38
1266,9928,2025-08-03 14:23:53+00:00,10,60,Flag,BLUE,Driver,,WAVED BLUE FLAG FOR CAR 10 (GAS) TIMED AT 16:23:53
1266,9928,2025-08-03 14:24:13+00:00,10,60,Flag,BLUE,Driver,,WAVED BLUE FLAG FOR CAR 10 (GAS) TIMED AT 16:24:13
1266,9928,2025-08-03 14:24:37+00:00,10,60,Flag,BLUE,Driver,,WAVED BLUE FLAG FOR CAR 10 (GAS) TIMED AT 16:24:36
1266,9928,2025-08-03 14:26:23+00:00,31,62,Flag,BLUE,Driver,,WAVED BLUE FLAG FOR CAR 31 (OCO) TIMED AT 16:26:22
1266,9928,2025-08-03 14:27:43+00:00,31,63,Flag,BLUE,Driver,,WAVED BLUE FLAG FOR CAR 31 (OCO) TIMED AT 16:27:42
1266,9928,2025-08-03 14:28:20+00:00,31,63,Flag,BLUE,Driver,,WAVED BLUE FLAG FOR CAR 31 (OCO) TIMED AT 16:28:20
1266,9928,2025-08-03 14:28:24+00:00,,63,Other,,,,TURN 1 INCIDENT INVOLVING CARS 16 (LEC) AND 63 (RUS) NOTED
1266,9928,2025-08-03 14:29:35+00:00,,64,Other,,,,TURN 2 INCIDENT INVOLVING CARS 10 (GAS) AND 55 (SAI) NOTED - CAUSING A COLLISION
1266,9928,2025-08-03 14:29:56+00:00,44,64,Flag,BLUE,Driver,,WAVED BLUE FLAG FOR CAR 44 (HAM) TIMED AT 16:29:55
1266,9928,2025-08-03 14:30:14+00:00,,64,Other,,,,FIA STEWARDS: TURN 1 INCIDENT INVOLVING CARS 16 (LEC) AND 63 (RUS) UNDER INVESTIGATION
1266,9928,2025-08-03 14:30:18+00:00,44,64,Flag,BLUE,Driver,,WAVED BLUE FLAG FOR CAR 44 (HAM) TIMED AT 16:30:17
1266,9928,2025-08-03 14:31:03+00:00,,65,Other,,,,CAR 55 (SAI) TIME 1:23.355 DELETED - TRACK LIMITS AT TURN 2 LAP 61 16:27:07
1266,9928,2025-08-03 14:31:21+00:00,6,65,Flag,BLUE,Driver,,WAVED BLUE FLAG FOR CAR 6 (HAD) TIMED AT 16:31:21
1266,9928,2025-08-03 14:31:59+00:00,6,66,Flag,BLUE,Driver,,WAVED BLUE FLAG FOR CAR 6 (HAD) TIMED AT 16:31:58
1266,9928,2025-08-03 14:32:16+00:00,,66,Other,,,,FIA STEWARDS: TURN 2 INCIDENT INVOLVING CARS 10 (GAS) AND 55 (SAI) UNDER INVESTIGATION - CAUSING A COLLISION
1266,9928,2025-08-03 14:32:45+00:00,12,66,Flag,BLUE,Driver,,WAVED BLUE FLAG FOR CAR 12 (ANT) TIMED AT 16:32:45
1266,9928,2025-08-03 14:34:14+00:00,,67,Other,,,,FIA STEWARDS: 10 SECOND TIME PENALTY FOR CAR 10 (GAS) - CAUSING A COLLISION
1266,9928,2025-08-03 14:35:10+00:00,27,68,Flag,BLUE,Driver,,WAVED BLUE FLAG FOR CAR 27 (HUL) TIMED AT 16:35:09
1266,9928,2025-08-03 14:35:15+00:00,,68,Other,,,,CAR 10 (GAS) TIME 1:24.101 DELETED - TRACK LIMITS AT TURN 1 LAP 64 16:31:08
1266,9928,2025-08-03 14:35:42+00:00,27,68,Flag,BLUE,Driver,,WAVED BLUE FLAG FOR CAR 27 (HUL) TIMED AT 16:35:42
1266,9928,2025-08-03 14:36:23+00:00,55,69,Flag,BLUE,Driver,,WAVED BLUE FLAG FOR CAR 55 (SAI) TIMED AT 16:36:22
1266,9928,2025-08-03 14:37:01+00:00,,69,Other,,,,FIA STEWARDS: 5 SECOND TIME PENALTY FOR CAR 16 (LEC) - DRIVING ERRATICALLY
1266,9928,2025-08-03 14:38:27+00:00,,70,Flag,CHEQUERED,Track,,CHEQUERED FLAG
1266,9928,2025-08-03 14:38:27.478000+00:00,,70,SessionStatus,,,,SESSION FINISHED
1266,9928,2025-08-03 14:41:45+00:00,,70,Other,,,,ALL PASS HOLDERS MAY ACCESS THE PIT LANE
1267,9920,2025-08-31 12:17:58+00:00,,1,Flag,YELLOW,Sector,16,YELLOW IN TRACK SECTOR 16
1267,9920,2025-08-31 12:17:59+00:00,,1,Flag,YELLOW,Sector,17,YELLOW IN TRACK SECTOR 17
1267,9920,2025-08-31 12:18:28+00:00,,1,Flag,CLEAR,Sector,16,CLEAR IN TRACK SECTOR 16
1267,9920,2025-08-31 12:18:28+00:00,,1,Flag,CLEAR,Sector,17,CLEAR IN TRACK SECTOR 17
1267,9920,2025-08-31 12:20:00+00:00,,1,Flag,GREEN,Track,,GREEN LIGHT - PIT EXIT OPEN
1267,9920,2025-08-31 12:30:00+00:00,,1,Other,,,,PIT EXIT CLOSED
1267,9920,2025-08-31 12:30:20+00:00,,1,Other,,,,PIT ENTRY INCIDENT INVOLVING CAR 44 (HAM) NOTED - YELLOW FLAG INFRINGEMENT
1267,9920,2025-08-31 12:30:36+00:00,,1,Flag,DOUBLE YELLOW,Sector,8,DOUBLE YELLOW IN TRACK SECTOR 8
1267,9920,2025-08-31 12:30:47+00:00,,1,Flag,DOUBLE YELLOW,Sector,7,DOUBLE YELLOW IN TRACK SECTOR 7
1267,9920,2025-08-31 12:30:51+00:00,,1,Flag,YELLOW,Sector,13,YELLOW IN TRACK SECTOR 13
1267,9920,2025-08-31 12:30:53+00:00,,1,Flag,DOUBLE YELLOW,Sector,16,DOUBLE YELLOW IN TRACK SECTOR 16
1267,9920,2025-08-31 12:30:53+00:00,,1,Flag,DOUBLE YELLOW,Sector,17,DOUBLE YELLOW IN TRACK SECTOR 17
1267,9920,2025-08-31 12:30:55+00:00,,1,Flag,DOUBLE YELLOW,Sector,6,DOUBLE YELLOW IN TRACK SECTOR 6
1267,9920,2025-08-31 12:34:42+00:00,,1,Other,,,,"FIA STEWARDS: INCIDENT INVOLVING CARS 27 (HUL), 55 (SAI), 1 (VER) AND 4 (NOR) NOTED - FAILING TO FOLLOW RACE DIRECTORS INSTRUCTIONS - MAXIMUM DELTA TIME"
1267,9920,2025-08-31 12:35:28+00:00,,1,Other,,,,FIA STEWARDS: PIT ENTRY INCIDENT INVOLVING CAR 44 (HAM) WILL BE INVESTIGATED AFTER THE RACE - YELLOW FLAG INFRINGEMENT
1267,9920,2025-08-31 12:35:35+00:00,,1,Other,,,,"FIA STEWARDS: INCIDENT INVOLVING CARS 27 (HUL), 55 (SAI), 1 (VER) AND 4 (NOR) WILL BE INVESTIGATED AFTER THE RACE - FAILING TO FOLLOW RACE DIRECTORS INSTRUCTIONS - MAXIMUM DELTA TIME"
1267,9920,2025-08-31 12:45:06+00:00,,1,Other,,,,RISK OF RAIN FOR F1 RACE IS 60%
1267,9920,2025-08-31 12:51:16+00:00,,1,Flag,CLEAR,Sector,18,CLEAR IN TRACK SECTOR 18
1267,9920,2025-08-31 12:57:03+00:00,,1,Drs,,,,DRS DISABLED
1267,9920,2025-08-31 13:03:21+00:00,,1,Flag,GREEN,Track,,GREEN LIGHT - PIT EXIT OPEN
1267,9920,2025-08-31 13:03:21.064000+00:00,,1,SessionStatus,,,,SESSION STARTED
1267,9920,2025-08-31 13:04:40+00:00,,2,Drs,,,,DRS ENABLED
1267,9920,2025-08-31 13:06:10+00:00,,3,Other,,,,CAR 16 (LEC) TIME 1:17.076 DELETED - TRACK LIMITS AT TURN 3 LAP 2 15:04:59
1267,9920,2025-08-31 13:10:44+00:00,,6,Other,,,,TURN 11 INCIDENT INVOLVING CARS 18 (STR) AND 5 (BOR) NOTED - CAUSING A COLLISION
1267,9920,2025-08-31 13:15:44+00:00,,10,Other,,,,FIA STEWARDS: TURN 11 INCIDENT INVOLVING CARS 18 (STR) AND 5 (BOR) REVIEWED NO FURTHER INVESTIGATION - CAUSING A COLLISION
1267,9920,2025-08-31 13:19:09+00:00,,13,Other,,,,TRACK SURFACE SLIPPERY IN TRACK SECTOR 15
1267,9920,2025-08-31 13:20:37+00:00,,14,Flag,CLEAR,Sector,15,CLEAR IN TRACK SECTOR 15
1267,9920,2025-08-31 13:22:26+00:00,,16,Other,,,,INCIDENT INVOLVING CAR 5 (BOR) NOTED - UNSAFE CONDITION
1267,9920,2025-08-31 13:23:12+00:00,,16,Other,,,,CAR 63 (RUS) TIME 1:16.228 DELETED - TRACK LIMITS AT TURN 3 LAP 13 15:18:58
1267,9920,2025-08-31 13:23:40+00:00,,17,Other,,,,FIA STEWARDS: INCIDENT INVOLVING CAR 5 (BOR) UNDER INVESTIGATION - UNSAFE CONDITION
1267,9920,2025-08-31 13:28:13+00:00,,20,Other,,,,CAR 14 (ALO) TIME 1:30.437 DELETED - TRACK LIMITS AT TURN 3 LAP 19 15:27:09
1267,9920,2025-08-31 13:30:50+00:00,,22,Other,,,,CAR 43 (COL) TIME 1:16.107 DELETED - TRACK LIMITS AT TURN 3 LAP 21 15:29:46
1267,9920,2025-08-31 13:31:47+00:00,,23,Flag,DOUBLE YELLOW,Sector,5,DOUBLE YELLOW IN TRACK SECTOR 5
1267,9920,2025-08-31 13:31:48+00:00,,23,Flag,YELLOW,Sector,4,YELLOW IN TRACK SECTOR 4
1267,9920,2025-08-31 13:31:48+00:00,,23,Flag,YELLOW,Sector,5,YELLOW IN TRACK SECTOR 5
1267,9920,2025-08-31 13:32:02+00:00,,23,SafetyCar,,,,SAFETY CAR DEPLOYED
1267,9920,2025-08-31 13:32:02+00:00,,23,Flag,CLEAR,Sector,4,CLEAR IN TRACK SECTOR 4
1267,9920,2025-08-31 13:33:31+00:00,,24,Flag,DOUBLE YELLOW,Sector,5,DOUBLE YELLOW IN TRACK SECTOR 5
1267,9920,2025-08-31 13:33:36+00:00,,24,Other,,,,RECOVERY VEHICLE ON TRACK AT TURN 3
1267,9920,2025-08-31 13:34:15+00:00,,24,Flag,DOUBLE YELLOW,Sector,5,DOUBLE YELLOW IN TRACK SECTOR 5
1267,9920,2025-08-31 13:35:51+00:00,,25,Flag,CLEAR,Sector,5,CLEAR IN TRACK SECTOR 5
1267,9920,2025-08-31 13:37:09+00:00,,26,SafetyCar,,,,SAFETY CAR IN THIS LAP
1267,9920,2025-08-31 13:38:27+00:00,,26,Flag,CLEAR,Track,,TRACK CLEAR
1267,9920,2025-08-31 13:39:51+00:00,,28,Drs,,,,DRS ENABLED
1267,9920,2025-08-31 13:41:16+00:00,30,29,Flag,BLUE,Driver,,WAVED BLUE FLAG FOR CAR 30 (LAW) TIMED AT 15:41:15
1267,9920,2025-08-31 13:41:19+00:00,55,29,Flag,BLUE,Driver,,WAVED BLUE FLAG FOR CAR 55 (SAI) TIMED AT 15:41:19
1267,9920,2025-08-31 13:41:24+00:00,30,29,Flag,BLUE,Driver,,WAVED BLUE FLAG FOR CAR 30 (LAW) TIMED AT 15:41:24
1267,9920,2025-08-31 13:41:26+00:00,55,29,Flag,BLUE,Driver,,WAVED BLUE FLAG FOR CAR 55 (SAI) TIMED AT 15:41:25
1267,9920,2025-08-31 13:41:29+00:00,,29,Other,,,,TURN 1 INCIDENT INVOLVING CARS 55 (SAI) AND 30 (LAW) NOTED
1267,9920,2025-08-31 13:41:37+00:00,30,29,Flag,BLUE,Driver,,WAVED BLUE FLAG FOR CAR 30 (LAW) TIMED AT 15:41:37
1267,9920,2025-08-31 13:41:47+00:00,,29,Other,,,,FIA STEWARDS: INCIDENT INVOLVING CAR 5 (BOR) WILL BE INVESTIGATED AFTER THE RACE - UNSAFE CONDITION
1267,9920,2025-08-31 13:41:56+00:00,30,29,Flag,BLUE,Driver,,WAVED BLUE FLAG FOR CAR 30 (LAW) TIMED AT 15:41:55
1267,9920,2025-08-31 13:44:12+00:00,,31,Other,,,,FIA STEWARDS: TURN 1 INCIDENT INVOLVING CARS 55 (SAI) AND 30 (LAW) UNDER INVESTIGATION
1267,9920,2025-08-31 13:44:35+00:00,,31,SafetyCar,,,,VIRTUAL SAFETY CAR DEPLOYED
1267,9920,2025-08-31 13:45:45+00:00,,32,SafetyCar,,,,VIRTUAL SAFETY CAR ENDING
1267,9920,2025-08-31 13:45:57+00:00,,32,Flag,CLEAR,Track,,TRACK CLEAR
1267,9920,2025-08-31 13:45:58+00:00,,32,Drs,,,,DRS ENABLED
1267,9920,2025-08-31 13:46:45+00:00,,33,Other,,,,FIA STEWARDS: 10 SECOND TIME PENALTY FOR CAR 55 (SAI) - CAUSING A COLLISION
1267,9920,2025-08-31 13:47:57+00:00,,34,Other,,,,TRACK SURFACE SLIPPERY IN TRACK SECTOR 16
1267,9920,2025-08-31 13:49:18+00:00,,35,Flag,DOUBLE YELLOW,Sector,16,DOUBLE YELLOW IN TRACK SECTOR 16
1267,9920,2025-08-31 13:49:27+00:00,,35,Other,,,,CAR 16 (LEC) TIME 1:26.822 DELETED - TRACK LIMITS AT TURN 12 LAP 32 15:46:15
1267,9920,2025-08-31 13:49:33+00:00,,35,Other,,,,TRACK SURFACE SLIPPERY IN TRACK SECTOR 16
1267,9920,2025-08-31 13:49:36+00:00,,35,Flag,CLEAR,Sector,16,CLEAR IN TRACK SECTOR 16
1267,9920,2025-08-31 13:49:59+00:00,,35,Other,,,,TURN 12 INCIDENT INVOLVING CARS 16 (LEC) AND 63 (RUS) NOTED - CAUSING A COLLISION
1267,9920,2025-08-31 13:50:24+00:00,,36,Other,,,,FIA STEWARDS: TURN 12 INCIDENT INVOLVING CARS 16 (LEC) AND 63 (RUS) UNDER INVESTIGATION - CAUSING A COLLISION
1267,9920,2025-08-31 13:58:46+00:00,,42,Other,,,,FIA STEWARDS: TURN 12 INCIDENT INVOLVING CARS 16 (LEC) AND 63 (RUS) WILL BE INVESTIGATED AFTER THE RACE - CAUSING A COLLISION
1267,9920,2025-08-31 14:11:23+00:00,55,53,Flag,BLUE,Driver,,WAVED BLUE FLAG FOR CAR 55 (SAI) TIMED AT 16:11:23
1267,9920,2025-08-31 14:12:11+00:00,,53,Flag,DOUBLE YELLOW,Sector,5,DOUBLE YELLOW IN TRACK SECTOR 5
1267,9920,2025-08-31 14:12:13+00:00,,53,Flag,YELLOW,Sector,4,YELLOW IN TRACK SECTOR 4
1267,9920,2025-08-31 14:12:19+00:00,,53,SafetyCar,,,,SAFETY CAR DEPLOYED
1267,9920,2025-08-31 14:12:34+00:00,,53,Flag,DOUBLE YELLOW,Sector,5,DOUBLE YELLOW IN TRACK SECTOR 5
1267,9920,2025-08-31 14:13:33+00:00,,54,Other,,,,RECOVERY VEHICLE ON TRACK AT TURN 3
1267,9920,2025-08-31 14:15:02+00:00,,55,Flag,DOUBLE YELLOW,Sector,5,DOUBLE YELLOW IN TRACK SECTOR 5
1267,9920,2025-08-31 14:15:07+00:00,,55,Flag,DOUBLE YELLOW,Sector,5,DOUBLE YELLOW IN TRACK SECTOR 5
1267,9920,2025-08-31 14:16:11+00:00,,55,Other,,,,TURN 3 INCIDENT INVOLVING CARS 63 (RUS) AND 16 (LEC) NOTED - CAUSING A COLLISION
1267,9920,2025-08-31 14:16:37+00:00,,55,Other,,,,FIA STEWARDS: TURN 3 INCIDENT INVOLVING CARS 63 (RUS) AND 16 (LEC) UNDER INVESTIGATION - CAUSING A COLLISION
1267,9920,2025-08-31 14:17:34+00:00,,56,Other,,,,CORRECTION:: TURN 3 INCIDENT INVOLVING CARS 12 (ANT) AND 16 (LEC) UNDER INVESTIGATION - CAUSING A COLLISION
1267,9920,2025-08-31 14:17:56+00:00,,56,Other,,,,FIA STEWARDS: 10 SECOND TIME PENALTY FOR CAR 12 (ANT) - CAUSING A COLLISION
1267,9920,2025-08-31 14:18:16+00:00,,56,Flag,CLEAR,Sector,5,CLEAR IN TRACK SECTOR 5
1267,9920,2025-08-31 14:18:18+00:00,,56,Other,,,,LAPPED CARS MAY NOW OVERTAKE THE SAFETY CAR: 30 AND 55
1267,9920,2025-08-31 14:18:54+00:00,,56,Other,,,,INCIDENT INVOLVING CAR 12 (ANT) NOTED - SPEEDING IN THE PIT LANE
1267,9920,2025-08-31 14:19:15+00:00,,57,Flag,CLEAR,Sector,4,CLEAR IN TRACK SECTOR 4
1267,9920,2025-08-31 14:19:34+00:00,,57,SafetyCar,,,,SAFETY CAR IN THIS LAP
1267,9920,2025-08-31 14:19:53+00:00,,57,Other,,,,FIA STEWARDS: PENALTY SERVED - 10 SECOND TIME PENALTY FOR CAR 55 (SAI)
1267,9920,2025-08-31 14:20:51+00:00,,57,Flag,CLEAR,Track,,TRACK CLEAR
1267,9920,2025-08-31 14:22:12+00:00,,59,Drs,,,,DRS ENABLED
1267,9920,2025-08-31 14:22:51+00:00,,59,Other,,,,FIA STEWARDS: INCIDENT INVOLVING CAR 12 (ANT) UNDER INVESTIGATION - SPEEDING IN THE PIT LANE
1267,9920,2025-08-31 14:25:55+00:00,,62,Other,,,,FIA STEWARDS: 5 SECOND TIME PENALTY FOR CAR 12 (ANT) - SPEEDING IN THE PIT LANE
1267,9920,2025-08-31 14:30:12+00:00,,65,Flag,YELLOW,Sector,11,YELLOW IN TRACK SECTOR 11
1267,9920,2025-08-31 14:30:28+00:00,,65,SafetyCar,,,,SAFETY CAR DEPLOYED
1267,9920,2025-08-31 14:30:36+00:00,,65,Flag,DOUBLE YELLOW,Sector,11,DOUBLE YELLOW IN TRACK SECTOR 11
1267,9920,2025-08-31 14:32:26+00:00,,66,Other,,,,RECOVERY VEHICLE ON TRACK AT TURN 9
1267,9920,2025-08-31 14:33:11+00:00,,67,Flag,DOUBLE YELLOW,Sector,5,DOUBLE YELLOW IN TRACK SECTOR 5
1267,9920,2025-08-31 14:35:14+00:00,,68,Flag,CLEAR,Sector,11,CLEAR IN TRACK SECTOR 11
1267,9920,2025-08-31 14:35:45+00:00,,68,Flag,CLEAR,Sector,5,CLEAR IN TRACK SECTOR 5
1267,9920,2025-08-31 14:36:08+00:00,,68,SafetyCar,,,,SAFETY CAR IN THIS LAP
1267,9920,2025-08-31 14:36:48+00:00,,68,Flag,CLEAR,Track,,TRACK CLEAR
1267,9920,2025-08-31 14:38:12+00:00,,70,Drs,,,,DRS ENABLED
1267,9920,2025-08-31 14:40:06+00:00,,71,Other,,,,TURN 11 INCIDENT INVOLVING CARS 22 (TSU) AND 10 (GAS) NOTED
1267,9920,2025-08-31 14:40:42+00:00,,72,Other,,,,CAR 27 (HUL) TIME 1:18.274 DELETED - TRACK LIMITS AT TURN 3 LAP 69 16:37:21
1267,9920,2025-08-31 14:40:55+00:00,,72,Other,,,,CAR 55 (SAI) TIME 1:17.352 DELETED - TRACK LIMITS AT TURN 3 LAP 69 16:37:22
1267,9920,2025-08-31 14:41:06+00:00,,72,Other,,,,CAR 10 (GAS) TIME 1:17.528 DELETED - TRACK LIMITS AT TURN 12 LAP 69 16:38:01
1267,9920,2025-08-31 14:41:50+00:00,,72,Flag,CHEQUERED,Track,,CHEQUERED FLAG
1267,9920,2025-08-31 14:41:51.071000+00:00,,72,SessionStatus,,,,SESSION FINISHED
1267,9920,2025-08-31 14:43:39+00:00,,72,Other,,,,FIA STEWARDS: TURN 11 INCIDENT INVOLVING CARS 22 (TSU) AND 10 (GAS) REVIEWED NO FURTHER INVESTIGATION
1267,9920,2025-08-31 14:45:05+00:00,,72,Other,,,,ALL PASS HOLDERS MAY ACCESS THE PIT LANE
1267,9920,2025-08-31 14:45:34+00:00,,72,Flag,DOUBLE YELLOW,Sector,11,DOUBLE YELLOW IN TRACK SECTOR 11
1267,9920,2025-08-31 14:49:09+00:00,,72,Flag,CLEAR,Sector,11,CLEAR IN TRACK SECTOR 11
1267,9920,2025-08-31 14:49:10+00:00,,72,Flag,DOUBLE YELLOW,Sector,11,DOUBLE YELLOW IN TRACK SECTOR 11
1267,9920,2025-08-31 14:53:30+00:00,,72,Flag,DOUBLE YELLOW,Sector,7,DOUBLE YELLOW IN TRACK SECTOR 7
1268,9912,2025-09-07 12:20:01+00:00,,1,Flag,GREEN,Track,,GREEN LIGHT - PIT EXIT OPEN
1268,9912,2025-09-07 12:27:55+00:00,,1,Other,,,,PIT EXIT INCIDENT INVOLVING CAR 14 (ALO) NOTED - FAILING TO FOLLOW RACE DIRECTORS INSTRUCTIONS – PRACTICE START INFRINGEMENT
1268,9912,2025-09-07 12:28:15+00:00,,1,Other,,,,PIT EXIT INCIDENT INVOLVING CAR 18 (STR) NOTED - FAILING TO FOLLOW RACE DIRECTORS INSTRUCTIONS – PRACTICE START INFRINGEMENT
1268,9912,2025-09-07 12:30:01+00:00,,1,Other,,,,PIT EXIT CLOSED
1268,9912,2025-09-07 12:30:44+00:00,,1,Flag,YELLOW,Sector,7,YELLOW IN TRACK SECTOR 7
1268,9912,2025-09-07 12:31:59+00:00,,1,Other,,,,FIA STEWARDS: PIT EXIT INCIDENT INVOLVING CAR 14 (ALO) WILL BE INVESTIGATED AFTER THE RACE - FAILING TO FOLLOW RACE DIRECTORS INSTRUCTIONS – PRACTICE START INFRINGEMENT
1268,9912,2025-09-07 12:32:06+00:00,,1,Other,,,,FIA STEWARDS: PIT EXIT INCIDENT INVOLVING CAR 18 (STR) WILL BE INVESTIGATED AFTER THE RACE - FAILING TO FOLLOW RACE DIRECTORS INSTRUCTIONS – PRACTICE START INFRINGEMENT
1268,9912,2025-09-07 12:32:19+00:00,,1,Flag,YELLOW,Sector,8,YELLOW IN TRACK SECTOR 8
1268,9912,2025-09-07 12:32:19+00:00,,1,Flag,YELLOW,Sector,9,YELLOW IN TRACK SECTOR 9
1268,9912,2025-09-07 12:32:20+00:00,,1,Other,,,,DRS DISABLED IN ZONE 1
1268,9912,2025-09-07 12:32:24+00:00,,1,Flag,YELLOW,Sector,11,YELLOW IN TRACK SECTOR 11
1268,9912,2025-09-07 12:32:53+00:00,,1,Flag,YELLOW,Sector,10,YELLOW IN TRACK SECTOR 10
1268,9912,2025-09-07 12:34:04+00:00,,1,Flag,CLEAR,Sector,8,CLEAR IN TRACK SECTOR 8
1268,9912,2025-09-07 12:34:04+00:00,,1,Flag,CLEAR,Sector,9,CLEAR IN TRACK SECTOR 9
1268,9912,2025-09-07 12:35:36+00:00,,1,Flag,CLEAR,Sector,10,CLEAR IN TRACK SECTOR 10
1268,9912,2025-09-07 12:35:48+00:00,,1,Flag,CLEAR,Sector,11,CLEAR IN TRACK SECTOR 11
1268,9912,2025-09-07 12:35:48+00:00,,1,Other,,,,DRS ENABLED IN ZONE 1
1268,9912,2025-09-07 12:39:08+00:00,,1,Flag,CLEAR,Sector,7,CLEAR IN TRACK SECTOR 7
1268,9912,2025-09-07 12:45:33+00:00,,1,Other,,,,RISK OF RAIN FOR F1 RACE IS 0%
1268,9912,2025-09-07 12:57:04+00:00,,1,Drs,,,,DRS DISABLED
1268,9912,2025-09-07 13:03:34.805000+00:00,,1,SessionStatus,,,,SESSION STARTED
1268,9912,2025-09-07 13:03:35+00:00,,1,Flag,GREEN,Track,,GREEN LIGHT - PIT EXIT OPEN
1268,9912,2025-09-07 13:04:53+00:00,,1,Other,,,,TURN 1 INCIDENT INVOLVING CARS 1 (VER) AND 4 (NOR) NOTED
1268,9912,2025-09-07 13:05:25+00:00,,2,Drs,,,,DRS ENABLED
1268,9912,2025-09-07 13:05:38+00:00,,2,Other,,,,FIA STEWARDS: TURN 1 INCIDENT INVOLVING CARS 1 (VER) AND 4 (NOR) REVIEWED NO FURTHER INVESTIGATION
1268,9912,2025-09-07 13:08:21+00:00,,4,Other,,,,TURN 1 INCIDENT INVOLVING CARS 22 (TSU) AND 44 (HAM) NOTED - LEAVING THE TRACK AND GAINING AN ADVANTAGE
1268,9912,2025-09-07 13:10:57+00:00,,6,Other,,,,CAR 16 (LEC) TIME 1:24.525 DELETED - TRACK LIMITS AT TURN 1 LAP 4 15:08:05
1268,9912,2025-09-07 13:11:41+00:00,,6,Other,,,,TURN 4 INCIDENT INVOLVING CARS 31 (OCO) AND 18 (STR) NOTED - FORCING ANOTHER DRIVER OFF THE TRACK
1268,9912,2025-09-07 13:11:47+00:00,,6,Other,,,,CAR 18 (STR) TIME 1:26.506 DELETED - TRACK LIMITS AT TURN 4 LAP 2 15:05:41
1268,9912,2025-09-07 13:12:23+00:00,,7,Other,,,,FIA STEWARDS: TURN 1 INCIDENT INVOLVING CARS 22 (TSU) AND 44 (HAM) REVIEWED NO FURTHER INVESTIGATION - LEAVING THE TRACK AND GAINING AN ADVANTAGE
1268,9912,2025-09-07 13:13:58+00:00,,8,Other,,,,FIA STEWARDS: TURN 4 INCIDENT INVOLVING CARS 31 (OCO) AND 18 (STR) UNDER INVESTIGATION - FORCING ANOTHER DRIVER OFF THE TRACK
1268,9912,2025-09-07 13:15:35+00:00,,9,Other,,,,FIA STEWARDS: 5 SECOND TIME PENALTY FOR CAR 31 (OCO) - FORCING ANOTHER DRIVER OFF THE TRACK
1268,9912,2025-09-07 13:16:16+00:00,,10,Other,,,,CAR 12 (ANT) TIME 1:25.080 DELETED - TRACK LIMITS AT TURN 5 LAP 6 15:11:21
1268,9912,2025-09-07 13:17:36+00:00,,11,Other,,,,CAR 6 (HAD) TIME 1:25.728 DELETED - TRACK LIMITS AT TURN 1 LAP 8 15:13:53
1268,9912,2025-09-07 13:18:12+00:00,,11,Other,,,,CAR 43 (COL) TIME 1:24.816 DELETED - TRACK LIMITS AT TURN 5 LAP 9 15:15:41
1268,9912,2025-09-07 13:25:24+00:00,,16,Other,,,,CAR 10 (GAS) TIME 1:25.448 DELETED - TRACK LIMITS AT TURN 5 LAP 15 15:24:13
1268,9912,2025-09-07 13:27:51+00:00,,18,Other,,,,TURN 4 INCIDENT INVOLVING CAR 55 (SAI) NOTED - FAILING TO FOLLOW RACE DIRECTORS INSTRUCTIONS – ESCAPE ROAD INSTRUCTIONS
1268,9912,2025-09-07 13:29:00+00:00,,19,Other,,,,CAR 55 (SAI) TIME 1:24.342 DELETED - TRACK LIMITS AT TURN 4 LAP 17 15:26:50
1268,9912,2025-09-07 13:29:59+00:00,,19,Other,,,,CAR 10 (GAS) TIME 1:24.841 DELETED - TRACK LIMITS AT TURN 7 LAP 18 15:28:43
1268,9912,2025-09-07 13:36:18+00:00,,24,Other,,,,CAR 12 (ANT) TIME 1:23.671 DELETED - TRACK LIMITS AT TURN 5 LAP 23 15:35:14
1268,9912,2025-09-07 13:36:20+00:00,,24,Other,,,,CAR 55 (SAI) TIME 1:23.827 DELETED - TRACK LIMITS AT TURN 5 LAP 23 15:35:17
1268,9912,2025-09-07 13:39:15+00:00,,26,Other,,,,FIA STEWARDS: TURN 4 INCIDENT INVOLVING CAR 55 (SAI) UNDER INVESTIGATION - FAILING TO FOLLOW RACE DIRECTORS INSTRUCTIONS – ESCAPE ROAD INSTRUCTIONS
1268,9912,2025-09-07 13:42:13+00:00,,28,Other,,,,FIA STEWARDS: REPRIMAND (DRIVING) FOR CAR 55 (SAI) - FAILING TO FOLLOW RACE DIRECTORS INSTRUCTIONS – ESCAPE ROAD INSTRUCTIONS
1268,9912,2025-09-07 13:43:10+00:00,,29,Other,,,,CAR 23 (ALB) TIME 1:23.723 DELETED - TRACK LIMITS AT TURN 2 LAP 27 15:40:31
1268,9912,2025-09-07 13:43:31+00:00,,29,Other,,,,CAR 12 (ANT) TIME 1:24.699 DELETED - TRACK LIMITS AT TURN 2 LAP 26 15:39:02
1268,9912,2025-09-07 13:44:27+00:00,12,30,Flag,BLACK AND WHITE,Driver,,BLACK AND WHITE FLAG FOR CAR 12 (ANT) - TRACK LIMITS
1268,9912,2025-09-07 13:45:34+00:00,,31,Other,,,,CAR 22 (TSU) TIME 1:26.182 DELETED - TRACK LIMITS AT TURN 5 LAP 27 15:41:21
1268,9912,2025-09-07 13:45:35+00:00,,31,Other,,,,CAR 30 (LAW) TIME 1:27.448 DELETED - TRACK LIMITS AT TURN 5 LAP 27 15:41:21
1268,9912,2025-09-07 13:46:28+00:00,,31,Other,,,,CAR 43 (COL) TIME 1:25.753 DELETED - TRACK LIMITS AT TURN 1 LAP 30 15:44:54
1268,9912,2025-09-07 13:52:19+00:00,,36,Other,,,,CAR 10 (GAS) TIME 1:24.437 DELETED - TRACK LIMITS AT TURN 5 LAP 33 15:49:26
1268,9912,2025-09-07 13:52:24+00:00,10,36,Flag,BLACK AND WHITE,Driver,,BLACK AND WHITE FLAG FOR CAR 10 (GAS) - TRACK LIMITS
1268,9912,2025-09-07 13:57:54+00:00,43,40,Flag,BLUE,Driver,,WAVED BLUE FLAG FOR CAR 43 (COL) TIMED AT 15:57:53
1268,9912,2025-09-07 13:59:18+00:00,,41,Flag,DOUBLE YELLOW,Sector,7,DOUBLE YELLOW IN TRACK SECTOR 7
1268,9912,2025-09-07 13:59:24+00:00,,41,Flag,YELLOW,Sector,6,YELLOW IN TRACK SECTOR 6
1268,9912,2025-09-07 13:59:28+00:00,,41,Flag,CLEAR,Sector,7,CLEAR IN TRACK SECTOR 7
1268,9912,2025-09-07 13:59:30+00:00,,41,Flag,CLEAR,Sector,6,CLEAR IN TRACK SECTOR 6
1268,9912,2025-09-07 14:00:33+00:00,,42,Other,,,,TURN 5 INCIDENT INVOLVING CARS 55 (SAI) AND 87 (BEA) NOTED
1268,9912,2025-09-07 14:01:49+00:00,,42,Other,,,,FIA STEWARDS: TURN 5 INCIDENT INVOLVING CARS 87 (BEA) AND 55 (SAI) UNDER INVESTIGATION - CAUSING A COLLISION
1268,9912,2025-09-07 14:04:25+00:00,,44,Other,,,,CAR 55 (SAI) TIME 1:29.703 DELETED - TRACK LIMITS AT TURN 5 LAP 40 15:59:16
1268,9912,2025-09-07 14:04:26+00:00,,44,Other,,,,CAR 87 (BEA) TIME 1:33.514 DELETED - TRACK LIMITS AT TURN 5 LAP 40 15:59:20
1268,9912,2025-09-07 14:06:00+00:00,,46,Other,,,,TURN 3 INCIDENT INVOLVING CARS 12 (ANT) AND 23 (ALB) NOTED - FORCING ANOTHER DRIVER OFF THE TRACK
1268,9912,2025-09-07 14:07:12+00:00,,46,Other,,,,FIA STEWARDS: 10 SECOND TIME PENALTY FOR CAR 87 (BEA) - CAUSING A COLLISION
1268,9912,2025-09-07 14:07:27+00:00,,47,Other,,,,FIA STEWARDS: TURN 3 INCIDENT INVOLVING CARS 12 (ANT) AND 23 (ALB) UNDER INVESTIGATION - FORCING ANOTHER DRIVER OFF THE TRACK
1268,9912,2025-09-07 14:10:50+00:00,,49,Other,,,,CAR 63 (RUS) TIME 1:22.496 DELETED - TRACK LIMITS AT TURN 2 LAP 48 16:09:31
1268,9912,2025-09-07 14:12:46+00:00,43,50,Flag,BLUE,Driver,,WAVED BLUE FLAG FOR CAR 43 (COL) TIMED AT 16:12:45
1268,9912,2025-09-07 14:15:49+00:00,31,53,Flag,BLUE,Driver,,WAVED BLUE FLAG FOR CAR 31 (OCO) TIMED AT 16:15:48
1268,9912,2025-09-07 14:16:12+00:00,,53,Other,,,,FIA STEWARDS: 5 SECOND TIME PENALTY FOR CAR 12 (ANT) - DRIVING ERRATICALLY
1268,9912,2025-09-07 14:16:59+00:00,,53,Flag,CHEQUERED,Track,,CHEQUERED FLAG
1268,9912,2025-09-07 14:16:59.301000+00:00,,53,SessionStatus,,,,SESSION FINISHED
1268,9912,2025-09-07 14:17:05+00:00,,53,Other,,,,CAR 5 (BOR) TIME 1:22.619 DELETED - TRACK LIMITS AT TURN 1 LAP 52 16:15:25
1268,9912,2025-09-07 14:17:56+00:00,,53,Other,,,,CAR 43 (COL) TIME 1:25.035 DELETED - TRACK LIMITS AT TURN 5 LAP 50 16:13:33
1268,9912,2025-09-07 14:18:26+00:00,,53,Other,,,,FIA STEWARDS: PENALTY SERVED - 5 SECOND TIME PENALTY FOR CAR 31 (OCO) - FORCING ANOTHER DRIVER OFF THE TRACK
1268,9912,2025-09-07 14:21:36+00:00,,53,Other,,,,ALL PASS HOLDERS MAY ACCESS THE PIT LANE
1269,9904,2025-09-21 10:20:00+00:00,,1,Flag,GREEN,Track,,GREEN LIGHT - PIT EXIT OPEN
1269,9904,2025-09-21 10:30:00+00:00,,1,Other,,,,PIT EXIT CLOSED
1269,9904,2025-09-21 10:30:28+00:00,,1,Flag,DOUBLE YELLOW,Sector,5,DOUBLE YELLOW IN TRACK SECTOR 5
1269,9904,2025-09-21 10:30:29+00:00,,1,Other,,,,DRS DISABLED IN ZONE 1
1269,9904,2025-09-21 10:31:53+00:00,,1,Flag,DOUBLE YELLOW,Sector,4,DOUBLE YELLOW IN TRACK SECTOR 4
1269,9904,2025-09-21 10:32:46+00:00,,1,Flag,YELLOW,Sector,3,YELLOW IN TRACK SECTOR 3
1269,9904,2025-09-21 10:33:19+00:00,,1,Flag,CLEAR,Sector,5,CLEAR IN TRACK SECTOR 5
1269,9904,2025-09-21 10:34:10+00:00,,1,Flag,DOUBLE YELLOW,Sector,3,DOUBLE YELLOW IN TRACK SECTOR 3
1269,9904,2025-09-21 10:36:02+00:00,,1,Flag,DOUBLE YELLOW,Sector,21,DOUBLE YELLOW IN TRACK SECTOR 21
1269,9904,2025-09-21 10:36:03+00:00,,1,Other,,,,DRS DISABLED IN ZONE 2
1269,9904,2025-09-21 10:36:10+00:00,,1,Flag,DOUBLE YELLOW,Sector,18,DOUBLE YELLOW IN TRACK SECTOR 18
1269,9904,2025-09-21 10:36:24+00:00,,1,Flag,CLEAR,Sector,18,CLEAR IN TRACK SECTOR 18
1269,9904,2025-09-21 10:37:12+00:00,,1,Flag,CLEAR,Sector,21,CLEAR IN TRACK SECTOR 21
1269,9904,2025-09-21 10:37:12+00:00,,1,Other,,,,DRS ENABLED IN ZONE 2
1269,9904,2025-09-21 10:38:16+00:00,,1,Flag,CLEAR,Sector,4,CLEAR IN TRACK SECTOR 4
1269,9904,2025-09-21 10:38:18+00:00,,1,Other,,,,DRS ENABLED IN ZONE 1
1269,9904,2025-09-21 10:38:18+00:00,,1,Flag,CLEAR,Sector,3,CLEAR IN TRACK SECTOR 3
1269,9904,2025-09-21 10:45:39+00:00,,1,Other,,,,RISK OF RAIN FOR F1 RACE IS 10 %
1269,9904,2025-09-21 10:47:24+00:00,,1,Flag,DOUBLE YELLOW,Sector,2,DOUBLE YELLOW IN TRACK SECTOR 2
1269,9904,2025-09-21 10:47:26+00:00,,1,Other,,,,DRS DISABLED IN ZONE 2
1269,9904,2025-09-21 10:48:47+00:00,,1,Other,,,,DRS ENABLED IN ZONE 2
1269,9904,2025-09-21 10:48:47+00:00,,1,Flag,CLEAR,Sector,2,CLEAR IN TRACK SECTOR 2
1269,9904,2025-09-21 10:48:49+00:00,,1,Flag,DOUBLE YELLOW,Sector,2,DOUBLE YELLOW IN TRACK SECTOR 2
1269,9904,2025-09-21 10:48:50+00:00,,1,Other,,,,DRS DISABLED IN ZONE 2
1269,9904,2025-09-21 10:49:18+00:00,,1,Other,,,,DRS ENABLED IN ZONE 2
1269,9904,2025-09-21 10:49:18+00:00,,1,Flag,CLEAR,Sector,2,CLEAR IN TRACK SECTOR 2
1269,9904,2025-09-21 10:57:04+00:00,,1,Drs,,,,DRS DISABLED
1269,9904,2025-09-21 11:03:53.616000+00:00,,1,SessionStatus,,,,SESSION STARTED
1269,9904,2025-09-21 11:03:54+00:00,,1,Flag,GREEN,Track,,GREEN LIGHT - PIT EXIT OPEN
1269,9904,2025-09-21 11:04:47+00:00,,1,Flag,YELLOW,Sector,7,YELLOW IN TRACK SECTOR 7
1269,9904,2025-09-21 11:04:53+00:00,,1,Flag,DOUBLE YELLOW,Sector,7,DOUBLE YELLOW IN TRACK SECTOR 7
1269,9904,2025-09-21 11:05:16+00:00,,1,SafetyCar,,,,SAFETY CAR DEPLOYED
1269,9904,2025-09-21 11:05:47+00:00,,1,Flag,YELLOW,Sector,6,YELLOW IN TRACK SECTOR 6
1269,9904,2025-09-21 11:05:51+00:00,,1,Flag,DOUBLE YELLOW,Sector,7,DOUBLE YELLOW IN TRACK SECTOR 7
1269,9904,2025-09-21 11:06:08+00:00,,2,Other,,,,RECOVERY VEHICLE ON TRACK AT TURN 6
1269,9904,2025-09-21 11:10:36+00:00,,3,Flag,CLEAR,Sector,6,CLEAR IN TRACK SECTOR 6
1269,9904,2025-09-21 11:11:47+00:00,,4,Other,,,,INCIDENT INVOLVING CAR 81 (PIA) NOTED - FALSE START - MOVING BEFORE SIGNAL
1269,9904,2025-09-21 11:11:57+00:00,,4,Other,,,,INCIDENT INVOLVING CAR 14 (ALO) NOTED - FALSE START - MOVING BEFORE SIGNAL
1269,9904,2025-09-21 11:12:13+00:00,,4,Flag,CLEAR,Sector,7,CLEAR IN TRACK SECTOR 7
1269,9904,2025-09-21 11:12:23+00:00,,4,SafetyCar,,,,SAFETY CAR IN THIS LAP
1269,9904,2025-09-21 11:13:24+00:00,,4,Other,,,,FIA STEWARDS: INCIDENT INVOLVING CAR 81 (PIA) UNDER INVESTIGATION - FALSE START - MOVING BEFORE SIGNAL
1269,9904,2025-09-21 11:13:28+00:00,,4,Other,,,,FIA STEWARDS: INCIDENT INVOLVING CAR 14 (ALO) UNDER INVESTIGATION - FALSE START - MOVING BEFORE SIGNAL
1269,9904,2025-09-21 11:13:56+00:00,,4,Flag,CLEAR,Track,,TRACK CLEAR
1269,9904,2025-09-21 11:14:58+00:00,,5,Other,,,,FIA STEWARDS: 5 SECOND TIME PENALTY FOR CAR 81 (PIA) - FALSE START - MOVING BEFORE SIGNAL
1269,9904,2025-09-21 11:15:23+00:00,,5,Other,,,,FIA STEWARDS: 5 SECOND TIME PENALTY FOR CAR 14 (ALO) - FALSE START - MOVING BEFORE SIGNAL
1269,9904,2025-09-21 11:16:26+00:00,,6,Drs,,,,DRS ENABLED
1269,9904,2025-09-21 11:16:46+00:00,,6,Other,,,,TURN 6 INCIDENT INVOLVING CARS 27 (HUL) AND 31 (OCO) NOTED - CAUSING A COLLISION
1269,9904,2025-09-21 11:17:31+00:00,,6,Other,,,,FIA STEWARDS: TURN 6 INCIDENT INVOLVING CARS 27 (HUL) AND 31 (OCO) REVIEWED NO FURTHER INVESTIGATION - CAUSING A COLLISION
1269,9904,2025-09-21 11:19:50+00:00,,7,Flag,DOUBLE YELLOW,Sector,17,DOUBLE YELLOW IN TRACK SECTOR 17
1269,9904,2025-09-21 11:19:52+00:00,,7,Flag,CLEAR,Sector,17,CLEAR IN TRACK SECTOR 17
1269,9904,2025-09-21 11:21:51+00:00,,9,Other,,,,CAR 14 (ALO) TIME 1:48.701 DELETED - TRACK LIMITS AT TURN 16 LAP 7 15:19:49
1269,9904,2025-09-21 11:37:29+00:00,,17,Flag,YELLOW,Sector,7,YELLOW IN TRACK SECTOR 7
1269,9904,2025-09-21 11:37:30+00:00,,17,Flag,DOUBLE YELLOW,Sector,7,DOUBLE YELLOW IN TRACK SECTOR 7
1269,9904,2025-09-21 11:37:39+00:00,,17,Other,,,,TRACK SURFACE SLIPPERY IN TRACK SECTOR 7
1269,9904,2025-09-21 11:39:30+00:00,,19,Flag,DOUBLE YELLOW,Sector,7,DOUBLE YELLOW IN TRACK SECTOR 7
1269,9904,2025-09-21 11:39:40+00:00,,19,Flag,CLEAR,Sector,7,CLEAR IN TRACK SECTOR 7
1269,9904,2025-09-21 11:40:06+00:00,,19,Other,,,,TURN 5 INCIDENT INVOLVING CARS 23 (ALB) AND 43 (COL) NOTED - CAUSING A COLLISION
1269,9904,2025-09-21 11:40:29+00:00,,19,Other,,,,FIA STEWARDS: TURN 5 INCIDENT INVOLVING CARS 23 (ALB) AND 43 (COL) UNDER INVESTIGATION - CAUSING A COLLISION
1269,9904,2025-09-21 11:41:00+00:00,,19,Other,,,,FIA STEWARDS: 10 SECOND TIME PENALTY FOR CAR 23 (ALB) - CAUSING A COLLISION
1269,9904,2025-09-21 11:48:32+00:00,,24,Other,,,,FIA STEWARDS: PENALTY SERVED - 5 SECOND TIME PENALTY FOR CAR 14 (ALO) - FALSE START - MOVING BEFORE SIGNAL
1269,9904,2025-09-21 11:55:57+00:00,,28,Other,,,,TRACK SURFACE SLIPPERY IN TRACK SECTOR 8
1269,9904,2025-09-21 11:56:22+00:00,,28,Flag,CLEAR,Sector,8,CLEAR IN TRACK SECTOR 8
1269,9904,2025-09-21 12:32:49+00:00,10,49,Flag,BLUE,Driver,,WAVED BLUE FLAG FOR CAR 10 (GAS) TIMED AT 16:32:49
1269,9904,2025-09-21 12:33:13+00:00,43,49,Flag,BLUE,Driver,,WAVED BLUE FLAG FOR CAR 43 (COL) TIMED AT 16:33:12
1269,9904,2025-09-21 12:37:19+00:00,,51,Flag,CHEQUERED,Track,,CHEQUERED FLAG
1269,9904,2025-09-21 12:37:20.220000+00:00,,51,SessionStatus,,,,SESSION FINISHED
1269,9904,2025-09-21 12:40:25+00:00,,51,Other,,,,ALL PASS HOLDERS MAY ACCESS THE PIT LANE
1269,9904,2025-09-21 12:41:41+00:00,,51,Flag,DOUBLE YELLOW,Sector,2,DOUBLE YELLOW IN TRACK SECTOR 2
1269,9904,2025-09-21 12:41:42+00:00,,51,Other,,,,DRS DISABLED IN ZONE 2
1269,9904,2025-09-21 12:41:59+00:00,,51,Other,,,,DRS ENABLED IN ZONE 2
1269,9904,2025-09-21 12:41:59+00:00,,51,Flag,CLEAR,Sector,2,CLEAR IN TRACK SECTOR 2
1269,9904,2025-09-21 12:42:33+00:00,,51,Flag,DOUBLE YELLOW,Sector,7,DOUBLE YELLOW IN TRACK SECTOR 7
1269,9904,2025-09-21 12:42:55+00:00,,51,Flag,CLEAR,Sector,7,CLEAR IN TRACK SECTOR 7
1270,9896,2025-10-05 11:16:40+00:00,,1,Flag,DOUBLE YELLOW,Sector,2,DOUBLE YELLOW IN TRACK SECTOR 2
1270,9896,2025-10-05 11:16:41+00:00,,1,Other,,,,DRS DISABLED IN ZONE 4
1270,9896,2025-10-05 11:16:55+00:00,,1,Other,,,,DRS ENABLED IN ZONE 4
1270,9896,2025-10-05 11:16:55+00:00,,1,Flag,CLEAR,Sector,2,CLEAR IN TRACK SECTOR 2
1270,9896,2025-10-05 11:20:01+00:00,,1,Flag,GREEN,Track,,GREEN LIGHT - PIT EXIT OPEN
1270,9896,2025-10-05 11:22:00+00:00,,1,Flag,DOUBLE YELLOW,Sector,16,DOUBLE YELLOW IN TRACK SECTOR 16
1270,9896,2025-10-05 11:22:01+00:00,,1,Other,,,,DRS DISABLED IN ZONE 4
1270,9896,2025-10-05 11:22:09+00:00,,1,Flag,CLEAR,Sector,16,CLEAR IN TRACK SECTOR 16
1270,9896,2025-10-05 11:22:09+00:00,,1,Other,,,,DRS ENABLED IN ZONE 4
1270,9896,2025-10-05 11:26:48+00:00,,1,Other,,,,INCIDENT INVOLVING CAR 23 (ALB) NOTED - FAILING TO FOLLOW RACE DIRECTORS INSTRUCTIONS – PRACTICE START INFRINGEMENT
1270,9896,2025-10-05 11:30:01+00:00,,1,Other,,,,PIT EXIT CLOSED
1270,9896,2025-10-05 11:31:57+00:00,,1,Other,,,,FIA STEWARDS: INCIDENT INVOLVING CAR 23 (ALB) WILL BE INVESTIGATED AFTER THE RACE - FAILING TO FOLLOW RACE DIRECTORS INSTRUCTIONS – PRACTICE START INFRINGEMENT
1270,9896,2025-10-05 11:39:51+00:00,,1,Flag,DOUBLE YELLOW,Sector,4,DOUBLE YELLOW IN TRACK SECTOR 4
1270,9896,2025-10-05 11:39:52+00:00,,1,Other,,,,DRS DISABLED IN ZONE 1
1270,9896,2025-10-05 11:43:00+00:00,,1,Other,,,,DRS ENABLED IN ZONE 1
1270,9896,2025-10-05 11:43:00+00:00,,1,Flag,CLEAR,Sector,4,CLEAR IN TRACK SECTOR 4
1270,9896,2025-10-05 11:45:12+00:00,,1,Other,,,,RISK OF RAIN FOR F1 RACE IS 30%
1270,9896,2025-10-05 11:57:04+00:00,,1,Drs,,,,DRS DISABLED
1270,9896,2025-10-05 12:03:32+00:00,,1,Flag,GREEN,Track,,GREEN LIGHT - PIT EXIT OPEN
1270,9896,2025-10-05 12:03:32.197000+00:00,,1,SessionStatus,,,,SESSION STARTED
1270,9896,2025-10-05 12:05:16+00:00,,2,Drs,,,,DRS ENABLED
1270,9896,2025-10-05 12:05:31+00:00,,2,Other,,,,TURN 1 INCIDENT INVOLVING CARS 6 (HAD) AND 87 (BEA) NOTED - CAUSING A COLLISION
1270,9896,2025-10-05 12:07:07+00:00,,3,Other,,,,FIA STEWARDS: TURN 1 INCIDENT INVOLVING CARS 6 (HAD) AND 87 (BEA) REVIEWED NO FURTHER INVESTIGATION - CAUSING A COLLISION
1270,9896,2025-10-05 12:07:17+00:00,,3,Other,,,,LAP 1 TURN 3 INCIDENT INVOLVING CARS 4 (NOR) AND 81 (PIA) NOTED - CAUSING A COLLISION
1270,9896,2025-10-05 12:08:58+00:00,,4,Other,,,,FIA STEWARDS: LAP 1 TURN 3 INCIDENT INVOLVING CARS 4 (NOR) AND 81 (PIA) REVIEWED NO FURTHER INVESTIGATION - CAUSING A COLLISION
1270,9896,2025-10-05 12:12:16+00:00,,6,Other,,,,CAR 12 (ANT) TIME 1:38.206 DELETED - TRACK LIMITS AT TURN 2 LAP 4 20:08:48
1270,9896,2025-10-05 12:14:39+00:00,,7,Flag,DOUBLE YELLOW,Sector,5,DOUBLE YELLOW IN TRACK SECTOR 5
1270,9896,2025-10-05 12:14:40+00:00,,7,Other,,,,DRS DISABLED IN ZONE 1
1270,9896,2025-10-05 12:14:56+00:00,,7,Flag,CLEAR,Sector,5,CLEAR IN TRACK SECTOR 5
1270,9896,2025-10-05 12:14:57+00:00,,7,Other,,,,DRS ENABLED IN ZONE 1
1270,9896,2025-10-05 12:28:23+00:00,,16,Other,,,,CAR 87 (BEA) TIME 1:38.526 DELETED - TRACK LIMITS AT TURN 19 LAP 14 20:26:48
1270,9896,2025-10-05 13:04:13+00:00,,38,Other,,,,CAR 1 (VER) TIME 1:36.420 DELETED - TRACK LIMITS AT TURN 2 LAP 37 21:02:16
1270,9896,2025-10-05 13:05:29+00:00,,39,Other,,,,CAR 1 (VER) TIME 1:36.064 DELETED - TRACK LIMITS AT TURN 2 LAP 38 21:03:52
1270,9896,2025-10-05 13:10:11+00:00,18,42,Flag,BLUE,Driver,,WAVED BLUE FLAG FOR CAR 18 (STR) TIMED AT 21:10:11
1270,9896,2025-10-05 13:10:34+00:00,18,42,Flag,BLUE,Driver,,WAVED BLUE FLAG FOR CAR 18 (STR) TIMED AT 21:10:33
1270,9896,2025-10-05 13:13:14+00:00,,43,Other,,,,CAR 23 (ALB) LAP DELETED - TRACK LIMITS AT TURN 7 LAP 42 21:11:58 (PIT)
1270,9896,2025-10-05 13:13:40+00:00,23,44,Flag,BLUE,Driver,,WAVED BLUE FLAG FOR CAR 23 (ALB) TIMED AT 21:13:39
1270,9896,2025-10-05 13:14:19+00:00,31,44,Flag,BLUE,Driver,,WAVED BLUE FLAG FOR CAR 31 (OCO) TIMED AT 21:14:18
1270,9896,2025-10-05 13:15:06+00:00,,45,Other,,,,CAR 43 (COL) TIME 1:41.546 DELETED - TRACK LIMITS AT TURN 7 LAP 42 21:12:07
1270,9896,2025-10-05 13:15:09+00:00,,45,Other,,,,TURN 8 INCIDENT INVOLVING CARS 27 (HUL) AND 43 (COL) NOTED
1270,9896,2025-10-05 13:15:19+00:00,10,45,Flag,BLUE,Driver,,WAVED BLUE FLAG FOR CAR 10 (GAS) TIMED AT 21:15:18
1270,9896,2025-10-05 13:15:28+00:00,,45,Flag,YELLOW,Sector,6,YELLOW IN TRACK SECTOR 6
1270,9896,2025-10-05 13:15:29+00:00,,45,Other,,,,DRS DISABLED IN ZONE 1
1270,9896,2025-10-05 13:15:32+00:00,10,45,Flag,BLUE,Driver,,WAVED BLUE FLAG FOR CAR 10 (GAS) TIMED AT 21:15:32
1270,9896,2025-10-05 13:15:38+00:00,,45,Other,,,,DRS ENABLED IN ZONE 1
1270,9896,2025-10-05 13:15:38+00:00,,45,Flag,CLEAR,Sector,6,CLEAR IN TRACK SECTOR 6
1270,9896,2025-10-05 13:15:58+00:00,27,45,Flag,BLUE,Driver,,WAVED BLUE FLAG FOR CAR 27 (HUL) TIMED AT 21:15:58
1270,9896,2025-10-05 13:16:05+00:00,18,45,Flag,BLUE,Driver,,WAVED BLUE FLAG FOR CAR 18 (STR) TIMED AT 21:16:04
1270,9896,2025-10-05 13:16:22+00:00,5,45,Flag,BLUE,Driver,,WAVED BLUE FLAG FOR CAR 5 (BOR) TIMED AT 21:16:22
1270,9896,2025-10-05 13:16:26+00:00,18,45,Flag,BLUE,Driver,,WAVED BLUE FLAG FOR CAR 18 (STR) TIMED AT 21:16:25
1270,9896,2025-10-05 13:16:57+00:00,,46,Other,,,,CAR 27 (HUL) LAP DELETED - TRACK LIMITS AT TURN 7 LAP 44 21:15:26 (PIT)
1270,9896,2025-10-05 13:18:18+00:00,,47,Other,,,,CAR 55 (SAI) TIME 1:38.539 DELETED - TRACK LIMITS AT TURN 17 LAP 43 21:14:27
1270,9896,2025-10-05 13:18:21+00:00,,47,Other,,,,CAR 87 (BEA) TIME 1:39.621 DELETED - TRACK LIMITS AT TURN 2 LAP 44 21:14:44
1270,9896,2025-10-05 13:18:22+00:00,31,47,Flag,BLUE,Driver,,WAVED BLUE FLAG FOR CAR 31 (OCO) TIMED AT 21:18:21
1270,9896,2025-10-05 13:18:26+00:00,43,47,Flag,BLUE,Driver,,WAVED BLUE FLAG FOR CAR 43 (COL) TIMED AT 21:18:26
1270,9896,2025-10-05 13:18:31+00:00,31,47,Flag,BLUE,Driver,,WAVED BLUE FLAG FOR CAR 31 (OCO) TIMED AT 21:18:30
1270,9896,2025-10-05 13:18:34+00:00,,47,Other,,,,CAR 27 (HUL) LAP DELETED - TRACK LIMITS AT TURN 11 LAP 44 21:16:08 (PIT)
1270,9896,2025-10-05 13:18:37+00:00,31,47,Flag,BLUE,Driver,,WAVED BLUE FLAG FOR CAR 31 (OCO) TIMED AT 21:18:37
1270,9896,2025-10-05 13:18:45+00:00,31,47,Flag,BLUE,Driver,,WAVED BLUE FLAG FOR CAR 31 (OCO) TIMED AT 21:18:45
1270,9896,2025-10-05 13:19:07+00:00,27,47,Flag,BLUE,Driver,,WAVED BLUE FLAG FOR CAR 27 (HUL) TIMED AT 21:19:07
1270,9896,2025-10-05 13:19:15+00:00,10,47,Flag,BLUE,Driver,,WAVED BLUE FLAG FOR CAR 10 (GAS) TIMED AT 21:19:14
1270,9896,2025-10-05 13:19:58+00:00,18,48,Flag,BLUE,Driver,,WAVED BLUE FLAG FOR CAR 18 (STR) TIMED AT 21:19:57
1270,9896,2025-10-05 13:20:09+00:00,10,48,Flag,BLUE,Driver,,WAVED BLUE FLAG FOR CAR 10 (GAS) TIMED AT 21:20:08
1270,9896,2025-10-05 13:20:33+00:00,18,48,Flag,BLUE,Driver,,WAVED BLUE FLAG FOR CAR 18 (STR) TIMED AT 21:20:32
1270,9896,2025-10-05 13:20:47+00:00,5,48,Flag,BLUE,Driver,,WAVED BLUE FLAG FOR CAR 5 (BOR) TIMED AT 21:20:47
1270,9896,2025-10-05 13:21:04+00:00,5,48,Flag,BLUE,Driver,,WAVED BLUE FLAG FOR CAR 5 (BOR) TIMED AT 21:21:03
1270,9896,2025-10-05 13:21:18+00:00,43,48,Flag,BLUE,Driver,,WAVED BLUE FLAG FOR CAR 43 (COL) TIMED AT 21:21:18
1270,9896,2025-10-05 13:21:23+00:00,,48,Other,,,,FIA STEWARDS: TURN 8 INCIDENT INVOLVING CARS 27 (HUL) AND 43 (COL) REVIEWED NO FURTHER INVESTIGATION
1270,9896,2025-10-05 13:21:48+00:00,43,49,Flag,BLUE,Driver,,WAVED BLUE FLAG FOR CAR 43 (COL) TIMED AT 21:21:48
1270,9896,2025-10-05 13:22:21+00:00,31,49,Flag,BLUE,Driver,,WAVED BLUE FLAG FOR CAR 31 (OCO) TIMED AT 21:22:20
1270,9896,2025-10-05 13:22:45+00:00,10,49,Flag,BLUE,Driver,,WAVED BLUE FLAG FOR CAR 10 (GAS) TIMED AT 21:22:45
1270,9896,2025-10-05 13:23:30+00:00,5,50,Flag,BLUE,Driver,,WAVED BLUE FLAG FOR CAR 5 (BOR) TIMED AT 21:23:29
1270,9896,2025-10-05 13:23:47+00:00,5,50,Flag,BLUE,Driver,,WAVED BLUE FLAG FOR CAR 5 (BOR) TIMED AT 21:23:47
1270,9896,2025-10-05 13:24:18+00:00,,50,Other,,,,CAR 23 (ALB) TIME 1:39.502 DELETED - TRACK LIMITS AT TURN 2 LAP 48 21:21:45
1270,9896,2025-10-05 13:24:23+00:00,,50,Other,,,,CAR 12 (ANT) TIME 1:37.413 DELETED - TRACK LIMITS AT TURN 2 LAP 49 21:21:56
1270,9896,2025-10-05 13:24:38+00:00,43,51,Flag,BLUE,Driver,,WAVED BLUE FLAG FOR CAR 43 (COL) TIMED AT 21:24:37
1270,9896,2025-10-05 13:25:36+00:00,22,51,Flag,BLUE,Driver,,WAVED BLUE FLAG FOR CAR 22 (TSU) TIMED AT 21:25:35
1270,9896,2025-10-05 13:26:20+00:00,6,52,Flag,BLUE,Driver,,WAVED BLUE FLAG FOR CAR 6 (HAD) TIMED AT 21:26:20
1270,9896,2025-10-05 13:26:29+00:00,6,52,Flag,BLUE,Driver,,WAVED BLUE FLAG FOR CAR 6 (HAD) TIMED AT 21:26:29
1270,9896,2025-10-05 13:27:05+00:00,,52,Other,,,,CAR 31 (OCO) TIME 1:40.651 DELETED - TRACK LIMITS AT TURN 19 LAP 50 21:26:31
1270,9896,2025-10-05 13:28:10+00:00,10,53,Flag,BLUE,Driver,,WAVED BLUE FLAG FOR CAR 10 (GAS) TIMED AT 21:28:09
1270,9896,2025-10-05 13:28:25+00:00,,53,Other,,,,CAR 31 (OCO) TIME 1:40.340 DELETED - TRACK LIMITS AT TURN 2 LAP 51 21:26:40
1270,9896,2025-10-05 13:29:17+00:00,22,53,Flag,BLUE,Driver,,WAVED BLUE FLAG FOR CAR 22 (TSU) TIMED AT 21:29:17
1270,9896,2025-10-05 13:30:36+00:00,22,54,Flag,BLUE,Driver,,WAVED BLUE FLAG FOR CAR 22 (TSU) TIMED AT 21:30:35
1270,9896,2025-10-05 13:31:19+00:00,31,55,Flag,BLUE,Driver,,WAVED BLUE FLAG FOR CAR 31 (OCO) TIMED AT 21:31:19
1270,9896,2025-10-05 13:31:38+00:00,31,55,Flag,BLUE,Driver,,WAVED BLUE FLAG FOR CAR 31 (OCO) TIMED AT 21:31:37
1270,9896,2025-10-05 13:31:47+00:00,31,55,Flag,BLUE,Driver,,WAVED BLUE FLAG FOR CAR 31 (OCO) TIMED AT 21:31:46
1270,9896,2025-10-05 13:32:08+00:00,31,55,Flag,BLUE,Driver,,WAVED BLUE FLAG FOR CAR 31 (OCO) TIMED AT 21:32:08
1270,9896,2025-10-05 13:32:25+00:00,31,55,Flag,BLUE,Driver,,WAVED BLUE FLAG FOR CAR 31 (OCO) TIMED AT 21:32:24
1270,9896,2025-10-05 13:32:30+00:00,,55,Other,,,,CAR 10 (GAS) TIME 1:41.305 DELETED - TRACK LIMITS AT TURN 18 LAP 50 21:26:29
1270,9896,2025-10-05 13:33:07+00:00,,56,Other,,,,CAR 4 (NOR) TIME 1:36.390 DELETED - TRACK LIMITS AT TURN 2 LAP 55 21:31:18
1270,9896,2025-10-05 13:33:14+00:00,5,56,Flag,BLUE,Driver,,WAVED BLUE FLAG FOR CAR 5 (BOR) TIMED AT 21:33:14
1270,9896,2025-10-05 13:33:21+00:00,6,56,Flag,BLUE,Driver,,WAVED BLUE FLAG FOR CAR 6 (HAD) TIMED AT 21:33:21
1270,9896,2025-10-05 13:33:23+00:00,5,56,Flag,BLUE,Driver,,WAVED BLUE FLAG FOR CAR 5 (BOR) TIMED AT 21:33:23
1270,9896,2025-10-05 13:33:36+00:00,6,56,Flag,BLUE,Driver,,WAVED BLUE FLAG FOR CAR 6 (HAD) TIMED AT 21:33:35
1270,9896,2025-10-05 13:33:57+00:00,6,56,Flag,BLUE,Driver,,WAVED BLUE FLAG FOR CAR 6 (HAD) TIMED AT 21:33:56
1270,9896,2025-10-05 13:34:10+00:00,5,56,Flag,BLUE,Driver,,WAVED BLUE FLAG FOR CAR 5 (BOR) TIMED AT 21:34:09
1270,9896,2025-10-05 13:34:32+00:00,6,57,Flag,BLUE,Driver,,WAVED BLUE FLAG FOR CAR 6 (HAD) TIMED AT 21:34:32
1270,9896,2025-10-05 13:34:44+00:00,5,57,Flag,BLUE,Driver,,WAVED BLUE FLAG FOR CAR 5 (BOR) TIMED AT 21:34:43
1270,9896,2025-10-05 13:34:44+00:00,6,57,Flag,BLUE,Driver,,WAVED BLUE FLAG FOR CAR 6 (HAD) TIMED AT 21:34:43
1270,9896,2025-10-05 13:35:58+00:00,,58,Other,,,,TURN 7 INCIDENT INVOLVING CAR 18 (STR) NOTED - LEAVING THE TRACK AND GAINING AN ADVANTAGE
1270,9896,2025-10-05 13:36:31+00:00,,58,Other,,,,CAR 18 (STR) TIME 1:37.937 DELETED - TRACK LIMITS AT TURN 7 LAP 55 21:33:36
1270,9896,2025-10-05 13:37:29+00:00,,59,Other,,,,CAR 87 (BEA) TIME 1:36.262 DELETED - TRACK LIMITS AT TURN 2 LAP 57 21:35:57
1270,9896,2025-10-05 13:37:33+00:00,87,59,Flag,BLACK AND WHITE,Driver,,BLACK AND WHITE FLAG FOR CAR 87 (BEA) - TRACK LIMITS
1270,9896,2025-10-05 13:38:19+00:00,30,59,Flag,BLUE,Driver,,WAVED BLUE FLAG FOR CAR 30 (LAW) TIMED AT 21:38:19
1270,9896,2025-10-05 13:38:39+00:00,43,59,Flag,BLUE,Driver,,WAVED BLUE FLAG FOR CAR 43 (COL) TIMED AT 21:38:39
1270,9896,2025-10-05 13:41:23+00:00,43,61,Flag,BLUE,Driver,,WAVED BLUE FLAG FOR CAR 43 (COL) TIMED AT 21:41:22
1270,9896,2025-10-05 13:41:44+00:00,,61,Other,,,,FIA STEWARDS: TURN 7 INCIDENT INVOLVING CAR 18 (STR) REVIEWED NO FURTHER INVESTIGATION - LEAVING THE TRACK AND GAINING AN ADVANTAGE
1270,9896,2025-10-05 13:41:50+00:00,27,61,Flag,BLUE,Driver,,WAVED BLUE FLAG FOR CAR 27 (HUL) TIMED AT 21:41:49
1270,9896,2025-10-05 13:43:05+00:00,,62,Other,,,,CAR 43 (COL) TIME 1:40.213 DELETED - TRACK LIMITS AT TURN 2 LAP 60 21:41:28
1270,9896,2025-10-05 13:43:08+00:00,,62,Other,,,,CAR 16 (LEC) TIME 1:41.327 DELETED - TRACK LIMITS AT TURN 2 LAP 61 21:41:27
1270,9896,2025-10-05 13:43:28+00:00,,62,Other,,,,CAR 44 (HAM) TIME 1:40.466 DELETED - TRACK LIMITS AT TURN 2 LAP 60 21:41:28
1270,9896,2025-10-05 13:43:54+00:00,,62,Flag,CHEQUERED,Track,,CHEQUERED FLAG
1270,9896,2025-10-05 13:43:54.711000+00:00,,62,SessionStatus,,,,SESSION FINISHED
1270,9896,2025-10-05 13:43:58+00:00,,62,Other,,,,CAR 44 (HAM) TIME 2:08.668 DELETED - TRACK LIMITS AT TURN 5 LAP 61 21:41:41
1270,9896,2025-10-05 13:44:05+00:00,,62,Other,,,,CAR 44 (HAM) TIME 1:40.466 DELETED - TRACK LIMITS AT TURN 17 LAP 60 21:41:07
1270,9896,2025-10-05 13:44:09+00:00,44,62,Flag,BLACK AND WHITE,Driver,,BLACK AND WHITE FLAG FOR CAR 44 (HAM) - TRACK LIMITS
1270,9896,2025-10-05 13:44:13+00:00,,62,Other,,,,CAR 44 (HAM) TIME 1:40.466 DELETED - TRACK LIMITS AT TURN 16 LAP 60 21:41:05
1270,9896,2025-10-05 13:44:46+00:00,,62,Other,,,,INCIDENT INVOLVING CAR 44 (HAM) NOTED - TRACK LIMITS
1270,9896,2025-10-05 13:47:52+00:00,,62,Other,,,,ALL PASS HOLDERS MAY ACCESS THE PIT LANE
1270,9896,2025-10-05 13:48:52+00:00,,62,Other,,,,FIA STEWARDS: INCIDENT INVOLVING CAR 44 (HAM) WILL BE INVESTIGATED AFTER THE RACE - TRACK LIMITS
1271,9888,2025-10-19 18:20:01+00:00,,1,Flag,GREEN,Track,,GREEN LIGHT - PIT EXIT OPEN
1271,9888,2025-10-19 18:30:01+00:00,,1,Other,,,,PIT EXIT CLOSED
1271,9888,2025-10-19 18:45:06+00:00,,1,Other,,,,RISK OF RAIN FOR F1 RACE IS 0%
1271,9888,2025-10-19 18:57:05+00:00,,1,Drs,,,,DRS DISABLED
1271,9888,2025-10-19 19:03:39.891000+00:00,,1,SessionStatus,,,,SESSION STARTED
1271,9888,2025-10-19 19:03:40+00:00,,1,Flag,GREEN,Track,,GREEN LIGHT - PIT EXIT OPEN
1271,9888,2025-10-19 19:04:55+00:00,,1,Flag,DOUBLE YELLOW,Sector,14,DOUBLE YELLOW IN TRACK SECTOR 14
1271,9888,2025-10-19 19:05:04+00:00,,1,Flag,CLEAR,Sector,14,CLEAR IN TRACK SECTOR 14
1271,9888,2025-10-19 19:05:36+00:00,,2,Drs,,,,DRS ENABLED
1271,9888,2025-10-19 19:06:51+00:00,,2,Other,,,,TURN 12 INCIDENT INVOLVING CARS 23 (ALB) AND 5 (BOR) NOTED - CAUSING A COLLISION
1271,9888,2025-10-19 19:08:26+00:00,,3,Other,,,,FIA STEWARDS: TURN 12 INCIDENT INVOLVING CARS 23 (ALB) AND 5 (BOR) REVIEWED NO FURTHER INVESTIGATION - CAUSING A COLLISION
1271,9888,2025-10-19 19:10:47+00:00,,5,Other,,,,CAR 81 (PIA) TIME 1:40.371 DELETED - TRACK LIMITS AT TURN 9 LAP 3 14:07:39
1271,9888,2025-10-19 19:10:48+00:00,,5,Other,,,,CAR 6 (HAD) TIME 1:43.071 DELETED - TRACK LIMITS AT TURN 19 LAP 3 14:08:49
1271,9888,2025-10-19 19:11:20+00:00,,5,Other,,,,CAR 6 (HAD) TIME 1:44.189 DELETED - TRACK LIMITS AT TURN 12 LAP 2 14:06:38
1271,9888,2025-10-19 19:11:33+00:00,,5,Other,,,,CAR 5 (BOR) TIME 1:42.033 DELETED - TRACK LIMITS AT TURN 12 LAP 3 14:08:17
1271,9888,2025-10-19 19:12:21+00:00,,6,Other,,,,CAR 6 (HAD) TIME 1:43.071 DELETED - TRACK LIMITS AT TURN 12 LAP 3 14:08:21
1271,9888,2025-10-19 19:12:35+00:00,6,6,Flag,BLACK AND WHITE,Driver,,BLACK AND WHITE FLAG FOR CAR 6 (HAD) - TRACK LIMITS
1271,9888,2025-10-19 19:12:52+00:00,,6,Other,,,,CAR 31 (OCO) TIME 1:43.038 DELETED - TRACK LIMITS AT TURN 12 LAP 3 14:08:19
1271,9888,2025-10-19 19:12:53+00:00,,6,Other,,,,CAR 12 (ANT) TIME 1:40.784 DELETED - TRACK LIMITS AT TURN 12 LAP 4 14:09:52
1271,9888,2025-10-19 19:13:06+00:00,,6,Other,,,,CAR 43 (COL) TIME 1:41.843 DELETED - TRACK LIMITS AT TURN 12 LAP 4 14:10:01
1271,9888,2025-10-19 19:13:22+00:00,,6,Other,,,,INCIDENT INVOLVING CAR 31 (OCO) NOTED - FALSE START - MOVING BEFORE SIGNAL
1271,9888,2025-10-19 19:13:30+00:00,,6,Flag,YELLOW,Sector,16,YELLOW IN TRACK SECTOR 16
1271,9888,2025-10-19 19:13:59+00:00,,7,Flag,CLEAR,Sector,16,CLEAR IN TRACK SECTOR 16
1271,9888,2025-10-19 19:14:00+00:00,,7,Flag,YELLOW,Sector,19,YELLOW IN TRACK SECTOR 19
1271,9888,2025-10-19 19:14:02+00:00,,7,Other,,,,TRACK SURFACE SLIPPERY IN TRACK SECTOR 16
1271,9888,2025-10-19 19:14:35+00:00,,7,SafetyCar,,,,VIRTUAL SAFETY CAR DEPLOYED
1271,9888,2025-10-19 19:14:35+00:00,,7,Flag,CLEAR,Sector,16,CLEAR IN TRACK SECTOR 16
1271,9888,2025-10-19 19:14:48+00:00,,7,Other,,,,CAR 43 (COL) TIME 1:42.734 DELETED - TRACK LIMITS AT TURN 19 LAP 6 14:13:53
1271,9888,2025-10-19 19:15:04+00:00,,7,Flag,DOUBLE YELLOW,Sector,19,DOUBLE YELLOW IN TRACK SECTOR 19
1271,9888,2025-10-19 19:15:10+00:00,,7,Other,,,,CAR 18 (STR) TIME 1:43.008 DELETED - TRACK LIMITS AT TURN 19 LAP 6 14:13:53
1271,9888,2025-10-19 19:16:24+00:00,,8,Other,,,,TURN 15 INCIDENT INVOLVING CARS 12 (ANT) AND 55 (SAI) NOTED - CAUSING A COLLISION
1271,9888,2025-10-19 19:16:41+00:00,,8,Flag,CLEAR,Sector,19,CLEAR IN TRACK SECTOR 19
1271,9888,2025-10-19 19:16:53+00:00,,8,Flag,DOUBLE YELLOW,Sector,16,DOUBLE YELLOW IN TRACK SECTOR 16
1271,9888,2025-10-19 19:17:02+00:00,,8,Flag,CLEAR,Sector,16,CLEAR IN TRACK SECTOR 16
1271,9888,2025-10-19 19:17:48+00:00,,8,Flag,DOUBLE YELLOW,Sector,2,DOUBLE YELLOW IN TRACK SECTOR 2
1271,9888,2025-10-19 19:17:53+00:00,,8,Flag,CLEAR,Sector,2,CLEAR IN TRACK SECTOR 2
1271,9888,2025-10-19 19:17:55+00:00,,8,SafetyCar,,,,VIRTUAL SAFETY CAR ENDING
1271,9888,2025-10-19 19:18:08+00:00,,9,Flag,CLEAR,Track,,TRACK CLEAR
1271,9888,2025-10-19 19:18:09+00:00,,9,Drs,,,,DRS ENABLED
1271,9888,2025-10-19 19:18:38+00:00,,9,Other,,,,FIA STEWARDS: INCIDENT INVOLVING CAR 31 (OCO) REVIEWED NO FURTHER INVESTIGATION - FALSE START - MOVING BEFORE SIGNAL
1271,9888,2025-10-19 19:18:56+00:00,,9,Other,,,,FIA STEWARDS: TURN 15 INCIDENT INVOLVING CARS 12 (ANT) AND 55 (SAI) WILL BE INVESTIGATED AFTER THE RACE - CAUSING A COLLISION
1271,9888,2025-10-19 19:25:35+00:00,,13,Other,,,,CAR 81 (PIA) TIME 1:40.681 DELETED - TRACK LIMITS AT TURN 13 LAP 12 14:24:19
1271,9888,2025-10-19 19:26:44+00:00,,14,Other,,,,CAR 4 (NOR) TIME 1:39.712 DELETED - TRACK LIMITS AT TURN 20 LAP 13 14:26:21
1271,9888,2025-10-19 19:26:52+00:00,,14,Other,,,,CAR 87 (BEA) TIME 1:40.635 DELETED - TRACK LIMITS AT TURN 19 LAP 13 14:26:26
1271,9888,2025-10-19 19:30:09+00:00,,16,Other,,,,CAR 4 (NOR) TIME 1:41.266 DELETED - TRACK LIMITS AT TURN 9 LAP 15 14:28:38
1271,9888,2025-10-19 19:38:08+00:00,,21,Other,,,,CAR 4 (NOR) TIME 1:40.603 DELETED - TRACK LIMITS AT TURN 13 LAP 19 14:35:56
1271,9888,2025-10-19 19:38:17+00:00,4,21,Flag,BLACK AND WHITE,Driver,,BLACK AND WHITE FLAG FOR CAR 4 (NOR) - TRACK LIMITS
1271,9888,2025-10-19 19:38:40+00:00,,21,Other,,,,CAR 14 (ALO) TIME 1:41.455 DELETED - TRACK LIMITS AT TURN 13 LAP 20 14:37:58
1271,9888,2025-10-19 19:39:21+00:00,,21,Other,,,,CAR 12 (ANT) TIME 1:41.225 DELETED - TRACK LIMITS AT TURN 20 LAP 20 14:38:40
1271,9888,2025-10-19 19:39:51+00:00,,22,Other,,,,CAR 16 (LEC) TIME 1:41.601 DELETED - TRACK LIMITS AT TURN 9 LAP 21 14:38:40
1271,9888,2025-10-19 19:44:58+00:00,,25,Other,,,,CAR 44 (HAM) TIME 1:40.418 DELETED - TRACK LIMITS AT TURN 19 LAP 24 14:44:40
1271,9888,2025-10-19 19:56:45+00:00,,32,Other,,,,CAR 23 (ALB) TIME 1:40.263 DELETED - TRACK LIMITS AT TURN 12 LAP 28 14:51:36
1271,9888,2025-10-19 19:56:49+00:00,,32,Other,,,,CAR 63 (RUS) TIME 1:40.988 DELETED - TRACK LIMITS AT TURN 12 LAP 30 14:54:22
1271,9888,2025-10-19 19:57:39+00:00,,32,Other,,,,CAR 5 (BOR) TIME 1:40.752 DELETED - TRACK LIMITS AT TURN 20 LAP 31 14:57:17
1271,9888,2025-10-19 20:01:44+00:00,,35,Flag,YELLOW,Sector,16,YELLOW IN TRACK SECTOR 16
1271,9888,2025-10-19 20:01:51+00:00,,35,Flag,DOUBLE YELLOW,Sector,16,DOUBLE YELLOW IN TRACK SECTOR 16
1271,9888,2025-10-19 20:01:54+00:00,,35,Flag,CLEAR,Sector,16,CLEAR IN TRACK SECTOR 16
1271,9888,2025-10-19 20:04:58+00:00,,37,Other,,,,CAR 87 (BEA) TIME 1:44.003 DELETED - TRACK LIMITS AT TURN 15 LAP 34 15:01:40
1271,9888,2025-10-19 20:05:17+00:00,,37,Other,,,,CAR 23 (ALB) TIME 1:40.831 DELETED - TRACK LIMITS AT TURN 12 LAP 35 15:03:18
1271,9888,2025-10-19 20:06:35+00:00,,38,Other,,,,CAR 5 (BOR) TIME 1:41.645 DELETED - TRACK LIMITS AT TURN 12 LAP 35 15:03:31
1271,9888,2025-10-19 20:06:53+00:00,5,38,Flag,BLACK AND WHITE,Driver,,BLACK AND WHITE FLAG FOR CAR 5 (BOR) - TRACK LIMITS
1271,9888,2025-10-19 20:06:57+00:00,,38,Other,,,,CAR 23 (ALB) LAP DELETED - TRACK LIMITS AT TURN 12 LAP 36 15:04:59 (PIT)
1271,9888,2025-10-19 20:07:03+00:00,,38,Other,,,,CAR 18 (STR) TIME 1:39.827 DELETED - TRACK LIMITS AT TURN 20 LAP 36 15:05:42
1271,9888,2025-10-19 20:07:15+00:00,23,38,Flag,BLACK AND WHITE,Driver,,BLACK AND WHITE FLAG FOR CAR 23 (ALB) - TRACK LIMITS
1271,9888,2025-10-19 20:11:11+00:00,,40,Other,,,,CAR 12 (ANT) TIME 1:39.024 DELETED - TRACK LIMITS AT TURN 9 LAP 39 15:09:43
1271,9888,2025-10-19 20:11:32+00:00,12,41,Flag,BLACK AND WHITE,Driver,,BLACK AND WHITE FLAG FOR CAR 12 (ANT) - TRACK LIMITS
1271,9888,2025-10-19 20:22:24+00:00,,47,Other,,,,CAR 44 (HAM) TIME 1:38.572 DELETED - TRACK LIMITS AT TURN 19 LAP 46 15:21:26
1271,9888,2025-10-19 20:34:11+00:00,5,54,Flag,BLUE,Driver,,WAVED BLUE FLAG FOR CAR 5 (BOR) TIMED AT 15:34:11
1271,9888,2025-10-19 20:34:49+00:00,10,55,Flag,BLUE,Driver,,WAVED BLUE FLAG FOR CAR 10 (GAS) TIMED AT 15:34:49
1271,9888,2025-10-19 20:35:41+00:00,43,55,Flag,BLUE,Driver,,WAVED BLUE FLAG FOR CAR 43 (COL) TIMED AT 15:35:41
1271,9888,2025-10-19 20:35:50+00:00,43,55,Flag,BLUE,Driver,,WAVED BLUE FLAG FOR CAR 43 (COL) TIMED AT 15:35:50
1271,9888,2025-10-19 20:36:01+00:00,43,55,Flag,BLUE,Driver,,WAVED BLUE FLAG FOR CAR 43 (COL) TIMED AT 15:36:01
1271,9888,2025-10-19 20:36:20+00:00,,56,Other,,,,CAR 43 (COL) TIME 1:39.173 DELETED - TRACK LIMITS AT TURN 1 LAP 54 15:34:33
1271,9888,2025-10-19 20:37:40+00:00,,56,Flag,CHEQUERED,Track,,CHEQUERED FLAG
1271,9888,2025-10-19 20:37:40.290000+00:00,,56,SessionStatus,,,,SESSION FINISHED
1271,9888,2025-10-19 20:37:49+00:00,,56,Other,,,,CAR 10 (GAS) TIME 1:42.383 DELETED - TRACK LIMITS AT TURN 1 LAP 54 15:34:34
1271,9888,2025-10-19 20:37:58+00:00,,56,Other,,,,CAR 43 (COL) TIME 1:39.173 WILL BE REINSTATED
1271,9888,2025-10-19 20:38:40+00:00,,56,Other,,,,CAR 22 (TSU) TIME 1:38.845 DELETED - TRACK LIMITS AT TURN 20 LAP 55 15:36:52
1271,9888,2025-10-19 20:40:12+00:00,,56,Other,,,,CAR 44 (HAM) TIME 1:43.194 DELETED - TRACK LIMITS AT TURN 19 LAP 56 15:38:00
1271,9888,2025-10-19 20:40:19+00:00,44,56,Flag,BLACK AND WHITE,Driver,,BLACK AND WHITE FLAG FOR CAR 44 (HAM) - TRACK LIMITS
1271,9888,2025-10-19 20:41:45+00:00,,56,Other,,,,ALL PASS HOLDERS MAY ACCESS THE PIT LANE
1272,9877,2025-10-26 19:20:00+00:00,,1,Flag,GREEN,Track,,GREEN LIGHT - PIT EXIT OPEN
1272,9877,2025-10-26 19:30:00+00:00,,1,Other,,,,PIT EXIT CLOSED
1272,9877,2025-10-26 19:45:02+00:00,,1,Other,,,,RISK OF RAIN FOR F1 RACE IS 0%
1272,9877,2025-10-26 19:57:04+00:00,,1,Drs,,,,DRS DISABLED
1272,9877,2025-10-26 20:03:15.881000+00:00,,1,SessionStatus,,,,SESSION STARTED
1272,9877,2025-10-26 20:03:16+00:00,,1,Flag,GREEN,Track,,GREEN LIGHT - PIT EXIT OPEN
1272,9877,2025-10-26 20:05:11+00:00,,2,Drs,,,,DRS ENABLED
1272,9877,2025-10-26 20:05:45+00:00,,2,Other,,,,LAP 1 TURN 1 INCIDENT NOTED
1272,9877,2025-10-26 20:06:11+00:00,,3,Other,,,,TRACK SURFACE SLIPPERY IN TRACK SECTOR 3
1272,9877,2025-10-26 20:06:48+00:00,,3,Flag,YELLOW,Sector,3,YELLOW IN TRACK SECTOR 3
1272,9877,2025-10-26 20:06:49+00:00,,3,Other,,,,DRS DISABLED IN ZONE 2
1272,9877,2025-10-26 20:06:54+00:00,,3,Flag,DOUBLE YELLOW,Sector,3,DOUBLE YELLOW IN TRACK SECTOR 3
1272,9877,2025-10-26 20:07:20+00:00,,3,Other,,,,TRACK SURFACE SLIPPERY IN TRACK SECTOR 3
1272,9877,2025-10-26 20:09:47+00:00,,5,Flag,CLEAR,Sector,3,CLEAR IN TRACK SECTOR 3
1272,9877,2025-10-26 20:10:50+00:00,,6,Flag,YELLOW,Sector,6,YELLOW IN TRACK SECTOR 6
1272,9877,2025-10-26 20:10:51+00:00,,6,Other,,,,DRS DISABLED IN ZONE 3
1272,9877,2025-10-26 20:10:53+00:00,,6,Other,,,,DRS ENABLED IN ZONE 3
1272,9877,2025-10-26 20:10:53+00:00,,6,Flag,CLEAR,Sector,6,CLEAR IN TRACK SECTOR 6
1272,9877,2025-10-26 20:13:20+00:00,,8,Other,,,,LAP 1 TURN 2 INCIDENT INVOLVING CARS 55 (SAI) AND 14 (ALO) NOTED - LEAVING THE TRACK AND GAINING AN ADVANTAGE
1272,9877,2025-10-26 20:13:39+00:00,,8,Other,,,,TURN 4 INCIDENT INVOLVING CAR 44 (HAM) NOTED - FAILING TO FOLLOW RACE DIRECTORS INSTRUCTIONS – ESCAPE ROAD INSTRUCTIONS
1272,9877,2025-10-26 20:14:21+00:00,,9,Other,,,,FIA STEWARDS: TURN 4 INCIDENT INVOLVING CAR 44 (HAM) UNDER INVESTIGATION - FAILING TO FOLLOW RACE DIRECTORS INSTRUCTIONS – ESCAPE ROAD INSTRUCTIONS
1272,9877,2025-10-26 20:15:06+00:00,,9,Other,,,,CAR 1 (VER) TIME 1:28.329 DELETED - TRACK LIMITS AT TURN 3 LAP 6 14:10:36
1272,9877,2025-10-26 20:15:38+00:00,,9,Other,,,,TURN 1 INCIDENT INVOLVING CARS 1 (VER) AND 44 (HAM) NOTED - CAUSING A COLLISION
1272,9877,2025-10-26 20:16:38+00:00,,10,Other,,,,CAR 44 (HAM) TIME 1:25.860 DELETED - TRACK LIMITS AT TURN 1 LAP 6 14:10:31
1272,9877,2025-10-26 20:17:36+00:00,,11,Other,,,,CAR 44 (HAM) TIME 1:25.860 DELETED - TRACK LIMITS AT TURN 4 LAP 6 14:10:50
1272,9877,2025-10-26 20:19:42+00:00,,12,Other,,,,CAR 1 (VER) TIME 1:28.329 DELETED - TRACK LIMITS AT TURN 5 LAP 6 14:10:50
1272,9877,2025-10-26 20:19:56+00:00,,13,Other,,,,CAR 63 (RUS) TIME 1:28.589 DELETED - TRACK LIMITS AT TURN 5 LAP 6 14:10:55
1272,9877,2025-10-26 20:21:48+00:00,,14,Other,,,,FIA STEWARDS: LAP 1 TURN 2 INCIDENT INVOLVING CARS 55 (SAI) AND 14 (ALO) REVIEWED NO FURTHER INVESTIGATION - LEAVING THE TRACK AND GAINING AN ADVANTAGE
1272,9877,2025-10-26 20:23:08+00:00,,15,Other,,,,TURN 4 INCIDENT INVOLVING CAR 44 (HAM) NOTED - LEAVING THE TRACK AND GAINING AN ADVANTAGE
1272,9877,2025-10-26 20:23:17+00:00,,15,Other,,,,FIA STEWARDS: TURN 4 INCIDENT INVOLVING CAR 44 (HAM) NO FURTHER ACTION - FAILING TO FOLLOW RACE DIRECTORS INSTRUCTIONS – ESCAPE ROAD INSTRUCTIONS
1272,9877,2025-10-26 20:23:21+00:00,,15,Other,,,,FIA STEWARDS: TURN 4 INCIDENT INVOLVING CAR 44 (HAM) UNDER INVESTIGATION - LEAVING THE TRACK AND GAINING AN ADVANTAGE
1272,9877,2025-10-26 20:23:46+00:00,,15,Other,,,,CAR 87 (BEA) TIME 1:25.563 DELETED - TRACK LIMITS AT TURN 8 LAP 6 14:11:08
1272,9877,2025-10-26 20:24:03+00:00,,16,Other,,,,FIA STEWARDS: 10 SECOND TIME PENALTY FOR CAR 44 (HAM) - LEAVING THE TRACK AND GAINING AN ADVANTAGE
1272,9877,2025-10-26 20:29:20+00:00,,19,Other,,,,CAR 55 (SAI) TIME 1:42.516 DELETED - TRACK LIMITS AT TURN 1 LAP 18 14:27:52
1272,9877,2025-10-26 20:29:31+00:00,,20,Other,,,,FIA STEWARDS: TURN 1 INCIDENT INVOLVING CARS 1 (VER) AND 44 (HAM) UNDER INVESTIGATION - CAUSING A COLLISION
1272,9877,2025-10-26 20:31:42+00:00,,21,Other,,,,TURN 3 INCIDENT INVOLVING CAR 1 (VER) NOTED - LEAVING THE TRACK AND GAINING AN ADVANTAGE
1272,9877,2025-10-26 20:32:55+00:00,,22,Other,,,,FIA STEWARDS: TURN 3 INCIDENT INVOLVING CAR 1 (VER) REVIEWED NO FURTHER INVESTIGATION - LEAVING THE TRACK AND GAINING AN ADVANTAGE
1272,9877,2025-10-26 20:34:53+00:00,,23,Other,,,,FIA STEWARDS: TURN 1 INCIDENT INVOLVING CARS 1 (VER) AND 44 (HAM) NO FURTHER ACTION - CAUSING A COLLISION
1272,9877,2025-10-26 20:38:19+00:00,,26,Other,,,,FIA STEWARDS: PENALTY SERVED - 10 SECOND TIME PENALTY FOR CAR 44 (HAM) - LEAVING THE TRACK AND GAINING AN ADVANTAGE
1272,9877,2025-10-26 20:38:54+00:00,,26,Other,,,,INCIDENT INVOLVING CAR 55 (SAI) NOTED - SPEEDING IN THE PIT LANE
1272,9877,2025-10-26 20:38:58+00:00,,26,Other,,,,FIA STEWARDS: INCIDENT INVOLVING CAR 55 (SAI) UNDER INVESTIGATION - SPEEDING IN THE PIT LANE
1272,9877,2025-10-26 20:40:03+00:00,,27,Other,,,,FIA STEWARDS: 5 SECOND TIME PENALTY FOR CAR 55 (SAI) - SPEEDING IN THE PIT LANE
1272,9877,2025-10-26 20:53:56+00:00,10,37,Flag,BLUE,Driver,,WAVED BLUE FLAG FOR CAR 10 (GAS) TIMED AT 14:53:55
1272,9877,2025-10-26 21:03:50+00:00,43,44,Flag,BLUE,Driver,,WAVED BLUE FLAG FOR CAR 43 (COL) TIMED AT 15:03:49
1272,9877,2025-10-26 21:05:40+00:00,,46,Other,,,,CAR 18 (STR) TIME 1:42.462 DELETED - TRACK LIMITS AT TURN 1 LAP 44 15:04:17
1272,9877,2025-10-26 21:10:22+00:00,,49,Other,,,,FIA STEWARDS: PENALTY SERVED - 5 SECOND TIME PENALTY FOR CAR 55 (SAI) - SPEEDING IN THE PIT LANE
1272,9877,2025-10-26 21:11:54+00:00,18,50,Flag,BLUE,Driver,,WAVED BLUE FLAG FOR CAR 18 (STR) TIMED AT 15:11:53
1272,9877,2025-10-26 21:12:04+00:00,18,50,Flag,BLUE,Driver,,WAVED BLUE FLAG FOR CAR 18 (STR) TIMED AT 15:12:03
1272,9877,2025-10-26 21:12:05+00:00,,50,Other,,,,TURN 5 INCIDENT INVOLVING CARS 81 (PIA) AND 31 (OCO) NOTED - CAUSING A COLLISION
1272,9877,2025-10-26 21:12:16+00:00,18,51,Flag,BLUE,Driver,,WAVED BLUE FLAG FOR CAR 18 (STR) TIMED AT 15:12:16
1272,9877,2025-10-26 21:14:57+00:00,,53,Other,,,,INCIDENT INVOLVING CAR 55 (SAI) NOTED - SPEEDING IN THE PIT LANE
1272,9877,2025-10-26 21:15:03+00:00,,53,Other,,,,FIA STEWARDS: INCIDENT INVOLVING CAR 55 (SAI) UNDER INVESTIGATION - SPEEDING IN THE PIT LANE
1272,9877,2025-10-26 21:15:13+00:00,,53,Other,,,,FIA STEWARDS: TURN 5 INCIDENT INVOLVING CARS 81 (PIA) AND 31 (OCO) REVIEWED NO FURTHER INVESTIGATION - CAUSING A COLLISION
1272,9877,2025-10-26 21:19:55+00:00,,56,Other,,,,FIA STEWARDS: DRIVE THROUGH PENALTY FOR CAR 55 (SAI) - SPEEDING IN THE PIT LANE
1272,9877,2025-10-26 21:22:20+00:00,,58,Other,,,,FIA STEWARDS: PENALTY SERVED - DRIVE THROUGH PENALTY FOR CAR 55 (SAI) - SPEEDING IN THE PIT LANE
1272,9877,2025-10-26 21:23:57+00:00,10,59,Flag,BLUE,Driver,,WAVED BLUE FLAG FOR CAR 10 (GAS) TIMED AT 15:23:56
1272,9877,2025-10-26 21:27:53+00:00,10,62,Flag,BLUE,Driver,,WAVED BLUE FLAG FOR CAR 10 (GAS) TIMED AT 15:27:52
1272,9877,2025-10-26 21:31:11+00:00,23,64,Flag,BLUE,Driver,,WAVED BLUE FLAG FOR CAR 23 (ALB) TIMED AT 15:31:11
1272,9877,2025-10-26 21:31:23+00:00,,65,Other,,,,CAR 12 (ANT) TIME 1:20.900 DELETED - TRACK LIMITS AT TURN 14 LAP 62 15:29:12
1272,9877,2025-10-26 21:31:34+00:00,23,65,Flag,BLUE,Driver,,WAVED BLUE FLAG FOR CAR 23 (ALB) TIMED AT 15:31:33
1272,9877,2025-10-26 21:31:52+00:00,6,65,Flag,BLUE,Driver,,WAVED BLUE FLAG FOR CAR 6 (HAD) TIMED AT 15:31:52
1272,9877,2025-10-26 21:31:58+00:00,23,65,Flag,BLUE,Driver,,WAVED BLUE FLAG FOR CAR 23 (ALB) TIMED AT 15:31:57
1272,9877,2025-10-26 21:37:05+00:00,43,69,Flag,BLUE,Driver,,WAVED BLUE FLAG FOR CAR 43 (COL) TIMED AT 15:37:04
1272,9877,2025-10-26 21:37:21+00:00,43,69,Flag,BLUE,Driver,,WAVED BLUE FLAG FOR CAR 43 (COL) TIMED AT 15:37:20
1272,9877,2025-10-26 21:37:36+00:00,43,69,Flag,BLUE,Driver,,WAVED BLUE FLAG FOR CAR 43 (COL) TIMED AT 15:37:36
1272,9877,2025-10-26 21:37:50+00:00,43,69,Flag,BLUE,Driver,,WAVED BLUE FLAG FOR CAR 43 (COL) TIMED AT 15:37:49
1272,9877,2025-10-26 21:37:54+00:00,10,69,Flag,BLUE,Driver,,WAVED BLUE FLAG FOR CAR 10 (GAS) TIMED AT 15:37:53
1272,9877,2025-10-26 21:38:14+00:00,,70,Flag,DOUBLE YELLOW,Sector,14,DOUBLE YELLOW IN TRACK SECTOR 14
1272,9877,2025-10-26 21:38:22+00:00,,70,Flag,YELLOW,Sector,13,YELLOW IN TRACK SECTOR 13
1272,9877,2025-10-26 21:38:23+00:00,,70,Other,,,,DRS DISABLED IN ZONE 1
1272,9877,2025-10-26 21:39:16+00:00,,70,SafetyCar,,,,VIRTUAL SAFETY CAR DEPLOYED
1272,9877,2025-10-26 21:40:42+00:00,,71,Flag,CLEAR,Sector,13,CLEAR IN TRACK SECTOR 13
1272,9877,2025-10-26 21:40:44+00:00,,71,SafetyCar,,,,VIRTUAL SAFETY CAR ENDING
1272,9877,2025-10-26 21:40:47+00:00,,71,Flag,CLEAR,Sector,14,CLEAR IN TRACK SECTOR 14
1272,9877,2025-10-26 21:40:56+00:00,,71,Flag,CLEAR,Track,,TRACK CLEAR
1272,9877,2025-10-26 21:41:13+00:00,,71,Flag,CHEQUERED,Track,,CHEQUERED FLAG
1272,9877,2025-10-26 21:41:14.643000+00:00,,71,SessionStatus,,,,SESSION FINISHED
1272,9877,2025-10-26 21:46:38+00:00,,71,Other,,,,ALL PASS HOLDERS MAY ACCESS THE PIT LANE
1273,9869,2025-11-09 16:16:20+00:00,,1,Other,,,,AWNINGS MAY BE USED
1273,9869,2025-11-09 16:20:01+00:00,,1,Flag,GREEN,Track,,GREEN LIGHT - PIT EXIT OPEN
1273,9869,2025-11-09 16:30:01+00:00,,1,Other,,,,PIT EXIT CLOSED
1273,9869,2025-11-09 16:45:06+00:00,,1,Other,,,,RISK OF RAIN FOR F1 RACE IS 40%
1273,9869,2025-11-09 16:52:51+00:00,,1,Flag,DOUBLE YELLOW,Sector,14,DOUBLE YELLOW IN TRACK SECTOR 14
1273,9869,2025-11-09 16:52:51+00:00,,1,Flag,DOUBLE YELLOW,Sector,15,DOUBLE YELLOW IN TRACK SECTOR 15
1273,9869,2025-11-09 16:52:53+00:00,,1,Other,,,,DRS DISABLED IN ZONE 2
1273,9869,2025-11-09 16:52:55+00:00,,1,Other,,,,DRS ENABLED IN ZONE 2
1273,9869,2025-11-09 16:52:55+00:00,,1,Flag,CLEAR,Sector,14,CLEAR IN TRACK SECTOR 14
1273,9869,2025-11-09 16:52:55+00:00,,1,Flag,CLEAR,Sector,15,CLEAR IN TRACK SECTOR 15
1273,9869,2025-11-09 16:57:08+00:00,,1,Drs,,,,DRS DISABLED
1273,9869,2025-11-09 17:03:14+00:00,,1,Flag,GREEN,Track,,GREEN LIGHT - PIT EXIT OPEN
1273,9869,2025-11-09 17:03:14.078000+00:00,,1,SessionStatus,,,,SESSION STARTED
1273,9869,2025-11-09 17:04:16+00:00,,1,Flag,DOUBLE YELLOW,Sector,11,DOUBLE YELLOW IN TRACK SECTOR 11
1273,9869,2025-11-09 17:04:58+00:00,,2,SafetyCar,,,,SAFETY CAR DEPLOYED
1273,9869,2025-11-09 17:06:18+00:00,,3,Other,,,,RECOVERY VEHICLE ON TRACK AT TURN 10
1273,9869,2025-11-09 17:07:08+00:00,,3,Flag,DOUBLE YELLOW,Sector,10,DOUBLE YELLOW IN TRACK SECTOR 10
1273,9869,2025-11-09 17:09:12+00:00,,4,Flag,CLEAR,Sector,11,CLEAR IN TRACK SECTOR 11
1273,9869,2025-11-09 17:09:53+00:00,,4,Flag,CLEAR,Sector,10,CLEAR IN TRACK SECTOR 10
1273,9869,2025-11-09 17:11:15+00:00,,5,SafetyCar,,,,SAFETY CAR IN THIS LAP
1273,9869,2025-11-09 17:11:42+00:00,,5,Flag,CLEAR,Track,,TRACK CLEAR
1273,9869,2025-11-09 17:12:39+00:00,,6,Flag,YELLOW,Sector,5,YELLOW IN TRACK SECTOR 5
1273,9869,2025-11-09 17:12:49+00:00,,6,Flag,DOUBLE YELLOW,Sector,9,DOUBLE YELLOW IN TRACK SECTOR 9
1273,9869,2025-11-09 17:12:55+00:00,,6,Flag,YELLOW,Sector,9,YELLOW IN TRACK SECTOR 9
1273,9869,2025-11-09 17:13:00+00:00,,6,Flag,CLEAR,Sector,9,CLEAR IN TRACK SECTOR 9
1273,9869,2025-11-09 17:13:05+00:00,,6,Drs,,,,DRS ENABLED
1273,9869,2025-11-09 17:13:07+00:00,,6,Other,,,,DRS DISABLED IN ZONE 1
1273,9869,2025-11-09 17:13:31+00:00,,7,SafetyCar,,,,VIRTUAL SAFETY CAR DEPLOYED
1273,9869,2025-11-09 17:16:26+00:00,,8,SafetyCar,,,,VIRTUAL SAFETY CAR ENDING
1273,9869,2025-11-09 17:16:31+00:00,,8,Flag,CLEAR,Sector,5,CLEAR IN TRACK SECTOR 5
1273,9869,2025-11-09 17:16:38+00:00,,8,Flag,CLEAR,Track,,TRACK CLEAR
1273,9869,2025-11-09 17:16:39+00:00,,8,Drs,,,,DRS ENABLED
1273,9869,2025-11-09 17:17:56+00:00,,10,Other,,,,TURN 8 INCIDENT INVOLVING CARS 22 (TSU) AND 18 (STR) NOTED - CAUSING A COLLISION
1273,9869,2025-11-09 17:18:44+00:00,,10,Other,,,,FIA STEWARDS: TURN 8 INCIDENT INVOLVING CARS 22 (TSU) AND 18 (STR) UNDER INVESTIGATION - CAUSING A COLLISION
1273,9869,2025-11-09 17:19:50+00:00,,11,Other,,,,TURN 1 INCIDENT INVOLVING CARS 81 (PIA) AND 12 (ANT) NOTED - CAUSING A COLLISION
1273,9869,2025-11-09 17:21:01+00:00,,12,Other,,,,FIA STEWARDS: 10 SECOND TIME PENALTY FOR CAR 22 (TSU) - CAUSING A COLLISION
1273,9869,2025-11-09 17:23:20+00:00,,14,Other,,,,LAP 1 TURN 1 INCIDENT INVOLVING CARS 55 (SAI) AND 44 (HAM) NOTED - CAUSING A COLLISION
1273,9869,2025-11-09 17:25:21+00:00,,16,Other,,,,TURN 15 INCIDENT INVOLVING CARS 44 (HAM) AND 43 (COL) NOTED - CAUSING A COLLISION
1273,9869,2025-11-09 17:25:37+00:00,,16,Other,,,,FIA STEWARDS: TURN 1 INCIDENT INVOLVING CARS 81 (PIA) AND 12 (ANT) UNDER INVESTIGATION - CAUSING A COLLISION
1273,9869,2025-11-09 17:26:07+00:00,,16,Other,,,,FIA STEWARDS: 10 SECOND TIME PENALTY FOR CAR 81 (PIA) - CAUSING A COLLISION
1273,9869,2025-11-09 17:26:46+00:00,,17,Other,,,,CAR 12 (ANT) TIME 1:16.547 DELETED - TRACK LIMITS AT TURN 2 LAP 6 14:12:11
1273,9869,2025-11-09 17:27:19+00:00,,17,Other,,,,FIA STEWARDS: LAP 1 TURN 1 INCIDENT INVOLVING CARS 55 (SAI) AND 44 (HAM) REVIEWED NO FURTHER INVESTIGATION - CAUSING A COLLISION
1273,9869,2025-11-09 17:28:16+00:00,,18,Other,,,,FIA STEWARDS: TURN 15 INCIDENT INVOLVING CARS 44 (HAM) AND 43 (COL) UNDER INVESTIGATION - CAUSING A COLLISION
1273,9869,2025-11-09 17:28:58+00:00,,18,Other,,,,CAR 14 (ALO) LAP DELETED - TRACK LIMITS AT TURN 8 LAP 1 14:03:59
1273,9869,2025-11-09 17:38:51+00:00,,26,Other,,,,INCIDENT INVOLVING CAR 22 (TSU) NOTED - FAILING TO SERVE TIME PENALTY CORRECTLY
1273,9869,2025-11-09 17:40:50+00:00,,28,Other,,,,FIA STEWARDS: INCIDENT INVOLVING CAR 22 (TSU) UNDER INVESTIGATION - FAILING TO SERVE TIME PENALTY CORRECTLY
1273,9869,2025-11-09 17:41:27+00:00,,28,Other,,,,FIA STEWARDS: 5 SECOND TIME PENALTY FOR CAR 44 (HAM) - CAUSING A COLLISION
1273,9869,2025-11-09 17:47:45+00:00,,33,Other,,,,FIA STEWARDS: 10 SECOND TIME PENALTY FOR CAR 22 (TSU) - FAILING TO SERVE TIME PENALTY CORRECTLY
1273,9869,2025-11-09 17:50:24+00:00,44,35,Flag,BLUE,Driver,,WAVED BLUE FLAG FOR CAR 44 (HAM) TIMED AT 14:50:23
1273,9869,2025-11-09 17:50:38+00:00,,36,Other,,,,FIA STEWARDS: PENALTY SERVED - 5 SECOND TIME PENALTY FOR CAR 44 (HAM) - CAUSING A COLLISION
1273,9869,2025-11-09 17:54:07+00:00,44,38,Flag,BLUE,Driver,,WAVED BLUE FLAG FOR CAR 44 (HAM) TIMED AT 14:54:07
1273,9869,2025-11-09 17:56:23+00:00,,40,Other,,,,FIA STEWARDS: PENALTY SERVED - 10 SECOND TIME PENALTY FOR CAR 81 (PIA) - CAUSING A COLLISION
1273,9869,2025-11-09 18:08:36+00:00,,50,Other,,,,FIA STEWARDS: PENALTY SERVED - 10 SECOND TIME PENALTY FOR CAR 22 (TSU) - FAILING TO SERVE TIME PENALTY CORRECTLY
1273,9869,2025-11-09 18:35:14+00:00,,71,Flag,CHEQUERED,Track,,CHEQUERED FLAG
1273,9869,2025-11-09 18:35:15.876000+00:00,,71,SessionStatus,,,,SESSION FINISHED
1273,9869,2025-11-09 18:36:20+00:00,,71,Other,,,,TURN 1 INCIDENT INVOLVING CARS 6 (HAD) AND 30 (LAW) NOTED
1273,9869,2025-11-09 18:38:09+00:00,,71,Other,,,,FIA STEWARDS: TURN 1 INCIDENT INVOLVING CARS 6 (HAD) AND 30 (LAW) REVIEWED NO FURTHER INVESTIGATION
1273,9869,2025-11-09 18:38:28+00:00,,71,Other,,,,ALL PASS HOLDERS MAY ACCESS THE PIT LANE
1274,9858,2025-11-23 03:20:00+00:00,,1,Flag,GREEN,Track,,GREEN LIGHT - PIT EXIT OPEN
1274,9858,2025-11-23 03:30:00+00:00,,1,Other,,,,PIT EXIT CLOSED
1274,9858,2025-11-23 03:31:42+00:00,,1,Other,,,,FIA STEWARDS: INCIDENT INVOLVING CAR 4 (NOR) NOTED - FAILING TO FOLLOW RACE DIRECTORS INSTRUCTIONS - MAXIMUM DELTA TIME
1274,9858,2025-11-23 03:32:21+00:00,,1,Flag,DOUBLE YELLOW,Sector,3,DOUBLE YELLOW IN TRACK SECTOR 3
1274,9858,2025-11-23 03:32:22+00:00,,1,Other,,,,DRS DISABLED IN ZONE 1
1274,9858,2025-11-23 03:33:28+00:00,,1,Other,,,,FIA STEWARDS: INCIDENT INVOLVING CAR 4 (NOR) WILL BE INVESTIGATED AFTER THE RACE - FAILING TO FOLLOW RACE DIRECTORS INSTRUCTIONS - MAXIMUM DELTA TIME
1274,9858,2025-11-23 03:34:08+00:00,,1,Other,,,,DRS ENABLED IN ZONE 1
1274,9858,2025-11-23 03:34:08+00:00,,1,Flag,CLEAR,Sector,3,CLEAR IN TRACK SECTOR 3
1274,9858,2025-11-23 03:45:15+00:00,,1,Other,,,,RISK OF RAIN FOR F1 RACE IS 10 %
1274,9858,2025-11-23 03:50:44+00:00,,1,Other,,,,FIA STEWARDS: INCIDENT INVOLVING CAR 4 (NOR) NO FURTHER ACTION - FAILING TO FOLLOW RACE DIRECTORS INSTRUCTIONS - MAXIMUM DELTA TIME
1274,9858,2025-11-23 03:57:06+00:00,,1,Drs,,,,DRS DISABLED
1274,9858,2025-11-23 04:04:08.477000+00:00,,1,SessionStatus,,,,SESSION STARTED
1274,9858,2025-11-23 04:04:09+00:00,,1,Flag,GREEN,Track,,GREEN LIGHT - PIT EXIT OPEN
1274,9858,2025-11-23 04:04:21+00:00,,1,Flag,YELLOW,Sector,2,YELLOW IN TRACK SECTOR 2
1274,9858,2025-11-23 04:04:22+00:00,,1,Flag,DOUBLE YELLOW,Sector,2,DOUBLE YELLOW IN TRACK SECTOR 2
1274,9858,2025-11-23 04:04:34+00:00,,1,Flag,CLEAR,Sector,2,CLEAR IN TRACK SECTOR 2
1274,9858,2025-11-23 04:04:35+00:00,,1,Other,,,,TRACK SURFACE SLIPPERY IN TRACK SECTOR 3
1274,9858,2025-11-23 04:04:39+00:00,,1,Other,,,,TRACK SURFACE SLIPPERY IN TRACK SECTOR 4
1274,9858,2025-11-23 04:04:48+00:00,,1,Other,,,,TRACK SURFACE SLIPPERY IN TRACK SECTOR 2
1274,9858,2025-11-23 04:05:33+00:00,,1,Flag,DOUBLE YELLOW,Sector,2,DOUBLE YELLOW IN TRACK SECTOR 2
1274,9858,2025-11-23 04:05:35+00:00,,1,Flag,CLEAR,Sector,4,CLEAR IN TRACK SECTOR 4
1274,9858,2025-11-23 04:05:49+00:00,,1,Drs,,,,DRS ENABLED
1274,9858,2025-11-23 04:05:51+00:00,,2,Flag,CLEAR,Sector,2,CLEAR IN TRACK SECTOR 2
1274,9858,2025-11-23 04:06:00+00:00,,2,Flag,DOUBLE YELLOW,Sector,2,DOUBLE YELLOW IN TRACK SECTOR 2
1274,9858,2025-11-23 04:07:08+00:00,,2,SafetyCar,,,,VIRTUAL SAFETY CAR DEPLOYED
1274,9858,2025-11-23 04:07:08+00:00,,2,Flag,CLEAR,Sector,3,CLEAR IN TRACK SECTOR 3
1274,9858,2025-11-23 04:07:18+00:00,,2,Flag,DOUBLE YELLOW,Sector,3,DOUBLE YELLOW IN TRACK SECTOR 3
1274,9858,2025-11-23 04:09:21+00:00,,3,Other,,,,TURN 1 INCIDENT INVOLVING CARS 81 (PIA) AND 30 (LAW) NOTED - CAUSING A COLLISION
1274,9858,2025-11-23 04:09:36+00:00,,3,Other,,,,FIA STEWARDS: TURN 1 INCIDENT INVOLVING CARS 81 (PIA) AND 30 (LAW) UNDER INVESTIGATION - CAUSING A COLLISION
1274,9858,2025-11-23 04:09:50+00:00,,3,Flag,CLEAR,Sector,2,CLEAR IN TRACK SECTOR 2
1274,9858,2025-11-23 04:09:51+00:00,,3,Flag,CLEAR,Sector,3,CLEAR IN TRACK SECTOR 3
1274,9858,2025-11-23 04:09:53+00:00,,4,SafetyCar,,,,VIRTUAL SAFETY CAR ENDING
1274,9858,2025-11-23 04:10:06+00:00,,4,Flag,CLEAR,Track,,TRACK CLEAR
1274,9858,2025-11-23 04:10:08+00:00,,4,Drs,,,,DRS ENABLED
1274,9858,2025-11-23 04:10:27+00:00,,4,Other,,,,"TURN 1 INCIDENT INVOLVING CARS 5 (BOR), 43 (COL) AND 18 (STR) NOTED - CAUSING A COLLISION"
1274,9858,2025-11-23 04:11:51+00:00,,5,Other,,,,FIA STEWARDS: TURN 1 INCIDENT INVOLVING CARS 5 (BOR) AND 18 (STR) UNDER INVESTIGATION - CAUSING A COLLISION
1274,9858,2025-11-23 04:15:58+00:00,,7,Other,,,,FIA STEWARDS: TURN 1 INCIDENT INVOLVING CARS 81 (PIA) AND 30 (LAW) NO FURTHER ACTION - CAUSING A COLLISION
1274,9858,2025-11-23 04:18:11+00:00,,9,Other,,,,FIA STEWARDS: TURN 1 INCIDENT INVOLVING CARS 5 (BOR) AND 18 (STR) WILL BE INVESTIGATED AFTER THE RACE - CAUSING A COLLISION
1274,9858,2025-11-23 04:19:02+00:00,,9,Other,,,,INCIDENT INVOLVING CAR 12 (ANT) NOTED - FALSE START - MOVING BEFORE SIGNAL
1274,9858,2025-11-23 04:20:33+00:00,,10,Other,,,,INCIDENT INVOLVING CAR 23 (ALB) NOTED - STARTING PROCEDURE INFRINGEMENT
1274,9858,2025-11-23 04:22:21+00:00,,11,Other,,,,FIA STEWARDS: INCIDENT INVOLVING CAR 12 (ANT) UNDER INVESTIGATION - FALSE START - MOVING BEFORE SIGNAL
1274,9858,2025-11-23 04:27:28+00:00,,14,Other,,,,TRACK SURFACE SLIPPERY IN TRACK SECTOR 17
1274,9858,2025-11-23 04:28:12+00:00,,15,Other,,,,FIA STEWARDS: 5 SECOND TIME PENALTY FOR CAR 12 (ANT) - FALSE START - MOVING BEFORE SIGNAL
1274,9858,2025-11-23 04:29:05+00:00,,15,Other,,,,TURN 14 INCIDENT INVOLVING CARS 23 (ALB) AND 44 (HAM) NOTED - CAUSING A COLLISION
1274,9858,2025-11-23 04:29:40+00:00,,16,SafetyCar,,,,VIRTUAL SAFETY CAR DEPLOYED
1274,9858,2025-11-23 04:29:40+00:00,,16,Flag,CLEAR,Sector,17,CLEAR IN TRACK SECTOR 17
1274,9858,2025-11-23 04:30:05+00:00,,16,Flag,DOUBLE YELLOW,Sector,17,DOUBLE YELLOW IN TRACK SECTOR 17
1274,9858,2025-11-23 04:30:40+00:00,,16,Flag,CLEAR,Sector,17,CLEAR IN TRACK SECTOR 17
1274,9858,2025-11-23 04:30:43+00:00,,16,SafetyCar,,,,VIRTUAL SAFETY CAR ENDING
1274,9858,2025-11-23 04:30:49+00:00,,16,Other,,,,FIA STEWARDS: TURN 14 INCIDENT INVOLVING CARS 23 (ALB) AND 44 (HAM) UNDER INVESTIGATION - CAUSING A COLLISION
1274,9858,2025-11-23 04:30:56+00:00,,16,Flag,CLEAR,Track,,TRACK CLEAR
1274,9858,2025-11-23 04:30:59+00:00,,16,Drs,,,,DRS ENABLED
1274,9858,2025-11-23 04:34:45+00:00,,19,Other,,,,FIA STEWARDS: INCIDENT INVOLVING CAR 23 (ALB) UNDER INVESTIGATION - STARTING PROCEDURE INFRINGEMENT
1274,9858,2025-11-23 04:36:49+00:00,,20,Other,,,,FIA STEWARDS: 5 SECOND TIME PENALTY FOR CAR 23 (ALB) - CAUSING A COLLISION
1274,9858,2025-11-23 04:38:01+00:00,,21,Other,,,,FIA STEWARDS: REPRIMAND (DRIVING) FOR CAR 23 (ALB) - STARTING PROCEDURE INFRINGEMENT
1274,9858,2025-11-23 05:02:02+00:00,23,36,Flag,BLUE,Driver,,WAVED BLUE FLAG FOR CAR 23 (ALB) TIMED AT 21:02:02
1274,9858,2025-11-23 05:02:10+00:00,23,36,Flag,BLUE,Driver,,WAVED BLUE FLAG FOR CAR 23 (ALB) TIMED AT 21:02:09
1274,9858,2025-11-23 05:04:26+00:00,,37,Other,,,,FIA STEWARDS: PENALTY SERVED - 5 SECOND TIME PENALTY FOR CAR 23 (ALB) - CAUSING A COLLISION
1274,9858,2025-11-23 05:17:22+00:00,43,45,Flag,BLUE,Driver,,WAVED BLUE FLAG FOR CAR 43 (COL) TIMED AT 21:17:21
1274,9858,2025-11-23 05:22:21+00:00,30,49,Flag,BLUE,Driver,,WAVED BLUE FLAG FOR CAR 30 (LAW) TIMED AT 21:22:21
1274,9858,2025-11-23 05:25:17+00:00,,50,Flag,CHEQUERED,Track,,CHEQUERED FLAG
1274,9858,2025-11-23 05:25:17.174000+00:00,,50,SessionStatus,,,,SESSION FINISHED
1274,9858,2025-11-23 05:29:18+00:00,,50,Other,,,,ALL PASS HOLDERS MAY ACCESS THE PIT LANE
1275,9850,2025-11-30 15:05:38+00:00,,1,Other,,,,PINK HEAD PADDING MATERIAL MUST BE USED
1275,9850,2025-11-30 15:20:01+00:00,,1,Flag,GREEN,Track,,GREEN LIGHT - PIT EXIT OPEN
1275,9850,2025-11-30 15:30:01+00:00,,1,Other,,,,PIT EXIT CLOSED
1275,9850,2025-11-30 15:45:07+00:00,,1,Other,,,,RISK OF RAIN FOR F1 RACE IS 0%
1275,9850,2025-11-30 15:57:04+00:00,,1,Drs,,,,DRS DISABLED
1275,9850,2025-11-30 16:03:27+00:00,,1,Flag,GREEN,Track,,GREEN LIGHT - PIT EXIT OPEN
1275,9850,2025-11-30 16:03:27.172000+00:00,,1,SessionStatus,,,,SESSION STARTED
1275,9850,2025-11-30 16:05:21+00:00,,2,Drs,,,,DRS ENABLED
1275,9850,2025-11-30 16:06:52+00:00,,3,Other,,,,CAR 22 (TSU) TIME 1:29.251 DELETED - TRACK LIMITS AT TURN 10 LAP 2 19:05:58
1275,9850,2025-11-30 16:07:58+00:00,,4,Other,,,,TURN 14 INCIDENT INVOLVING CAR 10 (GAS) NOTED - REJOINING UNSAFELY
1275,9850,2025-11-30 16:10:01+00:00,,5,Other,,,,CAR 12 (ANT) TIME 1:27.737 DELETED - TRACK LIMITS AT TURN 10 LAP 3 19:07:18
1275,9850,2025-11-30 16:10:31+00:00,,5,Other,,,,CAR 10 (GAS) TIME 1:29.291 DELETED - TRACK LIMITS AT TURN 14 LAP 2 19:06:12
1275,9850,2025-11-30 16:11:00+00:00,10,6,Flag,BLACK AND WHITE,Driver,,BLACK AND WHITE FLAG FOR CAR 10 (GAS) - REJOINING UNSAFELY
1275,9850,2025-11-30 16:12:12+00:00,,7,Other,,,,INCIDENT INVOLVING CAR 31 (OCO) NOTED - FALSE START - MOVING BEFORE SIGNAL
1275,9850,2025-11-30 16:12:45+00:00,,7,Flag,DOUBLE YELLOW,Sector,4,DOUBLE YELLOW IN TRACK SECTOR 4
1275,9850,2025-11-30 16:12:59+00:00,,7,Flag,YELLOW,Sector,3,YELLOW IN TRACK SECTOR 3
1275,9850,2025-11-30 16:13:00+00:00,,7,Other,,,,DRS DISABLED IN ZONE 1
1275,9850,2025-11-30 16:13:01+00:00,,7,SafetyCar,,,,SAFETY CAR DEPLOYED
1275,9850,2025-11-30 16:14:24+00:00,,8,Other,,,,FIA STEWARDS: INCIDENT INVOLVING CAR 31 (OCO) UNDER INVESTIGATION - FALSE START - MOVING BEFORE SIGNAL
1275,9850,2025-11-30 16:14:53+00:00,,8,Other,,,,RECOVERY VEHICLE ON TRACK AT TURN 2
1275,9850,2025-11-30 16:15:12+00:00,,8,Other,,,,FIA STEWARDS: 5 SECOND TIME PENALTY FOR CAR 31 (OCO) - FALSE START - MOVING BEFORE SIGNAL
1275,9850,2025-11-30 16:17:53+00:00,,9,Flag,CLEAR,Sector,3,CLEAR IN TRACK SECTOR 3
1275,9850,2025-11-30 16:18:51+00:00,,10,Other,,,,TURN 2 INCIDENT INVOLVING CARS 10 (GAS) AND 27 (HUL) NOTED - CAUSING A COLLISION
1275,9850,2025-11-30 16:19:03+00:00,,10,Other,,,,FIA STEWARDS: TURN 2 INCIDENT INVOLVING CARS 10 (GAS) AND 27 (HUL) UNDER INVESTIGATION - CAUSING A COLLISION
1275,9850,2025-11-30 16:20:02+00:00,,10,Flag,CLEAR,Sector,4,CLEAR IN TRACK SECTOR 4
1275,9850,2025-11-30 16:20:04+00:00,,10,SafetyCar,,,,SAFETY CAR IN THIS LAP
1275,9850,2025-11-30 16:20:49+00:00,,10,Flag,CLEAR,Track,,TRACK CLEAR
1275,9850,2025-11-30 16:22:38+00:00,,12,Other,,,,INCIDENT INVOLVING CAR 31 (OCO) NOTED - FAILING TO SERVE TIME PENALTY CORRECTLY
1275,9850,2025-11-30 16:22:41+00:00,,12,Other,,,,CAR 4 (NOR) TIME 1:25.639 DELETED - TRACK LIMITS AT TURN 10 LAP 11 19:21:51
1275,9850,2025-11-30 16:22:50+00:00,,12,Drs,,,,DRS ENABLED
1275,9850,2025-11-30 16:23:54+00:00,,13,Other,,,,FIA STEWARDS: TURN 2 INCIDENT INVOLVING CARS 10 (GAS) AND 27 (HUL) NO FURTHER ACTION - CAUSING A COLLISION
1275,9850,2025-11-30 16:24:04+00:00,,13,Other,,,,FIA STEWARDS: INCIDENT INVOLVING CAR 31 (OCO) REVIEWED NO FURTHER INVESTIGATION - FAILING TO SERVE TIME PENALTY CORRECTLY
1275,9850,2025-11-30 16:24:19+00:00,,13,Other,,,,CAR 23 (ALB) TIME 1:28.247 DELETED - TRACK LIMITS AT TURN 10 LAP 11 19:21:58
1275,9850,2025-11-30 16:25:36+00:00,,14,Other,,,,CAR 23 (ALB) TIME 1:28.153 DELETED - TRACK LIMITS AT TURN 10 LAP 13 19:24:54
1275,9850,2025-11-30 16:29:07+00:00,,16,Other,,,,INCIDENT INVOLVING CAR 18 (STR) NOTED - YELLOW FLAG INFRINGEMENT
1275,9850,2025-11-30 16:29:18+00:00,,16,Other,,,,INCIDENT INVOLVING CAR 5 (BOR) NOTED - YELLOW FLAG INFRINGEMENT
1275,9850,2025-11-30 16:29:27+00:00,,16,Other,,,,INCIDENT INVOLVING CAR 23 (ALB) NOTED - YELLOW FLAG INFRINGEMENT
1275,9850,2025-11-30 16:31:32+00:00,,18,Other,,,,CAR 22 (TSU) TIME 1:27.857 DELETED - TRACK LIMITS AT TURN 10 LAP 17 19:30:45
1275,9850,2025-11-30 16:32:47+00:00,,19,Other,,,,FIA STEWARDS: INCIDENT INVOLVING CAR 18 (STR) REVIEWED NO FURTHER INVESTIGATION - YELLOW FLAG INFRINGEMENT
1275,9850,2025-11-30 16:33:01+00:00,,19,Other,,,,FIA STEWARDS: INCIDENT INVOLVING CAR 5 (BOR) REVIEWED NO FURTHER INVESTIGATION - YELLOW FLAG INFRINGEMENT
1275,9850,2025-11-30 16:33:37+00:00,,19,Other,,,,FIA STEWARDS: INCIDENT INVOLVING CAR 23 (ALB) REVIEWED NO FURTHER INVESTIGATION - YELLOW FLAG INFRINGEMENT
1275,9850,2025-11-30 16:35:54+00:00,,21,Other,,,,CAR 30 (LAW) TIME 1:27.374 DELETED - TRACK LIMITS AT TURN 8 LAP 20 19:35:02
1275,9850,2025-11-30 16:35:56+00:00,,21,Other,,,,CAR 23 (ALB) TIME 1:27.586 DELETED - TRACK LIMITS AT TURN 10 LAP 20 19:35:08
1275,9850,2025-11-30 16:36:07+00:00,23,21,Flag,BLACK AND WHITE,Driver,,BLACK AND WHITE FLAG FOR CAR 23 (ALB) - TRACK LIMITS
1275,9850,2025-11-30 16:43:53+00:00,,26,Other,,,,INCIDENT INVOLVING CAR 18 (STR) NOTED - SPEEDING IN THE PIT LANE
1275,9850,2025-11-30 16:43:59+00:00,,27,Other,,,,FIA STEWARDS: INCIDENT INVOLVING CAR 18 (STR) UNDER INVESTIGATION - SPEEDING IN THE PIT LANE
1275,9850,2025-11-30 16:44:48+00:00,,27,Other,,,,FIA STEWARDS: 5 SECOND TIME PENALTY FOR CAR 18 (STR) - SPEEDING IN THE PIT LANE
1275,9850,2025-11-30 16:48:45+00:00,,30,Other,,,,CAR 4 (NOR) TIME 1:25.020 DELETED - TRACK LIMITS AT TURN 10 LAP 29 19:48:01
1275,9850,2025-11-30 16:51:45+00:00,,32,Other,,,,CAR 63 (RUS) TIME 1:26.633 DELETED - TRACK LIMITS AT TURN 10 LAP 31 19:51:03
1275,9850,2025-11-30 16:54:53+00:00,,34,Other,,,,INCIDENT INVOLVING CAR 87 (BEA) NOTED - UNSAFE CONDITION
1275,9850,2025-11-30 16:56:32+00:00,,35,Other,,,,FIA STEWARDS: INCIDENT INVOLVING CAR 87 (BEA) UNDER INVESTIGATION - UNSAFE CONDITION
1275,9850,2025-11-30 16:57:08+00:00,,36,Other,,,,INCIDENT INVOLVING CAR 22 (TSU) NOTED - UNSAFE RELEASE
1275,9850,2025-11-30 16:59:35+00:00,,37,Other,,,,FIA STEWARDS: INCIDENT INVOLVING CAR 22 (TSU) REVIEWED NO FURTHER INVESTIGATION - UNSAFE RELEASE
1275,9850,2025-11-30 17:00:23+00:00,,38,Other,,,,CAR 63 (RUS) TIME 1:25.297 DELETED - TRACK LIMITS AT TURN 10 LAP 36 19:58:38
1275,9850,2025-11-30 17:03:08+00:00,,40,Other,,,,FIA STEWARDS: 10 SECOND STOP/GO PENALTY FOR CAR 87 (BEA) - UNSAFE CONDITION
1275,9850,2025-11-30 17:07:52+00:00,,43,Other,,,,CAR 63 (RUS) TIME 1:26.070 DELETED - TRACK LIMITS AT TURN 1 LAP 42 20:06:33
1275,9850,2025-11-30 17:10:33+00:00,63,45,Flag,BLACK AND WHITE,Driver,,BLACK AND WHITE FLAG FOR CAR 63 (RUS) - TRACK LIMITS
1275,9850,2025-11-30 17:11:52+00:00,,46,Other,,,,FIA STEWARDS: PENALTY SERVED - 10 SECOND STOP/GO PENALTY FOR CAR 87 (BEA) - UNSAFE CONDITION
1275,9850,2025-11-30 17:15:35+00:00,,49,Other,,,,CAR 43 (COL) TIME 1:25.985 DELETED - TRACK LIMITS AT TURN 10 LAP 47 20:14:40
1275,9850,2025-11-30 17:17:43+00:00,,50,Other,,,,CAR 6 (HAD) TIME 1:24.325 DELETED - TRACK LIMITS AT TURN 10 LAP 49 20:17:05
1275,9850,2025-11-30 17:20:41+00:00,,52,Other,,,,FIA STEWARDS: PENALTY SERVED - 5 SECOND TIME PENALTY FOR CAR 18 (STR) - SPEEDING IN THE PIT LANE
1275,9850,2025-11-30 17:22:27+00:00,10,53,Flag,BLUE,Driver,,WAVED BLUE FLAG FOR CAR 10 (GAS) TIMED AT 20:22:26
1275,9850,2025-11-30 17:22:30+00:00,10,54,Flag,BLUE,Driver,,WAVED BLUE FLAG FOR CAR 10 (GAS) TIMED AT 20:22:29
1275,9850,2025-11-30 17:24:05+00:00,31,55,Flag,BLUE,Driver,,WAVED BLUE FLAG FOR CAR 31 (OCO) TIMED AT 20:24:04
1275,9850,2025-11-30 17:24:21+00:00,,55,Other,,,,CAR 81 (PIA) TIME 1:23.889 DELETED - TRACK LIMITS AT TURN 10 LAP 54 20:23:29
1275,9850,2025-11-30 17:24:27+00:00,18,55,Flag,BLUE,Driver,,WAVED BLUE FLAG FOR CAR 18 (STR) TIMED AT 20:24:26
1275,9850,2025-11-30 17:24:43+00:00,43,55,Flag,BLUE,Driver,,WAVED BLUE FLAG FOR CAR 43 (COL) TIMED AT 20:24:43
1275,9850,2025-11-30 17:24:52+00:00,43,55,Flag,BLUE,Driver,,WAVED BLUE FLAG FOR CAR 43 (COL) TIMED AT 20:24:51
1275,9850,2025-11-30 17:24:52+00:00,,55,Other,,,,CAR 16 (LEC) TIME 1:25.109 DELETED - TRACK LIMITS AT TURN 14 LAP 53 20:23:06
1275,9850,2025-11-30 17:25:02+00:00,43,55,Flag,BLUE,Driver,,WAVED BLUE FLAG FOR CAR 43 (COL) TIMED AT 20:25:01
1275,9850,2025-11-30 17:25:53+00:00,,56,Other,,,,TRACK SURFACE SLIPPERY IN TRACK SECTOR 1
1275,9850,2025-11-30 17:25:55+00:00,,56,Other,,,,TRACK SURFACE SLIPPERY IN TRACK SECTOR 2
1275,9850,2025-11-30 17:25:59+00:00,,56,Flag,CLEAR,Sector,1,CLEAR IN TRACK SECTOR 1
1275,9850,2025-11-30 17:26:59+00:00,6,57,Flag,BLUE,Driver,,WAVED BLUE FLAG FOR CAR 6 (HAD) TIMED AT 20:26:59
1275,9850,2025-11-30 17:28:05+00:00,,57,Flag,CHEQUERED,Track,,CHEQUERED FLAG
1275,9850,2025-11-30 17:28:05.592000+00:00,,57,SessionStatus,,,,SESSION FINISHED
1275,9850,2025-11-30 17:28:13+00:00,,57,Other,,,,CAR 12 (ANT) TIME 1:26.977 DELETED - TRACK LIMITS AT TURN 10 LAP 56 20:26:36
1275,9850,2025-11-30 17:28:32+00:00,,57,Other,,,,INCIDENT INVOLVING CAR 6 (HAD) NOTED - UNSAFE CONDITION
1275,9850,2025-11-30 17:30:07+00:00,,57,Other,,,,FIA STEWARDS: INCIDENT INVOLVING CAR 6 (HAD) WILL BE INVESTIGATED AFTER THE RACE - UNSAFE CONDITION
1275,9850,2025-11-30 17:30:39+00:00,,57,Flag,CLEAR,Sector,2,CLEAR IN TRACK SECTOR 2
1275,9850,2025-11-30 17:30:53+00:00,,57,Other,,,,ALL PASS HOLDERS MAY ACCESS THE PIT LANE
1276,9839,2025-12-07 12:20:00+00:00,,1,Flag,GREEN,Track,,GREEN LIGHT - PIT EXIT OPEN
1276,9839,2025-12-07 12:30:00+00:00,,1,Other,,,,PIT EXIT CLOSED
1276,9839,2025-12-07 12:45:02+00:00,,1,Other,,,,RISK OF RAIN FOR F1 RACE IS 0%
1276,9839,2025-12-07 12:51:46+00:00,,1,Flag,DOUBLE YELLOW,Sector,14,DOUBLE YELLOW IN TRACK SECTOR 14
1276,9839,2025-12-07 12:51:47+00:00,,1,Other,,,,DRS DISABLED IN ZONE 1
1276,9839,2025-12-07 12:51:59+00:00,,1,Other,,,,DRS ENABLED IN ZONE 1
1276,9839,2025-12-07 12:51:59+00:00,,1,Flag,CLEAR,Sector,14,CLEAR IN TRACK SECTOR 14
1276,9839,2025-12-07 12:57:03+00:00,,1,Drs,,,,DRS DISABLED
1276,9839,2025-12-07 13:03:27.584000+00:00,,1,SessionStatus,,,,SESSION STARTED
1276,9839,2025-12-07 13:03:28+00:00,,1,Flag,GREEN,Track,,GREEN LIGHT - PIT EXIT OPEN
1276,9839,2025-12-07 13:05:07+00:00,,2,Drs,,,,DRS ENABLED
1276,9839,2025-12-07 13:05:29+00:00,,2,Other,,,,INCIDENT INVOLVING CAR 43 (COL) NOTED - STARTING PROCEDURE INFRINGEMENT
1276,9839,2025-12-07 13:06:50+00:00,,3,Other,,,,TURN 7 INCIDENT INVOLVING CARS 44 (HAM) AND 23 (ALB) NOTED - LEAVING THE TRACK AND GAINING AN ADVANTAGE
1276,9839,2025-12-07 13:09:29+00:00,,5,Other,,,,FIA STEWARDS: INCIDENT INVOLVING CAR 43 (COL) REVIEWED NO FURTHER INVESTIGATION - STARTING PROCEDURE INFRINGEMENT
1276,9839,2025-12-07 13:10:25+00:00,,5,Other,,,,TURN 6 INCIDENT INVOLVING CARS 12 (ANT) AND 18 (STR) NOTED - LEAVING THE TRACK AND GAINING AN ADVANTAGE
1276,9839,2025-12-07 13:10:33+00:00,,5,Other,,,,CAR 30 (LAW) TIME 1:30.661 DELETED - TRACK LIMITS AT TURN 1 LAP 4 17:08:15
1276,9839,2025-12-07 13:10:34+00:00,,5,Other,,,,CAR 27 (HUL) TIME 1:30.573 DELETED - TRACK LIMITS AT TURN 1 LAP 4 17:08:19
1276,9839,2025-12-07 13:11:44+00:00,,6,Other,,,,CAR 10 (GAS) TIME 1:32.010 DELETED - TRACK LIMITS AT TURN 6 LAP 2 17:05:53
1276,9839,2025-12-07 13:12:03+00:00,,6,Other,,,,TURN 5 INCIDENT INVOLVING CARS 10 (GAS) AND 27 (HUL) NOTED - CAUSING A COLLISION
1276,9839,2025-12-07 13:12:53+00:00,,7,Other,,,,FIA STEWARDS: TURN 7 INCIDENT INVOLVING CARS 44 (HAM) AND 23 (ALB) REVIEWED NO FURTHER INVESTIGATION - LEAVING THE TRACK AND GAINING AN ADVANTAGE
1276,9839,2025-12-07 13:13:40+00:00,,7,Other,,,,TURN 8 INCIDENT INVOLVING CARS 87 (BEA) AND 30 (LAW) NOTED
1276,9839,2025-12-07 13:14:11+00:00,,8,Other,,,,CAR 30 (LAW) TIME 1:30.219 DELETED - TRACK LIMITS AT TURN 1 LAP 5 17:09:45
1276,9839,2025-12-07 13:14:12+00:00,,8,Other,,,,CAR 44 (HAM) TIME 1:30.229 DELETED - TRACK LIMITS AT TURN 1 LAP 5 17:09:47
1276,9839,2025-12-07 13:14:33+00:00,,8,Other,,,,FIA STEWARDS: TURN 6 INCIDENT INVOLVING CARS 12 (ANT) AND 18 (STR) REVIEWED NO FURTHER INVESTIGATION - LEAVING THE TRACK AND GAINING AN ADVANTAGE
1276,9839,2025-12-07 13:16:01+00:00,,9,Other,,,,CAR 22 (TSU) TIME 1:30.395 DELETED - TRACK LIMITS AT TURN 1 LAP 8 17:14:16
1276,9839,2025-12-07 13:16:30+00:00,,9,Other,,,,FIA STEWARDS: TURN 5 INCIDENT INVOLVING CARS 10 (GAS) AND 27 (HUL) UNDER INVESTIGATION - CAUSING A COLLISION
1276,9839,2025-12-07 13:17:41+00:00,,10,Other,,,,FIA STEWARDS: TURN 5 INCIDENT INVOLVING CARS 10 (GAS) AND 27 (HUL) NO FURTHER ACTION - CAUSING A COLLISION
1276,9839,2025-12-07 13:18:09+00:00,,10,Other,,,,UPDATE: TURN 8 INCIDENT INVOLVING CARS 30 (LAW) AND 87 (BEA) NOTED - DRIVING ERRATICALLY
1276,9839,2025-12-07 13:18:25+00:00,,10,Other,,,,FIA STEWARDS: TURN 8 INCIDENT INVOLVING CARS 30 (LAW) AND 87 (BEA) UNDER INVESTIGATION - DRIVING ERRATICALLY
1276,9839,2025-12-07 13:18:54+00:00,,11,Other,,,,CAR 16 (LEC) TIME 1:29.654 DELETED - TRACK LIMITS AT TURN 1 LAP 9 17:15:39
1276,9839,2025-12-07 13:18:57+00:00,,11,Other,,,,CAR 22 (TSU) TIME 1:30.184 DELETED - TRACK LIMITS AT TURN 1 LAP 9 17:15:46
1276,9839,2025-12-07 13:20:39+00:00,,12,Other,,,,CAR 87 (BEA) TIME 1:30.903 DELETED - TRACK LIMITS AT TURN 1 LAP 11 17:18:49
1276,9839,2025-12-07 13:21:16+00:00,,12,Other,,,,CAR 10 (GAS) TIME 1:31.135 DELETED - TRACK LIMITS AT TURN 1 LAP 11 17:18:54
1276,9839,2025-12-07 13:23:13+00:00,,14,Other,,,,FIA STEWARDS: 5 SECOND TIME PENALTY FOR CAR 30 (LAW) - DRIVING ERRATICALLY
1276,9839,2025-12-07 13:24:52+00:00,,15,Other,,,,CAR 55 (SAI) TIME 1:31.059 DELETED - TRACK LIMITS AT TURN 1 LAP 14 17:23:22
1276,9839,2025-12-07 13:29:47+00:00,,18,Other,,,,CAR 23 (ALB) TIME 1:30.133 DELETED - TRACK LIMITS AT TURN 1 LAP 17 17:28:08
1276,9839,2025-12-07 13:30:57+00:00,,19,Other,,,,TURN 9 INCIDENT INVOLVING CARS 16 (LEC) AND 63 (RUS) NOTED - MOVING UNDER BRAKING
1276,9839,2025-12-07 13:30:59+00:00,,19,Other,,,,CAR 55 (SAI) LAP DELETED - TRACK LIMITS AT TURN 1 LAP 18 17:29:27 (PIT)
1276,9839,2025-12-07 13:32:36+00:00,,20,Other,,,,TURN 6 INCIDENT INVOLVING CARS 30 (LAW) AND 18 (STR) NOTED
1276,9839,2025-12-07 13:32:38+00:00,,20,Other,,,,CAR 12 (ANT) TIME 1:31.119 DELETED - TRACK LIMITS AT TURN 1 LAP 19 17:30:59
1276,9839,2025-12-07 13:32:58+00:00,,20,Other,,,,CAR 23 (ALB) TIME 1:30.047 DELETED - TRACK LIMITS AT TURN 1 LAP 19 17:31:08
1276,9839,2025-12-07 13:34:41+00:00,,21,Other,,,,FIA STEWARDS: TURN 6 INCIDENT INVOLVING CARS 30 (LAW) AND 18 (STR) REVIEWED NO FURTHER INVESTIGATION
1276,9839,2025-12-07 13:35:38+00:00,,22,Other,,,,CAR 30 (LAW) TIME 1:35.813 DELETED - TRACK LIMITS AT TURN 7 LAP 21 17:34:40
1276,9839,2025-12-07 13:37:38+00:00,30,23,Flag,BLACK AND WHITE,Driver,,BLACK AND WHITE FLAG FOR CAR 30 (LAW) - TRACK LIMITS
1276,9839,2025-12-07 13:38:29+00:00,,24,Other,,,,TURN 5 INCIDENT INVOLVING CARS 22 (TSU) AND 4 (NOR) NOTED
1276,9839,2025-12-07 13:40:46+00:00,,25,Other,,,,UPDATE: TURN 5 INCIDENT INVOLVING CARS 22 (TSU) AND 4 (NOR) NOTED - FORCING ANOTHER DRIVER OFF THE TRACK
1276,9839,2025-12-07 13:41:01+00:00,,26,Other,,,,TURN 5 INCIDENT INVOLVING CARS 4 (NOR) AND 22 (TSU) NOTED - LEAVING THE TRACK AND GAINING AN ADVANTAGE
1276,9839,2025-12-07 13:41:21+00:00,,26,Other,,,,FIA STEWARDS: TURN 5 INCIDENT INVOLVING CARS 22 (TSU) AND 4 (NOR) UNDER INVESTIGATION - FORCING ANOTHER DRIVER OFF THE TRACK
1276,9839,2025-12-07 13:41:25+00:00,,26,Other,,,,FIA STEWARDS: TURN 5 INCIDENT INVOLVING CARS 4 (NOR) AND 22 (TSU) UNDER INVESTIGATION - LEAVING THE TRACK AND GAINING AN ADVANTAGE
1276,9839,2025-12-07 13:42:07+00:00,,26,Other,,,,CAR 27 (HUL) TIME 1:30.732 DELETED - TRACK LIMITS AT TURN 1 LAP 22 17:35:35
1276,9839,2025-12-07 13:42:08+00:00,,26,Other,,,,CAR 6 (HAD) TIME 1:30.078 DELETED - TRACK LIMITS AT TURN 6 LAP 23 17:37:47
1276,9839,2025-12-07 13:42:09+00:00,,26,Other,,,,CAR 43 (COL) TIME 1:30.138 DELETED - TRACK LIMITS AT TURN 1 LAP 25 17:40:23
1276,9839,2025-12-07 13:42:26+00:00,,27,Other,,,,CAR 44 (HAM) TIME 1:29.810 DELETED - TRACK LIMITS AT TURN 1 LAP 25 17:40:05
1276,9839,2025-12-07 13:42:34+00:00,,27,Other,,,,FIA STEWARDS: PENALTY SERVED - 5 SECOND TIME PENALTY FOR CAR 30 (LAW) - DRIVING ERRATICALLY
1276,9839,2025-12-07 13:42:47+00:00,,27,Other,,,,CAR 12 (ANT) TIME 1:30.200 DELETED - TRACK LIMITS AT TURN 1 LAP 25 17:40:06
1276,9839,2025-12-07 13:44:35+00:00,,28,Other,,,,CAR 44 (HAM) TIME 1:30.144 DELETED - TRACK LIMITS AT TURN 1 LAP 27 17:43:05
1276,9839,2025-12-07 13:46:38+00:00,,29,Other,,,,FIA STEWARDS: 5 SECOND TIME PENALTY FOR CAR 22 (TSU) - MORE THAN ONE CHANGE OF DIRECTION
1276,9839,2025-12-07 13:47:04+00:00,,30,Other,,,,FIA STEWARDS: TURN 5 INCIDENT INVOLVING CARS 4 (NOR) AND 22 (TSU) NO FURTHER ACTION - LEAVING THE TRACK AND GAINING AN ADVANTAGE
1276,9839,2025-12-07 13:47:27+00:00,,30,Other,,,,CAR 10 (GAS) TIME 1:29.747 DELETED - TRACK LIMITS AT TURN 4 LAP 24 17:38:57
1276,9839,2025-12-07 13:47:51+00:00,,30,Other,,,,CAR 27 (HUL) TIME 1:30.573 DELETED - TRACK LIMITS AT TURN 1 LAP 29 17:46:09
1276,9839,2025-12-07 13:48:09+00:00,,30,Other,,,,CAR 12 (ANT) TIME 1:29.821 DELETED - TRACK LIMITS AT TURN 1 LAP 26 17:41:36
1276,9839,2025-12-07 13:48:31+00:00,,31,Other,,,,CAR 43 (COL) TIME 1:29.652 DELETED - TRACK LIMITS AT TURN 1 LAP 26 17:41:53
1276,9839,2025-12-07 13:48:40+00:00,12,31,Flag,BLACK AND WHITE,Driver,,BLACK AND WHITE FLAG FOR CAR 12 (ANT) - TRACK LIMITS
1276,9839,2025-12-07 13:48:58+00:00,44,31,Flag,BLACK AND WHITE,Driver,,BLACK AND WHITE FLAG FOR CAR 44 (HAM) - TRACK LIMITS
1276,9839,2025-12-07 13:49:07+00:00,10,31,Flag,BLACK AND WHITE,Driver,,BLACK AND WHITE FLAG FOR CAR 10 (GAS) - TRACK LIMITS
1276,9839,2025-12-07 13:49:11+00:00,27,31,Flag,BLACK AND WHITE,Driver,,BLACK AND WHITE FLAG FOR CAR 27 (HUL) - TRACK LIMITS
1276,9839,2025-12-07 13:49:23+00:00,,31,Other,,,,FIA STEWARDS: TURN 9 INCIDENT INVOLVING CARS 16 (LEC) AND 63 (RUS) REVIEWED NO FURTHER INVESTIGATION - MOVING UNDER BRAKING
1276,9839,2025-12-07 13:49:24+00:00,,31,Other,,,,CAR 18 (STR) TIME 1:29.860 DELETED - TRACK LIMITS AT TURN 1 LAP 28 17:44:33
1276,9839,2025-12-07 13:52:09+00:00,,33,Other,,,,CAR 43 (COL) TIME 1:29.915 DELETED - TRACK LIMITS AT TURN 1 LAP 29 17:46:23
1276,9839,2025-12-07 13:52:14+00:00,,33,Other,,,,CAR 81 (PIA) TIME 1:29.119 DELETED - TRACK LIMITS AT TURN 1 LAP 30 17:46:55
1276,9839,2025-12-07 13:52:19+00:00,43,33,Flag,BLACK AND WHITE,Driver,,BLACK AND WHITE FLAG FOR CAR 43 (COL) - TRACK LIMITS
1276,9839,2025-12-07 13:56:37+00:00,,36,Other,,,,FIA STEWARDS: PENALTY SERVED - 5 SECOND TIME PENALTY FOR CAR 22 (TSU) - MORE THAN ONE CHANGE OF DIRECTION
1276,9839,2025-12-07 13:56:54+00:00,,36,Other,,,,INCIDENT INVOLVING CAR 23 (ALB) NOTED - SPEEDING IN THE PIT LANE
1276,9839,2025-12-07 13:59:34+00:00,,38,Other,,,,FIA STEWARDS: INCIDENT INVOLVING CAR 23 (ALB) UNDER INVESTIGATION - SPEEDING IN THE PIT LANE
1276,9839,2025-12-07 14:00:05+00:00,,38,Other,,,,FIA STEWARDS: 5 SECOND TIME PENALTY FOR CAR 23 (ALB) - SPEEDING IN THE PIT LANE
1276,9839,2025-12-07 14:05:41+00:00,,42,Other,,,,CAR 6 (HAD) TIME 1:29.381 DELETED - TRACK LIMITS AT TURN 1 LAP 41 18:04:17
1276,9839,2025-12-07 14:07:04+00:00,,43,Other,,,,CAR 18 (STR) LAP DELETED - TRACK LIMITS AT TURN 1 LAP 42 18:05:33 (PIT)
1276,9839,2025-12-07 14:07:05+00:00,,43,Other,,,,CAR 5 (BOR) TIME 1:30.115 DELETED - TRACK LIMITS AT TURN 1 LAP 39 18:01:09
1276,9839,2025-12-07 14:10:03+00:00,,45,Other,,,,CAR 31 (OCO) TIME 1:29.244 DELETED - TRACK LIMITS AT TURN 1 LAP 44 18:08:37
1276,9839,2025-12-07 14:10:39+00:00,,46,Other,,,,CAR 10 (GAS) TIME 1:28.166 DELETED - TRACK LIMITS AT TURN 4 LAP 44 18:09:18
1276,9839,2025-12-07 14:11:00+00:00,,46,Other,,,,INCIDENT INVOLVING CAR 10 (GAS) NOTED - TRACK LIMITS
1276,9839,2025-12-07 14:11:15+00:00,,46,Other,,,,FIA STEWARDS: INCIDENT INVOLVING CAR 10 (GAS) UNDER INVESTIGATION - TRACK LIMITS
1276,9839,2025-12-07 14:11:25+00:00,,46,Other,,,,FIA STEWARDS: 5 SECOND TIME PENALTY FOR CAR 10 (GAS) - TRACK LIMITS
1276,9839,2025-12-07 14:13:06+00:00,,47,Other,,,,CAR 5 (BOR) TIME 1:29.386 DELETED - TRACK LIMITS AT TURN 1 LAP 46 18:11:39
1276,9839,2025-12-07 14:13:56+00:00,,48,Other,,,,CAR 1 (VER) TIME 1:27.752 DELETED - TRACK LIMITS AT TURN 1 LAP 45 18:09:08
1276,9839,2025-12-07 14:19:26+00:00,,52,Other,,,,CAR 1 (VER) TIME 1:27.983 DELETED - TRACK LIMITS AT TURN 1 LAP 51 18:17:55
1276,9839,2025-12-07 14:22:08+00:00,,53,Other,,,,CAR 16 (LEC) TIME 1:27.550 DELETED - TRACK LIMITS AT TURN 1 LAP 52 18:19:49
1276,9839,2025-12-07 14:22:30+00:00,30,54,Flag,BLUE,Driver,,WAVED BLUE FLAG FOR CAR 30 (LAW) TIMED AT 18:22:29
1276,9839,2025-12-07 14:23:05+00:00,,54,Other,,,,CAR 16 (LEC) TIME 1:27.550 DELETED - TRACK LIMITS AT TURN 6 LAP 52 18:21:52
1276,9839,2025-12-07 14:25:23+00:00,,56,Other,,,,CAR 23 (ALB) TIME 1:28.627 DELETED - TRACK LIMITS AT TURN 1 LAP 53 18:22:15
1276,9839,2025-12-07 14:25:43+00:00,,56,Other,,,,TURN 8 INCIDENT INVOLVING CARS 18 (STR) AND 55 (SAI) NOTED
1276,9839,2025-12-07 14:26:24+00:00,23,56,Flag,BLACK AND WHITE,Driver,,BLACK AND WHITE FLAG FOR CAR 23 (ALB) - TRACK LIMITS
1276,9839,2025-12-07 14:27:28+00:00,43,57,Flag,BLUE,Driver,,WAVED BLUE FLAG FOR CAR 43 (COL) TIMED AT 18:27:28
1276,9839,2025-12-07 14:27:57+00:00,43,57,Flag,BLUE,Driver,,WAVED BLUE FLAG FOR CAR 43 (COL) TIMED AT 18:27:57
1276,9839,2025-12-07 14:28:03+00:00,6,57,Flag,BLUE,Driver,,WAVED BLUE FLAG FOR CAR 6 (HAD) TIMED AT 18:28:02
1276,9839,2025-12-07 14:28:13+00:00,43,58,Flag,BLUE,Driver,,WAVED BLUE FLAG FOR CAR 43 (COL) TIMED AT 18:28:12
1276,9839,2025-12-07 14:28:25+00:00,43,58,Flag,BLUE,Driver,,WAVED BLUE FLAG FOR CAR 43 (COL) TIMED AT 18:28:24
1276,9839,2025-12-07 14:28:33+00:00,43,58,Flag,BLUE,Driver,,WAVED BLUE FLAG FOR CAR 43 (COL) TIMED AT 18:28:32
1276,9839,2025-12-07 14:28:37+00:00,43,58,Flag,BLUE,Driver,,WAVED BLUE FLAG FOR CAR 43 (COL) TIMED AT 18:28:37
1276,9839,2025-12-07 14:28:57+00:00,43,58,Flag,BLUE,Driver,,WAVED BLUE FLAG FOR CAR 43 (COL) TIMED AT 18:28:56
1276,9839,2025-12-07 14:29:35+00:00,,58,Flag,CHEQUERED,Track,,CHEQUERED FLAG
1276,9839,2025-12-07 14:29:35.236000+00:00,,58,SessionStatus,,,,SESSION FINISHED
1276,9839,2025-12-07 14:30:37+00:00,,58,Other,,,,UPDATE: TURN 8 INCIDENT INVOLVING CARS 18 (STR) AND 55 (SAI) NOTED - MORE THAN ONE CHANGE OF DIRECTION
1276,9839,2025-12-07 14:30:48+00:00,,58,Other,,,,FIA STEWARDS: TURN 8 INCIDENT INVOLVING CARS 18 (STR) AND 55 (SAI) UNDER INVESTIGATION - MORE THAN ONE CHANGE OF DIRECTION
1276,9839,2025-12-07 14:32:24+00:00,,58,Other,,,,FIA STEWARDS: 5 SECOND TIME PENALTY FOR CAR 18 (STR) - MORE THAN ONE CHANGE OF DIRECTION
1276,9839,2025-12-07 14:33:54+00:00,,58,Other,,,,TURN 8 INCIDENT INVOLVING CARS 87 (BEA) AND 18 (STR) NOTED - MORE THAN ONE CHANGE OF DIRECTION
1276,9839,2025-12-07 14:34:22+00:00,,58,Other,,,,ALL PASS HOLDERS MAY ACCESS THE PIT LANE
1276,9839,2025-12-07 14:36:32+00:00,,58,Other,,,,FIA STEWARDS: TURN 8 INCIDENT INVOLVING CARS 87 (BEA) AND 18 (STR) UNDER INVESTIGATION - MORE THAN ONE CHANGE OF DIRECTION
1276,9839,2025-12-07 14:38:08+00:00,,58,Other,,,,FIA STEWARDS: 5 SECOND TIME PENALTY FOR CAR 87 (BEA) - MORE THAN ONE CHANGE OF DIRECTION
