meeting_key,session_key,driver_number,stint_number,compound,lap_start,lap_end,tyre_age_at_start
1254,9686,27,1,MEDIUM,1,2,0
1254,9686,6,1,MEDIUM,1,9,0
1254,9686,4,1,MEDIUM,1,8,0
1254,9686,5,1,MEDIUM,1,6,0
1254,9686,10,1,MEDIUM,1,8,0
1254,9686,7,1,MEDIUM,1,11,0
1254,9686,18,1,MEDIUM,1,8,0
1254,9686,22,1,MEDIUM,1,6,0
1254,9686,1,1,MEDIUM,1,8,0
1254,9686,44,1,MEDIUM,1,8,0
1254,9686,16,1,MEDIUM,1,8,0
1254,9686,30,1,MEDIUM,1,8,0
1254,9686,87,1,MEDIUM,1,11,0
1254,9686,81,1,MEDIUM,1,6,0
1254,9686,12,1,MEDIUM,1,7,0
1254,9686,63,1,MEDIUM,1,7,0
1254,9686,27,2,MEDIUM,2,3,1
1254,9686,14,1,MEDIUM,1,8,0
1254,9686,55,1,MEDIUM,1,10,0
1254,9686,31,1,MEDIUM,1,8,0
1254,9686,27,3,MEDIUM,3,4,2
1254,9686,23,1,MEDIUM,1,4,0
1254,9686,22,2,MEDIUM,6,9,5
1254,9686,63,2,MEDIUM,7,11,6
1254,9686,10,2,MEDIUM,8,10,0
1254,9686,12,2,MEDIUM,7,10,6
1254,9686,27,4,MEDIUM,4,8,0
1254,9686,30,2,MEDIUM,8,11,0
1254,9686,6,2,MEDIUM,9,12,8
1254,9686,5,2,MEDIUM,6,7,5
1254,9686,7,2,MEDIUM,11,12,0
1254,9686,81,2,MEDIUM,6,7,5
1254,9686,81,3,MEDIUM,7,12,0
1254,9686,16,2,MEDIUM,8,11,7
1254,9686,4,2,MEDIUM,8,13,7
1254,9686,44,2,MEDIUM,8,11,7
1254,9686,5,3,MEDIUM,7,14,6
1254,9686,22,3,MEDIUM,9,14,8
1254,9686,6,3,MEDIUM,12,17,0
1254,9686,1,2,SOFT,8,11,0
1254,9686,27,5,MEDIUM,8,11,0
1254,9686,23,2,MEDIUM,4,11,3
1254,9686,14,2,MEDIUM,8,15,7
1254,9686,12,3,SOFT,10,14,0
1254,9686,63,3,SOFT,11,17,0
1254,9686,55,2,SOFT,10,16,0
1254,9686,18,2,MEDIUM,8,14,7
1254,9686,10,3,SOFT,10,13,0
1254,9686,30,3,SOFT,11,15,0
1254,9686,1,3,SOFT,11,13,0
1254,9686,31,2,SOFT,8,11,0
1254,9686,16,3,SOFT,11,14,0
1254,9686,87,2,SOFT,11,12,0
1254,9686,12,4,SOFT,14,16,0
1254,9686,44,3,SOFT,11,12,0
1254,9686,10,4,SOFT,13,14,3
1254,9686,22,4,MEDIUM,14,15,13
1254,9686,7,3,SOFT,12,20,0
1254,9686,63,4,MEDIUM,17,26,10
1254,9686,81,4,SOFT,12,20,0
1254,9686,4,3,SOFT,13,21,0
1254,9686,5,4,SOFT,14,22,0
1254,9686,22,5,MEDIUM,15,19,14
1254,9686,30,4,SOFT,15,22,4
1254,9686,44,4,SOFT,12,17,0
1254,9686,12,5,MEDIUM,16,25,9
1254,9686,6,4,MEDIUM,17,21,16
1254,9686,23,3,SOFT,11,14,0
1254,9686,10,5,MEDIUM,14,23,9
1254,9686,55,3,MEDIUM,16,25,9
1254,9686,27,6,SOFT,11,18,0
1254,9686,1,4,MEDIUM,13,21,7
1254,9686,16,4,SOFT,14,21,3
1254,9686,14,3,SOFT,15,23,0
1254,9686,18,3,SOFT,14,20,0
1254,9686,31,3,SOFT,11,16,0
1254,9686,23,4,SOFT,14,18,3
1254,9686,22,6,SOFT,19,23,0
1254,9686,6,5,SOFT,21,25,0
1254,9686,44,5,MEDIUM,17,20,0
1254,9687,5,1,MEDIUM,1,10,0
1254,9687,10,1,MEDIUM,1,9,0
1254,9687,6,1,MEDIUM,1,10,0
1254,9687,4,1,MEDIUM,1,9,0
1254,9687,22,1,MEDIUM,1,7,0
1254,9687,81,1,MEDIUM,1,9,0
1254,9687,14,1,MEDIUM,1,6,0
1254,9687,18,1,MEDIUM,1,6,0
1254,9687,1,1,MEDIUM,1,6,0
1254,9687,30,1,MEDIUM,1,8,0
1254,9687,7,1,MEDIUM,1,10,0
1254,9687,63,1,HARD,1,8,0
1254,9687,12,1,HARD,1,6,0
1254,9687,44,1,MEDIUM,1,6,0
1254,9687,16,1,MEDIUM,1,6,0
1254,9687,27,1,MEDIUM,1,2,0
1254,9687,31,1,MEDIUM,1,10,0
1254,9687,55,1,MEDIUM,1,6,0
1254,9687,27,2,MEDIUM,2,6,1
1254,9687,23,1,MEDIUM,1,9,0
1254,9687,12,2,HARD,6,9,5
1254,9687,16,2,MEDIUM,6,11,0
1254,9687,44,2,MEDIUM,6,11,5
1254,9687,55,2,MEDIUM,6,9,5
1254,9687,30,2,SOFT,8,11,0
1254,9687,18,2,SOFT,6,10,0
1254,9687,14,2,SOFT,6,13,0
1254,9687,63,2,SOFT,8,11,0
1254,9687,4,2,SOFT,9,17,0
1254,9687,12,3,SOFT,9,12,0
1254,9687,22,2,SOFT,7,10,0
1254,9687,6,2,SOFT,10,16,0
1254,9687,10,2,SOFT,9,16,0
1254,9687,31,2,SOFT,10,13,0
1254,9687,81,2,SOFT,9,17,0
1254,9687,55,3,SOFT,9,12,0
1254,9687,5,2,SOFT,10,13,0
1254,9687,16,3,SOFT,11,14,0
1254,9687,30,3,SOFT,11,17,0
1254,9687,1,2,SOFT,6,13,0
1254,9687,23,2,SOFT,9,12,0
1254,9687,44,3,SOFT,11,13,0
1254,9687,63,3,SOFT,11,14,3
1254,9687,7,2,SOFT,10,16,0
1254,9687,18,3,SOFT,10,14,4
1254,9687,12,4,SOFT,12,16,3
1254,9687,27,3,SOFT,6,12,0
1254,9687,31,3,SOFT,13,19,0
1254,9687,55,4,SOFT,12,15,3
1254,9687,5,3,SOFT,13,16,0
1254,9687,44,4,SOFT,13,17,2
1254,9687,16,4,SOFT,14,17,3
1254,9687,23,3,SOFT,12,16,3
1254,9687,22,3,SOFT,10,12,3
1254,9687,63,4,HARD,14,30,7
1254,9687,22,4,MEDIUM,12,29,6
1254,9687,12,5,HARD,16,29,8
1254,9687,55,5,MEDIUM,15,28,8
1254,9687,6,3,SOFT,16,17,6
1254,9687,10,3,SOFT,16,28,0
1254,9687,16,5,MEDIUM,17,32,0
1254,9687,7,3,MEDIUM,16,30,0
1254,9687,14,3,MEDIUM,13,27,5
1254,9687,18,4,MEDIUM,14,28,5
1254,9687,44,5,MEDIUM,17,31,0
1254,9687,6,4,MEDIUM,17,28,0
1254,9687,5,4,SOFT,16,18,6
1254,9687,4,3,MEDIUM,17,28,8
1254,9687,30,4,MEDIUM,17,30,7
1254,9687,23,4,SOFT,16,17,7
1254,9687,81,3,MEDIUM,17,28,8
1254,9687,31,4,MEDIUM,19,31,9
1254,9687,27,4,MEDIUM,12,24,0
1254,9687,23,5,MEDIUM,17,22,8
1254,9687,5,5,MEDIUM,18,29,0
1254,9687,1,3,MEDIUM,13,22,0
1254,9687,23,6,MEDIUM,22,28,0
1254,9687,6,5,SOFT,28,30,0
1254,9687,4,4,SOFT,28,30,8
1254,9687,10,4,MEDIUM,28,30,8
1254,9687,12,6,SOFT,29,31,7
1254,9687,81,4,SOFT,28,30,0
1254,9687,55,6,SOFT,28,30,6
1254,9688,87,1,MEDIUM,1,2,0
1254,9688,44,1,HARD,1,2,0
1254,9688,81,1,HARD,1,2,0
1254,9688,16,1,HARD,1,2,0
1254,9688,6,1,HARD,1,2,0
1254,9688,22,1,HARD,1,2,0
1254,9688,4,1,HARD,1,2,0
1254,9688,44,2,HARD,2,3,0
1254,9688,16,2,HARD,2,2,0
1254,9688,44,3,MEDIUM,3,3,0
1254,9688,31,1,SOFT,1,7,0
1254,9688,7,1,SOFT,1,4,0
1254,9688,18,1,HARD,1,2,0
1254,9688,14,1,HARD,1,2,0
1254,9688,16,3,MEDIUM,3,3,0
1254,9688,18,2,MEDIUM,2,3,0
1254,9688,14,2,MEDIUM,2,3,0
1254,9688,30,1,SOFT,1,2,0
1254,9688,1,1,SOFT,1,4,0
1254,9688,55,1,HARD,1,6,0
1254,9688,5,1,SOFT,1,4,0
1254,9688,7,2,SOFT,4,7,3
1254,9688,4,2,SOFT,2,5,0
1254,9688,12,1,SOFT,1,4,0
1254,9688,18,3,HARD,3,10,0
1254,9688,81,2,SOFT,2,8,0
1254,9688,14,3,HARD,3,10,0
1254,9688,16,4,SOFT,4,4,0
1254,9688,44,4,SOFT,4,7,0
1254,9688,23,1,HARD,1,6,0
1254,9688,16,5,SOFT,5,10,1
1254,9688,10,1,HARD,1,6,0
1254,9688,1,2,SOFT,4,7,0
1254,9688,31,2,SOFT,7,10,0
1254,9688,27,1,SOFT,1,4,0
1254,9688,5,2,SOFT,4,7,0
1254,9688,63,1,SOFT,1,4,0
1254,9688,7,3,SOFT,7,9,6
1254,9688,4,3,SOFT,5,8,3
1254,9688,6,2,HARD,2,9,0
1254,9688,22,2,HARD,2,10,0
1254,9688,12,2,SOFT,4,7,3
1254,9688,55,2,HARD,6,12,5
1254,9688,31,3,SOFT,10,11,0
1254,9688,1,3,SOFT,7,10,6
1254,9688,27,2,SOFT,4,7,0
1254,9688,44,5,SOFT,8,13,0
1254,9688,23,2,HARD,6,10,5
1254,9688,5,3,SOFT,7,10,0
1254,9688,63,2,SOFT,4,6,3
1254,9688,10,2,HARD,6,13,5
1254,9688,16,6,SOFT,10,13,6
1254,9688,12,3,SOFT,7,11,6
1254,9688,27,3,SOFT,7,8,6
1254,9688,63,3,SOFT,6,9,5
1254,9688,18,4,HARD,10,15,0
1254,9688,1,4,SOFT,10,11,9
1254,9688,6,3,SOFT,9,10,0
1254,9688,14,4,HARD,10,12,7
1254,9688,4,4,SOFT,8,11,0
1254,9688,14,5,HARD,12,15,0
1254,9688,23,3,SOFT,10,16,0
1254,9688,55,3,SOFT,12,18,0
1254,9688,1,5,SOFT,11,14,0
1254,9688,81,3,SOFT,8,14,0
1254,9688,4,5,SOFT,11,18,0
1254,9688,63,4,SOFT,9,12,0
1254,9688,5,4,SOFT,10,13,0
1254,9688,12,4,SOFT,11,15,0
1254,9688,10,3,SOFT,13,16,0
1254,9688,7,4,SOFT,9,12,0
1254,9688,44,6,SOFT,13,17,5
1254,9688,6,4,SOFT,10,13,0
1254,9688,16,7,SOFT,13,16,0
1254,9688,22,3,SOFT,10,13,0
1254,9688,27,4,SOFT,8,11,0
1254,9688,5,5,SOFT,13,16,0
1254,9688,18,5,SOFT,15,22,0
1254,9688,31,4,SOFT,11,18,0
1254,9688,14,6,SOFT,15,19,0
1254,9688,10,4,SOFT,16,19,3
1254,9688,7,5,SOFT,12,15,3
1254,9688,16,8,SOFT,16,19,3
1254,9688,1,6,SOFT,14,16,0
1254,9688,23,4,SOFT,16,19,6
1254,9688,63,5,SOFT,12,15,3
1254,9688,12,5,SOFT,15,18,4
1254,9688,6,5,SOFT,13,18,0
1254,9688,55,4,SOFT,18,21,6
1254,9688,27,5,SOFT,11,15,3
1254,9688,44,7,SOFT,17,21,0
1254,9688,22,4,SOFT,13,17,0
1254,9688,10,5,SOFT,19,22,6
1254,9688,14,7,SOFT,19,22,4
1254,9688,7,6,SOFT,15,18,6
1254,9688,16,9,SOFT,19,22,0
1254,9688,1,7,SOFT,16,18,5
1254,9688,23,5,HARD,19,21,0
1254,9688,5,6,SOFT,16,18,6
1254,9688,63,6,SOFT,15,17,6
1254,9688,81,4,SOFT,14,16,6
1254,9688,55,5,SOFT,21,23,11
1254,9688,4,6,SOFT,18,20,7
1254,9688,12,6,SOFT,18,20,7
1254,9689,31,1,SOFT,1,4,0
1254,9689,87,1,SOFT,1,1,0
1254,9689,63,1,MEDIUM,1,4,0
1254,9689,7,1,SOFT,1,7,0
1254,9689,27,1,SOFT,1,4,0
1254,9689,55,1,SOFT,1,7,0
1254,9689,5,1,SOFT,1,3,0
1254,9689,14,1,SOFT,1,4,0
1254,9689,30,1,SOFT,1,4,0
1254,9689,23,1,SOFT,1,7,0
1254,9689,18,1,SOFT,1,4,0
1254,9689,10,1,SOFT,1,7,0
1254,9689,12,1,MEDIUM,1,4,0
1254,9689,16,1,SOFT,1,4,0
1254,9689,44,1,SOFT,1,4,0
1254,9689,4,1,SOFT,1,4,0
1254,9689,81,1,SOFT,1,4,0
1254,9689,1,1,SOFT,1,4,0
1254,9689,5,2,SOFT,3,6,0
1254,9689,6,1,SOFT,1,4,0
1254,9689,63,2,MEDIUM,4,7,3
1254,9689,22,1,SOFT,1,4,0
1254,9689,27,2,SOFT,4,7,3
1254,9689,31,2,SOFT,4,7,0
1254,9689,16,2,SOFT,4,7,0
1254,9689,14,2,SOFT,4,7,0
1254,9689,18,2,SOFT,4,7,0
1254,9689,4,2,SOFT,4,7,3
1254,9689,44,2,SOFT,4,7,3
1254,9689,30,2,SOFT,4,6,0
1254,9689,81,2,SOFT,4,7,3
1254,9689,12,2,SOFT,4,9,0
1254,9689,55,2,SOFT,7,10,0
1254,9689,1,2,SOFT,4,6,3
1254,9689,30,3,SOFT,6,7,0
1254,9689,63,3,SOFT,7,10,0
1254,9689,22,2,SOFT,4,7,0
1254,9689,10,2,SOFT,7,10,0
1254,9689,6,2,SOFT,4,7,0
1254,9689,7,2,SOFT,7,10,0
1254,9689,31,3,SOFT,7,9,0
1254,9689,23,2,SOFT,7,10,0
1254,9689,4,3,SOFT,7,7,0
1254,9689,18,3,SOFT,7,10,0
1254,9689,44,3,SOFT,7,10,6
1254,9689,14,3,SOFT,7,9,0
1254,9689,4,4,SOFT,8,12,6
1254,9689,27,3,SOFT,7,9,0
1254,9689,5,3,SOFT,6,9,0
1254,9689,16,3,SOFT,7,8,0
1254,9689,81,3,SOFT,7,8,0
1254,9689,1,3,SOFT,6,9,0
1254,9689,16,4,SOFT,8,11,7
1254,9689,44,4,SOFT,10,13,3
1254,9689,63,4,SOFT,10,13,3
1254,9689,55,3,SOFT,10,13,0
1254,9689,23,3,SOFT,10,13,0
1254,9689,81,4,SOFT,8,11,0
1254,9689,14,4,SOFT,9,11,2
1254,9689,18,4,SOFT,10,13,3
1254,9689,6,3,SOFT,7,10,0
1254,9689,10,3,SOFT,10,13,0
1254,9689,7,3,SOFT,10,13,3
1254,9689,5,4,SOFT,9,12,3
1254,9689,22,3,SOFT,7,10,0
1254,9689,16,5,SOFT,11,14,0
1254,9689,44,5,SOFT,13,18,0
1254,9689,5,5,SOFT,12,13,0
1254,9689,18,5,SOFT,13,15,0
1254,9689,63,5,SOFT,13,16,0
1254,9689,7,4,SOFT,13,15,0
1254,9689,22,4,SOFT,10,13,0
1254,9689,6,4,SOFT,10,12,0
1254,9689,55,4,SOFT,13,16,0
1254,9689,23,4,SOFT,13,16,0
1254,9689,1,4,SOFT,9,12,3
1254,9689,4,5,SOFT,12,15,3
1254,9689,14,5,SOFT,11,13,0
1254,9689,10,4,SOFT,13,16,0
1254,9689,16,6,SOFT,14,16,3
1254,9689,81,5,SOFT,11,13,3
1254,9689,81,6,SOFT,13,16,0
1254,9689,4,6,SOFT,15,18,0
1254,9689,16,7,SOFT,16,19,0
1254,9689,63,6,SOFT,16,19,0
1254,9689,44,6,SOFT,18,21,6
1254,9689,1,5,SOFT,12,15,0
1254,9689,55,5,SOFT,16,19,0
1254,9689,10,5,SOFT,16,19,3
1254,9689,23,5,SOFT,16,19,3
1254,9689,22,5,SOFT,13,16,3
1254,9689,81,7,SOFT,16,18,0
1254,9689,4,7,SOFT,18,20,0
1254,9689,63,7,SOFT,19,21,0
1254,9689,1,6,SOFT,15,17,0
1254,9689,10,6,SOFT,19,21,0
1254,9689,16,8,SOFT,19,20,2
1254,9689,44,7,SOFT,21,23,0
1254,9689,55,6,SOFT,19,21,0
1254,9689,23,6,SOFT,19,21,0
1254,9689,22,6,SOFT,16,18,0
1254,9693,18,1,INTERMEDIATE,1,2,0
1254,9693,12,1,INTERMEDIATE,1,2,0
1254,9693,14,1,INTERMEDIATE,1,2,0
1254,9693,63,1,INTERMEDIATE,1,2,0
1254,9693,7,1,INTERMEDIATE,,,0
1254,9693,4,1,INTERMEDIATE,1,2,0
1254,9693,27,1,INTERMEDIATE,1,2,0
1254,9693,55,1,INTERMEDIATE,,,0
1254,9693,31,1,INTERMEDIATE,1,2,0
1254,9693,22,1,INTERMEDIATE,1,2,0
1254,9693,10,1,INTERMEDIATE,1,2,0
1254,9693,44,1,INTERMEDIATE,1,2,0
1254,9693,1,1,INTERMEDIATE,1,2,0
1254,9693,6,1,INTERMEDIATE,,,0
1254,9693,23,1,INTERMEDIATE,1,2,0
1254,9693,30,1,INTERMEDIATE,,,0
1254,9693,16,1,INTERMEDIATE,1,2,0
1254,9693,81,1,INTERMEDIATE,1,2,0
1254,9693,87,1,INTERMEDIATE,1,2,0
1254,9693,5,1,INTERMEDIATE,1,2,0
1254,9693,30,2,INTERMEDIATE,,,0
1254,9693,30,3,INTERMEDIATE,1,2,0
1254,9693,4,2,INTERMEDIATE,2,3,0
1254,9693,1,2,INTERMEDIATE,2,3,2
1254,9693,81,2,INTERMEDIATE,2,3,0
1254,9693,63,2,INTERMEDIATE,2,3,2
1254,9693,16,2,INTERMEDIATE,2,3,2
1254,9693,23,2,INTERMEDIATE,2,3,0
1254,9693,22,2,INTERMEDIATE,2,3,2
1254,9693,10,2,INTERMEDIATE,2,3,0
1254,9693,44,2,INTERMEDIATE,2,3,2
1254,9693,14,2,INTERMEDIATE,2,3,2
1254,9693,27,2,INTERMEDIATE,2,3,0
1254,9693,18,2,INTERMEDIATE,2,3,2
1254,9693,5,2,INTERMEDIATE,2,2,0
1254,9693,31,2,INTERMEDIATE,2,3,2
1254,9693,12,2,INTERMEDIATE,2,3,2
1254,9693,30,4,INTERMEDIATE,2,3,2
1254,9693,87,2,INTERMEDIATE,2,2,0
1254,9693,5,3,INTERMEDIATE,3,3,0
1254,9693,87,3,INTERMEDIATE,3,3,0
1254,9693,1,3,INTERMEDIATE,3,4,0
1254,9693,4,3,INTERMEDIATE,3,4,0
1254,9693,81,3,INTERMEDIATE,3,4,0
1254,9693,63,3,INTERMEDIATE,3,4,3
1254,9693,16,3,INTERMEDIATE,3,4,3
1254,9693,22,3,INTERMEDIATE,3,4,0
1254,9693,23,3,INTERMEDIATE,3,4,1
1254,9693,44,3,INTERMEDIATE,3,4,3
1254,9693,14,3,INTERMEDIATE,3,4,3
1254,9693,10,3,INTERMEDIATE,3,4,3
1254,9693,27,3,INTERMEDIATE,3,4,3
1254,9693,18,3,INTERMEDIATE,3,4,3
1254,9693,12,3,INTERMEDIATE,3,4,0
1254,9693,5,4,INTERMEDIATE,3,3,0
1254,9693,31,3,INTERMEDIATE,3,4,3
1254,9693,87,4,INTERMEDIATE,3,3,0
1254,9693,30,5,INTERMEDIATE,3,4,3
1254,9693,5,5,INTERMEDIATE,4,4,3
1254,9693,87,5,INTERMEDIATE,4,4,3
1254,9693,4,4,INTERMEDIATE,4,34,0
1254,9693,1,4,INTERMEDIATE,4,34,0
1254,9693,63,4,INTERMEDIATE,4,34,4
1254,9693,81,4,INTERMEDIATE,4,34,0
1254,9693,22,4,INTERMEDIATE,4,33,0
1254,9693,16,4,INTERMEDIATE,4,34,4
1254,9693,23,4,INTERMEDIATE,4,33,2
1254,9693,44,4,INTERMEDIATE,4,33,4
1254,9693,14,4,INTERMEDIATE,4,32,4
1254,9693,10,4,INTERMEDIATE,4,33,4
1254,9693,27,4,INTERMEDIATE,4,33,4
1254,9693,18,4,INTERMEDIATE,4,33,4
1254,9693,5,6,MEDIUM,4,44,4
1254,9693,12,4,INTERMEDIATE,4,33,4
1254,9693,30,6,INTERMEDIATE,4,33,0
1254,9693,31,4,INTERMEDIATE,4,39,0
1254,9693,87,6,MEDIUM,4,44,0
1254,9693,44,5,HARD,33,47,1
1254,9693,23,5,MEDIUM,33,44,0
1254,9693,22,5,MEDIUM,33,47,0
1254,9693,10,5,HARD,33,46,0
1254,9693,12,5,HARD,33,44,0
1254,9693,18,5,HARD,33,44,1
1254,9693,27,5,MEDIUM,33,44,0
1254,9693,4,5,HARD,34,44,1
1254,9693,81,5,HARD,34,44,1
1254,9693,30,7,MEDIUM,33,46,0
1254,9693,1,5,MEDIUM,34,46,0
1254,9693,63,5,HARD,34,44,0
1254,9693,16,5,HARD,34,47,1
1254,9693,31,5,MEDIUM,39,46,0
1254,9693,4,6,INTERMEDIATE,44,57,0
1254,9693,23,6,INTERMEDIATE,44,57,0
1254,9693,63,6,INTERMEDIATE,44,57,0
1254,9693,18,6,INTERMEDIATE,44,57,0
1254,9693,27,6,INTERMEDIATE,44,57,0
1254,9693,12,6,INTERMEDIATE,44,57,0
1254,9693,5,7,INTERMEDIATE,44,45,0
1254,9693,81,6,INTERMEDIATE,44,57,0
1254,9693,87,7,INTERMEDIATE,44,57,0
1254,9693,1,6,INTERMEDIATE,46,57,0
1254,9693,10,6,INTERMEDIATE,46,57,0
1254,9693,31,6,INTERMEDIATE,46,57,0
1254,9693,44,6,INTERMEDIATE,47,57,0
1254,9693,22,6,INTERMEDIATE,47,57,0
1254,9693,16,6,INTERMEDIATE,47,57,0
1255,9988,87,1,MEDIUM,1,10,0
1255,9988,31,1,MEDIUM,1,11,0
1255,9988,22,1,MEDIUM,1,13,0
1255,9988,6,1,MEDIUM,1,8,0
1255,9988,55,1,MEDIUM,1,11,0
1255,9988,10,1,MEDIUM,1,8,0
1255,9988,7,1,MEDIUM,1,10,0
1255,9988,12,1,MEDIUM,1,10,0
1255,9988,44,1,MEDIUM,1,10,0
1255,9988,1,1,MEDIUM,1,9,0
1255,9988,5,1,MEDIUM,1,7,0
1255,9988,81,1,MEDIUM,1,9,0
1255,9988,16,1,MEDIUM,1,10,0
1255,9988,30,1,MEDIUM,1,11,0
1255,9988,4,1,MEDIUM,1,8,0
1255,9988,23,1,MEDIUM,1,10,0
1255,9988,27,1,MEDIUM,1,6,0
1255,9988,63,1,MEDIUM,1,11,0
1255,9988,14,1,MEDIUM,1,6,0
1255,9988,18,1,MEDIUM,1,6,0
1255,9988,14,2,MEDIUM,6,9,5
1255,9988,18,2,MEDIUM,6,9,5
1255,9988,6,2,MEDIUM,8,11,7
1255,9988,55,2,MEDIUM,11,12,10
1255,9988,5,2,MEDIUM,7,19,6
1255,9988,27,2,MEDIUM,6,11,5
1255,9988,12,2,MEDIUM,10,22,9
1255,9988,1,2,MEDIUM,9,20,8
1255,9988,55,3,MEDIUM,12,20,11
1255,9988,6,3,MEDIUM,11,18,10
1255,9988,23,2,MEDIUM,11,18,0
1255,9988,31,2,MEDIUM,11,18,10
1255,9988,14,3,MEDIUM,9,18,8
1255,9988,44,2,MEDIUM,10,17,9
1255,9988,63,2,MEDIUM,11,21,10
1255,9988,10,2,MEDIUM,9,18,0
1255,9988,4,2,MEDIUM,8,18,7
1255,9988,81,2,MEDIUM,9,19,8
1255,9988,87,2,MEDIUM,10,18,9
1255,9988,18,3,MEDIUM,9,16,8
1255,9988,22,2,MEDIUM,13,19,12
1255,9988,16,2,MEDIUM,10,16,9
1255,9988,7,2,MEDIUM,10,17,9
1255,9988,30,2,MEDIUM,11,18,10
1255,9988,27,3,MEDIUM,11,16,10
1255,9988,23,3,MEDIUM,18,19,17
1255,9988,55,4,MEDIUM,20,20,19
1255,9988,55,5,SOFT,21,24,0
1255,9988,23,4,SOFT,19,22,0
1255,9988,30,3,SOFT,18,23,0
1255,9988,5,3,SOFT,19,24,0
1255,9988,63,3,SOFT,21,24,0
1255,9988,16,3,SOFT,16,21,0
1255,9988,12,3,SOFT,22,25,0
1255,9988,44,3,SOFT,17,20,0
1255,9988,81,3,SOFT,19,24,0
1255,9988,87,3,SOFT,18,23,0
1255,9988,4,3,SOFT,18,23,0
1255,9988,14,4,SOFT,18,21,0
1255,9988,31,3,SOFT,18,23,0
1255,9988,6,4,SOFT,18,23,0
1255,9988,27,4,SOFT,16,21,0
1255,9988,10,3,SOFT,18,21,0
1255,9988,1,3,SOFT,20,22,0
1255,9988,22,3,SOFT,19,23,0
1255,9988,18,4,SOFT,16,19,0
1255,9988,1,4,MEDIUM,22,24,0
1255,9988,63,4,MEDIUM,24,26,20
1255,9988,12,4,MEDIUM,25,27,21
1255,9988,44,4,SOFT,20,22,0
1255,9988,23,5,MEDIUM,22,24,18
1255,9988,14,5,MEDIUM,21,23,17
1255,9988,55,6,MEDIUM,24,26,20
1255,9988,10,4,MEDIUM,21,23,17
1255,9989,12,1,MEDIUM,1,5,0
1255,9989,63,1,MEDIUM,1,9,0
1255,9989,5,1,MEDIUM,1,4,0
1255,9989,22,1,MEDIUM,1,4,0
1255,9989,1,1,MEDIUM,1,4,0
1255,9989,6,1,MEDIUM,1,4,0
1255,9989,10,1,MEDIUM,1,6,0
1255,9989,7,1,MEDIUM,1,6,0
1255,9989,87,1,MEDIUM,1,4,0
1255,9989,31,1,MEDIUM,1,4,0
1255,9989,44,1,MEDIUM,1,4,0
1255,9989,16,1,MEDIUM,1,4,0
1255,9989,55,1,MEDIUM,1,4,0
1255,9989,30,1,MEDIUM,1,5,0
1255,9989,23,1,MEDIUM,1,7,0
1255,9989,4,1,MEDIUM,1,7,0
1255,9989,81,1,MEDIUM,1,5,0
1255,9989,18,1,MEDIUM,1,7,0
1255,9989,14,1,MEDIUM,1,6,0
1255,9989,27,1,MEDIUM,1,4,0
1255,9989,12,2,MEDIUM,5,8,4
1255,9989,55,2,MEDIUM,4,7,3
1255,9989,6,2,MEDIUM,4,7,0
1255,9989,22,2,MEDIUM,4,7,3
1255,9989,5,2,MEDIUM,4,7,0
1255,9989,16,2,MEDIUM,4,7,3
1255,9989,1,2,MEDIUM,4,7,3
1255,9989,87,2,MEDIUM,4,7,3
1255,9989,44,2,MEDIUM,4,7,3
1255,9989,31,2,MEDIUM,4,6,3
1255,9989,27,2,MEDIUM,4,6,3
1255,9989,12,3,MEDIUM,8,15,0
1255,9989,63,2,MEDIUM,9,16,0
1255,9989,5,3,MEDIUM,7,10,0
1255,9989,1,3,MEDIUM,7,10,0
1255,9989,4,2,MEDIUM,7,10,0
1255,9989,81,2,MEDIUM,5,9,0
1255,9989,44,3,MEDIUM,7,13,0
1255,9989,16,3,MEDIUM,7,13,0
1255,9989,55,3,MEDIUM,7,10,0
1255,9989,23,2,MEDIUM,7,11,0
1255,9989,6,3,MEDIUM,7,8,0
1255,9989,22,3,MEDIUM,7,10,0
1255,9989,18,2,MEDIUM,7,10,0
1255,9989,14,2,MEDIUM,6,8,0
1255,9989,87,3,MEDIUM,7,9,0
1255,9989,5,4,MEDIUM,10,12,3
1255,9989,81,3,SOFT,9,13,0
1255,9989,4,3,SOFT,10,13,0
1255,9989,12,4,SOFT,15,17,0
1255,9989,63,3,SOFT,16,18,0
1255,9989,23,3,SOFT,11,14,0
1255,9989,44,4,SOFT,13,15,0
1255,9989,16,4,SOFT,13,15,0
1255,9989,18,3,SOFT,10,12,4
1255,9989,1,4,SOFT,10,12,0
1255,9989,22,4,SOFT,10,12,0
1255,9993,63,1,MEDIUM,1,19,8
1255,9993,5,1,MEDIUM,1,19,6
1255,9993,16,1,MEDIUM,1,19,6
1255,9993,81,1,MEDIUM,1,19,4
1255,9993,23,1,MEDIUM,1,19,4
1255,9993,14,1,MEDIUM,1,19,3
1255,9993,22,1,MEDIUM,1,19,3
1255,9993,18,1,MEDIUM,1,19,3
1255,9993,27,1,MEDIUM,1,19,6
1255,9993,44,1,MEDIUM,1,19,6
1255,9993,4,1,MEDIUM,1,19,3
1255,9993,1,1,MEDIUM,1,19,3
1255,9993,55,1,MEDIUM,1,11,4
1255,9993,6,1,MEDIUM,1,19,2
1255,9993,30,1,MEDIUM,1,19,5
1255,9993,12,1,MEDIUM,1,19,7
1255,9993,31,1,MEDIUM,1,19,6
1255,9993,10,1,MEDIUM,1,19,6
1255,9993,7,1,MEDIUM,1,19,6
1255,9993,87,1,MEDIUM,1,19,3
1255,9993,55,2,MEDIUM,12,19,0
1255,9994,18,1,SOFT,1,4,7
1255,9994,27,1,SOFT,1,4,0
1255,9994,5,1,SOFT,1,4,0
1255,9994,14,1,SOFT,1,4,3
1255,9994,22,1,SOFT,1,3,5
1255,9994,55,1,SOFT,1,4,3
1255,9994,87,1,SOFT,1,4,0
1255,9994,6,1,SOFT,1,3,0
1255,9994,31,1,SOFT,1,4,0
1255,9994,10,1,SOFT,1,4,3
1255,9994,7,1,SOFT,1,3,0
1255,9994,30,1,SOFT,1,3,6
1255,9994,4,1,SOFT,1,4,4
1255,9994,16,1,SOFT,1,4,0
1255,9994,44,1,SOFT,1,4,3
1255,9994,81,1,SOFT,1,4,5
1255,9994,23,1,SOFT,1,3,3
1255,9994,12,1,SOFT,1,4,3
1255,9994,63,1,SOFT,1,4,3
1255,9994,1,1,SOFT,1,4,2
1255,9994,18,2,SOFT,4,7,0
1255,9994,6,2,SOFT,3,6,0
1255,9994,14,2,SOFT,4,7,0
1255,9994,22,2,SOFT,3,6,3
1255,9994,5,2,SOFT,4,7,0
1255,9994,7,2,SOFT,3,6,0
1255,9994,55,2,SOFT,4,7,0
1255,9994,23,2,SOFT,3,6,0
1255,9994,30,2,SOFT,3,6,0
1255,9994,10,2,SOFT,4,7,0
1255,9994,27,2,SOFT,4,7,0
1255,9994,31,2,SOFT,4,7,0
1255,9994,87,2,SOFT,4,7,0
1255,9994,44,2,SOFT,4,10,0
1255,9994,16,2,SOFT,4,10,0
1255,9994,63,2,SOFT,4,10,0
1255,9994,81,2,SOFT,4,9,0
1255,9994,4,2,SOFT,4,10,0
1255,9994,12,2,SOFT,4,10,0
1255,9994,27,3,SOFT,7,10,0
1255,9994,14,3,SOFT,7,10,0
1255,9994,18,3,SOFT,7,10,0
1255,9994,5,3,SOFT,7,9,0
1255,9994,22,3,SOFT,6,9,0
1255,9994,6,3,SOFT,6,9,0
1255,9994,55,3,SOFT,7,10,0
1255,9994,23,3,SOFT,6,9,0
1255,9994,30,3,SOFT,6,8,0
1255,9994,10,3,SOFT,7,9,0
1255,9994,7,3,SOFT,6,8,0
1255,9994,31,3,SOFT,7,10,0
1255,9994,87,3,SOFT,7,8,0
1255,9994,31,4,SOFT,10,13,0
1255,9994,12,3,SOFT,10,13,3
1255,9994,63,3,SOFT,10,13,3
1255,9994,55,4,SOFT,10,13,0
1255,9994,6,4,SOFT,9,12,0
1255,9994,18,4,SOFT,10,13,0
1255,9994,22,4,SOFT,9,12,0
1255,9994,14,4,SOFT,10,13,0
1255,9994,81,3,SOFT,9,12,0
1255,9994,4,3,SOFT,10,13,0
1255,9994,44,3,SOFT,10,13,6
1255,9994,16,3,SOFT,10,13,6
1255,9994,1,2,SOFT,4,7,0
1255,9994,23,4,SOFT,9,12,0
1255,9994,27,4,SOFT,10,13,0
1255,9994,12,4,SOFT,13,17,0
1255,9994,63,4,SOFT,13,16,0
1255,9994,1,3,SOFT,7,10,0
1255,9994,27,5,SOFT,13,15,0
1255,9994,81,4,SOFT,12,15,3
1255,9994,44,4,SOFT,13,16,0
1255,9994,16,4,SOFT,13,16,0
1255,9994,31,5,SOFT,13,15,0
1255,9994,6,5,SOFT,12,15,0
1255,9994,22,5,SOFT,12,15,0
1255,9994,18,5,SOFT,13,15,0
1255,9994,14,5,SOFT,13,15,0
1255,9994,23,5,SOFT,12,15,0
1255,9994,55,5,SOFT,13,15,0
1255,9994,63,5,SOFT,16,20,0
1255,9994,1,4,SOFT,10,13,0
1255,9994,12,5,SOFT,17,20,0
1255,9994,6,6,SOFT,15,18,3
1255,9994,22,6,SOFT,15,18,3
1255,9994,23,6,SOFT,15,18,3
1255,9994,81,5,SOFT,15,18,0
1255,9994,44,5,SOFT,16,19,0
1255,9994,16,5,SOFT,16,19,0
1255,9994,4,4,SOFT,13,16,0
1255,9994,12,6,SOFT,20,22,0
1255,9994,23,7,SOFT,18,20,3
1255,9994,6,7,SOFT,18,20,0
1255,9994,1,5,SOFT,13,15,0
1255,9994,4,5,SOFT,16,17,0
1255,9994,44,6,SOFT,19,21,0
1255,9994,81,6,SOFT,18,20,0
1255,9994,22,7,SOFT,18,19,0
1255,9994,16,6,SOFT,19,21,0
1255,9994,63,6,SOFT,20,22,0
1255,9998,23,1,MEDIUM,1,20,0
1255,9998,14,1,MEDIUM,1,4,5
1255,9998,16,1,MEDIUM,1,15,0
1255,9998,27,1,MEDIUM,1,20,0
1255,9998,18,1,HARD,1,36,0
1255,9998,7,1,MEDIUM,1,11,0
1255,9998,44,1,MEDIUM,1,13,0
1255,9998,55,1,MEDIUM,1,17,0
1255,9998,22,1,MEDIUM,1,11,0
1255,9998,30,1,HARD,1,18,0
1255,9998,1,1,MEDIUM,1,13,0
1255,9998,6,1,MEDIUM,1,12,0
1255,9998,63,1,MEDIUM,1,14,0
1255,9998,10,1,MEDIUM,1,10,0
1255,9998,5,1,MEDIUM,1,1,0
1255,9998,12,1,MEDIUM,1,12,0
1255,9998,31,1,MEDIUM,1,11,0
1255,9998,81,1,MEDIUM,1,14,0
1255,9998,87,1,HARD,1,26,0
1255,9998,4,1,MEDIUM,1,15,0
1255,9998,5,2,HARD,2,26,0
1255,9998,10,2,HARD,11,56,0
1255,9998,22,2,HARD,12,35,0
1255,9998,31,2,HARD,12,56,0
1255,9998,7,2,HARD,12,56,0
1255,9998,6,2,HARD,13,33,0
1255,9998,12,2,HARD,13,56,0
1255,9998,44,2,HARD,14,37,0
1255,9998,1,2,HARD,14,56,0
1255,9998,81,2,HARD,15,56,0
1255,9998,63,2,HARD,15,56,0
1255,9998,4,2,HARD,16,56,0
1255,9998,16,2,HARD,16,56,0
1255,9998,55,2,HARD,18,56,0
1255,9998,30,2,MEDIUM,19,30,0
1255,9998,23,2,HARD,21,56,0
1255,9998,27,2,HARD,21,55,0
1255,9998,87,2,MEDIUM,27,56,0
1255,9998,5,3,HARD,27,55,0
1255,9998,30,3,HARD,31,56,0
1255,9998,6,3,HARD,34,56,0
1255,9998,22,3,HARD,36,46,0
1255,9998,18,2,MEDIUM,37,56,0
1255,9998,44,3,HARD,38,56,0
1255,9998,22,4,MEDIUM,47,55,6
1256,9999,87,1,MEDIUM,1,2,0
1256,9999,81,1,MEDIUM,1,8,0
1256,9999,16,1,MEDIUM,1,10,0
1256,9999,44,1,MEDIUM,1,10,0
1256,9999,6,1,HARD,1,9,0
1256,9999,30,1,HARD,1,6,0
1256,9999,1,1,SOFT,1,6,0
1256,9999,55,1,MEDIUM,1,8,0
1256,9999,22,1,SOFT,1,10,0
1256,9999,23,1,MEDIUM,1,6,0
1256,9999,27,1,MEDIUM,1,1,0
1256,9999,5,1,HARD,1,8,0
1256,9999,31,1,MEDIUM,1,10,0
1256,9999,62,1,MEDIUM,1,11,0
1256,9999,14,1,HARD,1,8,0
1256,9999,12,1,MEDIUM,1,10,0
1256,9999,18,1,HARD,1,8,0
1256,9999,4,1,MEDIUM,1,8,0
1256,9999,63,1,MEDIUM,1,3,0
1256,9999,10,1,MEDIUM,1,10,0
1256,9999,63,2,MEDIUM,3,10,0
1256,9999,27,2,MEDIUM,2,9,0
1256,9999,30,2,HARD,6,14,5
1256,9999,23,2,HARD,6,11,0
1256,9999,87,2,MEDIUM,2,11,1
1256,9999,55,2,MEDIUM,8,9,7
1256,9999,14,2,HARD,8,13,7
1256,9999,6,2,HARD,9,14,0
1256,9999,55,3,MEDIUM,9,12,8
1256,9999,18,2,HARD,8,13,7
1256,9999,1,2,SOFT,6,9,5
1256,9999,63,3,SOFT,10,15,0
1256,9999,4,2,MEDIUM,8,10,7
1256,9999,81,2,SOFT,8,11,0
1256,9999,5,2,SOFT,8,11,0
1256,9999,55,4,SOFT,12,15,0
1256,9999,12,2,SOFT,10,13,0
1256,9999,23,3,SOFT,11,14,0
1256,9999,22,2,SOFT,10,16,0
1256,9999,31,2,MEDIUM,10,13,9
1256,9999,16,2,SOFT,10,16,0
1256,9999,1,3,SOFT,9,12,0
1256,9999,44,2,SOFT,10,16,0
1256,9999,81,3,SOFT,11,14,3
1256,9999,30,3,SOFT,14,17,0
1256,9999,6,3,SOFT,14,17,0
1256,9999,5,3,SOFT,11,14,3
1256,9999,55,5,SOFT,15,18,3
1256,9999,4,3,SOFT,10,15,0
1256,9999,12,3,SOFT,13,16,3
1256,9999,10,2,SOFT,10,16,0
1256,9999,62,2,SOFT,11,14,0
1256,9999,23,4,SOFT,14,19,3
1256,9999,31,3,MEDIUM,13,16,12
1256,9999,14,3,SOFT,13,16,0
1256,9999,18,3,SOFT,13,16,0
1256,9999,27,3,SOFT,9,12,0
1256,9999,30,4,SOFT,17,19,0
1256,9999,55,6,SOFT,18,21,6
1256,9999,6,4,SOFT,17,20,3
1256,9999,87,3,SOFT,11,14,0
1256,9999,62,3,SOFT,14,17,0
1256,9999,14,4,SOFT,16,19,3
1256,9999,18,4,SOFT,16,19,3
1256,9999,63,4,MEDIUM,16,29,0
1256,9999,27,4,SOFT,12,14,3
1256,9999,5,4,HARD,14,26,0
1256,9999,12,4,MEDIUM,16,28,9
1256,9999,1,4,SOFT,12,23,3
1256,9999,81,4,MEDIUM,14,25,7
1256,9999,16,3,MEDIUM,16,27,9
1256,9999,4,4,MEDIUM,15,24,9
1256,9999,22,3,SOFT,16,25,6
1256,9999,30,5,HARD,19,20,13
1256,9999,44,3,MEDIUM,16,25,9
1256,9999,6,5,HARD,20,21,13
1256,9999,10,3,MEDIUM,16,23,9
1256,9999,30,6,SOFT,20,28,0
1256,9999,62,4,MEDIUM,17,24,0
1256,9999,6,6,SOFT,21,28,6
1256,9999,55,7,SOFT,21,28,9
1256,9999,27,5,MEDIUM,14,21,8
1256,9999,18,5,SOFT,19,25,6
1256,9999,14,5,SOFT,19,25,6
1256,9999,23,5,MEDIUM,19,25,10
1256,9999,31,4,SOFT,16,21,0
1256,9999,87,4,SOFT,14,17,3
1256,10000,7,1,HARD,1,4,0
1256,10000,55,1,HARD,1,2,0
1256,10000,10,1,HARD,1,5,0
1256,10000,30,1,MEDIUM,1,5,0
1256,10000,23,1,HARD,1,5,0
1256,10000,5,1,MEDIUM,1,5,0
1256,10000,16,1,HARD,1,5,0
1256,10000,22,1,MEDIUM,1,5,0
1256,10000,31,1,MEDIUM,1,5,0
1256,10000,27,1,HARD,1,5,0
1256,10000,87,1,MEDIUM,1,4,0
1256,10000,6,1,MEDIUM,1,5,0
1256,10000,44,1,HARD,1,5,0
1256,10000,14,1,MEDIUM,1,4,0
1256,10000,18,1,MEDIUM,1,4,0
1256,10000,12,1,HARD,1,4,0
1256,10000,81,1,HARD,1,4,0
1256,10000,63,1,HARD,1,4,0
1256,10000,4,1,MEDIUM,1,3,0
1256,10000,1,1,MEDIUM,1,3,0
1256,10000,4,2,MEDIUM,3,5,0
1256,10000,81,2,HARD,4,7,0
1256,10000,12,2,HARD,4,7,3
1256,10000,63,2,HARD,4,6,3
1256,10000,22,2,SOFT,5,7,0
1256,10000,18,2,SOFT,4,6,0
1256,10000,16,2,HARD,5,8,4
1256,10000,44,2,HARD,5,7,4
1256,10000,55,2,SOFT,2,4,0
1256,10000,14,2,SOFT,4,5,0
1256,10000,30,2,MEDIUM,5,7,3
1256,10000,10,2,SOFT,5,7,0
1256,10000,31,2,SOFT,5,7,0
1256,10000,23,2,SOFT,5,7,0
1256,10000,5,2,SOFT,5,7,0
1256,10000,87,2,SOFT,4,5,0
1256,10000,6,2,MEDIUM,5,6,0
1256,10000,27,2,SOFT,5,6,0
1256,10000,1,2,SOFT,3,4,0
1256,10000,4,3,SOFT,5,6,0
1256,10000,16,3,SOFT,8,11,0
1256,10000,10,3,SOFT,7,10,2
1256,10000,1,3,SOFT,4,7,1
1256,10000,44,3,SOFT,7,10,0
1256,10000,5,3,SOFT,7,10,2
1256,10000,63,3,SOFT,6,9,0
1256,10000,6,3,SOFT,6,9,0
1256,10000,18,3,SOFT,6,9,2
1256,10000,30,3,SOFT,7,10,0
1256,10000,31,3,SOFT,7,10,2
1256,10000,27,3,SOFT,6,9,1
1256,10000,55,3,SOFT,4,7,2
1256,10000,81,3,SOFT,7,10,0
1256,10000,4,4,SOFT,6,9,1
1256,10000,12,3,SOFT,7,10,0
1256,10000,87,3,SOFT,5,7,1
1256,10000,22,3,MEDIUM,7,9,4
1256,10000,23,3,SOFT,7,8,0
1256,10000,63,4,HARD,9,13,5
1256,10000,16,4,SOFT,11,14,3
1256,10000,44,4,HARD,10,14,6
1256,10000,81,4,SOFT,10,13,6
1256,10000,4,5,SOFT,9,12,4
1256,10000,18,4,SOFT,9,12,5
1256,10000,10,4,SOFT,10,13,5
1256,10000,22,4,MEDIUM,9,12,6
1256,10000,6,4,MEDIUM,9,12,4
1256,10000,23,4,SOFT,8,11,3
1256,10000,30,4,MEDIUM,10,13,5
1256,10000,31,4,MEDIUM,10,13,4
1256,10000,12,4,HARD,10,13,0
1256,10000,55,4,SOFT,7,9,5
1256,10000,27,4,HARD,9,12,4
1256,10000,5,4,MEDIUM,10,13,4
1256,10000,87,4,MEDIUM,7,10,3
1256,10000,1,4,MEDIUM,7,9,0
1256,10001,7,1,SOFT,1,5,0
1256,10001,1,1,HARD,1,5,0
1256,10001,63,1,MEDIUM,1,2,0
1256,10001,6,1,MEDIUM,1,3,0
1256,10001,30,1,MEDIUM,1,4,0
1256,10001,5,1,MEDIUM,1,4,0
1256,10001,18,1,MEDIUM,1,2,0
1256,10001,87,1,HARD,1,2,0
1256,10001,4,1,HARD,1,2,0
1256,10001,12,1,MEDIUM,1,4,0
1256,10001,14,1,MEDIUM,1,1,0
1256,10001,22,1,HARD,1,4,0
1256,10001,81,1,MEDIUM,1,2,0
1256,10001,55,1,HARD,1,4,0
1256,10001,27,1,MEDIUM,1,3,0
1256,10001,18,2,HARD,2,3,0
1256,10001,14,2,HARD,2,3,0
1256,10001,31,1,HARD,1,2,0
1256,10001,23,1,MEDIUM,1,2,0
1256,10001,44,1,SOFT,1,2,0
1256,10001,18,3,MEDIUM,3,8,0
1256,10001,4,2,SOFT,2,12,0
1256,10001,16,1,SOFT,1,4,0
1256,10001,12,2,MEDIUM,4,7,3
1256,10001,31,2,HARD,2,7,0
1256,10001,30,2,MEDIUM,4,7,3
1256,10001,55,2,HARD,4,11,4
1256,10001,14,3,MEDIUM,3,9,0
1256,10001,81,2,SOFT,2,12,0
1256,10001,10,1,MEDIUM,1,6,0
1256,10001,87,2,HARD,2,7,0
1256,10001,23,2,MEDIUM,2,6,0
1256,10001,1,2,HARD,5,16,4
1256,10001,22,2,HARD,4,7,3
1256,10001,27,2,MEDIUM,4,7,0
1256,10001,44,2,SOFT,2,5,0
1256,10001,5,2,MEDIUM,4,6,0
1256,10001,6,2,MEDIUM,3,9,2
1256,10001,63,2,SOFT,2,5,0
1256,10001,7,2,SOFT,5,11,4
1256,10001,16,2,SOFT,4,7,3
1256,10001,44,3,SOFT,5,8,0
1256,10001,22,3,HARD,7,10,0
1256,10001,12,3,MEDIUM,7,16,6
1256,10001,23,3,MEDIUM,6,16,0
1256,10001,63,3,SOFT,5,8,3
1256,10001,30,3,MEDIUM,7,17,0
1256,10001,10,2,MEDIUM,6,11,5
1256,10001,5,3,MEDIUM,6,12,5
1256,10001,27,3,MEDIUM,7,16,6
1256,10001,22,4,HARD,10,13,0
1256,10001,55,3,HARD,11,19,11
1256,10001,18,4,MEDIUM,8,16,5
1256,10001,31,3,HARD,7,16,0
1256,10001,87,3,HARD,7,16,5
1256,10001,63,4,SOFT,8,11,6
1256,10001,6,3,HARD,9,14,0
1256,10001,14,4,MEDIUM,9,17,6
1256,10001,44,4,SOFT,8,11,7
1256,10001,16,3,SOFT,7,10,0
1256,10001,22,5,SOFT,13,15,0
1256,10001,4,3,SOFT,12,17,0
1256,10001,1,3,SOFT,16,19,0
1256,10001,81,3,SOFT,12,15,0
1256,10001,10,3,SOFT,11,14,0
1256,10001,7,3,SOFT,11,15,0
1256,10001,63,5,SOFT,11,15,0
1256,10001,12,4,SOFT,16,20,0
1256,10001,55,4,SOFT,19,22,0
1256,10001,23,4,SOFT,16,19,0
1256,10001,6,4,SOFT,14,16,0
1256,10001,16,4,SOFT,10,13,0
1256,10001,44,5,SOFT,11,13,0
1256,10001,30,4,SOFT,17,19,0
1256,10001,5,4,SOFT,12,13,0
1256,10001,81,4,SOFT,15,17,3
1256,10001,1,4,SOFT,19,21,3
1256,10001,31,4,SOFT,16,17,0
1256,10001,10,4,SOFT,14,15,0
1256,10001,87,4,SOFT,16,17,0
1256,10001,18,5,SOFT,16,16,0
1256,10001,27,4,SOFT,16,17,0
1256,10001,55,5,SOFT,22,22,0
1256,10001,14,5,SOFT,17,17,0
1256,10002,31,1,SOFT,1,4,0
1256,10002,87,1,SOFT,1,4,0
1256,10002,7,1,SOFT,1,4,0
1256,10002,55,1,SOFT,1,7,0
1256,10002,27,1,SOFT,1,4,0
1256,10002,5,1,SOFT,1,4,0
1256,10002,16,1,SOFT,1,4,0
1256,10002,44,1,MEDIUM,1,4,0
1256,10002,4,1,SOFT,1,7,0
1256,10002,23,1,SOFT,1,4,0
1256,10002,22,1,SOFT,1,4,0
1256,10002,1,1,SOFT,1,4,0
1256,10002,81,1,SOFT,1,4,0
1256,10002,18,1,SOFT,1,4,0
1256,10002,14,1,SOFT,1,4,0
1256,10002,63,1,SOFT,1,4,0
1256,10002,12,1,SOFT,1,4,0
1256,10002,10,1,SOFT,1,4,0
1256,10002,6,1,SOFT,1,4,0
1256,10002,30,1,SOFT,1,4,0
1256,10002,27,2,SOFT,4,7,0
1256,10002,5,2,SOFT,4,7,0
1256,10002,7,2,SOFT,4,7,0
1256,10002,16,2,SOFT,4,7,3
1256,10002,31,2,SOFT,4,7,0
1256,10002,87,2,SOFT,4,7,0
1256,10002,44,2,SOFT,4,10,0
1256,10002,23,2,SOFT,4,7,0
1256,10002,1,2,SOFT,4,7,3
1256,10002,81,2,SOFT,4,7,3
1256,10002,22,2,SOFT,4,7,0
1256,10002,63,2,SOFT,4,7,0
1256,10002,12,2,SOFT,4,7,0
1256,10002,18,2,SOFT,4,5,0
1256,10002,14,2,SOFT,4,7,0
1256,10002,55,2,SOFT,7,10,0
1256,10002,10,2,SOFT,4,7,0
1256,10002,7,3,SOFT,7,9,0
1256,10002,6,2,SOFT,4,7,0
1256,10002,31,3,SOFT,7,9,0
1256,10002,27,3,SOFT,7,9,0
1256,10002,5,3,SOFT,7,9,0
1256,10002,87,3,SOFT,7,10,0
1256,10002,30,2,SOFT,4,7,0
1256,10002,1,3,SOFT,7,10,0
1256,10002,87,4,SOFT,10,13,3
1256,10002,10,3,SOFT,7,10,0
1256,10002,22,3,SOFT,7,10,0
1256,10002,16,3,SOFT,7,10,6
1256,10002,44,3,SOFT,10,13,6
1256,10002,4,2,SOFT,7,10,0
1256,10002,30,3,SOFT,7,10,0
1256,10002,14,3,SOFT,7,10,0
1256,10002,6,3,SOFT,7,10,0
1256,10002,81,3,SOFT,7,10,0
1256,10002,63,3,SOFT,7,10,0
1256,10002,12,3,SOFT,7,10,0
1256,10002,55,3,SOFT,10,13,0
1256,10002,23,3,SOFT,7,10,0
1256,10002,44,4,SOFT,13,16,0
1256,10002,16,4,SOFT,10,13,0
1256,10002,23,4,SOFT,10,12,0
1256,10002,22,4,SOFT,10,12,0
1256,10002,12,4,SOFT,10,13,0
1256,10002,63,4,SOFT,10,12,3
1256,10002,6,4,SOFT,10,13,0
1256,10002,30,4,SOFT,10,12,0
1256,10002,14,4,SOFT,10,12,0
1256,10002,87,5,SOFT,13,16,0
1256,10002,10,4,SOFT,10,12,0
1256,10002,1,4,SOFT,10,12,3
1256,10002,81,4,SOFT,10,13,3
1256,10002,55,4,SOFT,13,15,0
1256,10002,23,5,SOFT,12,15,0
1256,10002,16,5,SOFT,13,16,3
1256,10002,44,5,SOFT,16,18,3
1256,10002,87,6,SOFT,16,19,3
1256,10002,12,5,SOFT,13,16,3
1256,10002,63,5,SOFT,12,15,0
1256,10002,6,5,SOFT,13,16,3
1256,10002,1,5,SOFT,12,15,0
1256,10002,81,5,SOFT,13,16,0
1256,10002,4,3,SOFT,10,13,0
1256,10002,44,6,SOFT,18,21,0
1256,10002,23,6,SOFT,15,18,3
1256,10002,16,6,SOFT,16,19,0
1256,10002,87,7,SOFT,19,21,0
1256,10002,12,6,SOFT,16,18,0
1256,10002,63,6,SOFT,15,17,0
1256,10002,6,6,SOFT,16,18,0
1256,10002,4,4,SOFT,13,15,0
1256,10002,44,7,SOFT,21,23,0
1256,10002,23,7,SOFT,18,20,0
1256,10002,16,7,SOFT,19,21,0
1256,10002,1,6,SOFT,15,17,0
1256,10002,81,6,SOFT,16,18,0
1256,10006,12,1,MEDIUM,1,31,0
1256,10006,63,1,MEDIUM,1,19,0
1256,10006,7,1,SOFT,1,15,0
1256,10006,18,1,SOFT,1,9,0
1256,10006,14,1,MEDIUM,1,24,1
1256,10006,23,1,MEDIUM,1,24,0
1256,10006,4,1,MEDIUM,1,21,0
1256,10006,55,1,MEDIUM,1,33,0
1256,10006,44,1,HARD,1,30,0
1256,10006,10,1,MEDIUM,1,24,0
1256,10006,30,1,MEDIUM,1,33,0
1256,10006,81,1,MEDIUM,1,20,0
1256,10006,5,1,HARD,1,31,0
1256,10006,31,1,HARD,1,32,1
1256,10006,6,1,MEDIUM,1,25,0
1256,10006,1,1,MEDIUM,1,21,0
1256,10006,16,1,MEDIUM,1,21,0
1256,10006,87,1,MEDIUM,1,23,0
1256,10006,27,1,MEDIUM,1,22,0
1256,10006,22,1,MEDIUM,1,23,0
1256,10006,18,2,HARD,10,30,1
1256,10006,7,2,HARD,16,53,0
1256,10006,63,2,HARD,20,53,0
1256,10006,81,2,HARD,21,53,0
1256,10006,1,2,HARD,22,53,0
1256,10006,4,2,HARD,22,53,0
1256,10006,16,2,HARD,22,53,0
1256,10006,27,2,HARD,23,53,0
1256,10006,87,2,HARD,24,53,1
1256,10006,22,2,HARD,24,53,0
1256,10006,23,2,HARD,25,53,0
1256,10006,14,2,HARD,25,53,1
1256,10006,10,2,HARD,25,53,0
1256,10006,6,2,HARD,26,53,0
1256,10006,44,2,MEDIUM,31,53,0
1256,10006,18,3,MEDIUM,31,52,0
1256,10006,12,2,HARD,32,53,0
1256,10006,5,2,MEDIUM,32,53,0
1256,10006,31,2,MEDIUM,33,53,0
1256,10006,55,2,SOFT,34,53,0
1256,10006,30,2,SOFT,34,53,0
1257,10007,37,1,MEDIUM,1,5,0
1257,10007,46,1,MEDIUM,1,3,0
1257,10007,50,1,MEDIUM,1,9,0
1257,10007,31,1,MEDIUM,1,9,0
1257,10007,5,1,HARD,1,9,0
1257,10007,30,1,HARD,1,4,0
1257,10007,7,1,HARD,1,6,0
1257,10007,72,1,HARD,1,10,0
1257,10007,38,1,HARD,1,9,0
1257,10007,12,1,HARD,1,3,0
1257,10007,44,1,HARD,1,9,0
1257,10007,10,1,MEDIUM,1,8,0
1257,10007,22,1,MEDIUM,1,9,0
1257,10007,4,1,MEDIUM,1,6,0
1257,10007,18,1,HARD,1,8,0
1257,10007,27,1,HARD,1,11,0
1257,10007,34,1,HARD,1,6,0
1257,10007,23,1,MEDIUM,1,6,0
1257,10007,81,1,MEDIUM,1,6,0
1257,10007,6,1,HARD,1,4,0
1257,10007,30,2,HARD,4,7,3
1257,10007,6,2,HARD,4,7,3
1257,10007,7,2,HARD,6,9,5
1257,10007,23,2,MEDIUM,6,12,5
1257,10007,81,2,MEDIUM,6,9,5
1257,10007,46,2,MEDIUM,3,6,2
1257,10007,30,3,HARD,7,13,6
1257,10007,37,2,MEDIUM,5,11,4
1257,10007,10,2,MEDIUM,8,11,7
1257,10007,18,2,HARD,8,13,7
1257,10007,6,3,HARD,7,10,6
1257,10007,7,3,HARD,9,11,8
1257,10007,4,2,MEDIUM,6,11,5
1257,10007,46,3,MEDIUM,6,7,5
1257,10007,22,2,MEDIUM,9,11,0
1257,10007,46,4,MEDIUM,7,8,6
1257,10007,34,2,HARD,6,14,5
1257,10007,72,2,MEDIUM,10,16,0
1257,10007,23,3,MEDIUM,12,13,11
1257,10007,5,2,SOFT,9,12,0
1257,10007,27,2,SOFT,11,14,0
1257,10007,50,2,SOFT,9,12,0
1257,10007,46,5,MEDIUM,8,10,7
1257,10007,37,3,MEDIUM,11,14,10
1257,10007,81,3,SOFT,9,12,0
1257,10007,44,2,HARD,9,17,8
1257,10007,6,4,SOFT,10,13,0
1257,10007,31,2,SOFT,9,12,0
1257,10007,5,3,SOFT,12,15,3
1257,10007,30,4,SOFT,13,16,0
1257,10007,7,4,SOFT,11,14,0
1257,10007,22,3,SOFT,11,16,0
1257,10007,23,4,SOFT,13,16,0
1257,10007,10,3,SOFT,11,14,0
1257,10007,27,3,SOFT,14,16,0
1257,10007,50,3,SOFT,12,15,0
1257,10007,18,3,SOFT,13,19,0
1257,10007,38,2,HARD,9,13,8
1257,10007,46,6,MEDIUM,10,12,0
1257,10007,31,3,SOFT,12,14,3
1257,10007,7,5,SOFT,14,17,3
1257,10007,23,5,SOFT,16,19,3
1257,10007,10,4,SOFT,14,17,3
1257,10007,81,4,MEDIUM,12,22,8
1257,10007,30,5,SOFT,16,19,0
1257,10007,6,5,SOFT,13,16,3
1257,10007,4,3,SOFT,11,23,0
1257,10007,46,7,MEDIUM,12,13,11
1257,10007,37,4,MEDIUM,14,17,0
1257,10007,46,8,MEDIUM,13,14,12
1257,10007,72,3,MEDIUM,16,26,6
1257,10007,34,3,SOFT,14,17,0
1257,10007,5,4,SOFT,15,23,6
1257,10007,27,4,HARD,16,24,10
1257,10007,38,3,SOFT,13,20,0
1257,10007,22,4,MEDIUM,16,23,10
1257,10007,44,3,SOFT,17,23,0
1257,10007,37,5,MEDIUM,17,20,3
1257,10007,46,9,SOFT,14,20,0
1257,10007,7,6,HARD,17,23,10
1257,10007,10,5,SOFT,17,23,6
1257,10007,6,6,HARD,16,17,9
1257,10007,23,6,MEDIUM,19,24,12
1257,10007,50,4,MEDIUM,15,20,8
1257,10007,31,4,MEDIUM,14,19,8
1257,10007,6,7,HARD,17,22,10
1257,10007,34,4,SOFT,17,19,0
1257,10007,18,4,SOFT,19,23,6
1257,10007,30,6,SOFT,19,23,0
1257,10007,81,5,SOFT,22,25,0
1257,10008,16,1,MEDIUM,1,7,0
1257,10008,87,1,MEDIUM,1,7,0
1257,10008,5,1,MEDIUM,1,7,0
1257,10008,31,1,MEDIUM,1,10,0
1257,10008,27,1,MEDIUM,1,6,0
1257,10008,30,1,MEDIUM,1,4,0
1257,10008,7,1,MEDIUM,1,6,0
1257,10008,10,1,HARD,1,6,0
1257,10008,44,1,MEDIUM,1,4,0
1257,10008,23,1,MEDIUM,1,9,0
1257,10008,55,1,MEDIUM,1,7,0
1257,10008,22,1,MEDIUM,1,4,0
1257,10008,14,1,MEDIUM,1,3,0
1257,10008,1,1,SOFT,1,7,0
1257,10008,18,1,MEDIUM,1,8,0
1257,10008,12,1,SOFT,1,4,0
1257,10008,81,1,HARD,1,9,0
1257,10008,4,1,HARD,1,8,0
1257,10008,6,1,MEDIUM,1,4,0
1257,10008,63,1,SOFT,1,4,0
1257,10008,30,2,MEDIUM,4,7,3
1257,10008,12,2,SOFT,4,8,0
1257,10008,22,2,MEDIUM,4,8,3
1257,10008,27,2,MEDIUM,6,8,5
1257,10008,10,2,HARD,6,9,5
1257,10008,7,2,MEDIUM,6,9,5
1257,10008,63,2,SOFT,4,7,3
1257,10008,44,2,SOFT,4,9,0
1257,10008,6,2,MEDIUM,4,7,3
1257,10008,87,2,MEDIUM,7,10,6
1257,10008,55,2,MEDIUM,7,10,6
1257,10008,30,3,SOFT,7,9,0
1257,10008,16,2,SOFT,7,10,0
1257,10008,23,2,SOFT,9,12,0
1257,10008,18,2,SOFT,8,14,0
1257,10008,1,2,SOFT,7,10,0
1257,10008,5,2,SOFT,7,10,0
1257,10008,4,2,SOFT,8,11,0
1257,10008,81,2,SOFT,9,12,0
1257,10008,10,3,SOFT,9,12,0
1257,10008,63,3,SOFT,7,10,0
1257,10008,12,3,SOFT,8,11,0
1257,10008,55,3,SOFT,10,15,0
1257,10008,7,3,SOFT,9,12,0
1257,10008,6,3,MEDIUM,7,9,0
1257,10008,16,3,SOFT,10,13,3
1257,10008,27,3,SOFT,8,11,0
1257,10008,22,3,SOFT,8,12,0
1257,10008,30,4,SOFT,10,12,0
1257,10008,87,3,SOFT,10,13,0
1257,10008,31,2,SOFT,10,16,0
1257,10008,5,3,SOFT,10,11,0
1257,10008,10,4,SOFT,12,15,3
1257,10008,14,2,MEDIUM,3,7,2
1257,10008,7,4,SOFT,12,15,3
1257,10008,44,3,SOFT,9,12,0
1257,10008,27,4,SOFT,11,14,3
1257,10008,23,3,MEDIUM,12,18,8
1257,10008,16,4,SOFT,13,16,0
1257,10008,4,3,SOFT,11,26,3
1257,10008,1,3,SOFT,10,27,3
1257,10008,81,3,HARD,12,22,8
1257,10008,12,4,SOFT,11,25,3
1257,10008,63,4,SOFT,10,23,3
1257,10008,6,4,MEDIUM,10,22,6
1257,10008,87,4,SOFT,13,27,3
1257,10008,5,4,MEDIUM,11,22,6
1257,10008,30,5,MEDIUM,13,27,0
1257,10008,14,3,SOFT,7,10,0
1257,10008,18,3,SOFT,14,27,7
1257,10008,55,4,SOFT,15,18,5
1257,10008,22,4,MEDIUM,12,25,7
1257,10008,10,5,SOFT,15,17,6
1257,10008,7,5,MEDIUM,15,27,8
1257,10008,44,4,SOFT,12,19,5
1257,10008,23,4,SOFT,18,29,3
1257,10008,16,5,MEDIUM,16,27,6
1257,10008,31,3,MEDIUM,16,27,9
1257,10008,10,6,HARD,17,27,8
1257,10008,14,4,SOFT,10,19,3
1257,10008,55,5,MEDIUM,18,28,9
1257,10008,27,5,SOFT,14,24,6
1257,10008,81,4,SOFT,22,29,3
1257,10008,44,5,SOFT,19,23,0
1257,10008,5,5,SOFT,22,25,4
1257,10008,6,5,SOFT,22,24,0
1257,10008,12,5,SOFT,25,27,7
1257,10008,63,5,SOFT,23,25,6
1257,10008,4,4,HARD,26,28,7
1257,10009,87,1,HARD,1,4,0
1257,10009,31,1,HARD,1,4,0
1257,10009,44,1,SOFT,1,3,3
1257,10009,44,2,SOFT,3,6,5
1257,10009,87,2,HARD,4,7,3
1257,10009,16,1,SOFT,1,4,3
1257,10009,31,2,HARD,4,7,3
1257,10009,7,1,MEDIUM,1,4,0
1257,10009,10,1,MEDIUM,1,4,0
1257,10009,5,1,SOFT,1,4,0
1257,10009,22,1,HARD,1,4,0
1257,10009,4,1,SOFT,1,4,0
1257,10009,27,1,SOFT,1,4,0
1257,10009,1,1,SOFT,1,3,0
1257,10009,7,2,MEDIUM,4,7,3
1257,10009,18,1,SOFT,1,4,0
1257,10009,14,1,SOFT,1,10,0
1257,10009,10,2,MEDIUM,4,7,0
1257,10009,81,1,SOFT,1,4,0
1257,10009,16,2,SOFT,4,7,6
1257,10009,55,1,HARD,1,4,0
1257,10009,87,3,HARD,7,13,6
1257,10009,23,1,HARD,1,4,0
1257,10009,22,2,HARD,4,7,3
1257,10009,27,2,SOFT,4,7,3
1257,10009,4,2,SOFT,4,11,3
1257,10009,6,1,MEDIUM,1,4,0
1257,10009,30,1,MEDIUM,1,4,0
1257,10009,12,1,MEDIUM,1,4,0
1257,10009,7,3,MEDIUM,7,10,6
1257,10009,18,2,SOFT,4,10,0
1257,10009,10,3,MEDIUM,7,10,6
1257,10009,81,2,SOFT,4,8,3
1257,10009,44,3,SOFT,6,13,0
1257,10009,5,2,SOFT,4,7,3
1257,10009,55,2,HARD,4,6,3
1257,10009,23,2,HARD,4,6,0
1257,10009,16,3,SOFT,7,13,9
1257,10009,22,3,HARD,7,8,6
1257,10009,63,1,MEDIUM,1,6,0
1257,10009,1,2,SOFT,3,7,2
1257,10009,27,3,SOFT,7,7,6
1257,10009,31,3,HARD,7,12,6
1257,10009,12,2,MEDIUM,4,7,3
1257,10009,23,3,HARD,6,9,5
1257,10009,6,2,MEDIUM,4,7,3
1257,10009,30,2,MEDIUM,4,7,3
1257,10009,55,3,HARD,6,9,5
1257,10009,5,3,SOFT,7,10,0
1257,10009,6,3,MEDIUM,7,8,0
1257,10009,30,3,MEDIUM,7,8,6
1257,10009,63,2,MEDIUM,6,8,5
1257,10009,22,4,SOFT,8,11,0
1257,10009,14,2,SOFT,10,13,0
1257,10009,23,4,SOFT,9,12,0
1257,10009,4,3,SOFT,11,13,0
1257,10009,5,4,SOFT,10,12,3
1257,10009,1,3,SOFT,7,10,0
1257,10009,10,4,SOFT,10,13,0
1257,10009,87,4,SOFT,13,16,0
1257,10009,7,4,SOFT,10,13,0
1257,10009,81,3,SOFT,8,11,0
1257,10009,6,4,SOFT,8,11,0
1257,10009,12,3,SOFT,7,10,0
1257,10009,30,4,SOFT,8,11,0
1257,10009,18,3,SOFT,10,12,0
1257,10009,31,4,SOFT,12,15,0
1257,10009,63,3,SOFT,8,11,0
1257,10009,55,4,SOFT,9,12,0
1257,10009,14,3,SOFT,13,16,3
1257,10009,4,4,SOFT,13,16,0
1257,10009,16,4,SOFT,13,16,0
1257,10009,44,4,SOFT,13,16,0
1257,10009,10,5,SOFT,13,18,3
1257,10009,7,5,SOFT,13,16,3
1257,10009,5,5,SOFT,12,13,6
1257,10009,18,4,SOFT,12,16,2
1257,10009,6,5,SOFT,11,12,3
1257,10009,23,5,SOFT,12,16,3
1257,10009,5,6,SOFT,13,14,0
1257,10009,22,5,HARD,11,15,7
1257,10009,30,5,SOFT,11,14,0
1257,10009,1,4,SOFT,10,13,3
1257,10009,16,5,SOFT,16,19,3
1257,10009,6,6,SOFT,12,15,0
1257,10009,55,5,SOFT,12,15,3
1257,10009,5,7,SOFT,14,16,0
1257,10009,12,4,SOFT,10,12,3
1257,10009,44,5,SOFT,16,18,3
1257,10009,81,4,SOFT,11,13,3
1257,10009,87,5,HARD,16,18,12
1257,10009,14,4,SOFT,16,18,6
1257,10009,31,5,HARD,15,17,11
1257,10009,63,4,SOFT,11,13,0
1257,10009,7,6,SOFT,16,18,6
1257,10009,4,5,SOFT,16,18,5
1257,10010,18,1,SOFT,1,4,0
1257,10010,27,1,SOFT,1,4,0
1257,10010,14,1,SOFT,1,4,0
1257,10010,1,1,SOFT,1,3,0
1257,10010,22,1,SOFT,1,4,0
1257,10010,10,1,SOFT,1,4,0
1257,10010,7,1,SOFT,1,4,0
1257,10010,87,1,SOFT,1,4,0
1257,10010,30,1,SOFT,1,4,0
1257,10010,6,1,SOFT,1,4,0
1257,10010,55,1,SOFT,1,4,0
1257,10010,23,1,SOFT,1,4,0
1257,10010,44,1,SOFT,1,4,0
1257,10010,16,1,SOFT,1,4,0
1257,10010,5,1,SOFT,1,4,0
1257,10010,81,1,SOFT,1,4,0
1257,10010,4,1,SOFT,1,4,0
1257,10010,18,2,SOFT,4,7,0
1257,10010,12,1,SOFT,1,4,0
1257,10010,63,1,SOFT,1,4,0
1257,10010,14,2,SOFT,4,7,0
1257,10010,31,1,SOFT,1,4,0
1257,10010,27,2,SOFT,4,7,0
1257,10010,12,2,SOFT,4,7,0
1257,10010,5,2,SOFT,4,6,0
1257,10010,87,2,SOFT,4,6,0
1257,10010,18,3,SOFT,7,9,0
1257,10010,6,2,SOFT,4,7,0
1257,10010,55,2,SOFT,4,7,0
1257,10010,10,2,SOFT,4,7,0
1257,10010,7,2,SOFT,4,7,0
1257,10010,30,2,SOFT,4,6,0
1257,10010,44,2,SOFT,4,7,0
1257,10010,81,2,SOFT,4,6,3
1257,10010,1,2,SOFT,3,6,0
1257,10010,22,2,SOFT,4,7,0
1257,10010,4,2,SOFT,4,6,0
1257,10010,63,2,SOFT,4,7,0
1257,10010,31,2,SOFT,4,7,0
1257,10010,14,3,SOFT,7,10,0
1257,10010,23,2,SOFT,4,6,0
1257,10010,27,3,SOFT,7,10,0
1257,10010,22,3,SOFT,7,9,0
1257,10010,12,3,SOFT,7,9,3
1257,10010,31,3,SOFT,7,8,0
1257,10010,27,4,SOFT,10,12,3
1257,10010,63,3,SOFT,7,9,3
1257,10010,44,3,SOFT,7,8,3
1257,10010,55,3,SOFT,7,8,0
1257,10010,10,3,SOFT,7,8,0
1257,10010,7,3,SOFT,7,8,0
1257,10010,6,3,SOFT,7,8,0
1257,10010,16,2,SOFT,4,5,3
1257,10010,1,3,SOFT,6,7,3
1257,10010,4,3,SOFT,6,7,0
1257,10010,14,4,SOFT,10,11,3
1257,10010,81,3,SOFT,6,7,0
1257,10010,12,4,SOFT,9,12,0
1257,10010,63,4,SOFT,9,12,0
1257,10010,55,4,SOFT,8,11,1
1257,10010,27,5,SOFT,12,15,3
1257,10010,6,4,SOFT,8,10,0
1257,10010,10,4,SOFT,8,11,1
1257,10010,4,4,SOFT,7,10,0
1257,10010,81,4,SOFT,7,10,0
1257,10010,1,4,SOFT,7,9,4
1257,10010,44,4,SOFT,8,10,4
1257,10010,14,5,SOFT,11,13,3
1257,10010,16,3,SOFT,5,8,0
1257,10010,7,4,SOFT,8,11,1
1257,10010,12,5,SOFT,12,15,0
1257,10010,63,5,SOFT,12,15,0
1257,10010,22,4,SOFT,9,12,0
1257,10010,44,5,SOFT,10,13,0
1257,10010,6,5,SOFT,10,12,0
1257,10010,10,5,SOFT,11,14,0
1257,10010,1,5,SOFT,9,12,0
1257,10010,14,6,SOFT,13,15,3
1257,10010,55,5,SOFT,11,14,0
1257,10010,27,6,SOFT,15,17,3
1257,10010,7,5,SOFT,11,13,0
1257,10010,16,4,SOFT,8,11,0
1257,10010,4,5,SOFT,10,13,3
1257,10010,22,5,SOFT,12,15,0
1257,10010,1,6,SOFT,12,15,2
1257,10010,12,6,SOFT,15,18,0
1257,10010,55,6,SOFT,14,17,3
1257,10010,63,6,SOFT,15,18,0
1257,10010,10,6,SOFT,14,17,3
1257,10010,44,6,SOFT,13,16,3
1257,10010,16,5,SOFT,11,14,3
1257,10010,81,5,SOFT,10,13,1
1257,10010,4,6,SOFT,13,16,1
1257,10010,22,6,SOFT,15,17,0
1257,10010,12,7,SOFT,18,20,0
1257,10010,63,7,SOFT,18,20,0
1257,10010,44,7,SOFT,16,18,0
1257,10010,16,6,SOFT,14,16,0
1257,10010,10,7,SOFT,17,19,0
1257,10010,1,7,SOFT,15,17,0
1257,10010,81,6,SOFT,13,15,0
1257,10010,4,7,SOFT,16,18,0
1257,10010,55,7,SOFT,17,19,0
1257,10014,18,1,SOFT,1,12,0
1257,10014,4,1,SOFT,1,10,3
1257,10014,55,1,SOFT,1,14,3
1257,10014,44,1,MEDIUM,1,17,0
1257,10014,30,1,MEDIUM,1,14,0
1257,10014,5,1,MEDIUM,1,13,0
1257,10014,14,1,MEDIUM,1,16,0
1257,10014,10,1,SOFT,1,10,3
1257,10014,81,1,SOFT,1,14,3
1257,10014,16,1,MEDIUM,1,17,0
1257,10014,22,1,SOFT,1,11,3
1257,10014,87,1,SOFT,1,14,0
1257,10014,31,1,SOFT,1,8,0
1257,10014,6,1,SOFT,1,6,0
1257,10014,12,1,SOFT,1,12,3
1257,10014,63,1,SOFT,1,13,3
1257,10014,7,1,SOFT,1,9,0
1257,10014,27,1,SOFT,1,5,0
1257,10014,23,1,SOFT,1,16,0
1257,10014,1,1,SOFT,1,10,3
1257,10014,27,2,MEDIUM,6,27,0
1257,10014,6,2,MEDIUM,7,28,0
1257,10014,31,2,MEDIUM,9,27,0
1257,10014,7,2,MEDIUM,10,28,0
1257,10014,4,2,MEDIUM,11,32,0
1257,10014,1,2,HARD,11,26,0
1257,10014,10,2,MEDIUM,11,28,0
1257,10014,22,2,MEDIUM,12,32,0
1257,10014,12,2,MEDIUM,13,27,0
1257,10014,18,2,MEDIUM,13,32,0
1257,10014,63,2,MEDIUM,14,32,0
1257,10014,5,2,HARD,14,32,0
1257,10014,81,2,MEDIUM,15,32,0
1257,10014,55,2,MEDIUM,15,32,0
1257,10014,87,2,HARD,15,32,0
1257,10014,30,2,HARD,15,32,0
1257,10014,23,2,HARD,17,32,0
1257,10014,14,2,MEDIUM,17,32,0
1257,10014,16,2,MEDIUM,18,32,0
1257,10014,44,2,MEDIUM,18,32,0
1257,10014,1,3,MEDIUM,27,57,0
1257,10014,12,3,SOFT,28,32,3
1257,10014,31,3,HARD,28,57,0
1257,10014,27,3,MEDIUM,28,57,0
1257,10014,10,3,HARD,29,57,0
1257,10014,7,3,HARD,29,57,0
1257,10014,6,3,HARD,29,57,0
1257,10014,81,3,MEDIUM,33,57,0
1257,10014,63,3,SOFT,33,57,3
1257,10014,16,3,HARD,33,57,0
1257,10014,4,3,MEDIUM,33,57,0
1257,10014,44,3,HARD,33,57,0
1257,10014,55,3,HARD,33,44,0
1257,10014,22,3,SOFT,33,57,0
1257,10014,87,3,SOFT,33,57,0
1257,10014,12,4,SOFT,33,57,3
1257,10014,23,3,MEDIUM,33,57,0
1257,10014,14,3,HARD,33,57,0
1257,10014,30,3,SOFT,33,57,0
1257,10014,18,3,HARD,33,57,0
1257,10014,5,3,MEDIUM,33,57,0
1257,10014,55,4,SOFT,45,45,3
1258,10015,23,1,MEDIUM,1,2,0
1258,10015,31,1,HARD,1,3,0
1258,10015,10,1,MEDIUM,1,6,0
1258,10015,27,1,MEDIUM,1,6,0
1258,10015,6,1,MEDIUM,1,6,0
1258,10015,12,1,MEDIUM,1,7,0
1258,10015,7,1,MEDIUM,1,7,0
1258,10015,22,1,MEDIUM,1,8,0
1258,10015,7,2,MEDIUM,7,10,6
1258,10015,55,1,HARD,1,10,0
1258,10015,81,1,MEDIUM,1,8,0
1258,10015,27,2,MEDIUM,6,9,0
1258,10015,4,1,MEDIUM,1,8,0
1258,10015,1,1,MEDIUM,1,9,0
1258,10015,16,1,MEDIUM,1,11,0
1258,10015,44,1,MEDIUM,1,11,0
1258,10015,63,1,MEDIUM,1,8,0
1258,10015,87,1,HARD,1,7,0
1258,10015,22,2,MEDIUM,8,11,7
1258,10015,23,2,MEDIUM,2,10,1
1258,10015,5,1,MEDIUM,1,9,0
1258,10015,12,2,MEDIUM,7,10,6
1258,10015,14,1,MEDIUM,1,11,0
1258,10015,27,3,SOFT,9,12,0
1258,10015,55,2,SOFT,10,13,0
1258,10015,4,2,SOFT,8,11,0
1258,10015,10,2,MEDIUM,6,12,5
1258,10015,18,1,MEDIUM,1,10,0
1258,10015,7,3,MEDIUM,10,13,9
1258,10015,16,2,SOFT,11,14,0
1258,10015,63,2,SOFT,8,11,0
1258,10015,87,2,SOFT,7,10,0
1258,10015,44,2,SOFT,11,14,0
1258,10015,22,3,SOFT,11,14,0
1258,10015,31,2,HARD,3,10,2
1258,10015,5,2,SOFT,9,12,0
1258,10015,12,3,SOFT,10,13,0
1258,10015,14,2,SOFT,11,14,0
1258,10015,55,3,SOFT,13,16,3
1258,10015,87,3,SOFT,10,12,3
1258,10015,10,3,SOFT,12,15,0
1258,10015,7,4,SOFT,13,16,0
1258,10015,1,2,SOFT,9,14,0
1258,10015,31,3,SOFT,10,13,0
1258,10015,4,3,SOFT,11,14,0
1258,10015,16,3,SOFT,14,17,0
1258,10015,27,4,SOFT,12,15,0
1258,10015,63,3,SOFT,11,13,0
1258,10015,22,4,SOFT,14,17,0
1258,10015,81,2,SOFT,8,16,0
1258,10015,5,3,SOFT,12,15,0
1258,10015,12,4,SOFT,13,16,2
1258,10015,10,4,SOFT,15,17,3
1258,10015,30,1,MEDIUM,1,12,0
1258,10015,6,2,MEDIUM,6,9,5
1258,10015,23,3,SOFT,10,16,0
1258,10015,55,4,SOFT,16,19,0
1258,10015,14,3,SOFT,14,17,0
1258,10015,1,3,MEDIUM,14,19,0
1258,10015,44,3,SOFT,14,20,3
1258,10015,7,5,SOFT,16,19,3
1258,10015,87,4,SOFT,12,15,5
1258,10015,18,2,SOFT,10,18,0
1258,10015,63,4,MEDIUM,13,17,7
1258,10015,27,5,SOFT,15,21,0
1258,10015,31,4,SOFT,13,17,3
1258,10015,4,4,MEDIUM,14,23,7
1258,10015,81,3,MEDIUM,16,23,0
1258,10015,6,3,SOFT,9,15,0
1258,10015,7,6,MEDIUM,19,25,12
1258,10015,14,4,MEDIUM,17,24,10
1258,10015,63,5,MEDIUM,17,21,11
1258,10015,4,5,SOFT,23,25,0
1258,10015,5,4,MEDIUM,15,23,8
1258,10015,23,4,MEDIUM,16,23,9
1258,10015,12,5,MEDIUM,16,24,9
1258,10015,1,4,MEDIUM,19,26,13
1258,10015,87,5,SOFT,15,21,8
1258,10015,22,5,MEDIUM,17,26,10
1258,10015,55,5,HARD,19,26,9
1258,10015,27,6,MEDIUM,21,25,0
1258,10015,18,3,SOFT,18,23,8
1258,10015,81,4,SOFT,23,25,0
1258,10015,44,4,MEDIUM,20,27,10
1258,10015,31,5,HARD,17,21,0
1258,10015,16,4,MEDIUM,17,28,0
1258,10015,10,5,MEDIUM,17,25,11
1258,10015,30,2,SOFT,12,19,0
1258,10016,22,1,MEDIUM,1,4,0
1258,10016,87,1,MEDIUM,1,6,0
1258,10016,16,1,MEDIUM,1,5,0
1258,10016,6,1,MEDIUM,1,5,0
1258,10016,7,1,MEDIUM,1,6,0
1258,10016,30,1,MEDIUM,1,6,0
1258,10016,22,2,MEDIUM,4,7,3
1258,10016,63,1,MEDIUM,1,8,0
1258,10016,55,1,MEDIUM,1,9,0
1258,10016,23,1,HARD,1,9,0
1258,10016,18,1,MEDIUM,1,5,0
1258,10016,6,2,MEDIUM,5,8,4
1258,10016,30,2,SOFT,6,9,0
1258,10016,1,1,MEDIUM,1,8,0
1258,10016,31,1,MEDIUM,1,9,0
1258,10016,87,2,MEDIUM,6,9,5
1258,10016,27,1,MEDIUM,1,8,0
1258,10016,12,1,MEDIUM,1,11,0
1258,10016,16,2,MEDIUM,5,9,4
1258,10016,44,1,MEDIUM,1,10,0
1258,10016,14,1,MEDIUM,1,8,0
1258,10016,81,1,MEDIUM,1,9,0
1258,10016,22,3,MEDIUM,7,10,6
1258,10016,10,1,MEDIUM,1,9,0
1258,10016,7,2,MEDIUM,6,9,5
1258,10016,18,2,SOFT,5,8,0
1258,10016,4,1,MEDIUM,1,9,0
1258,10016,55,2,SOFT,9,13,0
1258,10016,31,2,SOFT,9,12,0
1258,10016,27,2,SOFT,8,11,0
1258,10016,81,2,SOFT,9,12,0
1258,10016,6,3,SOFT,8,11,0
1258,10016,30,3,SOFT,9,12,3
1258,10016,23,2,SOFT,9,14,0
1258,10016,12,2,SOFT,11,15,0
1258,10016,16,3,SOFT,9,13,0
1258,10016,44,2,SOFT,10,14,0
1258,10016,14,2,SOFT,8,12,0
1258,10016,10,2,SOFT,9,13,0
1258,10016,4,2,SOFT,9,12,0
1258,10016,22,4,SOFT,10,14,0
1258,10016,87,3,SOFT,9,12,0
1258,10016,12,3,SOFT,15,16,4
1258,10016,1,2,SOFT,8,11,0
1258,10016,18,3,SOFT,8,12,3
1258,10016,55,3,SOFT,14,15,0
1258,10016,81,3,SOFT,12,14,0
1258,10016,23,3,SOFT,14,16,0
1258,10016,10,3,SOFT,13,15,4
1258,10016,31,3,SOFT,12,15,3
1258,10016,27,3,SOFT,11,14,0
1258,10016,6,4,SOFT,11,14,0
1258,10016,7,3,SOFT,9,14,0
1258,10016,22,5,SOFT,14,16,4
1258,10016,16,4,SOFT,13,16,4
1258,10016,30,4,SOFT,12,16,0
1258,10016,44,3,SOFT,14,17,4
1258,10016,6,5,SOFT,14,15,3
1258,10016,63,2,SOFT,8,16,0
1258,10016,87,4,SOFT,12,15,3
1258,10016,22,6,MEDIUM,16,19,0
1258,10016,6,6,MEDIUM,15,17,7
1258,10016,14,3,SOFT,12,15,7
1258,10016,18,4,SOFT,12,15,7
1258,10016,4,3,SOFT,12,14,3
1258,10016,55,4,MEDIUM,15,22,0
1258,10016,27,4,MEDIUM,14,19,7
1258,10016,23,4,HARD,16,21,8
1258,10016,30,5,MEDIUM,16,20,0
1258,10016,87,5,MEDIUM,15,17,8
1258,10016,10,4,MEDIUM,15,20,8
1258,10016,7,4,MEDIUM,14,19,8
1258,10016,63,3,MEDIUM,16,19,7
1258,10016,14,4,MEDIUM,15,16,7
1258,10016,1,3,MEDIUM,11,21,7
1258,10016,4,4,MEDIUM,15,19,8
1258,10016,81,4,MEDIUM,14,20,0
1258,10016,44,4,MEDIUM,17,21,0
1258,10016,31,4,SOFT,15,20,6
1258,10016,18,5,SOFT,15,16,10
1258,10016,16,5,MEDIUM,16,20,8
1258,10016,30,6,MEDIUM,20,22,9
1258,10016,55,5,MEDIUM,22,24,15
1258,10016,10,5,MEDIUM,20,22,13
1258,10016,87,6,MEDIUM,17,19,10
1258,10016,23,5,HARD,21,23,0
1258,10016,27,5,SOFT,19,21,6
1258,10016,7,5,MEDIUM,19,21,0
1258,10016,14,5,MEDIUM,16,18,0
1258,10016,1,4,SOFT,21,23,3
1258,10016,4,5,MEDIUM,19,21,0
1258,10016,81,5,SOFT,20,22,5
1258,10016,16,6,MEDIUM,20,22,12
1258,10016,44,5,MEDIUM,21,23,0
1258,10016,31,5,MEDIUM,20,22,8
1258,10016,63,4,MEDIUM,19,21,10
1258,10016,18,6,SOFT,16,18,11
1258,10017,14,1,HARD,1,2,0
1258,10017,18,1,HARD,1,2,0
1258,10017,14,2,HARD,2,3,0
1258,10017,18,2,HARD,2,3,0
1258,10017,7,1,SOFT,1,4,0
1258,10017,31,1,SOFT,1,4,0
1258,10017,87,1,SOFT,1,4,0
1258,10017,6,1,HARD,1,2,0
1258,10017,7,2,SOFT,4,7,3
1258,10017,44,1,SOFT,1,4,0
1258,10017,16,1,SOFT,1,4,0
1258,10017,30,1,HARD,1,2,0
1258,10017,14,3,MEDIUM,3,4,0
1258,10017,81,1,SOFT,1,4,0
1258,10017,18,3,MEDIUM,3,4,0
1258,10017,7,3,SOFT,7,8,6
1258,10017,27,1,SOFT,1,4,0
1258,10017,6,2,SOFT,2,5,3
1258,10017,81,2,SOFT,4,7,3
1258,10017,14,4,SOFT,4,7,0
1258,10017,18,4,SOFT,4,7,0
1258,10017,10,1,SOFT,1,4,0
1258,10017,30,2,SOFT,2,5,4
1258,10017,16,2,SOFT,4,7,0
1258,10017,5,1,MEDIUM,1,10,0
1258,10017,44,2,SOFT,4,7,3
1258,10017,1,1,SOFT,1,4,0
1258,10017,7,4,SOFT,8,11,7
1258,10017,63,1,SOFT,1,4,0
1258,10017,27,2,SOFT,4,7,0
1258,10017,12,1,SOFT,1,4,0
1258,10017,23,1,SOFT,1,4,0
1258,10017,30,3,SOFT,5,7,7
1258,10017,31,2,SOFT,4,7,0
1258,10017,44,3,SOFT,7,9,6
1258,10017,14,5,SOFT,7,10,3
1258,10017,55,1,SOFT,1,4,0
1258,10017,18,5,SOFT,7,10,3
1258,10017,6,3,SOFT,5,7,6
1258,10017,10,2,SOFT,4,7,3
1258,10017,30,4,SOFT,7,8,0
1258,10017,30,5,SOFT,8,9,0
1258,10017,31,3,SOFT,7,10,0
1258,10017,63,2,SOFT,4,7,3
1258,10017,12,2,SOFT,4,7,0
1258,10017,81,3,SOFT,7,10,6
1258,10017,4,1,SOFT,1,10,0
1258,10017,23,2,SOFT,4,8,3
1258,10017,22,1,SOFT,1,7,0
1258,10017,1,2,SOFT,4,7,3
1258,10017,87,2,SOFT,4,7,3
1258,10017,27,3,SOFT,7,8,0
1258,10017,16,3,SOFT,7,12,6
1258,10017,44,4,SOFT,9,11,0
1258,10017,30,6,SOFT,9,10,11
1258,10017,55,2,SOFT,4,7,3
1258,10017,63,3,SOFT,7,10,0
1258,10017,12,3,SOFT,7,10,0
1258,10017,14,6,SOFT,10,14,6
1258,10017,18,6,SOFT,10,14,0
1258,10017,7,5,SOFT,11,14,0
1258,10017,4,2,SOFT,10,13,0
1258,10017,27,4,SOFT,8,11,0
1258,10017,44,5,SOFT,11,14,0
1258,10017,16,4,SOFT,12,15,0
1258,10017,5,2,MEDIUM,10,17,0
1258,10017,6,4,SOFT,7,10,8
1258,10017,81,4,SOFT,10,13,0
1258,10017,87,3,SOFT,7,10,0
1258,10017,10,3,SOFT,7,10,6
1258,10017,31,4,SOFT,10,13,3
1258,10017,63,4,SOFT,10,12,6
1258,10017,12,4,SOFT,10,13,3
1258,10017,23,3,SOFT,8,11,0
1258,10017,30,7,SOFT,10,13,0
1258,10017,7,6,SOFT,14,17,0
1258,10017,22,2,SOFT,7,10,0
1258,10017,18,7,SOFT,14,17,0
1258,10017,5,3,SOFT,17,20,0
1258,10017,14,7,SOFT,14,17,0
1258,10017,1,3,SOFT,7,10,0
1258,10017,10,4,SOFT,10,13,0
1258,10017,55,3,SOFT,7,12,0
1258,10017,23,4,SOFT,11,14,3
1258,10017,87,4,SOFT,10,13,0
1258,10017,27,5,SOFT,11,14,0
1258,10017,18,8,SOFT,17,19,3
1258,10017,81,5,SOFT,13,17,3
1258,10017,4,3,SOFT,13,16,3
1258,10017,12,5,SOFT,13,16,6
1258,10017,63,5,SOFT,12,15,0
1258,10017,14,8,SOFT,17,19,3
1258,10017,31,5,SOFT,13,20,6
1258,10017,10,5,SOFT,13,16,3
1258,10017,87,5,SOFT,13,15,6
1258,10017,16,5,SOFT,15,21,3
1258,10017,7,7,SOFT,17,21,3
1258,10017,27,6,SOFT,14,16,7
1258,10017,23,5,SOFT,14,16,0
1258,10017,22,3,SOFT,10,14,3
1258,10017,55,4,SOFT,12,15,5
1258,10017,81,6,SOFT,17,19,7
1258,10017,30,8,SOFT,13,18,3
1258,10017,4,4,SOFT,16,18,0
1258,10017,12,6,SOFT,16,18,9
1258,10017,44,6,SOFT,14,20,0
1258,10017,6,5,SOFT,10,17,11
1258,10017,1,4,SOFT,10,14,0
1258,10017,5,4,SOFT,20,24,0
1258,10017,63,6,SOFT,15,17,6
1258,10018,5,1,SOFT,1,4,0
1258,10018,31,1,SOFT,1,4,0
1258,10018,87,1,SOFT,1,4,0
1258,10018,14,1,SOFT,1,4,0
1258,10018,27,1,SOFT,1,4,0
1258,10018,18,1,SOFT,1,4,0
1258,10018,5,2,SOFT,4,4,0
1258,10018,44,1,SOFT,1,4,0
1258,10018,16,1,SOFT,1,4,0
1258,10018,23,1,SOFT,1,6,0
1258,10018,81,1,SOFT,1,4,0
1258,10018,12,1,SOFT,1,4,0
1258,10018,7,1,SOFT,1,7,0
1258,10018,6,1,SOFT,1,4,0
1258,10018,1,1,SOFT,1,4,0
1258,10018,55,1,SOFT,1,7,0
1258,10018,30,1,SOFT,1,4,0
1258,10018,31,2,SOFT,4,7,3
1258,10018,22,1,SOFT,1,4,0
1258,10018,87,2,SOFT,4,7,0
1258,10018,10,1,SOFT,1,7,0
1258,10018,14,2,SOFT,4,7,0
1258,10018,18,2,SOFT,4,7,0
1258,10018,27,2,SOFT,4,7,3
1258,10018,5,3,SOFT,5,7,0
1258,10018,44,2,SOFT,4,7,0
1258,10018,16,2,SOFT,4,7,3
1258,10018,63,1,SOFT,1,4,0
1258,10018,7,2,SOFT,7,9,0
1258,10018,27,3,SOFT,7,8,0
1258,10018,5,4,SOFT,7,8,0
1258,10018,31,3,SOFT,7,9,0
1258,10018,18,3,SOFT,7,9,0
1258,10018,23,2,SOFT,6,9,0
1258,10018,87,3,SOFT,7,10,0
1258,10018,10,2,SOFT,7,10,0
1258,10018,6,2,SOFT,4,7,0
1258,10018,55,2,SOFT,7,10,0
1258,10018,81,2,SOFT,4,7,3
1258,10018,14,3,SOFT,7,9,0
1258,10018,12,2,SOFT,4,7,0
1258,10018,63,2,SOFT,4,6,3
1258,10018,1,2,SOFT,4,7,3
1258,10018,30,2,SOFT,4,7,0
1258,10018,16,3,SOFT,7,9,0
1258,10018,44,3,SOFT,7,10,0
1258,10018,22,2,SOFT,4,7,0
1258,10018,4,1,SOFT,1,7,0
1258,10018,23,3,SOFT,9,12,0
1258,10018,63,3,SOFT,6,9,5
1258,10018,12,3,SOFT,7,10,0
1258,10018,81,3,SOFT,7,10,0
1258,10018,55,3,SOFT,10,13,3
1258,10018,87,4,SOFT,10,13,3
1258,10018,6,3,SOFT,7,10,3
1258,10018,23,4,SOFT,12,14,0
1258,10018,30,3,SOFT,7,9,3
1258,10018,16,4,SOFT,9,12,2
1258,10018,44,4,SOFT,10,13,3
1258,10018,10,3,SOFT,10,13,0
1258,10018,14,4,SOFT,9,12,3
1258,10018,22,3,SOFT,7,10,3
1258,10018,1,3,SOFT,7,10,0
1258,10018,87,5,SOFT,13,15,0
1258,10018,6,4,SOFT,10,12,0
1258,10018,30,4,SOFT,9,11,0
1258,10018,14,5,SOFT,12,14,2
1258,10018,81,4,SOFT,10,13,3
1258,10018,63,4,SOFT,9,12,0
1258,10018,12,4,SOFT,10,13,0
1258,10018,55,4,SOFT,13,16,0
1258,10018,16,5,SOFT,12,15,0
1258,10018,4,2,SOFT,7,10,0
1258,10018,44,5,SOFT,13,16,0
1258,10018,10,4,SOFT,13,16,0
1258,10018,1,4,SOFT,10,13,3
1258,10018,22,4,SOFT,10,13,0
1258,10018,4,3,SOFT,10,11,0
1258,10018,55,5,SOFT,16,18,3
1258,10018,10,5,SOFT,16,18,3
1258,10018,1,5,SOFT,13,14,0
1258,10018,63,5,SOFT,12,14,0
1258,10018,12,5,SOFT,13,15,3
1258,10018,22,5,SOFT,13,14,3
1258,10018,16,6,SOFT,15,17,3
1258,10018,44,6,SOFT,16,18,3
1258,10018,10,6,SOFT,18,20,0
1258,10018,81,5,SOFT,13,16,0
1258,10018,1,6,SOFT,14,17,1
1258,10018,55,6,SOFT,18,21,0
1258,10018,63,6,SOFT,14,16,0
1258,10018,12,6,SOFT,15,17,0
1258,10018,22,6,SOFT,14,16,0
1258,10018,16,7,SOFT,17,19,0
1258,10018,44,7,SOFT,18,20,0
1258,10018,10,7,SOFT,20,22,0
1258,10018,1,7,SOFT,17,19,0
1258,10018,81,6,SOFT,16,18,0
1258,10018,55,7,SOFT,21,23,0
1258,10022,10,1,MEDIUM,,,0
1258,10022,7,1,MEDIUM,1,1,0
1258,10022,31,1,MEDIUM,1,1,0
1258,10022,5,1,MEDIUM,1,1,0
1258,10022,22,1,MEDIUM,1,1,0
1258,10022,87,1,MEDIUM,1,18,0
1258,10022,81,1,MEDIUM,1,19,0
1258,10022,12,1,MEDIUM,1,19,0
1258,10022,14,1,MEDIUM,1,19,1
1258,10022,63,1,MEDIUM,1,20,0
1258,10022,30,1,MEDIUM,1,20,0
1258,10022,1,1,MEDIUM,1,21,0
1258,10022,55,1,MEDIUM,1,21,0
1258,10022,23,1,MEDIUM,1,22,0
1258,10022,44,1,MEDIUM,1,23,0
1258,10022,16,1,MEDIUM,1,29,0
1258,10022,7,2,HARD,2,32,0
1258,10022,27,1,HARD,1,33,0
1258,10022,4,1,HARD,1,34,0
1258,10022,6,1,HARD,1,34,0
1258,10022,18,1,HARD,1,39,1
1258,10022,81,2,HARD,20,50,0
1258,10022,1,2,HARD,22,50,0
1258,10022,27,2,MEDIUM,34,49,0
1258,10022,18,2,MEDIUM,40,49,1
1258,10022,16,2,HARD,30,50,0
1258,10022,4,2,MEDIUM,35,50,0
1258,10022,7,3,HARD,33,49,0
1258,10022,5,2,HARD,2,49,0
1258,10022,63,2,HARD,21,50,0
1258,10022,12,2,HARD,20,50,0
1258,10022,44,2,HARD,24,50,0
1258,10022,55,2,HARD,22,50,0
1258,10022,23,2,HARD,23,50,0
1258,10022,6,2,MEDIUM,35,50,0
1258,10022,30,2,HARD,21,50,1
1258,10022,14,2,HARD,20,50,1
1258,10022,87,2,HARD,19,50,0
1258,10022,31,2,HARD,2,50,0
1259,10023,81,1,MEDIUM,1,8,0
1259,10023,10,1,MEDIUM,1,10,0
1259,10023,5,1,MEDIUM,1,6,0
1259,10023,16,1,MEDIUM,1,10,0
1259,10023,55,1,MEDIUM,1,5,0
1259,10023,23,1,MEDIUM,1,5,0
1259,10023,6,1,HARD,1,12,0
1259,10023,87,1,MEDIUM,1,3,0
1259,10023,30,1,HARD,1,10,0
1259,10023,7,1,MEDIUM,1,12,0
1259,10023,1,1,MEDIUM,1,5,0
1259,10023,22,1,MEDIUM,1,5,0
1259,10023,31,1,MEDIUM,1,5,0
1259,10023,44,1,MEDIUM,1,11,0
1259,10023,12,1,MEDIUM,1,3,0
1259,10023,4,1,MEDIUM,1,1,0
1259,10023,27,1,MEDIUM,1,4,0
1259,10023,18,1,HARD,1,1,0
1259,10023,14,1,HARD,1,1,0
1259,10023,63,1,MEDIUM,1,8,0
1259,10023,18,2,MEDIUM,2,2,0
1259,10023,4,2,MEDIUM,2,8,1
1259,10023,14,2,MEDIUM,2,2,0
1259,10023,18,3,SOFT,3,3,0
1259,10023,14,3,SOFT,3,3,0
1259,10023,87,2,MEDIUM,4,6,3
1259,10023,12,2,MEDIUM,4,6,3
1259,10023,18,4,MEDIUM,4,8,0
1259,10023,14,4,MEDIUM,4,8,0
1259,10023,55,2,MEDIUM,6,12,5
1259,10023,23,2,MEDIUM,6,8,5
1259,10023,1,2,MEDIUM,6,8,5
1259,10023,22,2,MEDIUM,6,8,5
1259,10023,31,2,MEDIUM,6,8,5
1259,10023,12,3,MEDIUM,7,9,6
1259,10023,87,3,MEDIUM,7,9,6
1259,10023,23,3,MEDIUM,9,11,0
1259,10023,18,5,MEDIUM,9,17,5
1259,10023,14,5,MEDIUM,9,16,5
1259,10023,12,4,MEDIUM,10,12,0
1259,10023,5,2,MEDIUM,7,9,6
1259,10023,30,2,HARD,11,18,10
1259,10023,81,2,MEDIUM,9,11,8
1259,10023,4,3,MEDIUM,9,18,8
1259,10023,22,3,MEDIUM,9,17,0
1259,10023,6,2,HARD,13,20,0
1259,10023,63,2,MEDIUM,9,26,0
1259,10023,10,2,MEDIUM,11,21,10
1259,10023,27,2,SOFT,5,7,0
1259,10023,87,4,MEDIUM,10,20,9
1259,10023,23,4,MEDIUM,12,19,0
1259,10023,55,3,MEDIUM,13,20,0
1259,10023,16,2,MEDIUM,11,19,10
1259,10023,5,3,MEDIUM,10,16,0
1259,10023,1,3,MEDIUM,9,17,8
1259,10023,12,5,MEDIUM,13,28,12
1259,10023,31,3,MEDIUM,9,17,8
1259,10023,7,2,MEDIUM,13,21,12
1259,10023,81,3,MEDIUM,12,19,11
1259,10023,14,6,MEDIUM,17,18,0
1259,10023,44,2,MEDIUM,12,18,11
1259,10023,23,5,MEDIUM,20,20,19
1259,10023,27,3,SOFT,8,10,0
1259,10023,4,4,MEDIUM,19,19,18
1259,10023,14,7,SOFT,19,24,0
1259,10023,55,4,SOFT,21,23,0
1259,10023,23,6,SOFT,21,25,0
1259,10023,18,6,SOFT,18,21,0
1259,10023,22,4,SOFT,18,20,0
1259,10023,30,3,SOFT,19,21,0
1259,10023,6,3,SOFT,21,23,0
1259,10023,1,4,SOFT,18,20,0
1259,10023,16,3,SOFT,20,22,0
1259,10023,81,4,SOFT,20,22,0
1259,10023,27,4,SOFT,11,13,6
1259,10023,5,4,SOFT,17,19,0
1259,10023,4,5,SOFT,20,21,0
1259,10023,87,5,SOFT,21,22,0
1259,10023,31,4,SOFT,18,19,0
1259,10023,44,3,SOFT,19,20,0
1259,10023,7,3,SOFT,22,22,0
1259,10023,22,5,SOFT,21,21,3
1259,10023,10,3,SOFT,22,22,0
1259,10024,5,1,MEDIUM,1,3,0
1259,10024,27,1,MEDIUM,1,3,0
1259,10024,22,1,MEDIUM,1,3,0
1259,10024,1,1,MEDIUM,1,3,0
1259,10024,55,1,MEDIUM,1,3,0
1259,10024,6,1,MEDIUM,1,3,0
1259,10024,23,1,MEDIUM,1,3,0
1259,10024,10,1,MEDIUM,1,3,0
1259,10024,30,1,MEDIUM,1,3,0
1259,10024,7,1,MEDIUM,1,3,0
1259,10024,18,1,MEDIUM,1,3,0
1259,10024,14,1,MEDIUM,1,3,0
1259,10024,44,1,MEDIUM,1,6,0
1259,10024,16,1,MEDIUM,1,7,0
1259,10024,87,1,MEDIUM,1,3,0
1259,10024,31,1,MEDIUM,1,3,0
1259,10024,4,1,MEDIUM,1,3,0
1259,10024,81,1,MEDIUM,1,6,0
1259,10024,12,1,MEDIUM,1,6,0
1259,10024,63,1,MEDIUM,1,6,0
1259,10024,4,2,MEDIUM,4,5,0
1259,10024,18,2,MEDIUM,4,6,3
1259,10024,5,2,MEDIUM,4,6,3
1259,10024,27,2,MEDIUM,4,6,3
1259,10024,6,2,MEDIUM,4,6,3
1259,10024,14,2,MEDIUM,4,6,3
1259,10024,55,2,MEDIUM,4,6,0
1259,10024,23,2,MEDIUM,4,6,3
1259,10024,30,2,MEDIUM,4,5,3
1259,10024,10,2,MEDIUM,4,6,3
1259,10024,31,2,MEDIUM,4,6,3
1259,10024,1,2,MEDIUM,4,4,3
1259,10024,22,2,MEDIUM,4,5,3
1259,10024,7,2,MEDIUM,4,5,3
1259,10024,87,2,MEDIUM,4,5,3
1259,10024,14,3,MEDIUM,7,7,0
1259,10024,1,3,MEDIUM,5,10,0
1259,10024,12,2,MEDIUM,7,9,0
1259,10024,63,2,MEDIUM,7,9,0
1259,10024,23,3,MEDIUM,7,9,0
1259,10024,44,2,MEDIUM,7,9,0
1259,10024,4,3,MEDIUM,6,11,0
1259,10024,81,2,MEDIUM,7,9,0
1259,10024,16,2,MEDIUM,8,13,0
1259,10024,10,3,MEDIUM,7,9,0
1259,10024,63,3,MEDIUM,10,12,0
1259,10024,27,3,MEDIUM,7,9,0
1259,10024,31,3,MEDIUM,7,9,0
1259,10024,6,3,MEDIUM,7,9,0
1259,10024,14,4,MEDIUM,8,10,1
1259,10024,55,3,MEDIUM,7,8,0
1259,10024,12,3,MEDIUM,10,12,3
1259,10024,30,3,MEDIUM,6,8,0
1259,10024,44,3,MEDIUM,10,12,3
1259,10024,23,4,MEDIUM,10,12,3
1259,10024,1,4,SOFT,11,16,0
1259,10024,63,4,SOFT,13,15,0
1259,10024,23,5,SOFT,13,15,0
1259,10024,14,5,SOFT,11,13,1
1259,10024,44,4,SOFT,13,15,0
1259,10024,12,4,SOFT,13,15,0
1259,10024,4,4,SOFT,12,14,0
1259,10024,81,3,SOFT,10,12,0
1259,10024,16,3,SOFT,14,16,0
1259,10024,6,4,SOFT,10,12,0
1259,10028,44,1,INTERMEDIATE,1,1,0
1259,10028,55,1,INTERMEDIATE,1,1,0
1259,10028,6,1,INTERMEDIATE,1,1,0
1259,10028,30,1,INTERMEDIATE,1,1,0
1259,10028,10,1,INTERMEDIATE,1,1,0
1259,10028,81,1,INTERMEDIATE,1,1,0
1259,10028,23,1,INTERMEDIATE,1,1,0
1259,10028,14,1,INTERMEDIATE,1,1,0
1259,10028,1,1,INTERMEDIATE,1,1,0
1259,10028,7,1,INTERMEDIATE,1,1,0
1259,10028,5,1,INTERMEDIATE,1,1,0
1259,10028,27,1,INTERMEDIATE,1,1,0
1259,10028,18,1,INTERMEDIATE,1,1,0
1259,10028,4,1,INTERMEDIATE,1,1,0
1259,10028,12,1,INTERMEDIATE,1,1,0
1259,10028,87,1,INTERMEDIATE,1,1,0
1259,10028,63,1,INTERMEDIATE,1,1,0
1259,10028,31,1,INTERMEDIATE,1,1,0
1259,10028,22,1,INTERMEDIATE,1,1,0
1259,10028,12,2,INTERMEDIATE,2,13,0
1259,10028,81,2,MEDIUM,2,18,0
1259,10028,4,2,SOFT,2,18,0
1259,10028,1,2,SOFT,2,18,0
1259,10028,63,2,MEDIUM,2,18,0
1259,10028,44,2,SOFT,2,18,0
1259,10028,23,2,MEDIUM,2,18,0
1259,10028,6,2,MEDIUM,2,18,0
1259,10028,27,2,MEDIUM,2,18,0
1259,10028,14,2,MEDIUM,2,13,0
1259,10028,31,2,MEDIUM,2,18,0
1259,10028,30,2,MEDIUM,2,18,0
1259,10028,10,2,MEDIUM,2,18,0
1259,10028,18,2,MEDIUM,2,18,0
1259,10028,55,2,MEDIUM,2,12,0
1259,10028,7,2,SOFT,2,18,0
1259,10028,5,2,MEDIUM,2,18,0
1259,10028,87,2,MEDIUM,2,18,0
1259,10028,22,2,MEDIUM,2,18,0
1259,10028,12,3,MEDIUM,14,18,0
1259,10029,5,1,SOFT,1,3,0
1259,10029,27,1,SOFT,1,3,0
1259,10029,10,1,SOFT,1,3,1
1259,10029,7,1,SOFT,1,3,0
1259,10029,18,1,SOFT,1,3,4
1259,10029,55,1,SOFT,1,3,3
1259,10029,14,1,SOFT,1,3,4
1259,10029,23,1,SOFT,1,3,3
1259,10029,6,1,SOFT,1,2,3
1259,10029,30,1,SOFT,1,2,3
1259,10029,87,1,SOFT,1,6,0
1259,10029,31,1,SOFT,1,3,2
1259,10029,22,1,SOFT,1,3,4
1259,10029,1,1,SOFT,1,3,9
1259,10029,44,1,SOFT,1,3,2
1259,10029,81,1,SOFT,1,3,3
1259,10029,4,1,SOFT,1,3,0
1259,10029,16,1,SOFT,1,3,3
1259,10029,12,1,SOFT,1,2,0
1259,10029,63,1,SOFT,1,2,3
1259,10029,10,2,SOFT,4,6,0
1259,10029,6,2,SOFT,3,5,0
1259,10029,18,2,SOFT,4,6,0
1259,10029,14,2,SOFT,4,6,0
1259,10029,55,2,SOFT,4,6,0
1259,10029,23,2,SOFT,4,6,0
1259,10029,12,2,SOFT,3,5,0
1259,10029,5,2,SOFT,4,6,0
1259,10029,30,2,SOFT,3,5,0
1259,10029,27,2,SOFT,4,6,0
1259,10029,63,2,SOFT,3,5,0
1259,10029,7,2,SOFT,4,6,0
1259,10029,31,2,SOFT,4,6,0
1259,10029,22,2,SOFT,4,6,0
1259,10029,16,2,SOFT,4,9,0
1259,10029,44,2,SOFT,4,6,0
1259,10029,1,2,SOFT,4,6,0
1259,10029,81,2,SOFT,4,7,0
1259,10029,4,2,SOFT,4,9,0
1259,10029,12,3,SOFT,6,8,0
1259,10029,63,3,SOFT,6,8,0
1259,10029,87,2,SOFT,7,9,0
1259,10029,10,3,SOFT,7,9,0
1259,10029,6,3,SOFT,6,8,0
1259,10029,18,3,SOFT,7,9,1
1259,10029,30,3,SOFT,6,8,0
1259,10029,14,3,SOFT,7,9,0
1259,10029,23,3,SOFT,7,9,3
1259,10029,7,3,SOFT,7,9,0
1259,10029,5,3,SOFT,7,9,0
1259,10029,27,3,SOFT,7,9,0
1259,10029,31,3,SOFT,7,9,0
1259,10029,55,3,SOFT,7,8,0
1259,10029,44,3,SOFT,7,9,0
1259,10029,22,3,SOFT,7,9,0
1259,10029,1,3,SOFT,7,9,0
1259,10029,22,4,SOFT,10,12,0
1259,10029,31,4,SOFT,10,12,0
1259,10029,16,3,SOFT,10,12,0
1259,10029,5,4,SOFT,10,12,0
1259,10029,55,4,SOFT,9,11,0
1259,10029,44,4,SOFT,10,12,3
1259,10029,6,4,SOFT,9,10,0
1259,10029,30,4,SOFT,9,11,0
1259,10029,23,4,SOFT,10,12,0
1259,10029,81,3,SOFT,8,10,0
1259,10029,4,3,SOFT,10,12,0
1259,10029,7,4,SOFT,10,12,0
1259,10029,12,4,SOFT,9,11,0
1259,10029,63,4,SOFT,9,11,3
1259,10029,22,5,SOFT,13,15,0
1259,10029,31,5,SOFT,13,15,0
1259,10029,5,5,SOFT,13,15,0
1259,10029,6,5,SOFT,11,13,0
1259,10029,4,4,SOFT,13,15,3
1259,10029,12,5,SOFT,12,14,0
1259,10029,1,4,SOFT,10,12,3
1259,10029,44,5,SOFT,13,15,0
1259,10029,16,4,SOFT,13,15,0
1259,10029,55,5,SOFT,12,14,0
1259,10029,63,5,SOFT,12,14,0
1259,10029,7,5,SOFT,13,15,0
1259,10029,30,5,SOFT,12,14,0
1259,10029,23,5,SOFT,13,14,0
1259,10029,31,6,SOFT,16,18,3
1259,10029,16,5,SOFT,16,17,0
1259,10029,22,6,SOFT,16,18,3
1259,10029,1,5,SOFT,13,15,0
1259,10029,81,4,SOFT,11,13,0
1259,10029,4,5,SOFT,16,18,0
1259,10029,55,6,SOFT,15,17,2
1259,10029,12,6,SOFT,15,17,0
1259,10029,23,6,SOFT,15,17,2
1259,10029,63,6,SOFT,15,17,0
1259,10029,22,7,SOFT,19,21,0
1259,10029,1,6,SOFT,16,18,0
1259,10029,31,7,SOFT,19,21,0
1259,10029,16,6,SOFT,18,20,3
1259,10029,4,6,SOFT,19,21,0
1259,10029,81,5,SOFT,14,16,0
1259,10029,55,7,SOFT,18,20,0
1259,10029,23,7,SOFT,18,20,0
1259,10029,12,7,SOFT,18,20,0
1259,10029,63,7,SOFT,18,20,0
1259,10033,1,1,MEDIUM,1,32,24
1259,10033,12,1,MEDIUM,1,32,24
1259,10033,81,1,MEDIUM,1,32,24
1259,10033,63,1,HARD,1,32,24
1259,10033,23,1,MEDIUM,1,32,24
1259,10033,4,1,MEDIUM,1,32,24
1259,10033,55,1,MEDIUM,1,32,30
1259,10033,16,1,MEDIUM,1,32,24
1259,10033,22,1,MEDIUM,1,32,24
1259,10033,31,1,MEDIUM,1,23,23
1259,10033,6,1,MEDIUM,1,23,22
1259,10033,44,1,HARD,1,32,23
1259,10033,5,1,MEDIUM,1,23,19
1259,10033,27,1,HARD,1,36,23
1259,10033,18,1,MEDIUM,1,23,21
1259,10033,87,1,HARD,1,27,23
1259,10033,14,1,HARD,1,32,24
1259,10033,10,1,HARD,1,32,23
1259,10033,30,1,HARD,1,31,23
1259,10033,5,2,HARD,24,30,4
1259,10033,31,2,HARD,24,57,0
1259,10033,6,2,HARD,24,57,1
1259,10033,18,2,HARD,24,56,4
1259,10033,7,1,MEDIUM,1,1,0
1259,10033,63,2,MEDIUM,33,57,3
1259,10033,14,2,MEDIUM,33,56,5
1259,10033,10,2,MEDIUM,33,57,0
1259,10033,81,2,HARD,33,57,3
1259,10033,12,2,HARD,33,57,7
1259,10033,23,2,HARD,33,57,6
1259,10033,16,2,HARD,33,57,3
1259,10033,22,2,HARD,33,57,5
1259,10033,4,2,HARD,33,57,3
1259,10033,55,2,HARD,33,57,7
1259,10033,44,2,MEDIUM,33,57,4
1259,10033,30,2,MEDIUM,32,36,3
1259,10033,1,2,HARD,33,57,6
1259,10033,27,2,MEDIUM,37,56,0
1260,9980,5,1,MEDIUM,1,1,0
1260,9980,27,1,MEDIUM,1,2,0
1260,9980,43,1,MEDIUM,1,3,0
1260,9980,10,1,MEDIUM,1,3,0
1260,9980,12,1,SOFT,1,3,0
1260,9980,31,1,MEDIUM,1,5,0
1260,9980,55,1,MEDIUM,1,1,0
1260,9980,10,2,MEDIUM,4,6,3
1260,9980,43,2,MEDIUM,4,6,3
1260,9980,4,1,SOFT,1,6,0
1260,9980,30,1,SOFT,1,6,0
1260,9980,87,1,MEDIUM,1,3,0
1260,9980,22,1,SOFT,1,3,0
1260,9980,63,1,SOFT,1,6,0
1260,9980,1,1,SOFT,1,3,0
1260,9980,10,3,MEDIUM,7,9,6
1260,9980,12,2,SOFT,4,6,3
1260,9980,43,3,MEDIUM,7,9,6
1260,9980,55,2,SOFT,2,5,0
1260,9980,87,2,MEDIUM,4,6,3
1260,9980,16,1,SOFT,1,8,0
1260,9980,22,2,SOFT,4,6,3
1260,9980,44,1,SOFT,1,8,0
1260,9980,43,4,MEDIUM,10,12,9
1260,9980,55,3,SOFT,6,8,4
1260,9980,12,3,SOFT,7,9,0
1260,9980,63,2,SOFT,7,9,0
1260,9980,14,1,SOFT,1,9,0
1260,9980,81,1,SOFT,1,9,0
1260,9980,5,2,MEDIUM,2,10,1
1260,9980,27,2,MEDIUM,3,10,2
1260,9980,23,1,SOFT,1,10,0
1260,9980,4,2,SOFT,7,9,6
1260,9980,6,1,SOFT,1,9,0
1260,9980,30,2,SOFT,7,12,6
1260,9980,18,1,SOFT,1,10,0
1260,9980,10,4,MEDIUM,10,12,9
1260,9980,16,2,SOFT,9,11,8
1260,9980,44,2,SOFT,9,11,8
1260,9980,5,3,SOFT,11,13,0
1260,9980,31,2,MEDIUM,6,10,5
1260,9980,87,3,MEDIUM,7,9,6
1260,9980,27,3,SOFT,11,13,0
1260,9980,22,3,SOFT,7,10,6
1260,9980,12,4,SOFT,10,12,3
1260,9980,10,5,SOFT,13,15,0
1260,9980,6,2,SOFT,10,11,0
1260,9980,16,3,SOFT,12,14,0
1260,9980,18,2,SOFT,11,13,0
1260,9980,55,4,SOFT,9,11,7
1260,9980,43,5,MEDIUM,13,13,12
1260,9980,44,3,SOFT,12,15,0
1260,9980,22,4,SOFT,11,12,0
1260,9980,87,4,SOFT,10,12,0
1260,9980,31,3,SOFT,11,13,0
1260,9980,30,3,SOFT,13,15,0
1260,9980,43,6,SOFT,14,15,0
1260,9980,10,6,SOFT,16,18,0
1260,9980,55,5,SOFT,12,14,0
1260,9980,4,3,SOFT,10,14,0
1260,9980,1,2,SOFT,4,9,3
1260,9980,63,3,SOFT,10,18,6
1260,9980,81,2,SOFT,10,15,0
1260,9980,5,4,SOFT,14,16,0
1260,9980,27,4,SOFT,14,16,0
1260,9980,14,2,SOFT,10,15,0
1260,9980,16,4,SOFT,15,17,3
1260,9980,6,3,SOFT,12,14,2
1260,9980,18,3,SOFT,14,17,3
1260,9980,44,4,SOFT,16,17,4
1260,9980,87,5,SOFT,13,15,3
1260,9980,10,7,SOFT,19,19,6
1260,9980,30,4,SOFT,16,18,3
1260,9980,6,4,SOFT,15,15,0
1260,9980,31,4,SOFT,14,16,3
1260,9980,10,8,MEDIUM,20,21,12
1260,9980,43,7,SOFT,16,18,0
1260,9980,23,2,SOFT,11,19,0
1260,9980,55,6,SOFT,15,17,3
1260,9980,12,5,SOFT,13,21,6
1260,9980,1,3,SOFT,10,15,0
1260,9980,5,5,SOFT,17,23,6
1260,9980,4,4,SOFT,15,23,5
1260,9980,23,3,SOFT,20,21,10
1260,9980,44,5,SOFT,18,22,6
1260,9980,27,5,MEDIUM,17,23,10
1260,9980,81,3,SOFT,16,23,6
1260,9980,30,5,SOFT,19,22,6
1260,9980,55,7,SOFT,18,19,6
1260,9980,63,4,SOFT,19,26,3
1260,9980,43,8,MEDIUM,19,21,13
1260,9980,16,5,SOFT,18,23,0
1260,9980,6,5,SOFT,16,19,0
1260,9980,87,6,MEDIUM,16,20,9
1260,9980,12,6,SOFT,22,23,6
1260,9980,31,5,MEDIUM,17,20,10
1260,9980,18,4,SOFT,18,23,7
1260,9980,14,3,SOFT,16,22,0
1260,9980,22,5,SOFT,13,17,2
1260,9980,22,6,SOFT,18,18,7
1260,9981,43,1,MEDIUM,1,3,0
1260,9981,31,1,MEDIUM,1,3,0
1260,9981,10,1,MEDIUM,1,3,0
1260,9981,87,1,MEDIUM,1,3,0
1260,9981,30,1,MEDIUM,1,3,0
1260,9981,12,1,MEDIUM,1,3,0
1260,9981,5,1,MEDIUM,1,3,0
1260,9981,6,1,MEDIUM,1,3,0
1260,9981,10,2,MEDIUM,4,6,0
1260,9981,31,2,MEDIUM,4,6,0
1260,9981,55,1,MEDIUM,1,6,1
1260,9981,43,2,MEDIUM,4,6,0
1260,9981,63,1,MEDIUM,1,3,0
1260,9981,1,1,MEDIUM,1,6,0
1260,9981,12,2,MEDIUM,4,6,3
1260,9981,27,1,MEDIUM,1,6,0
1260,9981,87,2,MEDIUM,4,6,3
1260,9981,30,2,MEDIUM,4,6,3
1260,9981,22,1,MEDIUM,1,9,0
1260,9981,6,2,MEDIUM,4,6,3
1260,9981,55,2,MEDIUM,7,8,7
1260,9981,23,1,MEDIUM,1,9,0
1260,9981,16,1,MEDIUM,1,8,0
1260,9981,4,1,MEDIUM,1,6,0
1260,9981,44,1,MEDIUM,1,8,0
1260,9981,10,3,MEDIUM,7,9,0
1260,9981,43,3,MEDIUM,7,9,6
1260,9981,81,1,MEDIUM,1,8,0
1260,9981,14,1,SOFT,1,8,0
1260,9981,5,2,MEDIUM,4,8,0
1260,9981,12,3,SOFT,7,8,0
1260,9981,31,3,MEDIUM,7,9,6
1260,9981,18,1,MEDIUM,1,7,0
1260,9981,27,2,SOFT,7,9,0
1260,9981,6,3,SOFT,7,9,0
1260,9981,16,2,SOFT,9,11,0
1260,9981,87,3,SOFT,7,9,0
1260,9981,81,2,SOFT,9,11,0
1260,9981,5,3,SOFT,9,11,0
1260,9981,30,3,SOFT,7,9,0
1260,9981,18,2,SOFT,8,10,0
1260,9981,31,4,SOFT,10,12,0
1260,9981,43,4,SOFT,10,12,0
1260,9981,63,2,SOFT,4,6,0
1260,9981,10,4,SOFT,10,12,0
1260,9981,14,2,SOFT,9,11,8
1260,9981,87,4,SOFT,10,11,3
1260,9981,1,2,SOFT,7,11,0
1260,9981,6,4,SOFT,10,12,0
1260,9981,22,2,SOFT,10,15,0
1260,9981,12,4,SOFT,9,12,2
1260,9981,27,3,SOFT,10,11,3
1260,9981,23,2,SOFT,10,15,0
1260,9981,81,3,SOFT,12,14,3
1260,9981,5,4,SOFT,12,14,3
1260,9981,6,5,MEDIUM,13,13,6
1260,9981,55,3,SOFT,9,15,0
1260,9981,44,2,SOFT,9,13,0
1260,9981,4,2,SOFT,7,12,0
1260,9981,23,3,SOFT,16,16,6
1260,9981,16,3,SOFT,12,15,3
1260,9981,30,4,SOFT,10,12,3
1260,9981,18,3,SOFT,11,13,7
1260,9981,30,5,MEDIUM,13,13,6
1260,9981,31,5,SOFT,13,15,3
1260,9981,14,3,MEDIUM,12,14,0
1260,9981,6,6,MEDIUM,14,22,0
1260,9981,23,4,MEDIUM,17,25,9
1260,9981,4,3,MEDIUM,13,21,6
1260,9981,81,4,MEDIUM,15,24,8
1260,9981,27,4,MEDIUM,12,22,6
1260,9981,16,4,MEDIUM,16,24,8
1260,9981,44,3,MEDIUM,14,22,8
1260,9981,63,3,MEDIUM,7,20,3
1260,9981,10,5,MEDIUM,13,26,9
1260,9981,55,4,MEDIUM,16,25,9
1260,9981,12,5,MEDIUM,13,23,6
1260,9981,5,5,MEDIUM,15,24,0
1260,9981,31,6,MEDIUM,16,21,9
1260,9981,43,5,MEDIUM,13,26,9
1260,9981,14,4,MEDIUM,15,18,3
1260,9981,18,4,MEDIUM,14,20,7
1260,9981,30,6,MEDIUM,14,19,0
1260,9981,22,3,MEDIUM,16,26,9
1260,9981,87,5,MEDIUM,12,23,6
1260,9981,1,3,MEDIUM,12,23,6
1260,9981,5,6,MEDIUM,25,27,17
1260,9981,31,7,MEDIUM,22,24,14
1260,9981,10,6,MEDIUM,27,29,22
1260,9981,43,6,MEDIUM,27,29,22
1260,9981,63,4,MEDIUM,21,23,16
1260,9981,30,7,MEDIUM,20,22,0
1260,9981,87,6,SOFT,24,26,5
1260,9981,14,5,MEDIUM,19,21,6
1260,9981,18,5,MEDIUM,21,23,13
1260,9981,22,4,SOFT,27,29,6
1260,9981,1,4,SOFT,24,26,5
1260,9981,23,5,MEDIUM,26,29,17
1260,9981,4,4,SOFT,22,25,6
1260,9981,27,5,MEDIUM,23,26,16
1260,9981,81,5,SOFT,25,28,6
1260,9981,16,5,MEDIUM,25,28,16
1260,9981,12,6,MEDIUM,24,27,16
1260,9981,55,5,MEDIUM,26,29,18
1260,9981,44,4,MEDIUM,23,26,16
1260,9982,44,1,MEDIUM,1,3,0
1260,9982,14,1,HARD,1,1,0
1260,9982,18,1,HARD,1,1,0
1260,9982,4,1,HARD,1,1,0
1260,9982,16,1,MEDIUM,1,3,0
1260,9982,31,1,SOFT,1,3,0
1260,9982,87,1,SOFT,1,3,0
1260,9982,1,1,MEDIUM,1,3,0
1260,9982,27,1,SOFT,1,3,0
1260,9982,5,1,SOFT,1,3,0
1260,9982,4,2,MEDIUM,2,4,0
1260,9982,55,1,MEDIUM,1,3,0
1260,9982,16,2,MEDIUM,4,6,0
1260,9982,44,2,MEDIUM,4,6,0
1260,9982,43,1,SOFT,1,3,0
1260,9982,30,1,MEDIUM,1,6,0
1260,9982,1,2,MEDIUM,4,6,0
1260,9982,27,2,SOFT,4,6,3
1260,9982,12,1,MEDIUM,1,3,0
1260,9982,10,1,SOFT,1,3,0
1260,9982,6,1,MEDIUM,1,6,0
1260,9982,30,2,MEDIUM,7,9,6
1260,9982,6,2,MEDIUM,7,9,6
1260,9982,55,2,MEDIUM,4,6,3
1260,9982,30,3,MEDIUM,10,10,9
1260,9982,18,2,HARD,2,9,0
1260,9982,12,2,MEDIUM,4,6,3
1260,9982,6,3,MEDIUM,10,10,0
1260,9982,30,4,MEDIUM,11,11,10
1260,9982,63,1,MEDIUM,1,6,0
1260,9982,55,3,MEDIUM,7,9,6
1260,9982,81,1,MEDIUM,1,8,0
1260,9982,1,3,MEDIUM,7,9,0
1260,9982,27,3,SOFT,7,7,6
1260,9982,5,2,SOFT,4,7,3
1260,9982,23,1,MEDIUM,1,9,0
1260,9982,4,3,MEDIUM,5,9,3
1260,9982,22,1,MEDIUM,1,6,0
1260,9982,43,2,SOFT,4,6,3
1260,9982,10,2,SOFT,4,6,3
1260,9982,31,2,SOFT,4,6,3
1260,9982,87,2,SOFT,4,5,3
1260,9982,14,2,HARD,2,9,0
1260,9982,6,4,MEDIUM,11,11,0
1260,9982,16,3,MEDIUM,7,15,6
1260,9982,30,5,MEDIUM,12,12,11
1260,9982,44,3,MEDIUM,7,15,0
1260,9982,63,2,SOFT,7,8,0
1260,9982,12,3,MEDIUM,7,9,6
1260,9982,23,2,SOFT,10,12,0
1260,9982,4,4,SOFT,10,12,0
1260,9982,27,4,SOFT,8,10,0
1260,9982,5,3,SOFT,8,10,0
1260,9982,55,4,MEDIUM,10,12,9
1260,9982,18,3,HARD,10,14,8
1260,9982,31,3,SOFT,7,9,0
1260,9982,87,3,SOFT,6,8,0
1260,9982,44,4,SOFT,16,18,0
1260,9982,81,2,SOFT,9,13,0
1260,9982,6,5,SOFT,12,14,0
1260,9982,30,6,SOFT,13,15,0
1260,9982,22,2,SOFT,7,9,0
1260,9982,1,4,SOFT,10,12,0
1260,9982,10,3,SOFT,7,9,0
1260,9982,43,3,SOFT,7,9,0
1260,9982,23,3,SOFT,13,16,3
1260,9982,4,5,SOFT,13,15,0
1260,9982,5,4,SOFT,11,13,3
1260,9982,44,5,SOFT,19,21,3
1260,9982,6,6,SOFT,15,17,3
1260,9982,81,3,SOFT,14,16,5
1260,9982,27,5,SOFT,11,13,3
1260,9982,14,3,SOFT,10,15,0
1260,9982,31,4,SOFT,10,12,3
1260,9982,87,4,SOFT,9,11,3
1260,9982,12,4,SOFT,10,12,0
1260,9982,63,3,SOFT,9,11,2
1260,9982,6,7,MEDIUM,18,20,11
1260,9982,22,3,SOFT,10,14,3
1260,9982,18,4,SOFT,15,22,0
1260,9982,1,5,SOFT,13,17,3
1260,9982,27,6,SOFT,14,16,0
1260,9982,30,8,SOFT,19,21,0
1260,9982,14,4,HARD,16,18,8
1260,9982,81,4,MEDIUM,17,19,8
1260,9982,16,4,SOFT,16,26,0
1260,9982,23,4,SOFT,17,20,7
1260,9982,30,7,SOFT,16,18,3
1260,9982,5,5,SOFT,14,17,7
1260,9982,87,5,SOFT,12,14,5
1260,9982,31,5,SOFT,13,15,6
1260,9982,4,6,SOFT,16,19,6
1260,9982,10,4,SOFT,10,14,3
1260,9982,55,5,SOFT,13,21,0
1260,9982,43,4,SOFT,10,14,3
1260,9982,44,6,SOFT,22,25,6
1260,9982,12,5,MEDIUM,13,15,9
1260,9982,63,4,MEDIUM,12,14,6
1260,9983,27,1,SOFT,1,3,0
1260,9983,5,1,SOFT,1,3,0
1260,9983,31,1,SOFT,1,3,0
1260,9983,87,1,SOFT,1,3,0
1260,9983,18,1,SOFT,1,3,0
1260,9983,14,1,SOFT,1,3,0
1260,9983,55,1,SOFT,1,3,0
1260,9983,44,1,SOFT,1,3,0
1260,9983,23,1,SOFT,1,3,0
1260,9983,16,1,SOFT,1,3,0
1260,9983,1,1,SOFT,1,2,0
1260,9983,22,1,SOFT,1,2,0
1260,9983,12,1,SOFT,1,1,0
1260,9983,63,1,SOFT,1,1,0
1260,9983,4,1,SOFT,1,1,0
1260,9983,6,1,SOFT,1,1,0
1260,9983,81,1,SOFT,1,1,0
1260,9983,30,1,SOFT,1,1,0
1260,9983,43,1,SOFT,1,3,0
1260,9983,27,2,SOFT,4,6,0
1260,9983,5,2,SOFT,4,6,3
1260,9983,30,2,SOFT,2,4,1
1260,9983,6,2,SOFT,2,4,0
1260,9983,55,2,SOFT,4,6,3
1260,9983,23,2,SOFT,4,6,3
1260,9983,31,2,SOFT,4,6,3
1260,9983,87,2,SOFT,4,6,3
1260,9983,10,1,SOFT,1,3,0
1260,9983,18,2,SOFT,4,6,0
1260,9983,14,2,SOFT,4,6,0
1260,9983,12,2,SOFT,2,4,1
1260,9983,63,2,SOFT,2,4,0
1260,9983,1,2,SOFT,3,5,2
1260,9983,16,2,SOFT,4,6,3
1260,9983,44,2,SOFT,4,6,3
1260,9983,4,2,SOFT,2,4,1
1260,9983,81,2,SOFT,2,6,1
1260,9983,4,3,SOFT,5,7,4
1260,9983,5,3,SOFT,7,9,0
1260,9983,27,3,SOFT,7,9,0
1260,9983,12,3,SOFT,5,7,0
1260,9983,55,3,SOFT,7,9,0
1260,9983,31,3,SOFT,7,9,0
1260,9983,18,3,MEDIUM,7,9,0
1260,9983,87,3,SOFT,7,8,0
1260,9983,10,2,SOFT,4,5,0
1260,9983,43,2,SOFT,4,5,0
1260,9983,30,3,SOFT,5,6,0
1260,9983,6,3,SOFT,5,6,0
1260,9983,14,3,MEDIUM,7,7,0
1260,9983,16,3,SOFT,7,8,0
1260,9983,63,3,SOFT,5,5,0
1260,9983,23,3,SOFT,7,8,0
1260,9983,44,3,SOFT,7,8,0
1260,9983,5,4,SOFT,10,12,3
1260,9983,1,3,SOFT,6,8,0
1260,9983,18,4,SOFT,10,12,0
1260,9983,14,4,SOFT,8,10,0
1260,9983,16,4,SOFT,9,11,2
1260,9983,44,4,SOFT,9,11,2
1260,9983,6,4,SOFT,7,9,0
1260,9983,12,4,SOFT,8,10,4
1260,9983,63,4,SOFT,6,8,1
1260,9983,4,4,SOFT,8,10,0
1260,9983,23,4,SOFT,9,11,2
1260,9983,10,3,SOFT,6,8,3
1260,9983,81,3,SOFT,7,9,0
1260,9983,55,4,SOFT,10,12,3
1260,9983,5,5,SOFT,13,15,0
1260,9983,6,5,SOFT,10,12,0
1260,9983,12,5,SOFT,11,13,0
1260,9983,44,5,SOFT,12,14,0
1260,9983,16,5,SOFT,12,14,0
1260,9983,63,5,SOFT,9,11,0
1260,9983,1,4,SOFT,9,11,3
1260,9983,55,5,SOFT,13,15,0
1260,9983,23,5,SOFT,12,14,0
1260,9983,10,4,SOFT,9,11,0
1260,9983,18,5,MEDIUM,13,15,0
1260,9983,14,5,MEDIUM,11,13,0
1260,9983,81,4,SOFT,10,12,3
1260,9983,4,5,SOFT,11,13,3
1260,9983,18,6,SOFT,16,18,0
1260,9983,14,6,SOFT,14,16,0
1260,9983,6,6,SOFT,13,15,3
1260,9983,4,6,SOFT,14,16,0
1260,9983,81,5,SOFT,13,15,0
1260,9983,1,5,SOFT,12,14,0
1260,9983,63,6,SOFT,12,14,0
1260,9983,10,5,SOFT,12,14,2
1260,9983,23,6,SOFT,15,17,3
1260,9983,55,6,SOFT,16,18,3
1260,9983,81,6,SOFT,16,18,0
1260,9983,18,7,MEDIUM,19,21,3
1260,9983,23,7,SOFT,18,20,0
1260,9983,6,7,SOFT,16,17,0
1260,9983,4,7,SOFT,17,19,0
1260,9983,1,6,SOFT,15,17,0
1260,9983,14,7,MEDIUM,17,19,1
1260,9983,63,7,MEDIUM,15,17,0
1260,9983,55,7,SOFT,19,21,0
1260,9983,10,6,SOFT,15,17,0
1260,9987,31,1,MEDIUM,1,1,0
1260,9987,10,1,MEDIUM,1,9,0
1260,9987,16,1,MEDIUM,1,10,0
1260,9987,30,1,MEDIUM,1,10,0
1260,9987,63,1,MEDIUM,1,11,3
1260,9987,55,1,MEDIUM,1,11,0
1260,9987,14,1,MEDIUM,1,12,3
1260,9987,5,1,MEDIUM,1,12,0
1260,9987,81,1,MEDIUM,1,13,0
1260,9987,18,1,MEDIUM,1,14,3
1260,9987,43,1,MEDIUM,1,22,0
1260,9987,31,2,HARD,2,27,0
1260,9987,4,1,MEDIUM,1,28,0
1260,9987,1,1,MEDIUM,1,29,0
1260,9987,23,1,MEDIUM,1,29,0
1260,9987,6,1,MEDIUM,1,29,0
1260,9987,12,1,HARD,1,29,0
1260,9987,44,1,HARD,1,29,0
1260,9987,16,2,HARD,11,29,0
1260,9987,27,1,HARD,1,29,0
1260,9987,87,1,HARD,1,29,0
1260,9987,63,2,HARD,12,29,0
1260,9987,22,1,HARD,1,29,0
1260,9987,55,2,HARD,12,29,0
1260,9987,10,2,HARD,10,29,0
1260,9987,30,2,HARD,11,29,0
1260,9987,5,2,HARD,13,29,0
1260,9987,81,2,HARD,14,30,0
1260,9987,87,2,MEDIUM,30,31,0
1260,9987,12,2,MEDIUM,30,44,0
1260,9987,1,2,HARD,30,46,0
1260,9987,4,2,HARD,29,46,0
1260,9987,44,2,MEDIUM,30,46,0
1260,9987,6,2,HARD,30,46,0
1260,9987,14,2,HARD,13,46,1
1260,9987,18,2,HARD,15,46,1
1260,9987,43,2,HARD,23,46,0
1260,9987,5,3,HARD,30,46,0
1260,9987,23,2,HARD,30,47,0
1260,9987,1,3,HARD,47,63,0
1260,9987,4,3,HARD,47,63,1
1260,9987,81,3,HARD,31,63,0
1260,9987,44,3,HARD,47,63,0
1260,9987,23,3,HARD,48,63,0
1260,9987,16,3,HARD,30,63,0
1260,9987,63,3,HARD,30,63,0
1260,9987,55,3,HARD,30,63,0
1260,9987,6,3,HARD,47,63,0
1260,9987,22,2,MEDIUM,30,63,0
1260,9987,14,3,MEDIUM,47,63,4
1260,9987,27,2,MEDIUM,30,63,0
1260,9987,10,3,HARD,30,63,0
1260,9987,30,3,HARD,30,63,0
1260,9987,18,3,MEDIUM,47,63,6
1260,9987,43,3,HARD,47,63,0
1260,9987,87,3,HARD,32,63,0
1260,9987,5,4,MEDIUM,47,63,12
1261,9972,18,1,SOFT,1,4,0
1261,9972,63,1,SOFT,1,4,0
1261,9972,12,1,SOFT,1,5,0
1261,9972,55,1,HARD,1,4,0
1261,9972,81,1,SOFT,1,5,0
1261,9972,10,1,HARD,1,1,0
1261,9972,30,1,HARD,1,6,0
1261,9972,5,1,MEDIUM,1,5,0
1261,9972,4,1,SOFT,1,6,0
1261,9972,27,1,MEDIUM,1,6,0
1261,9972,6,1,HARD,1,6,0
1261,9972,43,1,HARD,1,5,0
1261,9972,87,1,HARD,1,6,0
1261,9972,31,1,HARD,1,6,0
1261,9972,1,1,HARD,1,6,0
1261,9972,44,1,MEDIUM,1,5,0
1261,9972,22,1,HARD,1,6,0
1261,9972,14,1,SOFT,1,5,0
1261,9972,16,1,MEDIUM,1,4,0
1261,9972,23,1,HARD,1,4,0
1261,9972,55,2,HARD,5,13,4
1261,9972,12,2,SOFT,6,13,5
1261,9972,23,2,HARD,5,14,0
1261,9972,63,2,SOFT,5,14,4
1261,9972,44,2,MEDIUM,6,13,5
1261,9972,6,2,HARD,7,17,6
1261,9972,4,2,SOFT,7,15,0
1261,9972,81,2,SOFT,6,12,5
1261,9972,30,2,HARD,7,17,6
1261,9972,87,2,HARD,7,17,6
1261,9972,14,2,SOFT,6,13,5
1261,9972,55,3,SOFT,14,20,0
1261,9972,63,3,SOFT,15,17,0
1261,9972,43,2,HARD,6,16,5
1261,9972,10,2,HARD,2,14,1
1261,9972,6,3,MEDIUM,18,19,0
1261,9972,31,2,HARD,7,17,6
1261,9972,27,2,MEDIUM,7,16,6
1261,9972,22,2,HARD,7,19,6
1261,9972,1,2,HARD,7,17,6
1261,9972,81,3,MEDIUM,13,18,0
1261,9972,5,2,MEDIUM,6,17,5
1261,9972,63,4,SOFT,18,22,3
1261,9972,22,3,SOFT,20,22,0
1261,9972,16,2,SOFT,5,23,0
1261,9972,14,3,SOFT,14,18,0
1261,9972,4,3,MEDIUM,16,23,0
1261,9972,87,3,SOFT,18,25,0
1261,9972,1,3,SOFT,18,23,0
1261,9972,55,4,SOFT,21,28,7
1261,9972,44,3,SOFT,14,23,0
1261,9972,43,3,SOFT,17,25,0
1261,9972,23,3,SOFT,15,27,0
1261,9972,81,4,MEDIUM,19,22,0
1261,9972,23,4,HARD,28,33,14
1261,9972,4,4,MEDIUM,24,32,8
1261,9972,12,3,SOFT,14,34,0
1261,9972,44,4,SOFT,24,30,10
1261,9972,31,3,SOFT,18,31,0
1261,9972,16,3,SOFT,24,33,0
1261,9972,1,4,SOFT,24,30,6
1261,9972,6,4,MEDIUM,20,35,0
1261,9972,27,3,SOFT,17,30,0
1261,9972,81,5,SOFT,23,28,12
1261,9972,14,4,SOFT,19,28,5
1261,9972,10,3,SOFT,15,29,0
1261,9972,87,4,SOFT,26,34,8
1261,9972,30,3,MEDIUM,18,37,0
1261,9972,5,3,SOFT,18,29,0
1261,9972,22,4,SOFT,23,32,3
1261,9972,55,5,HARD,29,36,13
1261,9972,63,5,SOFT,23,33,8
1261,9972,43,4,SOFT,26,32,9
1261,9973,27,1,HARD,1,4,0
1261,9973,5,1,HARD,1,5,0
1261,9973,55,1,SOFT,1,4,0
1261,9973,10,1,MEDIUM,1,5,0
1261,9973,63,1,MEDIUM,1,4,0
1261,9973,43,1,MEDIUM,1,5,0
1261,9973,14,1,MEDIUM,1,4,0
1261,9973,18,1,MEDIUM,1,4,0
1261,9973,12,1,MEDIUM,1,4,0
1261,9973,4,1,MEDIUM,1,4,0
1261,9973,81,1,MEDIUM,1,4,0
1261,9973,23,1,MEDIUM,1,5,0
1261,9973,44,1,MEDIUM,1,5,0
1261,9973,16,1,HARD,1,5,0
1261,9973,22,1,MEDIUM,1,4,0
1261,9973,1,1,MEDIUM,1,4,0
1261,9973,31,1,MEDIUM,1,5,0
1261,9973,87,1,SOFT,1,5,0
1261,9973,30,1,MEDIUM,1,5,0
1261,9973,55,2,SOFT,5,8,4
1261,9973,23,2,MEDIUM,6,9,5
1261,9973,30,2,MEDIUM,6,8,5
1261,9973,12,2,MEDIUM,5,8,4
1261,9973,63,2,MEDIUM,5,8,4
1261,9973,44,2,MEDIUM,6,8,5
1261,9973,31,2,MEDIUM,6,8,5
1261,9973,87,2,SOFT,6,8,5
1261,9973,27,2,HARD,5,9,4
1261,9973,14,2,MEDIUM,5,8,4
1261,9973,16,2,HARD,6,9,5
1261,9973,18,2,MEDIUM,5,8,4
1261,9973,10,2,MEDIUM,6,10,5
1261,9973,43,2,MEDIUM,6,9,0
1261,9973,1,2,MEDIUM,5,7,4
1261,9973,4,2,MEDIUM,5,8,4
1261,9973,22,2,MEDIUM,5,7,4
1261,9973,6,1,MEDIUM,1,2,0
1261,9973,55,3,SOFT,9,11,8
1261,9973,81,2,MEDIUM,5,8,4
1261,9973,23,3,MEDIUM,10,12,9
1261,9973,5,2,HARD,6,9,5
1261,9973,16,3,HARD,10,12,9
1261,9973,4,3,MEDIUM,9,11,8
1261,9973,30,3,MEDIUM,9,13,8
1261,9973,44,3,MEDIUM,9,12,8
1261,9973,14,3,SOFT,9,13,0
1261,9973,1,3,SOFT,8,12,0
1261,9973,18,3,SOFT,9,13,0
1261,9973,12,3,SOFT,9,14,0
1261,9973,63,3,SOFT,9,16,0
1261,9973,43,3,SOFT,10,16,0
1261,9973,5,3,SOFT,10,14,0
1261,9973,12,4,SOFT,15,17,6
1261,9973,81,3,SOFT,9,15,0
1261,9973,27,3,SOFT,10,16,0
1261,9973,87,3,MEDIUM,9,18,0
1261,9973,23,4,SOFT,13,19,0
1261,9973,55,4,MEDIUM,12,19,11
1261,9973,1,4,SOFT,13,17,5
1261,9973,31,3,SOFT,9,20,0
1261,9973,55,5,SOFT,20,20,11
1261,9973,10,3,SOFT,11,22,0
1261,9973,12,5,SOFT,18,20,9
1261,9973,6,2,SOFT,3,17,0
1261,9973,16,4,SOFT,13,20,0
1261,9973,4,4,SOFT,12,20,0
1261,9973,63,4,SOFT,17,20,8
1261,9973,22,3,SOFT,8,18,0
1261,9973,14,4,SOFT,14,19,8
1261,9973,30,4,SOFT,14,21,0
1261,9973,43,4,SOFT,17,20,7
1261,9973,44,4,SOFT,13,20,0
1261,9973,5,4,SOFT,15,19,0
1261,9973,18,4,SOFT,14,22,8
1261,9973,81,4,SOFT,16,22,7
1261,9973,27,4,SOFT,17,28,0
1261,9973,1,5,MEDIUM,18,29,7
1261,9973,55,6,MEDIUM,21,32,8
1261,9973,14,5,MEDIUM,20,30,8
1261,9973,30,5,MEDIUM,22,32,8
1261,9973,10,4,MEDIUM,23,34,0
1261,9973,4,5,MEDIUM,21,32,11
1261,9973,12,6,MEDIUM,21,32,8
1261,9973,44,5,MEDIUM,21,30,12
1261,9973,81,5,SOFT,23,28,14
1261,9973,27,5,HARD,29,32,9
1261,9973,16,5,HARD,21,32,12
1261,9973,87,4,SOFT,19,33,8
1261,9973,63,5,MEDIUM,21,32,8
1261,9973,23,5,MEDIUM,20,34,12
1261,9973,5,5,SOFT,20,29,10
1261,9973,18,5,MEDIUM,23,30,8
1261,9973,43,5,MEDIUM,21,31,9
1261,9973,31,4,MEDIUM,21,33,8
1261,9973,22,4,MEDIUM,19,30,7
1261,9974,30,1,HARD,1,1,0
1261,9974,14,1,HARD,1,1,0
1261,9974,18,1,HARD,1,1,0
1261,9974,14,2,HARD,2,2,0
1261,9974,18,2,HARD,2,2,0
1261,9974,6,1,HARD,1,1,0
1261,9974,44,1,HARD,1,1,0
1261,9974,18,3,MEDIUM,3,3,0
1261,9974,43,1,SOFT,1,12,0
1261,9974,14,3,MEDIUM,3,3,0
1261,9974,87,1,SOFT,1,5,0
1261,9974,55,1,SOFT,1,6,0
1261,9974,4,1,SOFT,1,7,0
1261,9974,81,1,SOFT,1,7,0
1261,9974,16,1,SOFT,1,11,0
1261,9974,12,1,SOFT,1,10,0
1261,9974,30,2,SOFT,2,19,0
1261,9974,6,2,SOFT,2,17,0
1261,9974,27,1,MEDIUM,1,12,0
1261,9974,23,1,SOFT,1,11,0
1261,9974,5,1,MEDIUM,1,14,0
1261,9974,43,2,SOFT,13,20,11
1261,9974,1,1,MEDIUM,1,11,0
1261,9974,22,1,MEDIUM,1,12,0
1261,9974,16,2,SOFT,12,14,10
1261,9974,44,2,SOFT,2,15,0
1261,9974,55,2,SOFT,7,13,6
1261,9974,5,2,SOFT,15,17,0
1261,9974,30,3,SOFT,20,22,18
1261,9974,63,1,SOFT,1,12,0
1261,9974,12,2,SOFT,11,13,10
1261,9974,31,1,SOFT,1,15,0
1261,9974,4,2,SOFT,8,13,7
1261,9974,81,2,SOFT,8,12,7
1261,9974,14,4,SOFT,4,13,0
1261,9974,87,2,SOFT,6,11,4
1261,9974,6,3,SOFT,18,22,0
1261,9974,18,4,MEDIUM,4,16,0
1261,9974,10,1,SOFT,1,12,0
1261,9974,63,2,SOFT,13,15,0
1261,9974,12,3,SOFT,14,16,0
1261,9974,30,4,SOFT,23,27,0
1261,9974,1,2,SOFT,12,17,0
1261,9974,16,3,SOFT,15,20,0
1261,9974,4,3,SOFT,14,18,0
1261,9974,1,3,SOFT,18,18,5
1261,9974,87,3,SOFT,12,15,0
1261,9974,63,3,SOFT,16,18,2
1261,9974,12,4,SOFT,17,19,0
1261,9974,81,3,SOFT,13,18,0
1261,9974,22,2,SOFT,13,18,0
1261,9974,27,2,SOFT,13,25,0
1261,9974,30,5,SOFT,28,30,4
1261,9974,63,4,SOFT,19,20,6
1261,9974,43,3,SOFT,21,30,0
1261,9974,6,4,SOFT,23,28,4
1261,9974,23,2,SOFT,12,24,0
1261,9974,16,4,SOFT,21,25,5
1261,9974,10,2,SOFT,13,20,0
1261,9974,18,5,SOFT,17,24,0
1261,9974,5,3,SOFT,18,28,0
1261,9974,81,4,SOFT,19,21,6
1261,9974,22,3,SOFT,19,21,5
1261,9974,4,4,SOFT,19,23,5
1261,9974,43,4,SOFT,31,32,10
1261,9974,12,5,SOFT,20,22,6
1261,9974,12,6,SOFT,23,23,9
1261,9974,63,5,SOFT,21,22,0
1261,9974,31,2,SOFT,16,25,0
1261,9974,44,3,SOFT,16,26,0
1261,9974,6,5,SOFT,29,30,10
1261,9974,30,6,SOFT,31,33,0
1261,9974,14,5,MEDIUM,14,22,0
1261,9974,55,3,SOFT,14,24,0
1261,9974,1,4,SOFT,19,23,6
1261,9974,87,4,SOFT,16,20,4
1261,9975,23,1,SOFT,1,8,0
1261,9975,55,1,SOFT,1,8,0
1261,9975,31,1,SOFT,1,7,0
1261,9975,87,1,SOFT,1,7,0
1261,9975,10,1,MEDIUM,1,6,0
1261,9975,43,1,MEDIUM,1,7,0
1261,9975,27,1,SOFT,1,7,0
1261,9975,30,1,SOFT,1,6,0
1261,9975,5,1,SOFT,1,7,0
1261,9975,6,1,SOFT,1,6,0
1261,9975,14,1,SOFT,1,7,0
1261,9975,18,1,SOFT,1,7,0
1261,9975,16,1,SOFT,1,12,0
1261,9975,44,1,SOFT,1,9,0
1261,9975,22,1,SOFT,1,6,0
1261,9975,12,1,SOFT,1,6,0
1261,9975,63,1,SOFT,1,11,0
1261,9975,4,1,SOFT,1,7,0
1261,9975,81,1,SOFT,1,7,0
1261,9975,1,1,SOFT,1,5,0
1261,9975,31,2,SOFT,8,13,0
1261,9975,87,2,SOFT,8,13,0
1261,9975,27,2,SOFT,8,13,0
1261,9975,5,2,SOFT,8,13,0
1261,9975,6,2,SOFT,7,12,0
1261,9975,12,2,SOFT,7,11,0
1261,9975,23,2,SOFT,9,13,0
1261,9975,55,2,SOFT,9,13,0
1261,9975,10,2,SOFT,7,11,0
1261,9975,43,2,SOFT,8,12,0
1261,9975,30,2,SOFT,7,11,0
1261,9975,14,2,SOFT,8,12,0
1261,9975,22,2,SOFT,7,11,0
1261,9975,18,2,SOFT,8,11,0
1261,9975,1,2,SOFT,6,9,0
1261,9975,4,2,SOFT,8,11,7
1261,9975,81,2,SOFT,8,10,7
1261,9975,44,2,SOFT,10,12,0
1261,9975,27,3,SOFT,14,17,0
1261,9975,23,3,MEDIUM,14,17,0
1261,9975,55,3,MEDIUM,14,17,0
1261,9975,31,3,SOFT,14,17,6
1261,9975,14,3,SOFT,13,16,0
1261,9975,30,3,SOFT,12,14,0
1261,9975,16,2,MEDIUM,13,15,0
1261,9975,44,3,MEDIUM,13,15,0
1261,9975,6,3,SOFT,13,15,0
1261,9975,4,3,SOFT,12,14,0
1261,9975,81,3,SOFT,11,13,0
1261,9975,22,3,SOFT,12,14,0
1261,9975,1,3,SOFT,10,12,0
1261,9975,63,2,MEDIUM,12,13,0
1261,9975,27,4,SOFT,18,20,3
1261,9975,23,4,MEDIUM,18,21,4
1261,9975,55,4,MEDIUM,18,21,4
1261,9975,6,4,SOFT,16,18,3
1261,9975,31,4,SOFT,18,20,10
1261,9975,16,3,SOFT,16,21,0
1261,9975,44,4,SOFT,16,22,0
1261,9975,14,4,MEDIUM,17,22,1
1261,9975,81,4,SOFT,14,21,3
1261,9975,4,4,SOFT,15,19,3
1261,9975,30,4,SOFT,15,20,0
1261,9975,22,4,SOFT,15,20,0
1261,9975,1,4,SOFT,13,15,3
1261,9975,31,5,SOFT,21,24,0
1261,9975,23,5,SOFT,22,25,0
1261,9975,55,5,SOFT,22,25,0
1261,9975,27,5,SOFT,21,23,0
1261,9975,6,5,SOFT,19,21,0
1261,9975,23,6,SOFT,26,26,4
1261,9975,31,6,MEDIUM,25,28,0
1261,9975,14,5,SOFT,23,26,4
1261,9975,81,5,SOFT,22,24,0
1261,9975,4,5,SOFT,20,22,0
1261,9975,44,5,SOFT,23,25,3
1261,9975,16,4,SOFT,22,24,0
1261,9975,6,6,SOFT,22,24,6
1261,9975,30,5,SOFT,21,23,3
1261,9975,23,7,MEDIUM,27,30,0
1261,9975,1,5,SOFT,16,18,0
1261,9975,81,6,SOFT,25,29,0
1261,9975,4,6,SOFT,23,27,0
1261,9975,31,7,SOFT,29,32,0
1261,9975,14,6,SOFT,27,30,0
1261,9975,23,8,SOFT,31,34,0
1261,9975,30,6,SOFT,24,26,0
1261,9975,6,7,SOFT,25,27,0
1261,9975,44,6,SOFT,26,28,0
1261,9975,16,5,SOFT,25,27,0
1261,9975,1,6,SOFT,19,21,0
1261,9979,22,1,SOFT,1,0,0
1261,9979,10,1,MEDIUM,1,0,6
1261,9979,87,1,MEDIUM,1,0,0
1261,9979,5,1,MEDIUM,1,0,0
1261,9979,10,2,MEDIUM,1,7,0
1261,9979,27,1,MEDIUM,1,11,0
1261,9979,43,1,HARD,1,12,0
1261,9979,6,1,MEDIUM,1,13,0
1261,9979,14,1,HARD,1,15,1
1261,9979,31,1,MEDIUM,1,15,0
1261,9979,18,1,HARD,1,16,1
1261,9979,87,2,HARD,1,16,0
1261,9979,44,1,HARD,1,17,0
1261,9979,4,1,MEDIUM,1,18,0
1261,9979,6,2,SOFT,14,18,3
1261,9979,81,1,MEDIUM,1,19,0
1261,9979,16,1,MEDIUM,1,21,0
1261,9979,43,2,MEDIUM,13,25,7
1261,9979,5,2,HARD,1,25,0
1261,9979,1,1,HARD,1,27,0
1261,9979,31,2,MEDIUM,16,27,4
1261,9979,30,1,MEDIUM,1,30,6
1261,9979,23,1,MEDIUM,1,31,4
1261,9979,14,2,HARD,16,36,1
1261,9979,5,3,SOFT,26,34,0
1261,9979,23,2,MEDIUM,32,39,8
1261,9979,30,2,SOFT,31,39,3
1261,9979,27,2,HARD,12,43,0
1261,9979,81,2,HARD,20,47,0
1261,9979,16,2,HARD,22,48,0
1261,9979,55,1,HARD,1,47,0
1261,9979,4,2,HARD,19,49,0
1261,9979,55,2,MEDIUM,48,52,0
1261,9979,63,1,HARD,1,52,0
1261,9979,44,2,HARD,18,55,1
1261,9979,18,2,HARD,17,63,1
1261,9979,63,2,MEDIUM,53,67,53
1261,9979,12,1,HARD,1,68,0
1261,9979,12,2,MEDIUM,69,70,0
1261,9979,22,2,HARD,1,72,0
1261,9979,1,2,MEDIUM,28,76,0
1261,9979,4,3,HARD,50,78,0
1261,9979,16,3,MEDIUM,49,78,0
1261,9979,81,3,HARD,48,78,0
1261,9979,12,3,HARD,71,75,0
1261,9979,23,3,HARD,40,76,0
1261,9979,55,3,MEDIUM,53,76,8
1261,9979,1,3,SOFT,77,78,3
1261,9979,63,3,HARD,68,76,0
1261,9979,44,3,MEDIUM,56,78,0
1261,9979,87,3,MEDIUM,17,76,0
1261,9979,43,3,MEDIUM,26,76,0
1261,9979,6,3,HARD,19,77,1
1261,9979,31,3,HARD,28,77,0
1261,9979,30,3,HARD,40,77,1
1261,9979,5,4,MEDIUM,35,76,0
1261,9979,18,3,MEDIUM,64,76,1
1261,9979,27,3,SOFT,44,76,0
1261,9979,22,3,MEDIUM,73,76,0
1262,9964,45,1,HARD,1,1,0
1262,9964,30,1,HARD,1,2,0
1262,9964,16,1,HARD,1,3,0
1262,9964,50,1,HARD,1,3,0
1262,9964,12,1,HARD,1,3,0
1262,9964,27,1,HARD,1,1,0
1262,9964,5,1,HARD,1,1,0
1262,9964,43,1,MEDIUM,1,5,0
1262,9964,16,2,HARD,4,6,3
1262,9964,87,1,HARD,1,5,0
1262,9964,6,1,HARD,1,5,0
1262,9964,1,1,HARD,1,5,0
1262,9964,63,1,HARD,1,5,0
1262,9964,50,2,HARD,4,6,0
1262,9964,12,2,HARD,4,6,3
1262,9964,30,2,HARD,3,4,2
1262,9964,45,2,HARD,2,3,0
1262,9964,10,1,HARD,1,8,0
1262,9964,5,2,HARD,2,6,1
1262,9964,43,2,MEDIUM,6,10,5
1262,9964,10,2,HARD,9,11,8
1262,9964,4,1,HARD,1,8,0
1262,9964,81,1,HARD,1,7,0
1262,9964,63,2,HARD,6,8,5
1262,9964,55,1,HARD,1,5,0
1262,9964,30,3,HARD,5,10,4
1262,9964,14,1,HARD,1,9,0
1262,9964,43,3,MEDIUM,11,13,10
1262,9964,12,3,HARD,7,9,0
1262,9964,10,3,HARD,12,14,11
1262,9964,27,2,HARD,2,8,1
1262,9964,18,1,MEDIUM,1,8,0
1262,9964,16,3,HARD,7,12,6
1262,9964,55,2,HARD,6,8,5
1262,9964,1,2,HARD,6,8,5
1262,9964,22,1,HARD,1,9,0
1262,9964,44,1,HARD,1,11,0
1262,9964,45,3,HARD,4,12,3
1262,9964,4,2,HARD,9,11,0
1262,9964,81,2,HARD,8,10,7
1262,9964,27,3,SOFT,9,11,0
1262,9964,6,2,HARD,6,11,5
1262,9964,5,3,HARD,7,9,6
1262,9964,16,4,SOFT,13,15,0
1262,9964,55,3,MEDIUM,9,11,0
1262,9964,87,2,HARD,6,11,5
1262,9964,63,3,MEDIUM,9,12,8
1262,9964,4,3,SOFT,12,14,0
1262,9964,81,3,SOFT,11,13,0
1262,9964,10,4,HARD,15,15,14
1262,9964,12,4,MEDIUM,10,12,0
1262,9964,44,2,SOFT,12,14,0
1262,9964,43,4,MEDIUM,14,16,0
1262,9964,45,4,HARD,13,15,12
1262,9964,30,4,HARD,11,16,0
1262,9964,5,4,SOFT,10,12,0
1262,9964,50,3,HARD,7,12,6
1262,9964,43,5,SOFT,17,19,0
1262,9964,22,2,SOFT,10,12,0
1262,9964,14,2,HARD,10,14,0
1262,9964,10,5,SOFT,16,18,0
1262,9964,16,5,SOFT,16,17,3
1262,9964,6,3,SOFT,12,14,0
1262,9964,44,3,SOFT,15,16,3
1262,9964,18,2,MEDIUM,9,13,8
1262,9964,55,4,MEDIUM,12,14,3
1262,9964,81,4,SOFT,14,16,3
1262,9964,87,3,SOFT,12,14,0
1262,9964,4,4,SOFT,15,17,3
1262,9964,6,4,HARD,15,15,11
1262,9964,50,4,SOFT,13,15,0
1262,9964,30,5,SOFT,17,19,0
1262,9964,5,5,SOFT,13,14,0
1262,9964,10,6,SOFT,19,20,3
1262,9964,14,3,SOFT,15,20,0
1262,9964,27,4,SOFT,12,14,0
1262,9964,22,3,SOFT,13,20,3
1262,9964,1,3,SOFT,9,11,0
1262,9964,50,5,SOFT,16,17,3
1262,9964,45,5,MEDIUM,16,23,0
1262,9964,6,5,HARD,16,22,0
1262,9964,55,5,MEDIUM,15,23,6
1262,9964,81,5,SOFT,17,25,6
1262,9964,6,6,SOFT,23,23,0
1262,9964,45,6,HARD,24,26,15
1262,9964,55,6,HARD,24,26,8
1262,9964,27,5,SOFT,15,21,0
1262,9964,63,4,MEDIUM,13,32,0
1262,9964,12,5,MEDIUM,13,31,0
1262,9964,10,7,HARD,21,28,15
1262,9964,4,5,SOFT,18,29,0
1262,9964,87,4,HARD,15,26,0
1262,9964,22,4,HARD,21,27,9
1262,9964,44,4,HARD,17,29,11
1262,9964,81,6,HARD,26,28,10
1262,9964,50,6,HARD,18,23,0
1262,9964,18,3,SOFT,14,24,0
1262,9964,16,6,SOFT,18,31,0
1262,9964,30,6,SOFT,20,28,0
1262,9964,5,6,HARD,15,23,9
1262,9964,6,7,SOFT,24,26,0
1262,9964,1,4,SOFT,12,18,3
1262,9965,31,1,MEDIUM,1,3,0
1262,9965,43,1,HARD,1,3,0
1262,9965,12,1,MEDIUM,1,3,0
1262,9965,10,1,MEDIUM,1,3,0
1262,9965,5,1,MEDIUM,1,3,0
1262,9965,44,1,MEDIUM,1,3,0
1262,9965,87,1,MEDIUM,1,3,0
1262,9965,16,1,MEDIUM,1,3,0
1262,9965,27,1,MEDIUM,1,3,0
1262,9965,4,1,MEDIUM,1,3,0
1262,9965,6,1,MEDIUM,1,3,0
1262,9965,30,1,MEDIUM,1,3,0
1262,9965,22,1,MEDIUM,1,3,0
1262,9965,1,1,MEDIUM,1,3,0
1262,9965,63,1,MEDIUM,1,3,0
1262,9965,16,2,MEDIUM,4,5,0
1262,9965,18,1,HARD,1,6,0
1262,9965,55,1,MEDIUM,1,6,0
1262,9965,43,2,HARD,4,6,3
1262,9965,23,1,MEDIUM,1,6,0
1262,9965,5,2,MEDIUM,4,6,0
1262,9965,10,2,MEDIUM,4,6,3
1262,9965,81,1,MEDIUM,1,3,0
1262,9965,44,2,MEDIUM,4,7,3
1262,9965,16,3,MEDIUM,6,8,5
1262,9965,30,2,MEDIUM,4,6,3
1262,9965,31,2,MEDIUM,4,9,3
1262,9965,63,2,MEDIUM,4,6,3
1262,9965,12,2,MEDIUM,4,6,3
1262,9965,6,2,MEDIUM,4,6,3
1262,9965,55,2,MEDIUM,7,8,6
1262,9965,1,2,MEDIUM,4,5,3
1262,9965,22,2,MEDIUM,4,6,3
1262,9965,4,2,MEDIUM,4,6,3
1262,9965,27,2,MEDIUM,4,7,0
1262,9965,23,2,MEDIUM,7,9,6
1262,9965,43,3,HARD,7,9,6
1262,9965,10,3,MEDIUM,7,8,6
1262,9965,14,1,MEDIUM,1,9,0
1262,9965,16,4,MEDIUM,9,11,8
1262,9965,18,2,HARD,7,8,6
1262,9965,81,2,MEDIUM,4,6,3
1262,9965,44,3,MEDIUM,8,10,7
1262,9965,4,3,SOFT,7,9,0
1262,9965,30,3,MEDIUM,7,9,6
1262,9965,6,3,MEDIUM,7,9,6
1262,9965,27,3,SOFT,8,10,0
1262,9965,63,3,SOFT,7,9,0
1262,9965,31,3,MEDIUM,10,12,9
1262,9965,5,3,MEDIUM,7,8,6
1262,9965,43,4,SOFT,10,12,0
1262,9965,10,4,SOFT,9,11,0
1262,9965,16,5,SOFT,12,14,0
1262,9965,55,3,SOFT,9,11,0
1262,9965,12,3,SOFT,7,9,0
1262,9965,1,3,SOFT,6,8,0
1262,9965,22,3,SOFT,7,9,0
1262,9965,18,3,SOFT,9,11,0
1262,9965,23,3,SOFT,10,12,0
1262,9965,4,4,SOFT,10,11,3
1262,9965,81,3,SOFT,7,9,0
1262,9965,5,4,SOFT,9,11,0
1262,9965,31,4,SOFT,13,15,0
1262,9965,87,2,MEDIUM,4,5,3
1262,9965,6,4,SOFT,10,12,0
1262,9965,30,4,SOFT,10,12,0
1262,9965,27,4,SOFT,11,12,3
1262,9965,16,6,SOFT,15,16,3
1262,9965,10,5,SOFT,12,13,3
1262,9965,6,5,SOFT,13,13,3
1262,9965,44,4,SOFT,11,13,0
1262,9965,43,5,SOFT,13,15,3
1262,9965,30,5,SOFT,13,13,3
1262,9965,14,2,SOFT,10,12,0
1262,9965,18,4,SOFT,12,13,8
1262,9965,23,4,MEDIUM,13,18,9
1262,9965,5,5,SOFT,12,13,0
1262,9965,55,4,SOFT,12,20,3
1262,9965,87,3,SOFT,6,8,0
1262,9965,18,5,HARD,14,17,8
1262,9965,31,5,SOFT,16,18,3
1262,9965,1,4,MEDIUM,9,18,5
1262,9965,43,6,SOFT,16,20,6
1262,9965,22,4,MEDIUM,10,20,0
1262,9965,16,7,MEDIUM,17,23,0
1262,9965,10,6,SOFT,14,20,5
1262,9965,4,5,SOFT,12,23,6
1262,9965,44,5,MEDIUM,14,23,10
1262,9965,12,4,SOFT,10,26,3
1262,9965,63,4,SOFT,10,28,0
1262,9965,27,5,MEDIUM,13,26,7
1262,9965,6,6,SOFT,14,26,0
1262,9965,81,4,MEDIUM,10,25,0
1262,9965,14,3,SOFT,13,25,3
1262,9965,44,6,SOFT,24,29,3
1262,9965,43,7,HARD,21,31,9
1262,9965,14,4,MEDIUM,26,28,0
1262,9965,30,6,SOFT,14,29,4
1262,9965,81,5,SOFT,26,28,3
1262,9965,23,5,SOFT,19,32,3
1262,9965,87,4,SOFT,9,20,3
1262,9965,6,7,MEDIUM,27,29,9
1262,9965,4,6,MEDIUM,24,31,6
1262,9965,63,5,MEDIUM,29,32,6
1262,9965,10,7,MEDIUM,21,30,8
1262,9965,1,5,SOFT,19,30,3
1262,9965,12,5,MEDIUM,27,31,0
1262,9965,55,5,MEDIUM,21,34,8
1262,9965,31,6,MEDIUM,19,30,12
1262,9965,27,6,SOFT,27,30,0
1262,9965,5,6,SOFT,14,27,5
1262,9965,22,5,SOFT,21,31,3
1262,9965,16,8,SOFT,24,33,5
1262,9966,22,1,MEDIUM,1,3,2
1262,9966,4,1,MEDIUM,1,1,2
1262,9966,55,1,SOFT,1,1,1
1262,9966,31,1,SOFT,1,3,3
1262,9966,10,1,MEDIUM,1,1,2
1262,9966,30,1,MEDIUM,1,3,0
1262,9966,43,1,MEDIUM,1,1,3
1262,9966,14,1,HARD,1,1,1
1262,9966,5,1,MEDIUM,1,1,3
1262,9966,18,1,HARD,1,1,1
1262,9966,27,1,MEDIUM,1,1,2
1262,9966,87,1,SOFT,1,3,1
1262,9966,81,1,MEDIUM,1,3,0
1262,9966,16,1,SOFT,1,3,0
1262,9966,10,2,MEDIUM,2,6,0
1262,9966,44,1,MEDIUM,1,3,0
1262,9966,23,1,SOFT,1,3,0
1262,9966,18,3,MEDIUM,2,5,0
1262,9966,1,1,MEDIUM,1,6,0
1262,9966,6,1,MEDIUM,1,3,0
1262,9966,4,2,MEDIUM,2,10,3
1262,9966,43,3,MEDIUM,3,13,6
1262,9966,14,3,MEDIUM,2,5,0
1262,9966,27,2,MEDIUM,2,12,3
1262,9966,63,1,SOFT,1,3,0
1262,9966,55,2,SOFT,2,6,3
1262,9966,5,3,MEDIUM,3,9,6
1262,9966,16,2,SOFT,4,9,3
1262,9966,18,4,MEDIUM,6,8,0
1262,9966,44,2,MEDIUM,4,6,3
1262,9966,30,2,MEDIUM,4,6,3
1262,9966,12,1,SOFT,1,3,0
1262,9966,14,4,MEDIUM,6,8,0
1262,9966,22,2,MEDIUM,4,6,0
1262,9966,31,2,SOFT,4,6,3
1262,9966,6,2,MEDIUM,4,8,3
1262,9966,5,4,MEDIUM,10,11,9
1262,9966,63,2,SOFT,4,12,3
1262,9966,81,2,MEDIUM,4,8,3
1262,9966,23,2,SOFT,4,5,3
1262,9966,18,5,MEDIUM,9,11,0
1262,9966,87,2,SOFT,4,6,0
1262,9966,44,3,MEDIUM,7,10,6
1262,9966,43,4,MEDIUM,14,16,13
1262,9966,10,3,MEDIUM,7,13,6
1262,9966,55,3,SOFT,7,9,6
1262,9966,30,3,MEDIUM,7,10,0
1262,9966,6,3,MEDIUM,9,9,8
1262,9966,12,2,SOFT,4,6,3
1262,9966,1,2,SOFT,7,9,0
1262,9966,55,4,SOFT,10,10,9
1262,9966,4,3,SOFT,11,12,0
1262,9966,22,3,SOFT,7,9,0
1262,9966,14,5,SOFT,9,11,0
1262,9966,18,6,SOFT,12,14,0
1262,9966,31,3,SOFT,7,9,0
1262,9966,27,3,SOFT,13,15,0
1262,9966,5,5,SOFT,12,14,0
1262,9966,43,5,SOFT,17,19,0
1262,9966,87,3,SOFT,7,9,0
1262,9966,4,4,SOFT,13,15,2
1262,9966,16,3,SOFT,10,12,9
1262,9966,81,3,SOFT,9,11,0
1262,9966,6,4,SOFT,10,12,0
1262,9966,10,4,SOFT,14,16,0
1262,9966,14,6,SOFT,12,14,3
1262,9966,44,4,SOFT,11,13,0
1262,9966,18,7,SOFT,15,17,3
1262,9966,30,4,SOFT,11,15,0
1262,9966,5,6,SOFT,15,16,0
1262,9966,12,3,SOFT,7,9,0
1262,9966,63,3,SOFT,13,15,0
1262,9966,55,5,SOFT,11,13,0
1262,9966,6,5,SOFT,13,13,3
1262,9966,31,4,SOFT,10,14,0
1262,9966,6,6,SOFT,14,14,0
1262,9966,1,3,SOFT,10,14,0
1262,9966,16,4,SOFT,13,17,3
1262,9966,22,4,SOFT,10,13,3
1262,9966,43,6,SOFT,20,23,3
1262,9966,10,5,SOFT,17,20,0
1262,9966,44,5,SOFT,14,17,0
1262,9966,6,7,SOFT,15,17,5
1262,9966,87,4,SOFT,10,12,0
1262,9966,81,4,SOFT,12,14,3
1262,9966,18,8,SOFT,18,20,6
1262,9966,14,7,SOFT,15,17,6
1262,9966,5,7,SOFT,17,19,0
1262,9966,4,5,SOFT,16,18,0
1262,9966,27,4,SOFT,16,18,3
1262,9966,30,5,SOFT,16,18,5
1262,9966,63,4,SOFT,16,18,0
1262,9966,55,6,SOFT,14,16,10
1262,9966,12,4,SOFT,10,12,0
1262,9967,23,1,SOFT,1,3,0
1262,9967,43,1,SOFT,1,3,0
1262,9967,31,1,SOFT,1,3,0
1262,9967,87,1,SOFT,1,3,0
1262,9967,18,1,SOFT,1,3,0
1262,9967,27,1,SOFT,1,3,0
1262,9967,4,1,SOFT,1,3,0
1262,9967,5,1,SOFT,1,3,0
1262,9967,12,1,SOFT,1,3,0
1262,9967,81,1,SOFT,1,3,0
1262,9967,6,1,SOFT,1,3,0
1262,9967,10,1,SOFT,1,3,0
1262,9967,55,1,SOFT,1,3,0
1262,9967,44,1,SOFT,1,3,0
1262,9967,23,2,SOFT,4,6,3
1262,9967,30,1,SOFT,1,3,0
1262,9967,87,2,SOFT,4,6,0
1262,9967,31,2,SOFT,4,6,0
1262,9967,14,1,SOFT,1,3,0
1262,9967,43,3,SOFT,7,7,0
1262,9967,43,2,SOFT,4,6,0
1262,9967,16,1,SOFT,1,3,0
1262,9967,18,2,SOFT,4,6,0
1262,9967,22,1,SOFT,1,3,0
1262,9967,27,2,SOFT,4,6,0
1262,9967,55,2,SOFT,4,6,0
1262,9967,31,3,SOFT,7,9,0
1262,9967,22,2,SOFT,4,6,0
1262,9967,23,3,SOFT,7,8,0
1262,9967,14,2,SOFT,4,5,0
1262,9967,87,3,SOFT,7,9,0
1262,9967,1,1,SOFT,1,3,0
1262,9967,18,3,SOFT,7,9,0
1262,9967,30,2,SOFT,4,6,0
1262,9967,5,2,SOFT,4,6,0
1262,9967,10,2,SOFT,4,6,0
1262,9967,6,2,SOFT,4,6,0
1262,9967,4,2,SOFT,4,6,3
1262,9967,14,3,SOFT,6,6,2
1262,9967,16,2,SOFT,4,4,0
1262,9967,44,2,SOFT,4,6,0
1262,9967,81,2,SOFT,4,5,3
1262,9967,12,2,SOFT,4,6,0
1262,9967,63,1,SOFT,1,3,0
1262,9967,12,3,SOFT,7,9,0
1262,9967,18,4,SOFT,10,12,0
1262,9967,10,3,SOFT,7,9,0
1262,9967,23,4,SOFT,9,11,2
1262,9967,5,3,SOFT,7,9,0
1262,9967,6,3,SOFT,7,9,0
1262,9967,30,3,SOFT,7,9,0
1262,9967,14,4,SOFT,7,9,0
1262,9967,87,4,SOFT,10,12,3
1262,9967,16,3,SOFT,5,7,0
1262,9967,18,5,SOFT,13,15,0
1262,9967,23,5,SOFT,12,14,0
1262,9967,5,4,SOFT,10,12,0
1262,9967,30,4,SOFT,10,12,0
1262,9967,87,5,SOFT,13,15,3
1262,9967,81,3,SOFT,6,8,0
1262,9967,12,4,SOFT,10,12,0
1262,9967,63,2,SOFT,4,6,0
1262,9967,1,2,SOFT,4,6,0
1262,9967,10,4,SOFT,10,12,0
1262,9967,44,3,SOFT,7,9,0
1262,9967,4,3,SOFT,7,9,0
1262,9967,16,4,SOFT,8,9,0
1262,9967,14,5,SOFT,10,11,0
1262,9967,16,5,SOFT,10,12,0
1262,9967,14,6,SOFT,12,14,0
1262,9967,6,4,SOFT,10,12,0
1262,9967,10,5,SOFT,13,15,3
1262,9967,4,4,SOFT,10,12,0
1262,9967,12,5,SOFT,13,15,0
1262,9967,81,4,SOFT,9,11,0
1262,9967,44,4,SOFT,10,12,0
1262,9967,1,3,SOFT,7,9,0
1262,9967,63,3,SOFT,7,9,0
1262,9967,6,5,SOFT,13,15,0
1262,9967,10,6,SOFT,16,18,0
1262,9967,4,5,SOFT,13,15,0
1262,9967,81,5,SOFT,12,14,0
1262,9967,12,6,SOFT,16,18,0
1262,9967,44,5,SOFT,13,15,0
1262,9967,1,4,SOFT,10,12,0
1262,9967,63,4,SOFT,10,12,3
1262,9971,23,1,SOFT,1,6,3
1262,9971,87,1,SOFT,1,8,0
1262,9971,22,1,MEDIUM,1,8,0
1262,9971,27,1,SOFT,1,9,0
1262,9971,55,1,SOFT,1,9,0
1262,9971,10,1,SOFT,1,10,2
1262,9971,1,1,SOFT,1,13,3
1262,9971,43,1,SOFT,1,14,0
1262,9971,14,1,SOFT,1,15,2
1262,9971,44,1,SOFT,1,16,3
1262,9971,16,1,SOFT,1,17,1
1262,9971,30,1,SOFT,1,18,0
1262,9971,6,1,SOFT,1,19,3
1262,9971,5,1,SOFT,1,19,3
1262,9971,63,1,SOFT,1,20,3
1262,9971,31,1,SOFT,1,20,0
1262,9971,4,1,SOFT,1,21,0
1262,9971,12,1,SOFT,1,21,3
1262,9971,81,1,SOFT,1,22,0
1262,9971,22,2,SOFT,9,24,0
1262,9971,23,2,SOFT,7,26,0
1262,9971,23,3,SOFT,27,27,20
1262,9971,1,2,SOFT,14,29,0
1262,9971,10,2,SOFT,11,31,3
1262,9971,55,2,SOFT,10,34,0
1262,9971,87,2,MEDIUM,9,35,0
1262,9971,16,2,MEDIUM,18,40,0
1262,9971,43,2,MEDIUM,15,39,0
1262,9971,63,2,MEDIUM,21,41,0
1262,9971,14,2,MEDIUM,16,42,1
1262,9971,31,2,MEDIUM,21,43,0
1262,9971,30,2,MEDIUM,19,44,0
1262,9971,22,3,SOFT,25,44,0
1262,9971,27,2,MEDIUM,10,45,0
1262,9971,44,2,MEDIUM,17,46,0
1262,9971,1,3,MEDIUM,30,47,0
1262,9971,4,2,MEDIUM,22,48,0
1262,9971,6,2,MEDIUM,20,48,0
1262,9971,81,2,MEDIUM,23,49,0
1262,9971,12,2,MEDIUM,22,49,0
1262,9971,5,2,MEDIUM,20,49,0
1262,9971,12,3,SOFT,50,53,3
1262,9971,81,3,SOFT,50,55,3
1262,9971,4,3,SOFT,49,55,3
1262,9971,1,4,SOFT,48,55,3
1262,9971,14,3,SOFT,43,54,3
1262,9971,87,3,MEDIUM,36,54,0
1262,9971,22,4,SOFT,45,54,0
1262,9971,16,3,MEDIUM,41,55,0
1262,9971,63,3,SOFT,42,55,0
1262,9971,44,3,SOFT,47,55,3
1262,9971,43,3,SOFT,40,54,0
1262,9971,6,3,SOFT,49,55,0
1262,9971,10,3,MEDIUM,32,55,0
1262,9971,55,3,MEDIUM,35,55,0
1262,9971,27,3,SOFT,46,56,0
1262,9971,81,4,SOFT,56,66,3
1262,9971,4,4,SOFT,56,66,3
1262,9971,16,4,SOFT,56,66,3
1262,9971,63,4,SOFT,56,66,0
1262,9971,1,5,HARD,56,66,0
1262,9971,27,4,SOFT,57,66,0
1262,9971,44,4,SOFT,56,66,3
1262,9971,6,4,SOFT,56,66,3
1262,9971,10,4,SOFT,56,66,3
1262,9971,14,4,SOFT,55,66,3
1262,9971,30,3,SOFT,45,66,0
1262,9971,5,3,SOFT,50,66,0
1262,9971,87,4,SOFT,55,66,6
1262,9971,22,5,SOFT,55,66,3
1262,9971,55,4,SOFT,56,66,0
1262,9971,43,4,SOFT,55,66,1
1262,9971,31,3,MEDIUM,44,66,0
1263,9956,31,1,SOFT,1,2,0
1263,9956,81,1,SOFT,1,2,0
1263,9956,27,1,MEDIUM,1,1,0
1263,9956,44,1,SOFT,1,9,0
1263,9956,43,1,SOFT,1,9,0
1263,9956,30,1,MEDIUM,1,8,0
1263,9956,4,1,SOFT,1,4,0
1263,9956,10,1,SOFT,1,9,0
1263,9956,16,1,SOFT,1,9,0
1263,9956,87,1,SOFT,1,9,0
1263,9956,5,1,MEDIUM,1,9,0
1263,9956,23,1,SOFT,1,9,0
1263,9956,22,1,SOFT,1,8,0
1263,9956,1,1,SOFT,1,8,0
1263,9956,6,1,MEDIUM,1,6,0
1263,9956,55,1,SOFT,1,8,0
1263,9956,63,1,SOFT,1,7,0
1263,9956,12,1,SOFT,1,7,0
1263,9956,81,2,SOFT,3,4,2
1263,9956,27,2,MEDIUM,2,6,1
1263,9956,18,1,SOFT,1,6,0
1263,9956,14,1,SOFT,1,5,0
1263,9956,4,2,SOFT,5,9,4
1263,9956,31,2,SOFT,3,6,2
1263,9956,6,2,MEDIUM,7,9,6
1263,9956,27,3,MEDIUM,7,7,0
1263,9956,30,2,MEDIUM,9,9,8
1263,9956,63,2,SOFT,8,11,7
1263,9956,81,3,SOFT,5,12,4
1263,9956,4,3,SOFT,10,15,9
1263,9956,31,3,SOFT,7,10,6
1263,9956,30,3,MEDIUM,10,16,9
1263,9956,87,2,SOFT,10,13,9
1263,9956,6,3,MEDIUM,10,15,9
1263,9956,18,2,SOFT,7,11,6
1263,9956,43,2,SOFT,10,14,9
1263,9956,55,2,SOFT,9,19,0
1263,9956,14,2,SOFT,6,10,5
1263,9956,44,2,SOFT,10,11,9
1263,9956,1,2,SOFT,9,12,8
1263,9956,12,2,SOFT,8,12,7
1263,9956,22,2,SOFT,9,19,0
1263,9956,27,4,SOFT,8,11,0
1263,9956,10,2,SOFT,10,21,0
1263,9956,5,2,SOFT,10,18,0
1263,9956,63,3,SOFT,12,17,11
1263,9956,23,2,SOFT,10,19,0
1263,9956,44,3,SOFT,12,16,0
1263,9956,27,5,SOFT,12,14,4
1263,9956,12,3,SOFT,13,20,0
1263,9956,87,3,SOFT,14,23,0
1263,9956,1,3,SOFT,13,17,0
1263,9956,14,3,SOFT,11,16,0
1263,9956,6,4,SOFT,16,24,0
1263,9956,43,3,SOFT,15,24,0
1263,9956,30,4,SOFT,17,23,0
1263,9956,31,4,SOFT,11,17,0
1263,9956,81,4,SOFT,13,17,0
1263,9956,18,3,SOFT,12,18,0
1263,9956,4,4,SOFT,16,30,0
1263,9956,44,4,SOFT,17,27,5
1263,9956,63,4,SOFT,18,23,11
1263,9956,27,6,MEDIUM,15,25,7
1263,9956,5,3,MEDIUM,19,27,0
1263,9956,1,4,SOFT,18,25,5
1263,9956,55,3,SOFT,20,27,11
1263,9956,81,5,SOFT,18,21,5
1263,9956,12,4,SOFT,21,27,12
1263,9956,14,4,SOFT,17,25,6
1263,9956,23,3,SOFT,20,28,10
1263,9956,22,3,SOFT,20,27,8
1263,9956,10,3,SOFT,22,29,9
1263,9956,87,4,SOFT,24,30,10
1263,9956,30,5,MEDIUM,24,30,16
1263,9956,6,5,SOFT,25,31,9
1263,9956,81,6,SOFT,22,28,12
1263,9956,18,4,SOFT,19,25,7
1263,9956,63,5,SOFT,24,29,6
1263,9956,31,5,SOFT,18,23,7
1263,9956,43,4,SOFT,25,29,10
1263,9956,1,5,SOFT,26,28,12
1263,9956,55,4,SOFT,28,31,8
1263,9956,5,4,SOFT,28,30,9
1263,9956,44,5,SOFT,28,30,11
1263,9956,12,5,SOFT,28,30,8
1263,9956,27,7,SOFT,26,28,7
1263,9957,87,1,MEDIUM,1,12,0
1263,9957,44,1,MEDIUM,1,9,0
1263,9957,31,1,MEDIUM,1,10,0
1263,9957,43,1,MEDIUM,1,7,0
1263,9957,27,1,HARD,1,10,0
1263,9957,10,1,MEDIUM,1,9,0
1263,9957,4,1,MEDIUM,1,8,0
1263,9957,81,1,MEDIUM,1,10,0
1263,9957,23,1,SOFT,1,10,0
1263,9957,22,1,MEDIUM,1,12,0
1263,9957,5,1,HARD,1,10,0
1263,9957,55,1,MEDIUM,1,11,0
1263,9957,14,1,SOFT,1,12,0
1263,9957,18,1,SOFT,1,2,0
1263,9957,63,1,SOFT,1,8,0
1263,9957,12,1,MEDIUM,1,6,0
1263,9957,1,1,SOFT,1,8,0
1263,9957,6,1,MEDIUM,1,4,0
1263,9957,30,1,MEDIUM,1,7,0
1263,9957,6,2,MEDIUM,5,7,0
1263,9957,23,2,SOFT,11,11,0
1263,9957,43,2,SOFT,8,14,0
1263,9957,23,3,MEDIUM,12,23,0
1263,9957,63,2,MEDIUM,9,11,0
1263,9957,12,2,SOFT,7,13,0
1263,9957,44,2,SOFT,10,14,0
1263,9957,55,2,SOFT,12,20,0
1263,9957,1,2,MEDIUM,9,15,0
1263,9957,4,2,SOFT,9,16,0
1263,9957,30,2,SOFT,8,15,7
1263,9957,6,3,SOFT,8,15,0
1263,9957,10,2,SOFT,10,16,0
1263,9957,27,2,SOFT,11,19,0
1263,9957,5,2,SOFT,11,18,0
1263,9957,87,2,SOFT,13,17,0
1263,9957,81,2,SOFT,11,20,0
1263,9957,22,2,SOFT,13,18,0
1263,9957,31,2,SOFT,11,17,0
1263,9957,44,3,SOFT,15,18,5
1263,9957,14,2,SOFT,13,21,0
1263,9957,63,3,MEDIUM,12,29,3
1263,9957,22,3,SOFT,19,21,6
1263,9957,12,3,MEDIUM,14,29,6
1263,9957,43,3,MEDIUM,15,33,7
1263,9957,87,3,MEDIUM,18,30,12
1263,9957,10,3,MEDIUM,17,30,9
1263,9957,55,3,SOFT,21,21,9
1263,9957,6,4,MEDIUM,16,16,7
1263,9957,31,3,MEDIUM,18,30,10
1263,9957,4,3,MEDIUM,17,17,8
1263,9957,1,3,MEDIUM,16,31,7
1263,9957,44,4,MEDIUM,19,34,9
1263,9957,30,3,MEDIUM,16,16,7
1263,9957,55,4,MEDIUM,22,37,0
1263,9957,6,5,MEDIUM,17,28,0
1263,9957,4,4,MEDIUM,18,29,0
1263,9957,27,3,HARD,20,30,10
1263,9957,5,3,HARD,19,29,10
1263,9957,30,4,MEDIUM,17,30,8
1263,9957,23,4,MEDIUM,24,34,12
1263,9957,22,4,MEDIUM,22,35,12
1263,9957,81,3,MEDIUM,21,21,10
1263,9957,81,4,MEDIUM,22,32,11
1263,9957,14,3,SOFT,22,28,9
1263,9957,87,4,SOFT,31,36,5
1263,9957,63,4,SOFT,30,33,12
1263,9957,12,4,SOFT,30,33,7
1263,9957,27,4,SOFT,31,33,9
1263,9957,10,4,SOFT,31,34,7
1263,9957,31,4,SOFT,31,33,7
1263,9957,5,4,SOFT,30,32,8
1263,9957,14,4,SOFT,29,31,0
1263,9957,6,6,SOFT,29,31,0
1263,9957,4,5,SOFT,30,32,0
1263,9957,23,5,SOFT,35,36,11
1263,9958,14,1,HARD,1,1,0
1263,9958,18,1,HARD,1,1,0
1263,9958,30,1,HARD,1,1,0
1263,9958,6,1,HARD,1,1,0
1263,9958,43,1,SOFT,1,3,0
1263,9958,14,2,HARD,2,2,0
1263,9958,18,2,HARD,2,2,0
1263,9958,30,2,HARD,2,2,0
1263,9958,5,1,SOFT,1,4,0
1263,9958,6,2,HARD,2,2,0
1263,9958,22,1,MEDIUM,1,4,0
1263,9958,12,1,HARD,1,1,0
1263,9958,63,1,HARD,1,1,0
1263,9958,12,2,SOFT,2,2,0
1263,9958,4,1,MEDIUM,1,5,0
1263,9958,44,1,MEDIUM,1,6,0
1263,9958,18,3,SOFT,3,7,0
1263,9958,6,3,SOFT,3,5,0
1263,9958,30,3,SOFT,3,5,0
1263,9958,16,1,MEDIUM,1,9,0
1263,9958,5,2,SOFT,5,7,4
1263,9958,10,1,SOFT,1,8,0
1263,9958,87,1,MEDIUM,1,8,0
1263,9958,43,2,SOFT,4,11,3
1263,9958,31,1,MEDIUM,1,8,0
1263,9958,81,1,MEDIUM,1,5,0
1263,9958,14,3,SOFT,3,8,0
1263,9958,5,3,SOFT,8,10,0
1263,9958,87,2,MEDIUM,9,14,8
1263,9958,31,2,MEDIUM,9,10,0
1263,9958,44,2,MEDIUM,7,14,0
1263,9958,4,2,MEDIUM,6,13,5
1263,9958,12,3,SOFT,3,8,0
1263,9958,27,1,SOFT,1,7,0
1263,9958,16,2,MEDIUM,10,17,9
1263,9958,63,2,SOFT,2,10,0
1263,9958,10,2,SOFT,9,16,8
1263,9958,18,4,SOFT,8,17,5
1263,9958,6,4,SOFT,6,13,3
1263,9958,1,1,SOFT,1,9,0
1263,9958,23,1,SOFT,1,11,0
1263,9958,30,4,SOFT,6,16,3
1263,9958,43,3,SOFT,12,17,11
1263,9958,14,4,SOFT,9,13,6
1263,9958,44,3,SOFT,15,17,0
1263,9958,55,1,SOFT,1,12,0
1263,9958,30,5,SOFT,17,19,0
1263,9958,81,2,SOFT,6,11,0
1263,9958,22,2,MEDIUM,5,7,0
1263,9958,12,4,SOFT,9,14,0
1263,9958,4,3,SOFT,14,18,0
1263,9958,27,2,SOFT,8,13,0
1263,9958,44,4,SOFT,18,22,0
1263,9958,6,5,SOFT,14,19,0
1263,9958,5,4,SOFT,11,19,0
1263,9958,87,3,SOFT,15,24,0
1263,9958,31,3,SOFT,11,19,0
1263,9958,63,3,SOFT,11,17,0
1263,9958,14,5,SOFT,14,21,0
1263,9958,4,4,SOFT,19,24,5
1263,9958,6,6,SOFT,20,22,11
1263,9958,44,5,SOFT,23,26,8
1263,9958,27,3,SOFT,14,19,6
1263,9958,18,5,SOFT,18,28,0
1263,9958,81,3,SOFT,12,18,6
1263,9958,43,4,SOFT,18,27,0
1263,9958,87,4,MEDIUM,25,27,14
1263,9958,5,5,SOFT,20,22,9
1263,9958,1,2,SOFT,10,20,0
1263,9958,31,4,MEDIUM,20,22,10
1263,9958,10,3,SOFT,17,27,0
1263,9958,23,2,SOFT,12,22,0
1263,9958,16,3,SOFT,18,29,0
1263,9958,22,3,SOFT,8,14,0
1263,9958,12,5,SOFT,15,21,7
1263,9958,63,4,SOFT,18,20,9
1263,9958,55,2,SOFT,13,22,0
1263,9958,30,6,SOFT,20,27,3
1263,9959,12,1,MEDIUM,1,3,0
1263,9959,63,1,SOFT,1,3,0
1263,9959,27,1,SOFT,1,4,0
1263,9959,5,1,SOFT,1,4,0
1263,9959,22,1,SOFT,1,3,0
1263,9959,23,1,SOFT,1,6,0
1263,9959,18,1,SOFT,1,5,0
1263,9959,55,1,SOFT,1,6,0
1263,9959,31,1,SOFT,1,6,0
1263,9959,87,1,SOFT,1,6,0
1263,9959,43,1,MEDIUM,1,5,0
1263,9959,10,1,MEDIUM,1,5,0
1263,9959,43,2,SOFT,6,7,0
1263,9959,81,1,SOFT,1,4,0
1263,9959,4,1,SOFT,1,5,0
1263,9959,16,1,SOFT,1,7,0
1263,9959,44,1,SOFT,1,7,0
1263,9959,10,2,SOFT,6,7,0
1263,9959,14,1,MEDIUM,1,7,0
1263,9959,18,2,MEDIUM,6,8,0
1263,9959,87,2,SOFT,7,9,0
1263,9959,27,2,SOFT,5,6,0
1263,9959,31,2,SOFT,7,9,0
1263,9959,55,2,SOFT,7,9,19
1263,9959,5,2,SOFT,5,7,4
1263,9959,6,1,SOFT,1,6,0
1263,9959,22,2,SOFT,4,6,3
1263,9959,12,2,MEDIUM,4,6,3
1263,9959,63,2,SOFT,4,6,3
1263,9959,30,1,SOFT,1,7,0
1263,9959,23,2,SOFT,7,9,0
1263,9959,1,1,SOFT,1,3,0
1263,9959,18,3,MEDIUM,9,12,3
1263,9959,30,2,SOFT,8,10,0
1263,9959,55,3,SOFT,10,13,3
1263,9959,5,3,SOFT,8,11,0
1263,9959,10,3,SOFT,8,12,0
1263,9959,1,2,SOFT,4,6,3
1263,9959,4,2,SOFT,6,8,0
1263,9959,81,2,SOFT,5,9,4
1263,9959,43,3,SOFT,8,11,0
1263,9959,14,2,MEDIUM,8,11,7
1263,9959,87,3,SOFT,10,13,0
1263,9959,31,3,SOFT,10,13,0
1263,9959,16,2,SOFT,8,12,7
1263,9959,44,2,SOFT,8,11,0
1263,9959,23,3,SOFT,10,12,0
1263,9959,27,3,SOFT,7,10,0
1263,9959,22,3,SOFT,7,9,0
1263,9959,6,2,SOFT,7,9,0
1263,9959,12,3,SOFT,7,9,0
1263,9959,63,3,SOFT,7,9,0
1263,9959,23,4,SOFT,13,15,6
1263,9959,16,3,SOFT,13,15,12
1263,9959,43,4,SOFT,12,16,4
1263,9959,1,3,MEDIUM,7,11,0
1263,9959,31,4,SOFT,14,17,4
1263,9959,87,4,SOFT,14,16,4
1263,9959,14,3,SOFT,12,15,0
1263,9959,27,4,SOFT,11,14,4
1263,9959,22,4,SOFT,10,12,0
1263,9959,63,4,SOFT,10,12,3
1263,9959,12,4,SOFT,10,12,3
1263,9959,4,3,SOFT,9,11,3
1263,9959,81,3,SOFT,10,12,0
1263,9959,44,3,SOFT,12,17,4
1263,9959,6,3,SOFT,10,12,0
1263,9959,87,5,SOFT,17,19,3
1263,9959,43,5,MEDIUM,17,20,0
1263,9959,22,5,SOFT,13,15,0
1263,9959,31,5,SOFT,18,21,3
1263,9959,27,5,SOFT,15,18,0
1263,9959,16,4,SOFT,16,20,0
1263,9959,44,4,SOFT,18,19,0
1263,9959,4,4,SOFT,12,14,6
1263,9959,81,4,SOFT,13,15,3
1263,9959,14,4,MEDIUM,16,19,0
1263,9959,23,5,MEDIUM,16,22,0
1263,9959,1,4,SOFT,12,14,0
1263,9959,6,4,SOFT,13,15,0
1263,9959,23,6,SOFT,23,23,0
1263,9959,63,5,MEDIUM,13,15,0
1263,9959,12,5,MEDIUM,13,15,0
1263,9959,14,5,SOFT,20,22,0
1263,9959,44,5,SOFT,20,23,2
1263,9959,16,5,SOFT,21,25,0
1263,9959,81,5,SOFT,16,20,0
1263,9959,4,5,SOFT,15,19,0
1263,9959,1,5,SOFT,15,17,0
1263,9959,12,6,SOFT,16,18,0
1263,9959,63,6,SOFT,16,18,0
1263,9959,23,7,MEDIUM,24,27,0
1263,9959,6,5,SOFT,16,18,3
1263,9959,16,6,SOFT,26,27,0
1263,9959,44,6,SOFT,24,27,0
1263,9959,81,6,SOFT,21,23,0
1263,9959,4,6,SOFT,20,22,0
1263,9959,1,6,MEDIUM,18,20,0
1263,9959,63,7,MEDIUM,19,21,0
1263,9959,12,7,MEDIUM,19,21,0
1263,9959,14,6,MEDIUM,23,27,0
1263,9959,23,8,SOFT,28,30,0
1263,9959,6,6,SOFT,19,21,0
1263,9963,1,1,MEDIUM,1,11,3
1263,9963,63,1,MEDIUM,1,12,3
1263,9963,6,1,MEDIUM,1,12,0
1263,9963,12,1,MEDIUM,1,13,6
1263,9963,43,1,MEDIUM,1,13,5
1263,9963,44,1,MEDIUM,1,14,0
1263,9963,14,1,MEDIUM,1,14,4
1263,9963,81,1,MEDIUM,1,15,0
1263,9963,87,1,MEDIUM,1,17,0
1263,9963,27,1,MEDIUM,1,18,0
1263,9963,23,1,MEDIUM,1,22,4
1263,9963,18,1,HARD,1,23,1
1263,9963,16,1,HARD,1,27,0
1263,9963,4,1,HARD,1,28,0
1263,9963,1,2,HARD,12,36,0
1263,9963,12,2,HARD,14,37,1
1263,9963,30,1,HARD,1,37,1
1263,9963,63,2,HARD,13,41,1
1263,9963,81,2,HARD,16,44,0
1263,9963,44,2,HARD,15,44,0
1263,9963,23,2,HARD,23,46,0
1263,9963,4,2,MEDIUM,29,46,0
1263,9963,5,1,HARD,1,48,0
1263,9963,14,2,HARD,15,49,1
1263,9963,18,2,HARD,24,50,1
1263,9963,16,2,HARD,28,52,0
1263,9963,10,1,HARD,1,52,0
1263,9963,30,2,MEDIUM,38,53,0
1263,9963,22,1,HARD,1,55,0
1263,9963,31,1,HARD,1,56,0
1263,9963,55,1,HARD,1,56,0
1263,9963,4,3,HARD,47,66,0
1263,9963,14,3,HARD,50,65,1
1263,9963,63,3,HARD,42,66,0
1263,9963,27,2,HARD,19,65,0
1263,9963,1,3,HARD,37,66,0
1263,9963,12,3,HARD,38,66,0
1263,9963,55,2,MEDIUM,57,65,0
1263,9963,31,2,MEDIUM,57,65,0
1263,9963,81,3,HARD,45,66,0
1263,9963,16,3,MEDIUM,53,66,0
1263,9963,87,2,HARD,18,65,0
1263,9963,22,2,MEDIUM,56,65,0
1263,9963,10,2,MEDIUM,53,65,0
1263,9963,43,2,HARD,14,65,0
1263,9963,5,2,MEDIUM,49,65,0
1263,9963,18,3,MEDIUM,51,65,0
1263,9963,6,2,HARD,13,65,1
1263,9963,44,3,HARD,45,66,0
1263,9963,27,3,HARD,66,66,47
1263,9963,14,4,HARD,66,66,17
1263,9963,1,4,HARD,67,67,0
1263,9963,63,4,HARD,67,67,25
1263,9963,12,4,HARD,67,67,29
1263,9963,81,4,SOFT,67,67,0
1263,9963,55,3,MEDIUM,66,66,9
1263,9963,31,3,MEDIUM,66,66,9
1263,9963,16,4,MEDIUM,67,67,14
1263,9963,22,3,MEDIUM,66,66,10
1263,9963,87,3,SOFT,66,66,0
1263,9963,5,3,MEDIUM,66,66,0
1263,9963,43,3,HARD,66,66,52
1263,9963,10,3,MEDIUM,66,66,13
1263,9963,6,3,SOFT,66,66,3
1263,9963,18,4,SOFT,66,66,0
1263,9963,44,4,HARD,67,67,22
1263,9963,27,4,HARD,67,67,0
1263,9963,14,5,HARD,67,67,18
1263,9963,1,5,HARD,68,68,0
1263,9963,31,4,MEDIUM,67,67,10
1263,9963,55,4,MEDIUM,67,67,10
1263,9963,12,5,HARD,68,68,30
1263,9963,63,5,HARD,68,68,26
1263,9963,16,5,MEDIUM,68,68,15
1263,9963,81,5,SOFT,68,68,0
1263,9963,87,4,SOFT,67,67,1
1263,9963,43,4,HARD,67,67,53
1263,9963,5,4,MEDIUM,67,67,0
1263,9963,22,4,MEDIUM,67,67,0
1263,9963,6,4,SOFT,67,67,0
1263,9963,10,4,MEDIUM,67,67,14
1263,9963,44,5,HARD,68,68,0
1263,9963,18,5,SOFT,67,67,1
1263,9963,27,5,HARD,68,68,0
1263,9963,14,6,HARD,68,68,19
1263,9963,63,6,HARD,69,70,27
1263,9963,1,6,HARD,69,70,32
1263,9963,12,6,HARD,69,70,31
1263,9963,31,5,MEDIUM,68,69,11
1263,9963,55,5,MEDIUM,68,69,0
1263,9963,81,6,SOFT,69,70,5
1263,9963,16,6,MEDIUM,69,70,16
1263,9963,87,5,SOFT,68,69,2
1263,9963,22,5,MEDIUM,68,69,12
1263,9963,43,5,HARD,68,69,54
1263,9963,5,5,MEDIUM,68,69,0
1263,9963,10,5,MEDIUM,68,69,15
1263,9963,6,5,SOFT,68,69,0
1263,9963,18,6,SOFT,68,69,2
1263,9963,44,6,HARD,69,70,24
1263,9963,14,7,HARD,69,70,20
1263,9963,27,6,HARD,69,70,0
1264,9948,89,1,SOFT,1,2,0
1264,9948,12,1,HARD,1,3,0
1264,9948,1,1,MEDIUM,1,4,0
1264,9948,22,1,HARD,1,5,0
1264,9948,5,1,HARD,1,6,0
1264,9948,12,2,HARD,4,6,3
1264,9948,27,1,HARD,1,7,0
1264,9948,31,1,MEDIUM,1,8,0
1264,9948,89,2,SOFT,3,4,2
1264,9948,55,1,MEDIUM,1,7,0
1264,9948,22,2,HARD,6,8,5
1264,9948,1,2,MEDIUM,5,8,4
1264,9948,30,1,MEDIUM,1,9,0
1264,9948,44,1,MEDIUM,1,4,0
1264,9948,87,1,MEDIUM,1,8,0
1264,9948,55,2,MEDIUM,8,10,0
1264,9948,10,1,MEDIUM,1,12,0
1264,9948,63,1,HARD,1,8,0
1264,9948,81,1,MEDIUM,1,8,0
1264,9948,43,1,HARD,1,14,0
1264,9948,12,3,HARD,7,9,6
1264,9948,89,3,SOFT,5,6,4
1264,9948,27,2,HARD,8,10,7
1264,9948,5,2,HARD,7,11,6
1264,9948,63,2,SOFT,9,11,0
1264,9948,87,2,MEDIUM,9,12,8
1264,9948,44,2,MEDIUM,5,7,4
1264,9948,12,4,SOFT,10,12,0
1264,9948,1,3,MEDIUM,9,11,8
1264,9948,18,1,MEDIUM,1,11,0
1264,9948,14,1,HARD,1,13,0
1264,9948,23,1,MEDIUM,1,14,0
1264,9948,55,3,MEDIUM,11,13,10
1264,9948,6,1,MEDIUM,1,14,0
1264,9948,10,2,MEDIUM,13,14,12
1264,9948,30,2,MEDIUM,10,15,9
1264,9948,22,3,HARD,9,12,8
1264,9948,38,1,HARD,1,12,0
1264,9948,27,3,SOFT,11,13,0
1264,9948,5,3,SOFT,12,14,0
1264,9948,31,2,MEDIUM,9,13,8
1264,9948,81,2,MEDIUM,9,13,8
1264,9948,87,3,SOFT,13,15,0
1264,9948,43,2,HARD,15,16,14
1264,9948,23,2,SOFT,15,17,0
1264,9948,89,4,HARD,7,13,0
1264,9948,22,4,SOFT,13,15,0
1264,9948,5,4,SOFT,15,17,3
1264,9948,31,3,SOFT,14,16,0
1264,9948,44,3,MEDIUM,8,10,7
1264,9948,63,3,SOFT,12,14,3
1264,9948,6,2,SOFT,15,18,0
1264,9948,12,5,SOFT,13,15,3
1264,9948,43,3,SOFT,17,19,0
1264,9948,23,3,SOFT,18,20,3
1264,9948,55,4,SOFT,14,19,0
1264,9948,27,4,SOFT,14,17,0
1264,9948,5,5,SOFT,18,20,6
1264,9948,30,3,SOFT,16,21,0
1264,9948,81,3,SOFT,14,19,0
1264,9948,14,2,SOFT,14,18,0
1264,9948,18,2,SOFT,12,18,0
1264,9948,1,4,SOFT,12,17,0
1264,9948,44,4,MEDIUM,11,13,10
1264,9948,30,4,SOFT,22,22,6
1264,9948,6,3,SOFT,19,21,4
1264,9948,87,4,SOFT,16,18,3
1264,9948,22,5,SOFT,16,18,3
1264,9948,10,3,SOFT,15,22,0
1264,9948,23,4,SOFT,21,23,0
1264,9948,43,4,SOFT,20,22,3
1264,9948,55,5,SOFT,20,22,6
1264,9948,89,5,SOFT,14,19,6
1264,9948,38,2,SOFT,13,22,0
1264,9948,31,4,SOFT,17,22,3
1264,9948,63,4,SOFT,15,27,6
1264,9948,12,6,SOFT,16,29,6
1264,9948,89,6,SOFT,20,24,12
1264,9948,44,5,SOFT,14,16,0
1264,9948,6,4,SOFT,22,30,7
1264,9948,27,5,HARD,18,29,10
1264,9948,30,5,SOFT,23,31,0
1264,9948,89,7,SOFT,25,29,17
1264,9948,6,5,SOFT,31,33,0
1264,9948,1,5,MEDIUM,18,30,11
1264,9948,55,6,MEDIUM,23,33,13
1264,9948,87,5,MEDIUM,19,30,12
1264,9948,27,6,SOFT,30,32,0
1264,9948,81,4,MEDIUM,20,33,13
1264,9948,22,6,HARD,19,30,0
1264,9948,44,6,SOFT,17,20,3
1264,9948,63,5,HARD,28,34,8
1264,9948,14,3,HARD,19,32,13
1264,9948,30,6,SOFT,32,34,0
1264,9948,10,4,MEDIUM,23,34,14
1264,9948,31,5,MEDIUM,23,32,13
1264,9948,5,6,SOFT,21,35,9
1264,9948,38,3,SOFT,23,32,10
1264,9948,18,3,SOFT,19,32,0
1264,9948,12,7,HARD,30,35,0
1264,9948,43,5,HARD,23,34,16
1264,9948,23,5,MEDIUM,24,35,14
1264,9949,22,1,MEDIUM,1,6,0
1264,9949,2,1,UNKNOWN,1,1,0
1264,9949,8,1,UNKNOWN,1,1,0
1264,9949,23,1,HARD,1,9,0
1264,9949,3,1,UNKNOWN,1,1,0
1264,9949,4,1,MEDIUM,1,8,0
1264,9949,24,1,UNKNOWN,1,1,0
1264,9949,25,1,UNKNOWN,1,1,0
1264,9949,14,1,MEDIUM,1,12,0
1264,9949,9,1,UNKNOWN,1,1,0
1264,9949,20,1,UNKNOWN,1,1,0
1264,9949,15,1,UNKNOWN,1,1,0
1264,9949,21,1,UNKNOWN,1,1,0
1264,9949,10,1,HARD,1,11,0
1264,9949,16,1,MEDIUM,1,8,0
1264,9949,5,1,MEDIUM,1,3,0
1264,9949,11,1,UNKNOWN,1,1,0
1264,9949,17,1,UNKNOWN,1,1,0
1264,9949,6,1,HARD,1,9,0
1264,9949,12,1,MEDIUM,1,3,0
1264,9949,1,1,SOFT,1,6,0
1264,9949,7,1,UNKNOWN,1,1,0
1264,9949,43,1,MEDIUM,1,3,0
1264,9949,31,1,MEDIUM,1,5,0
1264,9949,27,1,MEDIUM,1,6,0
1264,9949,87,1,MEDIUM,1,8,0
1264,9949,55,1,HARD,1,7,0
1264,9949,81,1,HARD,1,7,0
1264,9949,18,1,HARD,1,6,0
1264,9949,30,1,HARD,1,1,0
1264,9949,63,1,MEDIUM,1,3,0
1264,9949,44,1,HARD,1,11,0
1264,9949,43,2,MEDIUM,4,6,3
1264,9949,5,2,MEDIUM,4,6,3
1264,9949,12,2,MEDIUM,4,5,3
1264,9949,63,2,MEDIUM,4,6,3
1264,9949,31,2,MEDIUM,6,10,5
1264,9949,27,2,MEDIUM,7,9,6
1264,9949,43,3,MEDIUM,7,9,6
1264,9949,12,3,MEDIUM,6,7,5
1264,9949,5,3,MEDIUM,7,9,6
1264,9949,18,2,HARD,7,11,6
1264,9949,55,2,HARD,8,10,0
1264,9949,81,2,HARD,8,10,7
1264,9949,4,2,MEDIUM,9,11,8
1264,9949,30,2,HARD,2,6,1
1264,9949,87,2,MEDIUM,9,11,8
1264,9949,5,4,MEDIUM,10,12,0
1264,9949,16,2,MEDIUM,9,12,7
1264,9949,63,3,SOFT,7,9,0
1264,9949,22,2,MEDIUM,7,9,6
1264,9949,12,4,SOFT,8,10,0
1264,9949,23,2,SOFT,10,13,1
1264,9949,27,3,SOFT,10,12,0
1264,9949,30,3,HARD,7,10,0
1264,9949,55,3,SOFT,11,13,0
1264,9949,6,2,SOFT,10,11,1
1264,9949,63,4,SOFT,10,12,0
1264,9949,43,4,SOFT,10,12,0
1264,9949,31,3,SOFT,11,16,0
1264,9949,12,5,SOFT,11,13,3
1264,9949,10,2,SOFT,12,14,1
1264,9949,44,2,SOFT,12,14,0
1264,9949,81,3,SOFT,11,16,0
1264,9949,87,3,SOFT,12,14,0
1264,9949,27,4,SOFT,13,16,0
1264,9949,23,3,SOFT,14,17,0
1264,9949,4,3,SOFT,12,18,0
1264,9949,18,3,SOFT,12,14,0
1264,9949,55,4,SOFT,14,16,0
1264,9949,22,3,SOFT,10,12,0
1264,9949,6,3,SOFT,12,14,0
1264,9949,14,2,SOFT,13,12,2
1264,9949,43,5,SOFT,13,15,0
1264,9949,10,3,SOFT,15,17,2
1264,9949,44,3,SOFT,15,19,2
1264,9949,87,4,SOFT,15,17,3
1264,9949,30,4,SOFT,11,13,0
1264,9949,55,5,SOFT,17,19,6
1264,9949,14,3,SOFT,13,15,3
1264,9949,16,3,SOFT,13,18,0
1264,9949,1,2,SOFT,7,12,1
1264,9949,22,4,SOFT,13,15,3
1264,9949,18,4,SOFT,15,17,3
1264,9949,5,5,SOFT,13,15,0
1264,9949,81,4,SOFT,17,19,6
1264,9949,31,4,SOFT,17,19,6
1264,9949,87,5,SOFT,18,19,6
1264,9949,63,5,MEDIUM,13,29,0
1264,9949,12,6,MEDIUM,14,31,7
1264,9949,5,6,SOFT,16,18,0
1264,9949,6,4,HARD,15,31,9
1264,9949,27,5,MEDIUM,17,32,9
1264,9949,23,4,SOFT,18,18,8
1264,9949,18,5,SOFT,18,19,11
1264,9949,43,6,MEDIUM,16,34,9
1264,9949,10,4,HARD,18,36,11
1264,9949,23,5,HARD,19,37,9
1264,9949,30,5,SOFT,14,31,3
1264,9949,55,6,HARD,20,33,10
1264,9949,4,4,MEDIUM,19,32,11
1264,9949,14,4,MEDIUM,16,28,9
1264,9949,81,5,HARD,20,32,10
1264,9949,22,5,MEDIUM,16,31,9
1264,9949,44,4,SOFT,20,28,11
1264,9949,87,6,MEDIUM,20,35,11
1264,9949,16,4,MEDIUM,19,32,12
1264,9949,5,7,MEDIUM,19,28,12
1264,9949,31,5,MEDIUM,20,20,10
1264,9949,18,6,HARD,20,32,11
1264,9949,1,3,SOFT,13,19,6
1264,9949,31,6,SOFT,21,31,9
1264,9949,44,5,HARD,29,34,13
1264,9949,1,4,SOFT,20,24,0
1264,9949,63,6,SOFT,30,34,6
1264,9949,27,6,SOFT,33,35,7
1264,9949,12,7,SOFT,32,35,6
1264,9949,55,7,SOFT,34,37,9
1264,9949,14,5,SOFT,29,31,6
1264,9949,5,8,SOFT,29,31,6
1264,9949,6,5,SOFT,32,34,5
1264,9949,81,6,SOFT,33,35,9
1264,9949,4,5,SOFT,33,35,7
1264,9950,24,1,UNKNOWN,1,1,0
1264,9950,19,1,UNKNOWN,1,1,0
1264,9950,25,1,UNKNOWN,1,1,0
1264,9950,20,1,UNKNOWN,1,1,0
1264,9950,26,1,UNKNOWN,1,1,0
1264,9950,15,1,UNKNOWN,1,1,0
1264,9950,21,1,UNKNOWN,1,1,0
1264,9950,11,1,UNKNOWN,1,1,0
1264,9950,17,1,UNKNOWN,1,1,0
1264,9950,32,1,UNKNOWN,1,1,0
1264,9950,7,1,UNKNOWN,1,1,0
1264,9950,2,1,UNKNOWN,1,1,0
1264,9950,33,1,UNKNOWN,1,1,0
1264,9950,8,1,UNKNOWN,1,1,0
1264,9950,28,1,UNKNOWN,1,1,0
1264,9950,3,1,UNKNOWN,1,1,0
1264,9950,9,1,UNKNOWN,1,1,0
1264,9950,29,1,UNKNOWN,1,1,0
1264,9950,18,1,HARD,1,1,0
1264,9950,14,1,MEDIUM,1,1,0
1264,9950,43,1,MEDIUM,1,3,0
1264,9950,10,1,MEDIUM,1,3,0
1264,9950,14,2,HARD,2,2,1
1264,9950,18,2,MEDIUM,2,2,1
1264,9950,43,2,MEDIUM,4,6,3
1264,9950,87,1,SOFT,1,3,0
1264,9950,10,2,MEDIUM,4,6,3
1264,9950,27,1,SOFT,1,3,0
1264,9950,81,1,SOFT,1,3,0
1264,9950,31,1,SOFT,1,6,0
1264,9950,5,1,SOFT,1,3,0
1264,9950,16,1,SOFT,1,3,0
1264,9950,87,2,SOFT,4,6,3
1264,9950,55,1,SOFT,1,3,0
1264,9950,1,1,HARD,1,9,0
1264,9950,27,2,SOFT,4,6,3
1264,9950,63,1,SOFT,1,3,0
1264,9950,12,1,SOFT,1,3,0
1264,9950,5,2,SOFT,4,6,3
1264,9950,6,1,MEDIUM,1,6,0
1264,9950,16,2,SOFT,4,6,3
1264,9950,22,1,SOFT,1,6,0
1264,9950,23,1,SOFT,1,7,0
1264,9950,10,3,MEDIUM,7,9,6
1264,9950,43,3,MEDIUM,7,10,6
1264,9950,44,1,SOFT,1,9,0
1264,9950,81,2,SOFT,4,7,3
1264,9950,16,3,SOFT,7,9,6
1264,9950,30,1,MEDIUM,1,6,0
1264,9950,4,1,SOFT,1,9,0
1264,9950,63,2,SOFT,4,6,3
1264,9950,12,2,SOFT,4,6,3
1264,9950,14,3,MEDIUM,3,12,0
1264,9950,27,3,SOFT,7,9,6
1264,9950,23,2,SOFT,8,10,7
1264,9950,55,2,SOFT,4,9,3
1264,9950,6,2,MEDIUM,7,12,6
1264,9950,31,2,SOFT,7,9,6
1264,9950,87,3,SOFT,7,9,6
1264,9950,18,3,MEDIUM,3,13,0
1264,9950,5,3,SOFT,7,9,6
1264,9950,22,2,SOFT,7,9,6
1264,9950,81,3,SOFT,8,10,7
1264,9950,30,2,MEDIUM,7,9,6
1264,9950,23,3,SOFT,11,13,0
1264,9950,27,4,SOFT,10,12,0
1264,9950,31,3,SOFT,10,12,0
1264,9950,87,4,SOFT,10,12,0
1264,9950,5,4,SOFT,10,12,0
1264,9950,16,4,SOFT,10,12,9
1264,9950,63,3,SOFT,7,9,0
1264,9950,4,2,SOFT,10,15,1
1264,9950,44,2,SOFT,10,16,9
1264,9950,12,3,SOFT,7,9,0
1264,9950,55,3,SOFT,10,12,9
1264,9950,1,2,HARD,10,20,9
1264,9950,81,4,SOFT,11,14,0
1264,9950,23,4,SOFT,14,16,3
1264,9950,14,4,SOFT,13,15,0
1264,9950,10,4,MEDIUM,10,19,9
1264,9950,43,4,MEDIUM,11,19,10
1264,9950,31,4,SOFT,13,15,3
1264,9950,30,3,SOFT,10,12,0
1264,9950,63,4,SOFT,10,12,3
1264,9950,87,5,SOFT,13,15,3
1264,9950,12,4,SOFT,10,12,3
1264,9950,22,3,SOFT,10,12,0
1264,9950,55,4,SOFT,13,15,0
1264,9950,16,5,SOFT,13,15,0
1264,9950,43,5,SOFT,20,22,0
1264,9950,44,3,SOFT,17,19,0
1264,9950,14,5,SOFT,16,18,3
1264,9950,10,5,SOFT,20,22,0
1264,9950,18,4,SOFT,14,16,0
1264,9950,22,4,SOFT,13,14,3
1264,9950,6,3,SOFT,13,15,0
1264,9950,5,5,SOFT,13,15,3
1264,9950,81,5,SOFT,15,17,0
1264,9950,4,3,SOFT,16,18,6
1264,9950,27,5,SOFT,13,15,3
1264,9950,23,5,SOFT,17,19,6
1264,9950,31,5,SOFT,16,18,6
1264,9950,12,5,SOFT,13,15,6
1264,9950,87,6,SOFT,16,18,6
1264,9950,14,6,SOFT,19,21,6
1264,9950,63,5,SOFT,13,18,6
1264,9950,22,5,SOFT,15,17,9
1264,9950,1,3,SOFT,21,28,0
1264,9950,44,4,SOFT,20,23,3
1264,9950,5,6,SOFT,16,18,9
1264,9950,4,4,SOFT,19,21,9
1264,9950,6,4,MEDIUM,16,18,12
1264,9950,27,6,SOFT,16,18,9
1264,9950,23,6,SOFT,20,22,10
1264,9950,55,5,SOFT,16,21,3
1264,9950,18,5,SOFT,17,20,3
1264,9950,10,6,SOFT,23,26,3
1264,9950,81,6,SOFT,18,20,7
1264,9950,30,4,SOFT,13,19,3
1264,9950,43,6,SOFT,23,26,3
1264,9950,31,6,SOFT,19,21,9
1264,9950,16,6,SOFT,16,20,3
1264,9950,12,6,SOFT,16,18,9
1264,9950,87,7,SOFT,19,21,9
1264,9951,20,1,SOFT,1,1,2
1264,9951,15,1,SOFT,1,1,2
1264,9951,21,1,SOFT,1,1,2
1264,9951,2,1,SOFT,1,1,2
1264,9951,11,1,SOFT,1,1,0
1264,9951,17,1,SOFT,1,1,2
1264,9951,7,1,SOFT,1,1,1
1264,9951,8,1,SOFT,1,1,2
1264,9951,3,1,SOFT,1,1,2
1264,9951,9,1,SOFT,1,1,2
1264,9951,24,1,SOFT,1,1,2
1264,9951,25,1,SOFT,1,1,2
1264,9951,55,1,SOFT,1,3,0
1264,9951,23,1,SOFT,1,3,1
1264,9951,14,1,SOFT,1,2,2
1264,9951,31,1,SOFT,1,3,0
1264,9951,87,1,SOFT,1,3,0
1264,9951,18,1,SOFT,1,3,0
1264,9951,43,1,SOFT,1,3,0
1264,9951,10,1,SOFT,1,3,2
1264,9951,27,1,SOFT,1,3,0
1264,9951,5,1,SOFT,1,3,2
1264,9951,55,2,SOFT,4,6,3
1264,9951,23,2,SOFT,4,6,3
1264,9951,4,1,SOFT,1,3,1
1264,9951,30,1,SOFT,1,3,0
1264,9951,31,2,SOFT,4,6,3
1264,9951,81,1,SOFT,1,5,0
1264,9951,16,1,SOFT,1,3,2
1264,9951,44,1,SOFT,1,3,0
1264,9951,87,2,SOFT,4,6,0
1264,9951,18,2,SOFT,4,6,0
1264,9951,14,2,,3,5,1
1264,9951,22,1,SOFT,1,3,1
1264,9951,1,1,SOFT,1,3,2
1264,9951,27,2,SOFT,4,6,3
1264,9951,10,2,,4,6,1
1264,9951,43,2,SOFT,4,6,0
1264,9951,6,1,SOFT,1,3,2
1264,9951,5,2,,4,6,3
1264,9951,12,1,SOFT,1,3,2
1264,9951,63,1,SOFT,1,3,0
1264,9951,55,3,SOFT,7,9,0
1264,9951,31,3,SOFT,7,9,0
1264,9951,23,3,,7,9,1
1264,9951,18,3,SOFT,7,9,0
1264,9951,22,2,SOFT,4,6,0
1264,9951,27,3,SOFT,7,9,0
1264,9951,55,4,SOFT,10,12,0
1264,9951,16,2,,4,6,3
1264,9951,44,2,SOFT,4,6,3
1264,9951,23,4,SOFT,10,10,3
1264,9951,6,2,,4,6,1
1264,9951,30,2,SOFT,4,6,0
1264,9951,5,3,SOFT,7,9,0
1264,9951,87,3,SOFT,7,9,0
1264,9951,43,3,SOFT,7,9,0
1264,9951,10,3,SOFT,7,9,0
1264,9951,1,2,,4,6,3
1264,9951,14,3,SOFT,6,8,0
1264,9951,12,2,,4,6,1
1264,9951,63,2,SOFT,4,6,0
1264,9951,81,2,SOFT,6,8,5
1264,9951,4,2,SOFT,4,6,3
1264,9951,16,3,SOFT,7,9,0
1264,9951,44,3,SOFT,7,9,0
1264,9951,23,5,SOFT,11,13,0
1264,9951,6,3,SOFT,7,9,0
1264,9951,87,4,SOFT,10,12,3
1264,9951,5,4,SOFT,10,12,3
1264,9951,1,3,SOFT,7,9,0
1264,9951,4,3,SOFT,7,9,0
1264,9951,81,3,SOFT,9,11,0
1264,9951,30,3,SOFT,7,9,0
1264,9951,14,4,SOFT,9,11,2
1264,9951,12,3,SOFT,7,9,3
1264,9951,63,3,SOFT,7,9,3
1264,9951,16,4,SOFT,10,12,0
1264,9951,44,4,SOFT,10,12,0
1264,9951,10,4,SOFT,10,12,3
1264,9951,43,4,SOFT,10,12,3
1264,9951,23,6,SOFT,14,15,0
1264,9951,6,4,SOFT,10,12,0
1264,9951,87,5,SOFT,13,15,0
1264,9951,14,5,SOFT,12,14,0
1264,9951,43,5,SOFT,13,15,0
1264,9951,23,7,SOFT,16,18,2
1264,9951,10,5,SOFT,13,15,0
1264,9951,12,4,SOFT,10,12,0
1264,9951,81,4,SOFT,12,14,3
1264,9951,4,4,SOFT,10,12,0
1264,9951,1,4,SOFT,10,12,0
1264,9951,16,5,SOFT,13,15,3
1264,9951,5,5,SOFT,13,15,0
1264,9951,44,5,SOFT,13,15,3
1264,9951,63,4,SOFT,10,12,0
1264,9951,30,4,SOFT,10,12,0
1264,9951,10,6,SOFT,16,18,3
1264,9951,1,5,SOFT,13,15,3
1264,9951,30,5,SOFT,13,14,3
1264,9951,63,5,SOFT,13,15,3
1264,9951,16,6,SOFT,16,18,0
1264,9951,44,6,SOFT,16,18,0
1264,9951,4,5,SOFT,13,15,0
1264,9951,81,5,SOFT,15,17,0
1264,9951,5,6,SOFT,16,18,3
1264,9951,12,5,SOFT,13,15,3
1264,9951,10,7,SOFT,19,21,0
1264,9951,81,6,SOFT,18,19,0
1264,9951,1,6,SOFT,16,18,0
1264,9951,30,6,SOFT,15,17,0
1264,9951,12,6,SOFT,16,17,0
1264,9951,63,6,SOFT,16,18,0
1264,9951,16,7,SOFT,19,21,0
1264,9951,4,6,SOFT,16,18,0
1264,9951,44,7,SOFT,19,21,0
1264,9951,5,7,SOFT,19,21,0
1264,9955,12,1,MEDIUM,1,1,0
1264,9955,55,1,MEDIUM,1,1,0
1264,9955,1,1,MEDIUM,1,1,0
1264,9955,6,1,SOFT,1,2,0
1264,9955,87,1,SOFT,1,11,0
1264,9955,10,1,SOFT,1,12,3
1264,9955,27,1,SOFT,1,12,0
1264,9955,23,1,MEDIUM,1,13,0
1264,9955,43,1,SOFT,1,13,0
1264,9955,23,2,MEDIUM,14,15,0
1264,9955,63,1,MEDIUM,1,18,0
1264,9955,22,1,MEDIUM,1,18,0
1264,9955,31,1,MEDIUM,1,19,0
1264,9955,4,1,MEDIUM,1,20,0
1264,9955,5,1,MEDIUM,1,21,0
1264,9955,81,1,MEDIUM,1,24,0
1264,9955,16,1,MEDIUM,1,25,0
1264,9955,44,1,MEDIUM,1,26,0
1264,9955,18,1,MEDIUM,1,26,1
1264,9955,6,2,MEDIUM,3,28,0
1264,9955,22,2,HARD,19,30,0
1264,9955,30,1,MEDIUM,1,32,0
1264,9955,14,1,MEDIUM,1,33,1
1264,9955,10,2,HARD,13,38,0
1264,9955,87,2,HARD,12,39,0
1264,9955,43,2,MEDIUM,14,39,0
1264,9955,27,2,MEDIUM,13,42,0
1264,9955,63,2,MEDIUM,19,45,0
1264,9955,16,2,HARD,26,49,0
1264,9955,5,2,MEDIUM,22,49,0
1264,9955,44,2,HARD,27,50,0
1264,9955,31,2,HARD,20,50,0
1264,9955,4,2,HARD,21,52,0
1264,9955,81,2,HARD,25,53,0
1264,9955,18,2,HARD,27,53,1
1264,9955,22,3,MEDIUM,31,60,0
1264,9955,4,3,MEDIUM,53,70,0
1264,9955,14,2,HARD,34,69,1
1264,9955,5,3,HARD,50,69,0
1264,9955,81,3,MEDIUM,54,70,0
1264,9955,22,4,SOFT,61,68,0
1264,9955,27,3,MEDIUM,43,69,0
1264,9955,31,3,HARD,51,69,0
1264,9955,16,3,MEDIUM,50,70,0
1264,9955,87,3,MEDIUM,40,69,0
1264,9955,6,3,HARD,29,69,0
1264,9955,44,3,MEDIUM,51,70,0
1264,9955,10,3,MEDIUM,39,69,0
1264,9955,18,3,SOFT,54,69,0
1264,9955,43,3,HARD,40,69,0
1264,9955,63,3,HARD,46,70,0
1264,9955,30,2,HARD,33,70,0
1277,9940,55,1,HARD,1,1,0
1277,9940,23,1,HARD,1,1,0
1277,9940,63,1,MEDIUM,1,3,0
1277,9940,30,1,MEDIUM,1,5,0
1277,9940,16,1,MEDIUM,1,3,0
1277,9940,31,1,MEDIUM,1,2,0
1277,9940,1,1,MEDIUM,1,7,0
1277,9940,63,2,MEDIUM,4,6,3
1277,9940,12,1,MEDIUM,1,6,0
1277,9940,16,2,MEDIUM,4,6,3
1277,9940,6,1,MEDIUM,1,8,0
1277,9940,55,2,HARD,2,12,1
1277,9940,23,2,HARD,2,12,1
1277,9940,31,2,MEDIUM,3,7,2
1277,9940,36,1,MEDIUM,1,8,0
1277,9940,97,1,MEDIUM,1,10,0
1277,9940,10,1,MEDIUM,1,7,0
1277,9940,4,1,MEDIUM,1,9,0
1277,9940,14,1,HARD,1,9,0
1277,9940,12,2,MEDIUM,7,9,6
1277,9940,18,1,HARD,1,8,0
1277,9940,6,2,MEDIUM,9,11,0
1277,9940,44,1,MEDIUM,1,10,0
1277,9940,87,1,MEDIUM,1,10,0
1277,9940,30,2,MEDIUM,6,11,5
1277,9940,36,2,MEDIUM,9,11,0
1277,9940,23,3,HARD,13,13,12
1277,9940,81,1,MEDIUM,1,11,0
1277,9940,16,3,MEDIUM,7,10,6
1277,9940,43,1,MEDIUM,1,11,0
1277,9940,1,2,SOFT,8,10,0
1277,9940,63,3,MEDIUM,7,9,6
1277,9940,5,1,MEDIUM,1,10,0
1277,9940,10,2,SOFT,8,11,0
1277,9940,14,2,SOFT,10,12,0
1277,9940,12,3,SOFT,10,12,0
1277,9940,31,3,MEDIUM,8,10,7
1277,9940,81,2,SOFT,12,14,0
1277,9940,18,2,SOFT,9,11,0
1277,9940,87,2,SOFT,11,13,0
1277,9940,16,4,SOFT,11,13,0
1277,9940,43,2,SOFT,12,14,0
1277,9940,97,2,MEDIUM,11,15,10
1277,9940,55,3,HARD,13,13,12
1277,9940,23,4,HARD,14,19,13
1277,9940,31,4,SOFT,11,13,0
1277,9940,63,4,SOFT,10,12,0
1277,9940,1,3,SOFT,11,13,3
1277,9940,36,3,MEDIUM,12,14,3
1277,9940,5,2,SOFT,11,12,0
1277,9940,43,3,SOFT,15,16,3
1277,9940,81,3,SOFT,15,17,3
1277,9940,10,3,SOFT,12,16,4
1277,9940,12,4,SOFT,13,15,3
1277,9940,44,2,SOFT,11,16,0
1277,9940,6,3,SOFT,12,18,0
1277,9940,4,2,SOFT,10,16,0
1277,9940,16,5,SOFT,14,17,3
1277,9940,55,4,HARD,14,18,13
1277,9940,36,4,SOFT,15,17,0
1277,9940,30,3,SOFT,12,18,0
1277,9940,87,3,SOFT,14,16,3
1277,9940,14,3,SOFT,13,17,3
1277,9940,31,5,SOFT,14,16,3
1277,9940,18,3,SOFT,12,16,3
1277,9940,97,3,SOFT,16,20,0
1277,9940,10,4,SOFT,17,17,9
1277,9940,55,5,SOFT,19,21,0
1277,9940,36,5,SOFT,18,22,3
1277,9940,97,4,SOFT,21,25,5
1277,9940,14,4,HARD,18,24,9
1277,9940,44,3,MEDIUM,17,26,6
1277,9940,12,5,MEDIUM,16,25,9
1277,9940,5,3,MEDIUM,13,23,10
1277,9940,18,4,HARD,17,22,8
1277,9940,63,5,MEDIUM,13,25,9
1277,9940,16,6,SOFT,18,26,7
1277,9940,43,4,MEDIUM,17,27,11
1277,9940,81,4,MEDIUM,18,28,11
1277,9940,23,5,SOFT,20,30,0
1277,9940,87,4,MEDIUM,17,24,0
1277,9940,31,6,MEDIUM,17,23,10
1277,9940,4,3,MEDIUM,17,26,9
1277,9940,1,4,MEDIUM,14,26,7
1277,9940,10,5,SOFT,18,23,10
1277,9940,6,4,MEDIUM,19,28,11
1277,9940,55,6,SOFT,22,26,3
1277,9940,30,4,SOFT,19,27,5
1277,9941,81,1,MEDIUM,1,3,0
1277,9941,43,1,MEDIUM,1,5,0
1277,9941,12,1,MEDIUM,1,3,0
1277,9941,63,1,MEDIUM,1,3,0
1277,9941,87,1,HARD,1,5,0
1277,9941,31,1,HARD,1,5,0
1277,9941,1,1,MEDIUM,1,3,0
1277,9941,5,1,MEDIUM,1,5,0
1277,9941,18,1,MEDIUM,1,5,0
1277,9941,81,2,MEDIUM,4,6,3
1277,9941,55,1,MEDIUM,1,6,0
1277,9941,10,1,MEDIUM,1,6,0
1277,9941,16,1,MEDIUM,1,6,0
1277,9941,44,1,MEDIUM,1,6,0
1277,9941,22,1,MEDIUM,1,7,0
1277,9941,87,2,HARD,6,8,0
1277,9941,63,2,MEDIUM,4,6,3
1277,9941,12,2,MEDIUM,4,6,3
1277,9941,30,1,MEDIUM,1,7,0
1277,9941,43,2,MEDIUM,6,8,0
1277,9941,6,1,MEDIUM,1,6,0
1277,9941,27,1,MEDIUM,1,9,0
1277,9941,4,1,MEDIUM,1,6,0
1277,9941,23,1,MEDIUM,1,9,0
1277,9941,31,2,HARD,6,8,5
1277,9941,55,2,MEDIUM,7,8,0
1277,9941,16,2,MEDIUM,7,9,6
1277,9941,44,2,MEDIUM,7,10,6
1277,9941,81,3,MEDIUM,7,9,6
1277,9941,87,3,HARD,9,11,8
1277,9941,4,2,MEDIUM,7,9,6
1277,9941,63,3,SOFT,7,9,0
1277,9941,1,2,MEDIUM,4,6,3
1277,9941,14,1,MEDIUM,1,8,0
1277,9941,31,3,HARD,9,11,8
1277,9941,18,2,MEDIUM,6,8,5
1277,9941,22,2,MEDIUM,8,10,7
1277,9941,10,2,MEDIUM,7,9,6
1277,9941,5,2,MEDIUM,6,10,5
1277,9941,16,3,SOFT,10,12,0
1277,9941,81,4,SOFT,10,12,9
1277,9941,14,2,SOFT,9,11,0
1277,9941,12,3,SOFT,7,9,0
1277,9941,87,4,SOFT,12,14,0
1277,9941,6,2,SOFT,7,9,0
1277,9941,30,2,SOFT,8,10,0
1277,9941,1,3,SOFT,7,9,0
1277,9941,23,2,SOFT,10,12,0
1277,9941,10,3,MEDIUM,10,12,9
1277,9941,18,3,SOFT,9,11,0
1277,9941,31,4,SOFT,12,14,0
1277,9941,22,3,SOFT,11,13,8
1277,9941,43,3,SOFT,9,14,0
1277,9941,63,4,SOFT,10,12,3
1277,9941,27,2,SOFT,10,15,0
1277,9941,44,3,SOFT,11,15,0
1277,9941,5,3,SOFT,11,13,0
1277,9941,16,4,SOFT,13,15,3
1277,9941,12,4,MEDIUM,10,15,6
1277,9941,10,4,SOFT,13,15,0
1277,9941,55,3,SOFT,9,14,0
1277,9941,1,4,SOFT,10,12,3
1277,9941,4,3,SOFT,10,15,0
1277,9941,81,5,SOFT,13,16,3
1277,9941,87,5,SOFT,15,17,3
1277,9941,14,3,SOFT,12,14,0
1277,9941,18,4,SOFT,12,14,3
1277,9941,31,5,SOFT,15,17,3
1277,9941,22,4,SOFT,14,16,11
1277,9941,10,5,SOFT,16,17,3
1277,9941,44,4,MEDIUM,16,22,10
1277,9941,5,4,MEDIUM,14,22,10
1277,9941,23,3,MEDIUM,13,26,9
1277,9941,6,3,SOFT,10,24,3
1277,9941,27,3,MEDIUM,16,26,9
1277,9941,30,3,MEDIUM,11,25,7
1277,9941,4,4,MEDIUM,16,23,9
1277,9941,31,6,HARD,18,26,11
1277,9941,1,5,MEDIUM,13,23,6
1277,9941,27,4,SOFT,27,29,6
1277,9941,87,6,HARD,18,27,11
1277,9941,6,4,MEDIUM,25,27,6
1277,9941,30,4,SOFT,26,28,3
1277,9941,10,6,MEDIUM,18,24,7
1277,9941,4,5,SOFT,24,26,6
1277,9941,63,5,MEDIUM,13,27,6
1277,9941,14,4,MEDIUM,15,24,8
1277,9941,12,5,MEDIUM,16,28,12
1277,9941,81,6,MEDIUM,17,27,9
1277,9941,43,4,MEDIUM,15,29,8
1277,9941,16,5,MEDIUM,16,29,9
1277,9941,18,5,MEDIUM,15,24,8
1277,9941,22,5,MEDIUM,17,25,10
1277,9941,5,5,SOFT,23,27,3
1277,9941,44,5,SOFT,23,29,5
1277,9941,23,4,SOFT,27,30,3
1277,9941,55,4,SOFT,15,27,0
1277,9942,18,1,MEDIUM,1,1,0
1277,9942,14,1,MEDIUM,1,1,0
1277,9942,43,1,SOFT,1,3,0
1277,9942,18,2,HARD,2,2,0
1277,9942,27,1,SOFT,1,3,0
1277,9942,43,2,SOFT,4,6,3
1277,9942,5,1,SOFT,1,3,0
1277,9942,81,1,SOFT,1,3,0
1277,9942,18,3,MEDIUM,3,6,0
1277,9942,16,1,SOFT,1,3,0
1277,9942,14,2,HARD,2,2,0
1277,9942,1,1,SOFT,1,3,0
1277,9942,12,1,SOFT,1,3,0
1277,9942,63,1,SOFT,1,3,0
1277,9942,87,1,MEDIUM,1,3,0
1277,9942,44,1,SOFT,1,6,0
1277,9942,5,2,SOFT,4,6,3
1277,9942,18,4,MEDIUM,7,9,4
1277,9942,30,1,HARD,1,4,0
1277,9942,1,2,SOFT,4,6,3
1277,9942,6,1,HARD,1,8,0
1277,9942,10,1,SOFT,1,6,0
1277,9942,87,2,MEDIUM,4,6,3
1277,9942,44,2,SOFT,7,9,6
1277,9942,16,2,SOFT,4,6,3
1277,9942,14,3,MEDIUM,3,8,0
1277,9942,63,2,SOFT,4,6,3
1277,9942,12,2,SOFT,4,6,3
1277,9942,55,1,MEDIUM,1,9,0
1277,9942,4,1,SOFT,1,10,0
1277,9942,81,2,SOFT,4,9,3
1277,9942,1,3,SOFT,7,9,6
1277,9942,27,2,SOFT,4,13,3
1277,9942,22,1,SOFT,1,9,0
1277,9942,5,3,SOFT,7,9,0
1277,9942,23,1,MEDIUM,1,9,0
1277,9942,16,3,SOFT,7,10,6
1277,9942,6,2,HARD,9,9,0
1277,9942,44,3,SOFT,10,13,0
1277,9942,87,3,MEDIUM,7,9,6
1277,9942,31,1,MEDIUM,1,8,0
1277,9942,30,2,HARD,5,10,0
1277,9942,55,2,MEDIUM,10,12,9
1277,9942,63,3,SOFT,7,9,0
1277,9942,4,2,SOFT,11,13,0
1277,9942,12,3,SOFT,7,9,0
1277,9942,27,3,SOFT,14,16,0
1277,9942,23,2,SOFT,10,12,0
1277,9942,81,3,SOFT,10,12,0
1277,9942,14,4,MEDIUM,9,13,6
1277,9942,5,4,SOFT,10,12,0
1277,9942,10,2,SOFT,7,13,6
1277,9942,43,3,SOFT,7,12,6
1277,9942,5,5,SOFT,13,13,3
1277,9942,23,3,SOFT,13,13,3
1277,9942,63,4,SOFT,10,11,3
1277,9942,10,3,SOFT,14,14,0
1277,9942,14,5,SOFT,14,14,0
1277,9942,6,3,SOFT,10,12,0
1277,9942,27,4,SOFT,17,17,3
1277,9942,4,3,SOFT,14,15,3
1277,9942,12,4,SOFT,10,10,3
1277,9942,1,4,SOFT,10,12,0
1277,9942,18,6,SOFT,14,14,0
1277,9942,18,5,MEDIUM,10,13,7
1277,9942,55,3,SOFT,13,15,0
1277,9942,55,4,SOFT,16,16,3
1277,9942,81,5,SOFT,14,14,4
1277,9942,81,4,SOFT,13,13,3
1277,9942,30,3,SOFT,11,13,0
1277,9942,30,4,SOFT,14,14,0
1277,9942,43,4,SOFT,13,13,0
1277,9942,43,5,SOFT,14,14,1
1277,9942,5,6,SOFT,14,15,4
1277,9942,16,5,SOFT,14,14,3
1277,9942,16,4,SOFT,11,13,0
1277,9942,23,4,SOFT,14,15,4
1277,9942,10,4,SOFT,15,16,1
1277,9942,22,3,SOFT,13,13,3
1277,9942,44,5,SOFT,17,17,3
1277,9942,22,2,SOFT,10,12,0
1277,9942,44,4,SOFT,14,16,0
1277,9942,63,5,SOFT,12,13,5
1277,9942,31,3,SOFT,12,12,3
1277,9942,31,2,SOFT,9,11,0
1277,9942,14,6,SOFT,15,16,1
1277,9942,6,4,SOFT,13,14,3
1277,9942,27,5,SOFT,18,19,4
1277,9942,4,4,SOFT,16,17,5
1277,9942,12,5,SOFT,11,12,4
1277,9942,87,5,SOFT,13,13,3
1277,9942,87,4,SOFT,10,12,0
1277,9942,1,5,SOFT,13,14,3
1277,9943,18,1,SOFT,1,3,0
1277,9943,5,1,SOFT,1,3,0
1277,9943,27,1,SOFT,1,3,0
1277,9943,81,1,SOFT,1,3,0
1277,9943,43,1,SOFT,1,6,0
1277,9943,23,1,SOFT,1,3,0
1277,9943,81,2,SOFT,4,5,3
1277,9943,4,1,SOFT,1,5,0
1277,9943,23,2,SOFT,4,4,0
1277,9943,27,2,SOFT,4,6,3
1277,9943,1,1,SOFT,1,3,0
1277,9943,5,2,SOFT,4,6,3
1277,9943,44,1,SOFT,1,4,0
1277,9943,16,1,SOFT,1,5,0
1277,9943,18,2,SOFT,4,6,0
1277,9943,22,1,SOFT,1,4,0
1277,9943,31,1,SOFT,1,3,0
1277,9943,87,1,SOFT,1,3,0
1277,9943,12,1,SOFT,1,3,0
1277,9943,63,1,SOFT,1,3,0
1277,9943,6,1,SOFT,1,3,0
1277,9943,30,1,SOFT,1,3,0
1277,9943,27,3,SOFT,7,9,0
1277,9943,5,3,SOFT,7,9,0
1277,9943,55,1,SOFT,1,3,0
1277,9943,10,1,SOFT,1,6,0
1277,9943,18,3,SOFT,7,9,0
1277,9943,30,2,SOFT,4,6,0
1277,9943,1,2,SOFT,4,6,3
1277,9943,44,2,SOFT,5,7,4
1277,9943,16,2,SOFT,6,9,5
1277,9943,22,2,SOFT,5,7,0
1277,9943,81,3,SOFT,6,9,5
1277,9943,14,1,SOFT,1,3,0
1277,9943,55,2,SOFT,4,6,0
1277,9943,23,3,SOFT,5,7,0
1277,9943,6,2,SOFT,4,6,0
1277,9943,31,2,SOFT,4,6,0
1277,9943,87,2,SOFT,4,6,0
1277,9943,4,2,SOFT,6,8,5
1277,9943,10,2,SOFT,7,9,0
1277,9943,12,2,SOFT,4,6,0
1277,9943,63,2,SOFT,4,7,3
1277,9943,1,3,SOFT,7,9,0
1277,9943,23,4,SOFT,8,10,1
1277,9943,87,3,SOFT,7,9,3
1277,9943,4,3,SOFT,9,11,0
1277,9943,55,3,SOFT,7,9,0
1277,9943,16,3,SOFT,10,12,9
1277,9943,44,3,SOFT,8,10,7
1277,9943,14,2,SOFT,4,6,0
1277,9943,81,4,SOFT,10,12,0
1277,9943,22,3,SOFT,8,10,4
1277,9943,6,3,SOFT,7,9,0
1277,9943,31,3,SOFT,7,9,0
1277,9943,10,3,SOFT,10,12,3
1277,9943,12,3,SOFT,7,9,3
1277,9943,63,3,SOFT,8,10,0
1277,9943,23,5,SOFT,11,13,0
1277,9943,55,4,SOFT,10,12,0
1277,9943,22,4,SOFT,11,13,0
1277,9943,6,4,SOFT,10,12,0
1277,9943,31,4,SOFT,10,12,0
1277,9943,87,4,SOFT,10,12,0
1277,9943,1,4,SOFT,10,12,3
1277,9943,12,4,SOFT,10,12,0
1277,9943,81,5,SOFT,13,15,3
1277,9943,4,4,SOFT,12,14,3
1277,9943,63,4,SOFT,11,13,0
1277,9943,16,4,SOFT,13,15,0
1277,9943,44,4,SOFT,11,13,0
1277,9943,14,3,SOFT,7,9,0
1277,9943,10,4,SOFT,13,15,0
1277,9943,12,5,SOFT,13,15,0
1277,9943,63,5,SOFT,14,16,3
1277,9943,87,5,SOFT,13,15,0
1277,9943,4,5,SOFT,15,17,0
1277,9943,81,6,SOFT,16,18,0
1277,9943,16,5,SOFT,16,18,0
1277,9943,44,5,SOFT,14,16,0
1277,9943,14,4,SOFT,10,12,0
1277,9943,10,5,SOFT,16,18,3
1277,9943,1,5,SOFT,13,15,0
1277,9943,12,6,SOFT,16,18,0
1277,9943,63,6,SOFT,17,19,0
1277,9943,87,6,SOFT,16,18,0
1277,9943,4,6,SOFT,18,20,0
1277,9943,81,7,SOFT,19,21,0
1277,9943,16,6,SOFT,19,21,0
1277,9943,44,6,SOFT,17,19,0
1277,9943,14,5,SOFT,13,15,0
1277,9943,10,6,SOFT,19,21,0
1277,9943,1,6,SOFT,16,18,0
1277,9947,30,1,INTERMEDIATE,1,1,0
1277,9947,43,1,HARD,1,1,0
1277,9947,12,1,INTERMEDIATE,1,2,0
1277,9947,5,1,MEDIUM,1,3,0
1277,9947,18,1,INTERMEDIATE,1,6,0
1277,9947,27,1,INTERMEDIATE,1,9,0
1277,9947,12,2,HARD,3,9,0
1277,9947,18,2,SOFT,7,10,0
1277,9947,63,1,HARD,1,10,0
1277,9947,16,1,MEDIUM,1,10,0
1277,9947,6,1,MEDIUM,1,10,0
1277,9947,87,1,HARD,1,10,0
1277,9947,81,1,INTERMEDIATE,1,11,0
1277,9947,4,1,INTERMEDIATE,1,11,0
1277,9947,1,1,INTERMEDIATE,1,11,0
1277,9947,44,1,INTERMEDIATE,1,11,0
1277,9947,10,1,INTERMEDIATE,1,11,0
1277,9947,14,1,INTERMEDIATE,1,11,0
1277,9947,55,1,INTERMEDIATE,1,11,0
1277,9947,22,1,INTERMEDIATE,1,11,0
1277,9947,23,1,INTERMEDIATE,1,12,0
1277,9947,6,2,INTERMEDIATE,11,17,0
1277,9947,31,1,INTERMEDIATE,1,18,0
1277,9947,12,3,INTERMEDIATE,10,20,0
1277,9947,12,4,INTERMEDIATE,21,23,0
1277,9947,14,2,INTERMEDIATE,12,37,0
1277,9947,63,2,INTERMEDIATE,11,38,0
1277,9947,44,2,INTERMEDIATE,12,41,0
1277,9947,18,3,INTERMEDIATE,11,41,0
1277,9947,1,2,INTERMEDIATE,12,41,0
1277,9947,10,2,INTERMEDIATE,12,41,0
1277,9947,55,2,INTERMEDIATE,12,41,0
1277,9947,87,2,INTERMEDIATE,11,41,0
1277,9947,22,2,INTERMEDIATE,12,41,0
1277,9947,27,2,INTERMEDIATE,10,42,0
1277,9947,16,2,INTERMEDIATE,11,42,0
1277,9947,23,2,INTERMEDIATE,13,42,0
1277,9947,31,2,INTERMEDIATE,19,42,0
1277,9947,81,2,INTERMEDIATE,12,43,0
1277,9947,4,2,INTERMEDIATE,12,44,0
1277,9947,4,3,MEDIUM,45,52,0
1277,9947,81,3,MEDIUM,44,52,0
1277,9947,22,3,MEDIUM,42,51,0
1277,9947,27,3,MEDIUM,43,52,0
1277,9947,44,3,SOFT,42,52,3
1277,9947,1,3,MEDIUM,42,52,0
1277,9947,10,3,MEDIUM,42,52,0
1277,9947,18,4,SOFT,42,52,0
1277,9947,23,3,MEDIUM,43,52,0
1277,9947,14,3,MEDIUM,38,52,1
1277,9947,63,3,HARD,39,52,0
1277,9947,87,3,MEDIUM,42,52,0
1277,9947,55,3,MEDIUM,42,52,0
1277,9947,31,3,MEDIUM,43,52,0
1277,9947,16,3,SOFT,43,52,3
1265,9929,22,1,MEDIUM,1,3,0
1265,9929,1,1,MEDIUM,1,3,0
1265,9929,1,2,MEDIUM,4,6,3
1265,9929,22,2,MEDIUM,4,6,3
1265,9929,18,1,HARD,1,1,0
1265,9929,43,1,HARD,1,6,0
1265,9929,14,1,HARD,1,7,0
1265,9929,6,1,HARD,1,9,0
1265,9929,30,1,HARD,1,9,0
1265,9929,81,1,HARD,1,7,0
1265,9929,23,1,HARD,1,8,0
1265,9929,5,1,HARD,1,9,0
1265,9929,63,1,HARD,1,8,0
1265,9929,10,1,HARD,1,8,0
1265,9929,4,1,HARD,1,7,0
1265,9929,27,1,HARD,1,6,0
1265,9929,12,1,HARD,1,8,0
1265,9929,1,3,MEDIUM,7,8,6
1265,9929,22,3,MEDIUM,7,9,6
1265,9929,55,1,HARD,1,1,0
1265,9929,5,2,HARD,10,11,9
1265,9929,44,1,HARD,1,11,0
1265,9929,16,1,HARD,1,10,0
1265,9929,87,1,MEDIUM,1,9,0
1265,9929,31,1,MEDIUM,1,9,0
1265,9929,63,2,HARD,9,14,0
1265,9929,10,2,HARD,9,12,8
1265,9929,18,2,HARD,2,10,1
1265,9929,81,2,HARD,8,16,7
1265,9929,10,3,HARD,13,14,12
1265,9929,43,2,SOFT,7,13,0
1265,9929,14,2,HARD,8,16,7
1265,9929,23,2,HARD,9,17,8
1265,9929,1,4,MEDIUM,9,16,8
1265,9929,22,4,MEDIUM,10,17,9
1265,9929,55,2,HARD,2,10,1
1265,9929,16,2,HARD,11,16,10
1265,9929,27,2,HARD,7,14,6
1265,9929,12,2,HARD,9,20,8
1265,9929,30,2,HARD,10,15,9
1265,9929,5,3,HARD,12,19,0
1265,9929,6,2,HARD,10,13,9
1265,9929,44,2,HARD,12,18,11
1265,9929,63,3,HARD,15,21,14
1265,9929,4,2,HARD,8,16,7
1265,9929,31,2,MEDIUM,10,16,9
1265,9929,87,2,MEDIUM,10,16,9
1265,9929,12,3,MEDIUM,21,23,0
1265,9929,81,3,SOFT,17,19,0
1265,9929,1,5,SOFT,17,19,0
1265,9929,63,4,MEDIUM,22,24,0
1265,9929,18,3,SOFT,11,14,0
1265,9929,14,3,SOFT,17,19,0
1265,9929,22,5,SOFT,18,23,0
1265,9929,16,3,SOFT,17,22,0
1265,9929,10,4,SOFT,15,21,0
1265,9929,43,3,SOFT,14,21,7
1265,9929,6,3,MEDIUM,14,19,0
1265,9929,55,3,SOFT,11,16,0
1265,9929,27,3,SOFT,15,20,0
1265,9929,30,3,MEDIUM,16,21,0
1265,9929,5,4,SOFT,20,25,0
1265,9929,23,3,SOFT,18,24,0
1265,9929,18,4,HARD,15,17,10
1265,9929,4,3,SOFT,17,22,0
1265,9929,14,4,HARD,20,22,16
1265,9929,81,4,SOFT,20,23,3
1265,9929,63,5,HARD,25,27,21
1265,9929,31,3,SOFT,17,22,0
1265,9929,1,6,SOFT,20,23,3
1265,9929,87,3,SOFT,17,22,0
1265,9929,44,3,SOFT,19,24,0
1265,9930,1,1,MEDIUM,1,3,0
1265,9930,10,1,MEDIUM,1,3,0
1265,9930,31,1,MEDIUM,1,3,0
1265,9930,63,1,MEDIUM,1,3,0
1265,9930,6,1,MEDIUM,1,3,0
1265,9930,87,1,MEDIUM,1,3,0
1265,9930,30,1,MEDIUM,1,3,0
1265,9930,27,1,MEDIUM,1,3,0
1265,9930,5,1,MEDIUM,1,3,0
1265,9930,12,1,MEDIUM,1,6,0
1265,9930,43,1,MEDIUM,1,6,0
1265,9930,23,1,MEDIUM,1,6,0
1265,9930,27,2,MEDIUM,4,6,3
1265,9930,44,1,MEDIUM,1,6,0
1265,9930,4,1,MEDIUM,1,3,0
1265,9930,81,1,MEDIUM,1,3,0
1265,9930,16,1,MEDIUM,1,6,0
1265,9930,22,1,MEDIUM,1,5,0
1265,9930,63,2,MEDIUM,4,5,3
1265,9930,18,1,MEDIUM,1,5,0
1265,9930,6,2,MEDIUM,4,5,3
1265,9930,30,2,MEDIUM,4,6,3
1265,9930,14,1,MEDIUM,1,4,0
1265,9930,55,1,MEDIUM,1,5,0
1265,9930,31,2,MEDIUM,4,6,3
1265,9930,87,2,MEDIUM,4,6,3
1265,9930,5,2,MEDIUM,4,6,3
1265,9930,10,2,MEDIUM,4,6,3
1265,9930,63,3,MEDIUM,6,8,0
1265,9930,18,2,MEDIUM,6,8,0
1265,9930,30,3,MEDIUM,7,9,0
1265,9930,14,2,MEDIUM,5,7,0
1265,9930,22,2,MEDIUM,6,9,0
1265,9930,4,2,MEDIUM,4,9,0
1265,9930,1,2,MEDIUM,4,6,0
1265,9930,81,2,MEDIUM,4,8,0
1265,9930,16,2,MEDIUM,7,9,0
1265,9930,55,2,MEDIUM,6,8,0
1265,9930,31,3,MEDIUM,7,9,0
1265,9930,87,3,MEDIUM,7,9,0
1265,9930,10,3,MEDIUM,7,9,0
1265,9930,5,3,MEDIUM,7,9,0
1265,9930,6,3,MEDIUM,6,8,0
1265,9930,4,3,SOFT,10,12,0
1265,9930,1,3,SOFT,7,9,0
1265,9930,81,3,SOFT,9,11,0
1265,9930,16,3,SOFT,10,12,0
1265,9930,55,3,SOFT,9,11,0
1265,9930,31,4,SOFT,10,12,0
1265,9930,87,4,SOFT,10,12,0
1265,9930,10,4,SOFT,10,12,0
1265,9930,5,4,SOFT,10,12,0
1265,9930,6,4,SOFT,9,11,0
1265,9934,10,1,MEDIUM,1,1,0
1265,9934,10,2,MEDIUM,2,12,6
1265,9934,1,1,MEDIUM,1,15,3
1265,9934,81,1,MEDIUM,1,15,0
1265,9934,4,1,MEDIUM,1,15,0
1265,9934,16,1,MEDIUM,1,15,3
1265,9934,31,1,MEDIUM,1,15,3
1265,9934,55,1,MEDIUM,1,15,0
1265,9934,87,1,MEDIUM,1,15,3
1265,9934,6,1,MEDIUM,1,15,0
1265,9934,5,1,MEDIUM,1,15,0
1265,9934,30,1,MEDIUM,1,15,3
1265,9934,22,1,MEDIUM,1,15,5
1265,9934,63,1,MEDIUM,1,15,3
1265,9934,18,1,MEDIUM,1,15,3
1265,9934,14,1,MEDIUM,1,15,3
1265,9934,44,1,MEDIUM,1,15,0
1265,9934,23,1,MEDIUM,1,15,0
1265,9934,12,1,MEDIUM,1,15,3
1265,9934,27,1,MEDIUM,1,15,0
1265,9934,43,1,SOFT,1,15,0
1265,9935,30,1,SOFT,1,2,0
1265,9935,18,1,SOFT,1,2,4
1265,9935,87,1,SOFT,1,2,3
1265,9935,23,1,SOFT,1,2,7
1265,9935,55,1,SOFT,1,2,0
1265,9935,6,1,SOFT,1,1,3
1265,9935,14,1,SOFT,1,2,3
1265,9935,10,1,SOFT,1,2,0
1265,9935,16,1,SOFT,1,2,0
1265,9935,27,1,SOFT,1,2,0
1265,9935,31,1,SOFT,1,2,6
1265,9935,43,1,MEDIUM,1,2,0
1265,9935,44,1,SOFT,1,2,6
1265,9935,4,1,SOFT,1,3,3
1265,9935,81,1,SOFT,1,3,3
1265,9935,1,1,SOFT,1,3,0
1265,9935,12,1,SOFT,1,3,0
1265,9935,63,1,SOFT,1,3,0
1265,9935,18,2,SOFT,3,5,0
1265,9935,14,2,SOFT,3,5,0
1265,9935,30,2,SOFT,3,5,0
1265,9935,5,1,SOFT,1,3,0
1265,9935,6,2,SOFT,2,4,0
1265,9935,22,1,SOFT,1,3,0
1265,9935,87,2,SOFT,3,5,6
1265,9935,27,2,SOFT,3,5,0
1265,9935,23,2,SOFT,3,5,0
1265,9935,31,2,SOFT,3,5,3
1265,9935,16,2,SOFT,3,5,0
1265,9935,10,2,SOFT,3,5,0
1265,9935,55,2,SOFT,3,5,0
1265,9935,44,2,SOFT,3,5,0
1265,9935,43,2,SOFT,3,5,0
1265,9935,12,2,SOFT,4,6,0
1265,9935,18,3,SOFT,6,8,0
1265,9935,14,3,SOFT,6,8,0
1265,9935,44,3,SOFT,6,8,0
1265,9935,43,3,SOFT,6,8,0
1265,9935,1,2,SOFT,4,6,0
1265,9935,31,3,SOFT,6,8,0
1265,9935,22,2,SOFT,4,6,0
1265,9935,63,2,SOFT,4,6,0
1265,9935,55,3,SOFT,6,7,0
1265,9935,81,2,SOFT,4,9,0
1265,9935,4,2,SOFT,4,8,0
1265,9935,23,3,SOFT,6,8,0
1265,9935,30,3,SOFT,6,8,0
1265,9935,87,3,SOFT,6,8,0
1265,9935,16,3,SOFT,6,7,3
1265,9935,10,3,SOFT,6,8,0
1265,9935,6,3,SOFT,5,7,0
1265,9935,27,3,SOFT,6,8,0
1265,9935,5,2,SOFT,4,6,0
1265,9935,10,4,SOFT,9,11,0
1265,9935,27,4,SOFT,9,11,0
1265,9935,6,4,SOFT,8,10,0
1265,9935,5,3,SOFT,7,9,0
1265,9935,4,3,SOFT,9,11,0
1265,9935,63,3,SOFT,7,9,0
1265,9935,55,4,SOFT,8,10,0
1265,9935,81,3,SOFT,10,12,0
1265,9935,30,4,SOFT,9,11,0
1265,9935,23,4,SOFT,9,11,0
1265,9935,31,4,SOFT,9,11,0
1265,9935,16,4,SOFT,8,10,0
1265,9935,87,4,SOFT,9,10,0
1265,9935,22,3,SOFT,7,9,0
1265,9935,10,5,SOFT,12,14,0
1265,9935,27,5,SOFT,12,14,0
1265,9935,55,5,SOFT,11,13,0
1265,9935,31,5,SOFT,12,14,0
1265,9935,87,5,SOFT,11,13,0
1265,9935,63,4,SOFT,10,12,0
1265,9935,1,3,SOFT,7,9,0
1265,9935,16,5,SOFT,11,12,0
1265,9935,22,4,SOFT,10,11,0
1265,9935,81,4,SOFT,13,15,3
1265,9935,4,4,SOFT,12,14,3
1265,9935,30,5,SOFT,12,14,0
1265,9935,6,5,SOFT,11,13,0
1265,9935,5,4,SOFT,10,12,0
1265,9935,23,5,SOFT,12,14,0
1265,9935,1,4,SOFT,10,12,3
1265,9935,6,6,SOFT,14,16,3
1265,9935,4,5,SOFT,15,17,0
1265,9935,16,6,SOFT,13,15,0
1265,9935,81,5,SOFT,16,18,0
1265,9935,63,5,SOFT,13,15,0
1265,9935,5,5,SOFT,13,15,3
1265,9935,30,6,SOFT,15,17,2
1265,9935,22,5,SOFT,12,14,3
1265,9935,23,6,SOFT,15,17,3
1265,9935,1,5,SOFT,13,15,0
1265,9935,6,7,SOFT,17,19,0
1265,9935,4,6,SOFT,18,20,0
1265,9935,16,7,SOFT,16,18,0
1265,9935,81,6,SOFT,19,21,0
1265,9935,63,6,SOFT,16,18,0
1265,9935,5,6,SOFT,16,18,3
1265,9935,30,7,SOFT,18,20,0
1265,9935,22,6,SOFT,15,17,0
1265,9935,23,7,SOFT,18,20,0
1265,9939,44,1,INTERMEDIATE,1,1,0
1265,9939,14,1,INTERMEDIATE,1,1,0
1265,9939,4,1,INTERMEDIATE,1,1,0
1265,9939,55,1,INTERMEDIATE,1,1,0
1265,9939,30,1,INTERMEDIATE,1,1,0
1265,9939,10,1,INTERMEDIATE,1,1,0
1265,9939,81,1,INTERMEDIATE,1,1,0
1265,9939,5,1,INTERMEDIATE,1,1,0
1265,9939,31,1,INTERMEDIATE,1,1,0
1265,9939,6,1,INTERMEDIATE,1,1,0
1265,9939,1,1,INTERMEDIATE,1,1,0
1265,9939,27,1,INTERMEDIATE,1,1,0
1265,9939,16,1,INTERMEDIATE,1,1,0
1265,9939,22,1,INTERMEDIATE,1,1,0
1265,9939,23,1,INTERMEDIATE,1,1,0
1265,9939,63,1,INTERMEDIATE,1,1,0
1265,9939,12,1,INTERMEDIATE,1,1,0
1265,9939,18,1,INTERMEDIATE,1,1,0
1265,9939,43,1,INTERMEDIATE,1,1,0
1265,9939,87,1,INTERMEDIATE,1,1,0
1265,9939,1,2,MEDIUM,2,12,0
1265,9939,87,2,MEDIUM,2,12,0
1265,9939,4,2,HARD,2,13,0
1265,9939,5,2,MEDIUM,2,12,0
1265,9939,6,2,MEDIUM,2,13,0
1265,9939,10,2,MEDIUM,2,11,0
1265,9939,12,2,MEDIUM,2,12,0
1265,9939,14,2,MEDIUM,2,11,0
1265,9939,18,2,MEDIUM,2,12,0
1265,9939,22,2,MEDIUM,2,13,0
1265,9939,23,2,MEDIUM,2,12,0
1265,9939,27,2,MEDIUM,2,11,0
1265,9939,30,2,MEDIUM,2,12,0
1265,9939,31,2,MEDIUM,2,13,0
1265,9939,43,2,MEDIUM,2,12,0
1265,9939,55,2,MEDIUM,2,12,0
1265,9939,63,2,MEDIUM,2,12,0
1265,9939,81,2,MEDIUM,2,12,0
1265,9939,16,2,MEDIUM,2,12,0
1265,9939,44,2,MEDIUM,2,11,0
1265,9939,81,3,MEDIUM,13,44,0
1265,9939,4,3,HARD,14,44,0
1265,9939,6,3,HARD,14,43,3
1265,9939,16,3,MEDIUM,13,44,0
1265,9939,1,3,MEDIUM,13,44,0
1265,9939,63,3,MEDIUM,13,44,0
1265,9939,23,3,MEDIUM,13,44,0
1265,9939,44,3,MEDIUM,12,44,0
1265,9939,30,3,MEDIUM,13,44,0
1265,9939,5,3,MEDIUM,13,44,0
1265,9939,10,3,MEDIUM,12,44,0
1265,9939,87,3,MEDIUM,13,44,0
1265,9939,27,3,MEDIUM,12,44,0
1265,9939,22,3,MEDIUM,14,44,0
1265,9939,18,3,MEDIUM,13,44,0
1265,9939,31,3,MEDIUM,14,44,7
1265,9939,12,3,MEDIUM,13,44,0
1265,9939,14,3,MEDIUM,12,44,0
1265,9939,55,3,HARD,13,44,0
1265,9939,43,3,MEDIUM,13,44,0
1266,9921,97,3,HARD,9,9,8
1266,9921,43,4,SOFT,10,10,0
1266,9921,12,4,MEDIUM,9,10,0
1266,9921,16,3,MEDIUM,8,10,7
1266,9921,23,3,HARD,9,11,0
1266,9921,63,4,MEDIUM,9,11,8
1266,9921,30,3,HARD,12,14,0
1266,9921,87,3,MEDIUM,9,11,0
1266,9921,81,3,MEDIUM,10,14,9
1266,9921,22,3,HARD,10,12,9
1266,9921,43,5,SOFT,11,13,1
1266,9921,12,5,MEDIUM,11,13,10
1266,9921,10,3,MEDIUM,11,13,10
1266,9921,16,4,SOFT,11,13,0
1266,9921,23,4,SOFT,12,14,0
1266,9921,44,4,SOFT,12,14,0
1266,9921,6,2,HARD,10,17,0
1266,9921,1,3,SOFT,10,12,0
1266,9921,4,3,SOFT,13,15,0
1266,9921,30,4,SOFT,15,17,0
1266,9921,63,5,SOFT,12,14,0
1266,9921,31,3,SOFT,12,14,0
1266,9921,5,3,SOFT,12,17,0
1266,9921,81,4,SOFT,15,18,0
1266,9921,12,6,SOFT,14,16,0
1266,9921,55,3,SOFT,14,18,0
1266,9921,43,6,SOFT,14,16,4
1266,9921,23,5,SOFT,15,16,3
1266,9921,16,5,SOFT,14,16,3
1266,9921,1,4,SOFT,13,15,3
1266,9921,34,3,SOFT,13,17,0
1266,9921,18,3,SOFT,10,15,0
1266,9921,44,5,SOFT,15,18,3
1266,9921,63,6,SOFT,15,17,0
1266,9921,4,4,SOFT,16,17,0
1266,9921,22,4,SOFT,13,18,0
1266,9921,30,5,SOFT,18,20,3
1266,9921,31,4,SOFT,15,17,0
1266,9921,81,5,SOFT,19,21,0
1266,9921,87,4,SOFT,12,18,0
1266,9921,10,4,SOFT,14,19,0
1266,9921,6,3,SOFT,18,23,0
1266,9921,12,7,SOFT,17,19,3
1266,9921,34,4,HARD,18,26,12
1266,9921,12,8,MEDIUM,20,26,13
1266,9921,1,5,MEDIUM,16,25,9
1266,9921,87,5,MEDIUM,19,26,11
1266,9921,23,6,HARD,17,28,11
1266,9921,18,4,HARD,16,25,9
1266,9921,4,5,MEDIUM,18,26,12
1266,9921,63,7,MEDIUM,18,26,11
1266,9921,55,4,HARD,19,31,13
1266,9921,22,5,HARD,19,27,12
1266,9921,43,7,MEDIUM,17,29,9
1266,9921,10,5,MEDIUM,20,27,13
1266,9921,31,5,MEDIUM,18,26,11
1266,9921,30,6,SOFT,21,29,6
1266,9921,16,6,MEDIUM,17,28,0
1266,9921,81,6,MEDIUM,22,30,0
1266,9921,44,6,MEDIUM,19,28,11
1266,9921,6,4,HARD,24,31,17
1266,9921,97,1,HARD,1,1,0
1266,9921,16,1,MEDIUM,1,2,0
1266,9921,12,1,MEDIUM,1,2,0
1266,9921,5,1,MEDIUM,1,3,0
1266,9921,44,1,MEDIUM,1,3,0
1266,9921,43,1,MEDIUM,1,3,0
1266,9921,1,1,MEDIUM,1,3,0
1266,9921,63,1,MEDIUM,1,3,0
1266,9921,30,1,HARD,1,5,0
1266,9921,23,1,HARD,1,5,0
1266,9921,31,1,MEDIUM,1,5,0
1266,9921,55,1,HARD,1,5,0
1266,9921,81,1,MEDIUM,1,6,0
1266,9921,87,1,MEDIUM,1,5,0
1266,9921,22,1,HARD,1,5,0
1266,9921,18,1,HARD,1,2,0
1266,9921,12,2,MEDIUM,3,5,0
1266,9921,97,2,HARD,2,6,1
1266,9921,55,2,HARD,6,8,5
1266,9921,30,2,HARD,6,8,5
1266,9921,23,2,HARD,6,8,5
1266,9921,31,2,MEDIUM,6,8,5
1266,9921,10,1,MEDIUM,1,4,0
1266,9921,10,2,MEDIUM,5,5,4
1266,9921,16,2,MEDIUM,3,7,2
1266,9921,22,2,HARD,6,7,5
1266,9921,44,3,MEDIUM,7,7,6
1266,9921,44,2,MEDIUM,4,6,3
1266,9921,1,2,MEDIUM,4,7,3
1266,9921,4,1,MEDIUM,1,6,0
1266,9921,4,2,MEDIUM,7,7,6
1266,9921,87,2,MEDIUM,6,8,5
1266,9921,6,1,HARD,1,8,0
1266,9921,34,2,HARD,6,6,5
1266,9921,12,3,MEDIUM,6,6,0
1266,9921,34,1,HARD,1,5,0
1266,9921,63,2,MEDIUM,4,5,0
1266,9921,5,2,MEDIUM,4,8,0
1266,9921,43,3,MEDIUM,7,7,6
1266,9921,43,2,MEDIUM,4,6,3
1266,9921,63,3,MEDIUM,6,6,0
1266,9921,81,2,MEDIUM,7,8,0
1266,9921,18,2,HARD,3,4,2
1266,9922,43,1,MEDIUM,1,3,0
1266,9922,6,1,MEDIUM,1,3,0
1266,9922,63,1,MEDIUM,1,3,0
1266,9922,27,1,MEDIUM,1,5,0
1266,9922,12,1,MEDIUM,1,3,0
1266,9922,55,1,MEDIUM,1,5,0
1266,9922,16,1,MEDIUM,1,3,0
1266,9922,30,1,MEDIUM,1,3,0
1266,9922,81,1,MEDIUM,1,3,0
1266,9922,44,1,MEDIUM,1,3,0
1266,9922,43,2,MEDIUM,4,6,3
1266,9922,1,1,MEDIUM,1,3,0
1266,9922,23,1,MEDIUM,1,6,0
1266,9922,22,1,MEDIUM,1,6,0
1266,9922,27,2,MEDIUM,6,8,5
1266,9922,16,2,MEDIUM,4,6,0
1266,9922,30,2,MEDIUM,4,6,0
1266,9922,81,2,MEDIUM,4,6,3
1266,9922,44,2,MEDIUM,4,7,3
1266,9922,22,2,MEDIUM,7,10,6
1266,9922,14,1,MEDIUM,1,7,0
1266,9922,63,2,MEDIUM,4,6,3
1266,9922,55,2,MEDIUM,6,9,5
1266,9922,18,1,MEDIUM,1,7,0
1266,9922,4,1,MEDIUM,1,7,0
1266,9922,27,3,MEDIUM,9,11,8
1266,9922,81,3,MEDIUM,7,9,6
1266,9922,12,2,MEDIUM,4,6,3
1266,9922,43,3,MEDIUM,7,9,6
1266,9922,31,1,HARD,1,9,0
1266,9922,6,2,MEDIUM,4,9,3
1266,9922,23,2,MEDIUM,7,10,6
1266,9922,30,3,MEDIUM,7,9,6
1266,9922,5,1,HARD,1,10,0
1266,9922,87,1,HARD,1,8,0
1266,9922,10,1,MEDIUM,1,6,0
1266,9922,16,3,MEDIUM,7,9,6
1266,9922,44,3,MEDIUM,8,9,7
1266,9922,1,2,MEDIUM,4,6,3
1266,9922,18,2,SOFT,8,10,0
1266,9922,22,3,MEDIUM,11,12,10
1266,9922,10,2,MEDIUM,7,8,6
1266,9922,14,2,MEDIUM,8,11,7
1266,9922,81,4,SOFT,10,12,0
1266,9922,27,4,SOFT,12,14,0
1266,9922,31,2,SOFT,10,12,0
1266,9922,43,4,SOFT,10,12,0
1266,9922,23,3,SOFT,11,13,0
1266,9922,12,3,SOFT,7,9,0
1266,9922,5,2,SOFT,11,13,0
1266,9922,4,2,SOFT,8,11,0
1266,9922,44,4,SOFT,10,12,0
1266,9922,63,3,MEDIUM,7,8,0
1266,9922,63,4,SOFT,9,11,0
1266,9922,16,4,SOFT,10,13,0
1266,9922,87,2,SOFT,9,12,0
1266,9922,22,4,SOFT,13,15,0
1266,9922,10,3,SOFT,9,11,0
1266,9922,6,3,SOFT,10,12,0
1266,9922,14,3,SOFT,12,14,0
1266,9922,30,4,SOFT,10,12,0
1266,9922,55,3,SOFT,10,15,0
1266,9922,1,3,SOFT,7,9,0
1266,9922,55,4,SOFT,16,16,6
1266,9922,81,5,SOFT,13,15,0
1266,9922,31,3,SOFT,13,15,3
1266,9922,23,4,SOFT,14,16,3
1266,9922,27,5,SOFT,15,17,3
1266,9922,5,3,SOFT,14,16,3
1266,9922,12,4,SOFT,10,12,3
1266,9922,43,5,SOFT,13,15,3
1266,9922,44,5,SOFT,13,15,3
1266,9922,4,3,SOFT,12,14,0
1266,9922,18,3,SOFT,11,15,7
1266,9922,63,5,SOFT,12,14,3
1266,9922,22,5,SOFT,16,17,3
1266,9922,16,5,SOFT,14,16,4
1266,9922,87,3,SOFT,13,15,4
1266,9922,10,4,SOFT,12,14,3
1266,9922,14,4,SOFT,15,17,3
1266,9922,4,4,MEDIUM,15,23,7
1266,9922,6,4,MEDIUM,13,26,9
1266,9922,5,4,HARD,17,26,10
1266,9922,23,5,MEDIUM,17,27,10
1266,9922,27,6,MEDIUM,18,28,11
1266,9922,31,4,HARD,16,26,9
1266,9922,81,6,MEDIUM,16,27,9
1266,9922,87,4,SOFT,16,24,7
1266,9922,63,6,MEDIUM,15,24,8
1266,9922,5,5,SOFT,27,29,0
1266,9922,30,5,MEDIUM,13,29,9
1266,9922,16,6,MEDIUM,17,28,9
1266,9922,44,6,SOFT,16,28,0
1266,9922,4,5,SOFT,24,27,7
1266,9922,10,5,MEDIUM,15,25,8
1266,9922,23,6,SOFT,28,30,6
1266,9922,1,4,MEDIUM,10,25,6
1266,9922,31,5,SOFT,27,29,0
1266,9922,81,7,SOFT,28,30,6
1266,9922,18,4,MEDIUM,16,28,7
1266,9922,27,7,SOFT,29,31,6
1266,9922,63,7,SOFT,25,27,6
1266,9922,43,6,MEDIUM,16,29,9
1266,9922,22,6,MEDIUM,18,30,12
1266,9922,14,5,SOFT,18,25,6
1266,9922,87,5,HARD,25,27,0
1266,9922,12,5,MEDIUM,13,26,6
1266,9922,6,5,SOFT,27,30,3
1266,9922,55,5,MEDIUM,17,32,9
1266,9923,18,1,MEDIUM,1,1,0
1266,9923,14,1,MEDIUM,1,1,0
1266,9923,18,2,HARD,2,2,0
1266,9923,43,1,SOFT,1,3,0
1266,9923,10,1,SOFT,1,3,0
1266,9923,27,1,SOFT,1,3,0
1266,9923,14,2,HARD,2,2,0
1266,9923,4,1,HARD,1,1,0
1266,9923,81,1,HARD,1,1,0
1266,9923,30,1,MEDIUM,1,3,0
1266,9923,44,1,SOFT,1,3,0
1266,9923,16,1,SOFT,1,3,0
1266,9923,18,3,MEDIUM,3,8,0
1266,9923,5,1,SOFT,1,3,0
1266,9923,81,2,SOFT,2,4,0
1266,9923,12,1,SOFT,1,3,0
1266,9923,4,2,SOFT,2,5,0
1266,9923,87,1,MEDIUM,1,3,0
1266,9923,63,1,SOFT,1,3,0
1266,9923,23,1,MEDIUM,1,3,0
1266,9923,30,2,MEDIUM,4,6,3
1266,9923,43,2,SOFT,4,7,3
1266,9923,10,2,SOFT,4,6,3
1266,9923,55,1,MEDIUM,1,6,0
1266,9923,4,3,SOFT,6,8,4
1266,9923,6,1,MEDIUM,1,6,0
1266,9923,16,2,SOFT,4,6,3
1266,9923,30,3,MEDIUM,7,9,0
1266,9923,14,3,MEDIUM,3,7,0
1266,9923,31,1,MEDIUM,1,6,0
1266,9923,43,3,SOFT,8,10,7
1266,9923,87,2,MEDIUM,4,7,0
1266,9923,63,2,SOFT,4,6,3
1266,9923,12,2,SOFT,4,6,3
1266,9923,81,3,SOFT,5,8,3
1266,9923,44,2,SOFT,4,8,3
1266,9923,4,4,SOFT,9,11,7
1266,9923,22,1,MEDIUM,1,12,0
1266,9923,18,4,MEDIUM,9,11,6
1266,9923,27,2,SOFT,4,12,3
1266,9923,1,1,SOFT,1,11,0
1266,9923,63,3,SOFT,7,8,6
1266,9923,5,2,SOFT,4,10,3
1266,9923,12,3,SOFT,7,8,0
1266,9923,6,2,MEDIUM,7,10,6
1266,9923,30,4,MEDIUM,10,12,0
1266,9923,31,2,MEDIUM,7,9,6
1266,9923,14,4,MEDIUM,8,11,5
1266,9923,87,3,MEDIUM,8,9,7
1266,9923,16,3,SOFT,7,9,6
1266,9923,55,2,MEDIUM,7,11,6
1266,9923,23,2,MEDIUM,4,11,3
1266,9923,81,4,SOFT,9,11,0
1266,9923,31,3,SOFT,10,11,0
1266,9923,43,4,SOFT,11,13,0
1266,9923,10,3,SOFT,7,14,6
1266,9923,4,5,SOFT,12,14,0
1266,9923,18,5,SOFT,12,14,0
1266,9923,5,3,SOFT,11,13,0
1266,9923,30,5,SOFT,13,15,0
1266,9923,27,3,SOFT,13,15,0
1266,9923,63,4,SOFT,9,11,0
1266,9923,23,3,SOFT,12,14,0
1266,9923,12,4,SOFT,9,11,0
1266,9923,44,3,SOFT,9,11,0
1266,9923,87,4,SOFT,10,12,0
1266,9923,6,3,SOFT,11,13,0
1266,9923,55,3,SOFT,12,14,0
1266,9923,43,5,SOFT,14,16,0
1266,9923,16,4,SOFT,10,12,0
1266,9923,6,4,MEDIUM,14,14,10
1266,9923,22,2,SOFT,13,15,0
1266,9923,1,2,SOFT,12,14,0
1266,9923,18,6,SOFT,15,17,3
1266,9923,14,5,SOFT,12,14,0
1266,9923,10,4,SOFT,15,18,0
1266,9923,81,5,SOFT,12,14,0
1266,9923,6,5,MEDIUM,15,15,11
1266,9923,30,6,SOFT,16,18,3
1266,9923,27,4,SOFT,16,18,3
1266,9923,23,4,SOFT,15,17,3
1266,9923,63,5,SOFT,12,14,3
1266,9923,4,6,SOFT,15,17,3
1266,9923,87,5,SOFT,13,14,3
1266,9923,5,4,SOFT,14,16,0
1266,9923,31,4,SOFT,12,15,2
1266,9923,22,3,SOFT,16,19,3
1266,9923,18,7,SOFT,18,21,6
1266,9923,10,5,SOFT,19,22,0
1266,9923,14,6,SOFT,15,18,3
1266,9923,81,6,SOFT,15,17,7
1266,9923,55,4,SOFT,15,19,3
1266,9923,6,6,MEDIUM,16,18,0
1266,9923,27,5,SOFT,19,21,6
1266,9923,30,7,MEDIUM,19,21,12
1266,9923,23,5,MEDIUM,18,20,11
1266,9923,31,5,MEDIUM,16,18,9
1266,9923,5,5,SOFT,17,19,6
1266,9923,16,5,SOFT,13,17,3
1266,9923,4,7,SOFT,18,20,10
1266,9923,12,5,SOFT,12,18,3
1266,9923,87,6,MEDIUM,15,17,9
1266,9923,63,6,SOFT,15,17,0
1266,9923,43,6,SOFT,17,21,3
1266,9923,44,4,SOFT,12,18,3
1266,9923,1,3,SOFT,15,19,3
1266,9924,55,1,SOFT,1,3,0
1266,9924,23,1,SOFT,1,3,0
1266,9924,18,1,SOFT,1,3,0
1266,9924,14,1,SOFT,1,3,0
1266,9924,4,1,SOFT,1,3,0
1266,9924,81,1,SOFT,1,3,0
1266,9924,1,1,SOFT,1,3,0
1266,9924,22,1,SOFT,1,3,0
1266,9924,6,1,SOFT,1,3,0
1266,9924,27,1,SOFT,1,3,0
1266,9924,5,1,SOFT,1,3,0
1266,9924,55,2,SOFT,4,6,0
1266,9924,10,1,SOFT,1,3,0
1266,9924,43,1,SOFT,1,3,0
1266,9924,23,2,SOFT,4,6,0
1266,9924,31,1,SOFT,1,3,0
1266,9924,87,1,SOFT,1,3,0
1266,9924,44,1,SOFT,1,3,0
1266,9924,16,1,SOFT,1,3,0
1266,9924,30,1,SOFT,1,3,0
1266,9924,22,2,SOFT,4,6,0
1266,9924,27,2,SOFT,4,6,0
1266,9924,55,3,SOFT,7,9,0
1266,9924,10,2,SOFT,4,6,0
1266,9924,23,3,SOFT,7,9,0
1266,9924,31,2,SOFT,4,6,0
1266,9924,12,1,SOFT,1,3,0
1266,9924,63,1,SOFT,1,3,0
1266,9924,18,2,SOFT,4,6,0
1266,9924,14,2,SOFT,4,6,0
1266,9924,87,2,SOFT,4,6,0
1266,9924,5,2,SOFT,4,6,0
1266,9924,30,2,SOFT,4,6,0
1266,9924,6,2,SOFT,4,6,0
1266,9924,43,2,SOFT,4,6,0
1266,9924,1,2,SOFT,4,6,0
1266,9924,4,2,SOFT,4,6,3
1266,9924,44,2,SOFT,4,6,0
1266,9924,81,2,SOFT,4,6,3
1266,9924,16,2,SOFT,4,6,0
1266,9924,18,3,SOFT,7,9,0
1266,9924,87,3,SOFT,7,9,0
1266,9924,4,3,SOFT,7,9,0
1266,9924,16,3,SOFT,7,9,3
1266,9924,44,3,SOFT,7,9,3
1266,9924,30,3,SOFT,7,9,0
1266,9924,6,3,SOFT,7,9,0
1266,9924,12,2,SOFT,4,6,3
1266,9924,63,2,SOFT,4,6,3
1266,9924,1,3,SOFT,7,9,3
1266,9924,5,3,SOFT,7,9,3
1266,9924,81,3,SOFT,7,9,0
1266,9924,43,3,SOFT,7,9,3
1266,9924,55,4,SOFT,10,12,3
1266,9924,87,4,SOFT,10,12,0
1266,9924,44,4,SOFT,10,12,0
1266,9924,12,3,SOFT,7,9,0
1266,9924,43,4,SOFT,10,12,0
1266,9924,55,5,SOFT,13,15,0
1266,9924,18,4,SOFT,10,12,0
1266,9924,14,3,SOFT,7,9,0
1266,9924,30,4,SOFT,10,12,0
1266,9924,16,4,SOFT,10,12,0
1266,9924,4,4,SOFT,10,12,3
1266,9924,81,4,SOFT,10,12,3
1266,9924,5,4,SOFT,10,12,0
1266,9924,63,3,SOFT,7,9,0
1266,9924,1,4,SOFT,10,12,0
1266,9924,18,5,SOFT,13,15,3
1266,9924,14,4,SOFT,10,12,0
1266,9924,16,5,SOFT,13,15,3
1266,9924,6,4,SOFT,10,12,0
1266,9924,4,5,SOFT,13,15,0
1266,9924,81,5,SOFT,13,15,0
1266,9924,30,5,SOFT,13,15,3
1266,9924,18,6,SOFT,16,18,0
1266,9924,5,5,SOFT,13,15,3
1266,9924,14,5,SOFT,13,15,0
1266,9924,63,4,SOFT,10,12,0
1266,9924,1,5,SOFT,13,15,3
1266,9924,16,6,SOFT,16,18,0
1266,9924,6,5,SOFT,13,15,0
1266,9924,4,6,SOFT,16,18,0
1266,9924,81,6,SOFT,16,18,0
1266,9924,30,6,SOFT,16,18,0
1266,9924,5,6,SOFT,16,18,0
1266,9924,63,5,SOFT,13,15,0
1266,9924,1,6,SOFT,16,18,0
1266,9928,27,1,SOFT,1,5,0
1266,9928,43,1,MEDIUM,1,13,0
1266,9928,31,1,MEDIUM,1,14,0
1266,9928,23,1,SOFT,1,14,0
1266,9928,55,1,SOFT,1,15,0
1266,9928,1,1,MEDIUM,1,17,0
1266,9928,81,1,MEDIUM,1,18,0
1266,9928,16,1,MEDIUM,1,19,0
1266,9928,63,1,MEDIUM,1,19,0
1266,9928,22,1,MEDIUM,1,20,0
1266,9928,12,1,MEDIUM,1,21,0
1266,9928,87,1,MEDIUM,1,30,0
1266,9928,4,1,MEDIUM,1,31,0
1266,9928,10,1,HARD,1,32,0
1266,9928,6,1,MEDIUM,1,33,0
1266,9928,43,2,HARD,14,35,0
1266,9928,18,1,MEDIUM,1,36,1
1266,9928,22,2,SOFT,21,37,0
1266,9928,23,2,MEDIUM,15,38,0
1266,9928,14,1,MEDIUM,1,39,1
1266,9928,16,2,HARD,20,40,0
1266,9928,5,1,MEDIUM,1,40,0
1266,9928,30,1,MEDIUM,1,40,0
1266,9928,27,2,MEDIUM,6,41,0
1266,9928,44,1,HARD,1,42,0
1266,9928,63,2,HARD,20,43,0
1266,9928,81,2,HARD,19,45,1
1266,9928,1,2,HARD,18,48,0
1266,9928,87,2,HARD,31,48,0
1266,9928,55,2,HARD,16,51,0
1266,9928,4,2,HARD,32,70,0
1266,9928,81,3,HARD,46,70,0
1266,9928,12,2,HARD,22,69,0
1266,9928,6,2,HARD,34,69,0
1266,9928,44,2,MEDIUM,43,69,0
1266,9928,63,3,HARD,44,70,0
1266,9928,27,3,MEDIUM,42,69,0
1266,9928,55,3,MEDIUM,52,69,0
1266,9928,16,3,HARD,41,70,0
1266,9928,23,3,HARD,39,69,0
1266,9928,31,2,HARD,15,69,0
1266,9928,10,2,MEDIUM,33,69,0
1266,9928,22,3,HARD,38,69,0
1266,9928,43,3,HARD,36,69,0
1266,9928,14,2,HARD,40,70,1
1266,9928,5,2,HARD,41,70,0
1266,9928,18,2,HARD,37,70,1
1266,9928,30,2,HARD,41,70,0
1266,9928,1,3,HARD,49,70,0
1267,9913,27,1,MEDIUM,1,8,0
1267,9913,4,1,MEDIUM,1,7,0
1267,9913,81,1,MEDIUM,1,7,0
1267,9913,30,1,MEDIUM,1,5,0
1267,9913,31,1,MEDIUM,1,7,0
1267,9913,5,1,MEDIUM,1,7,0
1267,9913,87,1,MEDIUM,1,7,0
1267,9913,16,1,MEDIUM,1,7,0
1267,9913,6,1,MEDIUM,1,5,0
1267,9913,10,1,MEDIUM,1,7,0
1267,9913,43,1,MEDIUM,1,6,0
1267,9913,12,1,MEDIUM,1,3,0
1267,9913,55,1,MEDIUM,1,7,0
1267,9913,23,1,MEDIUM,1,3,0
1267,9913,18,1,MEDIUM,1,7,0
1267,9913,22,1,HARD,1,6,0
1267,9913,44,1,MEDIUM,1,6,0
1267,9913,14,1,MEDIUM,1,6,0
1267,9913,63,1,MEDIUM,1,3,0
1267,9913,1,1,MEDIUM,1,6,0
1267,9913,12,2,MEDIUM,4,6,3
1267,9913,23,2,MEDIUM,4,6,3
1267,9913,63,2,MEDIUM,4,5,3
1267,9913,30,2,MEDIUM,6,7,5
1267,9913,6,2,MEDIUM,6,7,5
1267,9913,63,3,MEDIUM,6,8,0
1267,9913,4,2,MEDIUM,8,12,0
1267,9913,5,2,MEDIUM,8,10,7
1267,9913,55,2,MEDIUM,8,14,7
1267,9913,14,2,MEDIUM,7,9,6
1267,9913,16,2,MEDIUM,8,12,7
1267,9913,23,3,MEDIUM,7,14,6
1267,9913,31,2,MEDIUM,8,10,7
1267,9913,87,2,MEDIUM,8,10,7
1267,9913,6,3,MEDIUM,8,10,7
1267,9913,1,2,MEDIUM,7,9,0
1267,9913,44,2,MEDIUM,7,10,0
1267,9913,81,2,MEDIUM,8,10,7
1267,9913,18,2,MEDIUM,8,12,7
1267,9913,27,2,SOFT,9,11,0
1267,9913,6,4,MEDIUM,11,13,0
1267,9913,30,3,MEDIUM,8,12,7
1267,9913,43,2,MEDIUM,7,9,6
1267,9913,10,2,MEDIUM,8,12,7
1267,9913,4,3,SOFT,13,15,0
1267,9913,81,3,SOFT,11,13,0
1267,9913,63,4,SOFT,9,10,0
1267,9913,27,3,SOFT,12,14,0
1267,9913,43,3,SOFT,10,12,0
1267,9913,5,3,SOFT,11,13,0
1267,9913,87,3,SOFT,11,13,0
1267,9913,16,3,SOFT,13,15,0
1267,9913,44,3,SOFT,11,13,0
1267,9913,55,3,SOFT,15,22,0
1267,9913,4,4,SOFT,16,17,3
1267,9913,22,2,SOFT,7,12,0
1267,9913,31,3,SOFT,11,13,0
1267,9913,23,4,SOFT,15,17,0
1267,9913,81,4,SOFT,14,16,3
1267,9913,10,3,SOFT,13,17,0
1267,9913,63,5,SOFT,11,13,0
1267,9913,14,3,SOFT,10,12,0
1267,9913,18,3,SOFT,13,15,0
1267,9913,27,4,SOFT,15,16,0
1267,9913,43,4,SOFT,13,15,3
1267,9913,6,5,SOFT,14,19,0
1267,9913,5,4,SOFT,14,16,3
1267,9913,87,4,SOFT,14,16,3
1267,9913,16,4,SOFT,16,21,3
1267,9913,30,4,SOFT,13,15,0
1267,9913,44,4,SOFT,14,16,3
1267,9913,23,5,SOFT,18,20,3
1267,9913,31,4,SOFT,14,16,3
1267,9913,1,3,SOFT,10,12,3
1267,9913,14,4,SOFT,13,16,3
1267,9913,5,5,SOFT,17,18,0
1267,9913,4,5,MEDIUM,18,31,12
1267,9913,63,6,MEDIUM,14,29,8
1267,9913,81,5,MEDIUM,17,29,10
1267,9913,27,5,MEDIUM,17,27,8
1267,9913,87,5,MEDIUM,17,30,10
1267,9913,30,5,MEDIUM,16,29,12
1267,9913,18,4,SOFT,16,19,3
1267,9913,31,5,MEDIUM,17,29,10
1267,9913,10,4,MEDIUM,18,30,12
1267,9913,23,6,MEDIUM,21,33,14
1267,9913,1,4,MEDIUM,13,24,6
1267,9913,43,5,MEDIUM,16,27,0
1267,9913,44,5,SOFT,17,28,6
1267,9913,5,6,SOFT,19,26,10
1267,9913,22,3,SOFT,13,24,6
1267,9913,6,6,SOFT,20,30,0
1267,9913,16,5,MEDIUM,22,32,12
1267,9913,55,4,MEDIUM,23,33,8
1267,9913,14,5,MEDIUM,17,25,9
1267,9913,18,5,MEDIUM,20,25,0
1267,9913,5,7,MEDIUM,27,30,0
1267,9913,4,6,SOFT,32,35,0
1267,9913,27,6,SOFT,28,30,8
1267,9913,81,6,SOFT,30,32,0
1267,9914,30,1,HARD,1,7,0
1267,9914,5,1,MEDIUM,1,3,0
1267,9914,27,1,MEDIUM,1,3,0
1267,9914,81,1,MEDIUM,1,7,0
1267,9914,4,1,MEDIUM,1,7,0
1267,9914,55,1,HARD,1,5,0
1267,9914,18,1,MEDIUM,1,7,0
1267,9914,31,1,MEDIUM,1,5,0
1267,9914,87,1,MEDIUM,1,4,0
1267,9914,14,1,MEDIUM,1,7,0
1267,9914,44,1,HARD,1,7,0
1267,9914,16,1,HARD,1,7,0
1267,9914,10,1,MEDIUM,1,5,0
1267,9914,43,1,MEDIUM,1,5,0
1267,9914,23,1,HARD,1,5,0
1267,9914,63,1,HARD,1,6,0
1267,9914,12,1,SOFT,1,6,0
1267,9914,22,1,MEDIUM,1,6,0
1267,9914,5,2,SOFT,4,6,0
1267,9914,27,2,SOFT,4,6,0
1267,9914,1,1,HARD,1,4,0
1267,9914,87,2,SOFT,5,7,0
1267,9914,55,2,SOFT,6,7,0
1267,9914,31,2,SOFT,6,7,0
1267,9914,10,2,SOFT,6,6,0
1267,9914,5,3,SOFT,7,7,0
1267,9914,43,2,SOFT,6,6,0
1267,9914,23,2,SOFT,6,6,0
1267,9914,27,3,SOFT,7,7,3
1267,9914,1,2,HARD,5,7,4
1267,9914,22,2,MEDIUM,7,10,6
1267,9914,81,2,MEDIUM,8,9,7
1267,9914,55,3,HARD,8,9,5
1267,9914,23,3,HARD,7,14,5
1267,9914,43,3,MEDIUM,7,14,5
1267,9914,30,2,HARD,8,13,7
1267,9914,6,1,HARD,1,1,0
1267,9914,12,2,SOFT,7,8,6
1267,9914,10,3,MEDIUM,7,13,0
1267,9914,63,2,HARD,7,8,6
1267,9914,4,2,MEDIUM,8,11,0
1267,9914,55,4,HARD,10,15,7
1267,9914,27,4,SOFT,8,10,4
1267,9914,16,2,HARD,8,10,7
1267,9914,81,3,MEDIUM,10,12,0
1267,9914,12,3,SOFT,9,11,8
1267,9914,44,2,SOFT,8,12,0
1267,9914,31,3,SOFT,8,10,0
1267,9914,87,3,SOFT,8,11,3
1267,9914,14,2,SOFT,8,10,0
1267,9914,63,3,SOFT,9,12,0
1267,9914,4,3,SOFT,12,14,0
1267,9914,5,4,SOFT,8,10,4
1267,9914,16,3,SOFT,11,13,0
1267,9914,81,4,SOFT,13,15,0
1267,9914,22,3,SOFT,11,13,0
1267,9914,1,3,SOFT,8,10,0
1267,9914,10,4,SOFT,14,15,1
1267,9914,55,5,SOFT,16,17,2
1267,9914,31,4,SOFT,11,12,5
1267,9914,23,4,SOFT,15,16,1
1267,9914,30,3,SOFT,14,15,0
1267,9914,12,4,SOFT,12,12,0
1267,9914,43,4,SOFT,15,15,0
1267,9914,4,4,SOFT,15,15,3
1267,9914,5,5,MEDIUM,11,25,3
1267,9914,27,5,MEDIUM,11,25,3
1267,9914,87,4,MEDIUM,12,26,4
1267,9914,30,4,SOFT,16,18,2
1267,9914,12,5,SOFT,13,15,1
1267,9914,14,3,SOFT,11,13,3
1267,9914,16,4,SOFT,14,17,0
1267,9914,31,5,SOFT,13,15,0
1267,9914,81,5,MEDIUM,16,25,12
1267,9914,44,3,SOFT,13,14,5
1267,9914,43,5,SOFT,16,18,13
1267,9914,1,4,SOFT,11,16,3
1267,9914,10,5,MEDIUM,16,28,12
1267,9914,63,4,HARD,13,25,8
1267,9914,4,5,MEDIUM,16,25,11
1267,9914,22,4,MEDIUM,14,26,3
1267,9914,55,6,SOFT,18,18,0
1267,9914,55,7,HARD,19,30,13
1267,9914,12,6,SOFT,16,18,4
1267,9914,44,4,HARD,15,22,7
1267,9914,43,6,SOFT,19,26,5
1267,9914,31,6,MEDIUM,16,23,0
1267,9914,1,5,HARD,17,23,7
1267,9914,30,5,SOFT,19,25,5
1267,9914,14,4,MEDIUM,14,20,7
1267,9914,16,5,SOFT,18,23,7
1267,9914,81,6,SOFT,26,29,0
1267,9914,4,6,SOFT,26,28,4
1267,9914,12,7,SOFT,19,21,7
1267,9915,6,1,INTERMEDIATE,1,1,0
1267,9915,12,1,MEDIUM,1,4,0
1267,9915,27,1,HARD,1,7,0
1267,9915,4,1,HARD,1,1,0
1267,9915,18,1,INTERMEDIATE,1,1,0
1267,9915,81,1,HARD,1,1,0
1267,9915,5,1,HARD,1,7,0
1267,9915,87,1,INTERMEDIATE,1,1,0
1267,9915,43,1,HARD,1,7,0
1267,9915,23,1,INTERMEDIATE,1,1,0
1267,9915,44,1,HARD,1,1,0
1267,9915,16,1,HARD,1,1,0
1267,9915,10,1,INTERMEDIATE,1,3,0
1267,9915,55,1,INTERMEDIATE,1,1,0
1267,9915,12,2,MEDIUM,5,7,0
1267,9915,18,2,SOFT,2,14,0
1267,9915,12,3,MEDIUM,8,10,0
1267,9915,87,2,HARD,2,7,0
1267,9915,31,1,HARD,1,6,0
1267,9915,14,1,SOFT,1,13,0
1267,9915,4,2,SOFT,2,4,0
1267,9915,6,2,SOFT,2,7,0
1267,9915,16,2,MEDIUM,2,9,0
1267,9915,44,2,MEDIUM,2,8,0
1267,9915,1,1,MEDIUM,1,3,0
1267,9915,81,2,SOFT,2,4,0
1267,9915,23,2,MEDIUM,2,13,0
1267,9915,22,1,MEDIUM,1,10,0
1267,9915,55,2,MEDIUM,2,13,0
1267,9915,63,1,MEDIUM,1,3,0
1267,9915,4,3,SOFT,5,7,3
1267,9915,10,2,HARD,4,15,0
1267,9915,30,1,MEDIUM,1,6,0
1267,9915,12,4,MEDIUM,11,11,10
1267,9915,1,2,MEDIUM,4,9,0
1267,9915,5,2,HARD,8,10,7
1267,9915,31,2,HARD,7,9,6
1267,9915,87,3,HARD,8,10,6
1267,9915,12,5,MEDIUM,12,23,11
1267,9915,63,2,MEDIUM,4,9,3
1267,9915,81,3,SOFT,5,7,3
1267,9915,27,2,HARD,8,14,7
1267,9915,6,3,SOFT,8,9,6
1267,9915,43,2,HARD,8,13,0
1267,9915,5,3,HARD,11,13,10
1267,9915,30,2,MEDIUM,7,9,0
1267,9915,16,3,MEDIUM,10,12,0
1267,9915,1,3,MEDIUM,10,11,9
1267,9915,6,4,SOFT,10,12,0
1267,9915,16,4,MEDIUM,13,15,11
1267,9915,44,3,MEDIUM,9,10,7
1267,9915,4,4,SOFT,8,10,0
1267,9915,1,4,SOFT,12,14,0
1267,9915,22,2,SOFT,11,13,0
1267,9915,81,4,SOFT,8,10,0
1267,9915,44,4,MEDIUM,11,13,0
1267,9915,63,3,SOFT,10,14,0
1267,9915,27,3,SOFT,15,17,0
1267,9915,18,3,SOFT,15,17,0
1267,9915,14,2,SOFT,14,16,0
1267,9915,31,3,SOFT,10,12,0
1267,9915,87,4,SOFT,11,13,0
1267,9915,6,5,SOFT,13,18,0
1267,9915,5,4,SOFT,14,16,0
1267,9915,55,3,SOFT,14,23,0
1267,9915,30,3,SOFT,10,12,0
1267,9915,10,3,SOFT,16,24,0
1267,9915,23,3,SOFT,14,19,0
1267,9915,27,4,SOFT,18,21,3
1267,9915,43,3,SOFT,14,21,0
1267,9915,16,5,SOFT,16,18,0
1267,9915,14,3,SOFT,17,20,3
1267,9915,4,5,SOFT,11,13,0
1267,9915,12,6,SOFT,24,26,0
1267,9915,31,4,SOFT,13,15,3
1267,9915,87,5,SOFT,14,16,3
1267,9915,18,4,SOFT,18,20,0
1267,9915,44,5,SOFT,14,20,0
1267,9915,5,5,SOFT,17,18,3
1267,9915,1,5,SOFT,15,17,3
1267,9915,22,3,SOFT,14,19,3
1267,9915,81,5,SOFT,11,15,3
1267,9915,12,7,SOFT,27,31,3
1267,9915,16,6,SOFT,19,23,3
1267,9915,30,4,SOFT,13,17,0
1267,9915,18,5,SOFT,21,24,6
1267,9915,1,6,SOFT,18,20,0
1267,9915,6,6,SOFT,19,21,11
1267,9915,5,6,SOFT,19,21,5
1267,9915,27,5,SOFT,22,24,0
1267,9915,87,6,HARD,17,19,9
1267,9915,23,4,MEDIUM,20,22,12
1267,9915,63,4,MEDIUM,15,17,9
1267,9915,31,5,HARD,16,18,9
1267,9915,4,6,SOFT,14,16,6
1267,9916,22,1,SOFT,1,3,0
1267,9916,31,1,SOFT,1,3,0
1267,9916,10,1,SOFT,1,3,0
1267,9916,43,1,SOFT,1,3,0
1267,9916,87,1,SOFT,1,3,0
1267,9916,27,1,SOFT,1,3,0
1267,9916,16,1,SOFT,1,3,0
1267,9916,44,1,SOFT,1,3,0
1267,9916,18,1,SOFT,1,2,0
1267,9916,1,1,SOFT,1,3,0
1267,9916,63,1,SOFT,1,3,0
1267,9916,12,1,SOFT,1,3,0
1267,9916,4,1,SOFT,1,3,0
1267,9916,81,1,SOFT,1,3,0
1267,9916,14,1,SOFT,1,3,0
1267,9916,6,1,SOFT,1,3,0
1267,9916,30,1,SOFT,1,3,0
1267,9916,55,1,SOFT,1,3,0
1267,9916,23,1,SOFT,1,3,0
1267,9916,31,2,SOFT,4,6,0
1267,9916,87,2,SOFT,4,6,3
1267,9916,27,2,SOFT,4,6,0
1267,9916,5,1,SOFT,1,3,0
1267,9916,10,2,SOFT,4,6,0
1267,9916,43,2,SOFT,4,6,0
1267,9916,22,2,SOFT,4,6,3
1267,9916,16,2,SOFT,4,6,3
1267,9916,44,2,SOFT,4,5,3
1267,9916,4,2,SOFT,4,6,3
1267,9916,81,2,SOFT,4,6,3
1267,9916,63,2,SOFT,4,6,0
1267,9916,1,2,SOFT,4,6,3
1267,9916,12,2,SOFT,4,6,0
1267,9916,6,2,SOFT,4,6,0
1267,9916,87,3,SOFT,7,9,0
1267,9916,55,2,SOFT,4,6,0
1267,9916,23,2,SOFT,4,6,0
1267,9916,10,3,SOFT,7,9,0
1267,9916,44,3,SOFT,6,8,0
1267,9916,16,3,SOFT,7,9,0
1267,9916,5,2,SOFT,4,6,0
1267,9916,30,2,SOFT,4,6,0
1267,9916,31,3,SOFT,7,9,0
1267,9916,43,3,SOFT,7,9,0
1267,9916,22,3,SOFT,7,9,0
1267,9916,14,2,SOFT,4,5,0
1267,9916,27,3,SOFT,7,9,0
1267,9916,16,4,SOFT,10,12,3
1267,9916,44,4,SOFT,9,11,3
1267,9916,63,3,SOFT,7,9,3
1267,9916,1,3,SOFT,7,9,0
1267,9916,12,3,SOFT,7,9,0
1267,9916,22,4,SOFT,10,12,0
1267,9916,30,3,SOFT,7,9,0
1267,9916,10,4,SOFT,10,12,3
1267,9916,55,3,SOFT,7,9,0
1267,9916,23,3,SOFT,7,9,0
1267,9916,5,3,SOFT,7,9,0
1267,9916,4,3,SOFT,7,9,0
1267,9916,6,3,SOFT,7,9,0
1267,9916,14,3,SOFT,6,8,0
1267,9916,81,3,SOFT,7,9,0
1267,9916,16,5,SOFT,13,15,0
1267,9916,44,5,SOFT,12,14,0
1267,9916,4,4,SOFT,10,12,3
1267,9916,63,4,SOFT,10,12,0
1267,9916,12,4,SOFT,10,12,0
1267,9916,22,5,SOFT,13,15,0
1267,9916,1,4,SOFT,10,12,3
1267,9916,10,5,SOFT,13,15,0
1267,9916,55,4,SOFT,10,12,0
1267,9916,6,4,SOFT,10,12,0
1267,9916,23,4,SOFT,10,12,0
1267,9916,81,4,SOFT,10,12,0
1267,9916,5,4,SOFT,10,12,0
1267,9916,16,6,SOFT,16,16,0
1267,9916,30,4,SOFT,10,12,0
1267,9916,14,4,SOFT,9,11,0
1267,9916,44,6,SOFT,15,15,0
1267,9916,81,5,SOFT,13,15,0
1267,9916,4,5,SOFT,13,15,0
1267,9916,63,5,SOFT,13,15,0
1267,9916,55,5,SOFT,13,15,3
1267,9916,14,5,SOFT,12,14,3
1267,9916,6,5,SOFT,13,15,3
1267,9916,16,7,SOFT,17,19,1
1267,9916,44,7,SOFT,16,18,1
1267,9916,30,5,SOFT,13,15,3
1267,9916,1,5,SOFT,13,15,0
1267,9916,4,6,SOFT,16,18,0
1267,9916,81,6,SOFT,16,18,0
1267,9916,55,6,SOFT,16,18,0
1267,9916,16,8,SOFT,20,22,0
1267,9916,44,8,SOFT,19,21,0
1267,9916,30,6,SOFT,16,18,0
1267,9916,14,6,SOFT,15,17,0
1267,9916,63,6,SOFT,16,18,0
1267,9916,6,6,SOFT,16,18,0
1267,9916,1,6,SOFT,16,18,0
1267,9920,43,1,SOFT,1,19,0
1267,9920,14,1,MEDIUM,1,18,0
1267,9920,27,1,SOFT,1,19,0
1267,9920,18,1,MEDIUM,1,8,0
1267,9920,5,1,MEDIUM,1,22,0
1267,9920,30,1,MEDIUM,1,23,0
1267,9920,55,1,MEDIUM,1,23,0
1267,9920,6,1,MEDIUM,1,23,0
1267,9920,12,1,MEDIUM,1,23,0
1267,9920,23,1,MEDIUM,1,23,0
1267,9920,63,1,MEDIUM,1,23,0
1267,9920,10,1,MEDIUM,1,23,0
1267,9920,81,1,MEDIUM,1,23,0
1267,9920,87,1,HARD,1,53,0
1267,9920,4,1,MEDIUM,1,23,0
1267,9920,31,1,HARD,1,52,0
1267,9920,44,1,MEDIUM,1,22,0
1267,9920,16,1,MEDIUM,1,22,0
1267,9920,1,1,SOFT,1,23,0
1267,9920,22,1,SOFT,1,19,0
1267,9920,18,2,HARD,9,52,0
1267,9920,14,2,HARD,19,40,0
1267,9920,43,2,HARD,20,53,0
1267,9920,22,2,HARD,20,53,0
1267,9920,27,2,HARD,20,53,0
1267,9920,16,2,HARD,23,52,1
1267,9920,5,2,HARD,23,60,0
1267,9920,81,2,HARD,24,53,0
1267,9920,4,2,HARD,24,53,0
1267,9920,6,2,HARD,24,53,0
1267,9920,1,2,MEDIUM,24,53,0
1267,9920,63,2,HARD,24,53,0
1267,9920,30,2,HARD,24,27,0
1267,9920,55,2,HARD,24,27,0
1267,9920,12,2,HARD,24,51,0
1267,9920,23,2,HARD,24,53,0
1267,9920,10,2,HARD,24,72,0
1267,9920,30,3,SOFT,28,52,3
1267,9920,55,3,SOFT,28,51,3
1267,9920,14,3,HARD,41,72,0
1267,9920,12,3,SOFT,52,53,0
1267,9920,16,3,SOFT,53,53,3
1267,9920,18,3,HARD,53,72,0
1267,9920,55,4,SOFT,52,65,3
1267,9920,31,2,MEDIUM,53,72,0
1267,9920,81,3,HARD,54,72,0
1267,9920,4,3,HARD,54,64,1
1267,9920,1,3,SOFT,54,72,0
1267,9920,6,3,SOFT,54,72,2
1267,9920,23,3,SOFT,54,72,0
1267,9920,63,3,SOFT,54,72,3
1267,9920,30,4,SOFT,53,72,3
1267,9920,12,4,SOFT,54,72,0
1267,9920,22,3,SOFT,54,72,3
1267,9920,87,2,MEDIUM,54,72,0
1267,9920,43,3,MEDIUM,54,65,0
1267,9920,27,3,MEDIUM,54,72,0
1267,9920,5,3,SOFT,61,72,0
1267,9920,43,4,SOFT,66,72,0
1267,9920,55,5,SOFT,66,72,3
1268,9905,27,1,MEDIUM,1,1,0
1268,9905,5,1,HARD,1,1,0
1268,9905,12,1,MEDIUM,1,3,0
1268,9905,63,1,MEDIUM,1,3,0
1268,9905,55,1,HARD,1,2,0
1268,9905,30,1,HARD,1,5,0
1268,9905,10,1,MEDIUM,1,5,0
1268,9905,12,2,MEDIUM,4,6,3
1268,9905,30,2,HARD,6,8,5
1268,9905,61,1,MEDIUM,1,8,0
1268,9905,4,1,MEDIUM,1,9,0
1268,9905,6,1,HARD,1,9,0
1268,9905,63,2,MEDIUM,4,8,3
1268,9905,89,1,MEDIUM,1,9,0
1268,9905,4,2,MEDIUM,10,10,9
1268,9905,1,1,MEDIUM,1,9,0
1268,9905,27,2,MEDIUM,2,11,0
1268,9905,16,1,MEDIUM,1,11,0
1268,9905,23,1,HARD,1,10,0
1268,9905,22,1,MEDIUM,1,12,0
1268,9905,12,3,MEDIUM,7,12,6
1268,9905,87,1,MEDIUM,1,10,0
1268,9905,6,2,HARD,10,12,0
1268,9905,18,1,MEDIUM,1,12,0
1268,9905,30,3,HARD,9,14,8
1268,9905,31,1,MEDIUM,1,10,0
1268,9905,5,2,HARD,2,11,0
1268,9905,63,3,MEDIUM,9,10,8
1268,9905,10,2,MEDIUM,6,12,5
1268,9905,14,1,MEDIUM,1,10,0
1268,9905,44,1,MEDIUM,1,10,0
1268,9905,1,2,SOFT,10,12,0
1268,9905,61,2,MEDIUM,9,10,8
1268,9905,27,3,SOFT,12,14,0
1268,9905,55,2,HARD,3,12,2
1268,9905,18,2,SOFT,13,15,0
1268,9905,14,2,SOFT,11,11,0
1268,9905,27,4,SOFT,15,15,3
1268,9905,5,3,SOFT,12,13,0
1268,9905,31,2,SOFT,11,12,0
1268,9905,87,2,SOFT,11,13,0
1268,9905,4,3,SOFT,11,15,0
1268,9905,10,3,SOFT,13,14,0
1268,9905,61,3,SOFT,11,11,0
1268,9905,23,2,MEDIUM,11,13,0
1268,9905,30,4,SOFT,15,16,0
1268,9905,12,4,SOFT,13,15,0
1268,9905,16,2,SOFT,12,15,0
1268,9905,22,2,SOFT,13,15,0
1268,9905,1,3,SOFT,13,13,3
1268,9905,89,2,SOFT,10,14,0
1268,9905,63,4,SOFT,11,12,0
1268,9905,44,2,SOFT,11,11,0
1268,9905,6,3,SOFT,13,14,0
1268,9905,5,4,SOFT,14,15,2
1268,9905,14,3,SOFT,12,13,1
1268,9905,27,5,SOFT,16,17,4
1268,9905,55,3,SOFT,13,15,0
1268,9905,23,3,MEDIUM,14,16,3
1268,9905,10,4,SOFT,15,18,2
1268,9905,6,4,SOFT,15,17,2
1268,9905,44,3,SOFT,12,14,1
1268,9905,18,3,SOFT,16,18,3
1268,9905,4,4,SOFT,16,20,5
1268,9905,30,5,SOFT,17,20,2
1268,9905,87,3,SOFT,14,16,3
1268,9905,27,6,SOFT,18,20,0
1268,9905,55,4,SOFT,16,18,3
1268,9905,1,4,SOFT,14,16,4
1268,9905,22,3,SOFT,16,18,3
1268,9905,16,3,SOFT,16,18,4
1268,9905,5,5,SOFT,16,18,0
1268,9905,10,5,SOFT,19,21,0
1268,9905,31,3,SOFT,13,18,2
1268,9905,14,4,SOFT,14,16,10
1268,9905,12,5,SOFT,16,22,3
1268,9905,44,4,SOFT,15,17,4
1268,9905,27,7,SOFT,21,23,0
1268,9905,63,5,SOFT,13,20,2
1268,9905,89,3,SOFT,15,23,5
1268,9905,23,4,HARD,17,25,10
1268,9905,87,4,MEDIUM,17,23,10
1268,9905,12,6,SOFT,23,25,12
1268,9905,44,5,SOFT,18,20,0
1268,9905,22,4,MEDIUM,19,24,12
1268,9905,31,4,MEDIUM,19,22,0
1268,9905,27,8,MEDIUM,24,26,11
1268,9905,1,5,MEDIUM,17,22,0
1268,9905,30,6,SOFT,21,27,0
1268,9905,6,5,SOFT,18,25,0
1268,9905,18,4,MEDIUM,19,26,12
1268,9905,4,5,MEDIUM,21,28,10
1268,9905,16,4,MEDIUM,19,24,11
1268,9905,89,4,MEDIUM,24,26,9
1268,9905,61,4,SOFT,12,23,0
1268,9905,55,5,HARD,19,25,12
1268,9905,14,5,SOFT,17,20,0
1268,9905,10,6,MEDIUM,22,26,12
1268,9905,5,6,HARD,19,24,11
1268,9906,5,1,MEDIUM,1,3,0
1268,9906,23,1,MEDIUM,1,3,0
1268,9906,55,1,MEDIUM,1,3,0
1268,9906,30,1,MEDIUM,1,3,0
1268,9906,12,1,HARD,1,4,0
1268,9906,81,1,MEDIUM,1,5,0
1268,9906,30,2,MEDIUM,4,4,3
1268,9906,6,1,MEDIUM,1,3,0
1268,9906,5,2,MEDIUM,4,5,0
1268,9906,31,1,HARD,1,6,0
1268,9906,87,1,HARD,1,6,0
1268,9906,55,2,MEDIUM,4,5,3
1268,9906,27,1,HARD,1,5,0
1268,9906,16,1,HARD,1,5,0
1268,9906,14,1,MEDIUM,1,5,0
1268,9906,1,1,MEDIUM,1,4,0
1268,9906,18,1,MEDIUM,1,5,0
1268,9906,22,1,MEDIUM,1,4,0
1268,9906,63,1,HARD,1,5,0
1268,9906,44,1,HARD,1,4,0
1268,9906,23,2,MEDIUM,4,5,3
1268,9906,43,1,MEDIUM,1,5,0
1268,9906,10,1,MEDIUM,1,5,0
1268,9906,63,2,HARD,6,7,5
1268,9906,4,1,MEDIUM,1,5,0
1268,9906,1,2,MEDIUM,5,7,4
1268,9906,22,2,MEDIUM,5,7,4
1268,9906,6,2,MEDIUM,4,4,3
1268,9906,43,2,MEDIUM,6,8,5
1268,9906,4,2,MEDIUM,6,7,5
1268,9906,10,2,MEDIUM,6,8,5
1268,9906,55,3,MEDIUM,6,11,5
1268,9906,27,2,HARD,6,8,0
1268,9906,23,3,MEDIUM,6,11,5
1268,9906,5,3,MEDIUM,6,7,0
1268,9906,87,2,HARD,7,9,6
1268,9906,31,2,HARD,7,10,6
1268,9906,16,2,HARD,6,10,5
1268,9906,30,3,MEDIUM,5,7,4
1268,9906,43,3,SOFT,9,11,0
1268,9906,44,2,HARD,5,8,4
1268,9906,63,3,HARD,8,10,0
1268,9906,81,2,MEDIUM,6,11,5
1268,9906,1,3,MEDIUM,8,9,7
1268,9906,6,3,MEDIUM,5,7,4
1268,9906,4,3,SOFT,8,11,0
1268,9906,18,2,MEDIUM,6,12,5
1268,9906,14,2,MEDIUM,6,10,5
1268,9906,22,3,MEDIUM,8,11,7
1268,9906,27,3,SOFT,9,11,0
1268,9906,31,3,SOFT,11,13,0
1268,9906,16,3,SOFT,11,13,0
1268,9906,5,4,SOFT,8,10,0
1268,9906,30,4,SOFT,8,10,0
1268,9906,81,3,SOFT,12,14,0
1268,9906,44,3,SOFT,9,11,0
1268,9906,6,4,SOFT,8,10,0
1268,9906,43,4,SOFT,12,14,3
1268,9906,10,3,SOFT,9,14,0
1268,9906,4,4,SOFT,12,14,4
1268,9906,87,3,SOFT,10,15,0
1268,9906,55,4,SOFT,12,17,0
1268,9906,31,4,SOFT,14,16,3
1268,9906,27,4,SOFT,12,14,0
1268,9906,5,5,SOFT,11,13,0
1268,9906,63,4,SOFT,11,16,0
1268,9906,1,4,SOFT,10,14,0
1268,9906,23,4,SOFT,12,16,0
1268,9906,30,5,SOFT,11,13,3
1268,9906,81,4,SOFT,15,17,3
1268,9906,44,4,SOFT,12,14,3
1268,9906,5,6,MEDIUM,14,14,7
1268,9906,6,5,SOFT,11,13,0
1268,9906,22,4,SOFT,12,17,0
1268,9906,16,4,SOFT,14,18,3
1268,9906,14,3,SOFT,11,17,0
1268,9906,18,3,SOFT,13,19,0
1268,9906,55,5,MEDIUM,18,27,11
1268,9906,23,5,MEDIUM,17,25,11
1268,9906,31,5,HARD,17,26,10
1268,9906,5,7,MEDIUM,15,22,0
1268,9906,27,5,HARD,15,24,8
1268,9906,55,6,SOFT,28,30,6
1268,9906,43,5,MEDIUM,15,30,8
1268,9906,14,4,MEDIUM,18,26,10
1268,9906,23,6,SOFT,26,28,5
1268,9906,30,6,MEDIUM,14,25,7
1268,9906,81,5,MEDIUM,18,29,11
1268,9906,18,4,MEDIUM,20,28,12
1268,9906,4,5,MEDIUM,15,28,7
1268,9906,6,6,MEDIUM,14,24,7
1268,9906,5,8,SOFT,23,25,0
1268,9906,31,6,SOFT,27,29,0
1268,9906,27,6,SOFT,25,27,0
1268,9906,22,5,MEDIUM,18,28,11
1268,9906,1,5,MEDIUM,15,27,9
1268,9906,16,5,SOFT,19,29,8
1268,9906,44,5,HARD,15,26,8
1268,9906,87,4,HARD,16,29,0
1268,9906,10,4,MEDIUM,15,30,8
1268,9906,63,5,HARD,17,29,10
1268,9907,18,1,HARD,1,1,0
1268,9907,14,1,HARD,1,1,0
1268,9907,6,1,HARD,1,1,0
1268,9907,27,1,MEDIUM,1,1,0
1268,9907,18,2,MEDIUM,2,2,0
1268,9907,14,2,MEDIUM,2,2,0
1268,9907,12,1,SOFT,1,3,0
1268,9907,5,1,MEDIUM,1,3,0
1268,9907,31,1,MEDIUM,1,3,0
1268,9907,23,1,SOFT,1,5,0
1268,9907,30,1,MEDIUM,1,4,0
1268,9907,27,2,MEDIUM,2,6,1
1268,9907,55,1,MEDIUM,1,6,0
1268,9907,1,1,SOFT,1,3,0
1268,9907,22,1,HARD,1,8,0
1268,9907,5,2,MEDIUM,4,6,0
1268,9907,63,1,SOFT,1,3,0
1268,9907,87,1,MEDIUM,1,6,0
1268,9907,6,2,SOFT,2,7,0
1268,9907,12,2,SOFT,4,6,0
1268,9907,43,1,HARD,1,9,0
1268,9907,30,2,MEDIUM,5,7,0
1268,9907,16,1,MEDIUM,1,9,0
1268,9907,44,1,MEDIUM,1,9,0
1268,9907,63,2,SOFT,4,6,3
1268,9907,55,2,MEDIUM,7,10,6
1268,9907,23,2,SOFT,6,11,5
1268,9907,44,2,MEDIUM,10,12,9
1268,9907,10,1,HARD,1,10,0
1268,9907,16,2,MEDIUM,10,13,9
1268,9907,4,1,HARD,1,12,0
1268,9907,81,1,HARD,1,13,0
1268,9907,30,3,MEDIUM,8,11,0
1268,9907,18,3,HARD,3,11,0
1268,9907,14,3,HARD,3,10,0
1268,9907,27,3,MEDIUM,7,9,0
1268,9907,5,3,MEDIUM,7,9,0
1268,9907,6,3,SOFT,8,10,0
1268,9907,1,2,SOFT,4,9,0
1268,9907,31,2,MEDIUM,4,9,3
1268,9907,87,2,MEDIUM,7,11,6
1268,9907,63,3,SOFT,7,9,0
1268,9907,30,4,SOFT,12,14,0
1268,9907,22,2,HARD,9,17,0
1268,9907,6,4,SOFT,11,13,0
1268,9907,1,3,SOFT,10,11,0
1268,9907,87,3,SOFT,12,14,0
1268,9907,4,2,SOFT,13,15,0
1268,9907,10,2,HARD,11,15,10
1268,9907,27,4,SOFT,10,12,0
1268,9907,23,3,SOFT,12,14,11
1268,9907,5,4,SOFT,10,12,0
1268,9907,55,3,MEDIUM,11,15,10
1268,9907,18,4,SOFT,12,14,0
1268,9907,81,2,SOFT,14,16,0
1268,9907,43,2,HARD,10,14,9
1268,9907,14,4,SOFT,11,13,0
1268,9907,31,3,SOFT,10,12,0
1268,9907,12,3,SOFT,7,16,6
1268,9907,63,4,SOFT,10,12,0
1268,9907,44,3,MEDIUM,13,16,12
1268,9907,16,3,MEDIUM,14,17,13
1268,9907,87,4,SOFT,15,17,11
1268,9907,6,5,SOFT,14,16,0
1268,9907,31,4,SOFT,13,15,3
1268,9907,63,5,SOFT,13,15,3
1268,9907,12,4,SOFT,17,19,0
1268,9907,18,5,SOFT,15,17,3
1268,9907,14,5,SOFT,14,16,3
1268,9907,22,3,SOFT,18,20,0
1268,9907,1,4,SOFT,12,14,0
1268,9907,6,6,SOFT,17,17,9
1268,9907,16,4,SOFT,18,20,0
1268,9907,44,4,SOFT,17,19,0
1268,9907,63,6,SOFT,16,16,6
1268,9907,5,5,SOFT,13,15,3
1268,9907,4,3,SOFT,16,18,3
1268,9907,27,5,SOFT,13,15,3
1268,9907,81,3,SOFT,17,19,3
1268,9907,14,6,SOFT,17,19,6
1268,9907,23,4,SOFT,15,20,0
1268,9907,10,3,SOFT,16,23,0
1268,9907,55,4,SOFT,16,23,0
1268,9907,6,7,SOFT,18,20,0
1268,9907,87,5,SOFT,18,22,0
1268,9907,22,4,SOFT,21,24,3
1268,9907,16,5,SOFT,21,24,3
1268,9907,63,7,SOFT,17,19,7
1268,9907,5,6,MEDIUM,16,18,0
1268,9907,1,5,SOFT,15,18,3
1268,9907,27,6,MEDIUM,16,18,9
1268,9907,4,4,SOFT,19,21,6
1268,9907,43,3,SOFT,15,22,0
1268,9907,18,6,SOFT,18,22,6
1268,9907,31,5,SOFT,16,20,0
1268,9907,81,4,SOFT,20,22,6
1268,9907,23,5,SOFT,21,23,0
1268,9907,12,5,SOFT,20,24,3
1268,9907,44,5,SOFT,20,23,0
1268,9908,10,1,SOFT,1,3,0
1268,9908,43,1,SOFT,1,3,0
1268,9908,31,1,SOFT,1,3,0
1268,9908,16,1,SOFT,1,3,0
1268,9908,18,1,SOFT,1,3,0
1268,9908,14,1,SOFT,1,3,0
1268,9908,87,1,SOFT,1,3,0
1268,9908,44,1,SOFT,1,3,0
1268,9908,63,1,MEDIUM,1,3,0
1268,9908,27,1,SOFT,1,3,0
1268,9908,5,1,SOFT,1,3,0
1268,9908,55,1,SOFT,1,3,0
1268,9908,31,2,SOFT,4,6,0
1268,9908,87,2,SOFT,4,6,0
1268,9908,22,1,SOFT,1,3,0
1268,9908,1,1,SOFT,1,3,0
1268,9908,12,1,MEDIUM,1,7,0
1268,9908,30,1,SOFT,1,3,0
1268,9908,81,1,SOFT,1,3,0
1268,9908,4,1,SOFT,1,3,0
1268,9908,6,1,SOFT,1,3,0
1268,9908,55,2,SOFT,4,6,3
1268,9908,10,2,SOFT,4,6,0
1268,9908,23,1,SOFT,1,4,0
1268,9908,43,2,SOFT,4,6,0
1268,9908,18,2,SOFT,4,6,0
1268,9908,16,2,SOFT,4,6,3
1268,9908,44,2,SOFT,4,6,3
1268,9908,5,2,SOFT,4,6,3
1268,9908,27,2,SOFT,4,6,0
1268,9908,14,2,SOFT,4,6,0
1268,9908,30,2,SOFT,4,5,0
1268,9908,6,2,SOFT,4,6,0
1268,9908,10,3,SOFT,7,9,0
1268,9908,43,3,SOFT,7,9,0
1268,9908,18,3,SOFT,7,9,0
1268,9908,23,2,SOFT,5,7,4
1268,9908,55,3,SOFT,7,10,0
1268,9908,1,2,SOFT,4,6,3
1268,9908,31,3,SOFT,7,9,0
1268,9908,87,3,SOFT,7,9,0
1268,9908,63,2,MEDIUM,4,6,3
1268,9908,12,2,SOFT,8,10,0
1268,9908,22,2,SOFT,4,6,0
1268,9908,14,3,SOFT,7,8,0
1268,9908,16,3,SOFT,7,8,0
1268,9908,44,3,SOFT,7,8,0
1268,9908,5,3,SOFT,7,9,0
1268,9908,27,3,SOFT,7,9,0
1268,9908,4,2,SOFT,4,7,3
1268,9908,81,2,SOFT,4,7,3
1268,9908,23,3,SOFT,8,10,7
1268,9908,55,4,SOFT,11,13,4
1268,9908,4,3,SOFT,8,9,0
1268,9908,1,3,SOFT,7,9,0
1268,9908,22,3,SOFT,7,9,0
1268,9908,31,4,SOFT,10,12,3
1268,9908,12,3,SOFT,11,13,0
1268,9908,87,4,SOFT,10,12,3
1268,9908,14,4,SOFT,9,11,2
1268,9908,16,4,SOFT,9,11,0
1268,9908,5,4,SOFT,10,12,0
1268,9908,63,3,SOFT,7,9,0
1268,9908,81,3,SOFT,8,10,0
1268,9908,44,4,SOFT,9,11,2
1268,9908,27,4,SOFT,10,12,0
1268,9908,55,5,SOFT,14,16,0
1268,9908,23,4,SOFT,11,13,0
1268,9908,31,5,SOFT,13,15,0
1268,9908,87,5,SOFT,13,15,0
1268,9908,27,5,SOFT,13,15,0
1268,9908,55,6,SOFT,17,19,3
1268,9908,23,5,SOFT,14,16,0
1268,9908,4,4,SOFT,10,15,0
1268,9908,12,4,SOFT,14,16,0
1268,9908,81,4,SOFT,11,13,0
1268,9908,63,4,SOFT,10,12,0
1268,9908,16,5,SOFT,12,14,0
1268,9908,14,5,SOFT,12,14,0
1268,9908,44,5,SOFT,12,14,0
1268,9908,22,4,SOFT,10,12,0
1268,9908,5,5,SOFT,13,15,0
1268,9908,1,4,SOFT,10,12,3
1268,9908,22,5,SOFT,13,15,3
1268,9908,16,6,SOFT,15,17,0
1268,9908,44,6,SOFT,15,17,0
1268,9908,81,5,SOFT,14,16,0
1268,9908,4,5,SOFT,16,18,0
1268,9908,14,6,SOFT,15,17,0
1268,9908,1,5,SOFT,13,15,0
1268,9908,5,6,SOFT,16,18,3
1268,9908,12,5,SOFT,17,19,3
1268,9908,63,5,SOFT,13,15,0
1268,9908,22,6,SOFT,16,18,0
1268,9908,16,7,SOFT,18,20,0
1268,9908,44,7,SOFT,18,20,0
1268,9908,81,6,SOFT,17,19,0
1268,9908,4,6,SOFT,19,21,0
1268,9908,1,6,SOFT,16,18,0
1268,9908,14,7,SOFT,18,20,0
1268,9908,5,7,SOFT,19,21,0
1268,9908,12,6,SOFT,20,22,0
1268,9908,63,6,SOFT,16,18,0
1268,9912,27,1,MEDIUM,1,1,0
1268,9912,30,1,SOFT,1,9,0
1268,9912,87,1,MEDIUM,1,18,0
1268,9912,22,1,MEDIUM,1,19,0
1268,9912,5,1,MEDIUM,1,20,0
1268,9912,14,1,MEDIUM,1,20,1
1268,9912,14,2,HARD,21,24,1
1268,9912,63,1,MEDIUM,1,27,0
1268,9912,12,1,MEDIUM,1,28,0
1268,9912,55,1,MEDIUM,1,30,0
1268,9912,6,1,HARD,1,32,1
1268,9912,16,1,MEDIUM,1,33,0
1268,9912,43,1,MEDIUM,1,33,0
1268,9912,1,1,MEDIUM,1,37,0
1268,9912,44,1,MEDIUM,1,38,0
1268,9912,23,1,HARD,1,41,0
1268,9912,81,1,MEDIUM,1,45,0
1268,9912,4,1,MEDIUM,1,46,0
1268,9912,18,1,HARD,1,49,1
1268,9912,10,1,HARD,1,49,0
1268,9912,31,1,HARD,1,51,0
1268,9912,1,2,HARD,38,53,0
1268,9912,31,2,SOFT,52,52,0
1268,9912,10,2,SOFT,50,52,0
1268,9912,43,2,HARD,34,52,0
1268,9912,18,2,SOFT,50,52,0
1268,9912,4,2,SOFT,47,53,2
1268,9912,81,2,SOFT,46,53,3
1268,9912,16,2,HARD,34,53,0
1268,9912,63,2,HARD,28,53,0
1268,9912,44,2,HARD,39,53,0
1268,9912,23,2,MEDIUM,42,53,0
1268,9912,12,2,HARD,29,53,0
1268,9912,5,2,HARD,21,53,0
1268,9912,6,2,MEDIUM,33,53,0
1268,9912,55,2,HARD,31,53,0
1268,9912,87,2,HARD,19,53,0
1268,9912,22,2,HARD,20,53,0
1268,9912,30,2,HARD,10,53,0
1269,9897,4,1,SOFT,1,1,0
1269,9897,12,1,SOFT,1,4,0
1269,9897,43,1,SOFT,1,1,0
1269,9897,55,1,SOFT,1,5,0
1269,9897,6,1,SOFT,1,6,0
1269,9897,23,1,SOFT,1,5,0
1269,9897,5,1,SOFT,1,6,0
1269,9897,30,1,SOFT,1,6,0
1269,9897,63,1,SOFT,1,5,0
1269,9897,4,2,SOFT,2,6,0
1269,9897,10,1,SOFT,1,5,0
1269,9897,27,1,SOFT,1,6,0
1269,9897,14,1,SOFT,1,4,0
1269,9897,18,1,SOFT,1,4,0
1269,9897,12,2,SOFT,5,5,0
1269,9897,81,1,SOFT,1,2,0
1269,9897,43,2,SOFT,2,2,1
1269,9897,44,1,SOFT,1,5,0
1269,9897,87,1,SOFT,1,6,0
1269,9897,1,1,SOFT,1,6,0
1269,9897,31,1,SOFT,1,6,0
1269,9897,16,1,SOFT,1,5,0
1269,9897,22,1,SOFT,1,6,0
1269,9897,4,3,SOFT,7,8,6
1269,9897,27,2,SOFT,7,9,6
1269,9897,12,3,SOFT,6,8,5
1269,9897,16,2,SOFT,6,8,5
1269,9897,6,2,SOFT,7,9,6
1269,9897,87,2,SOFT,7,9,6
1269,9897,30,2,SOFT,7,9,6
1269,9897,63,2,SOFT,6,8,5
1269,9897,31,2,SOFT,7,9,6
1269,9897,23,2,SOFT,6,9,5
1269,9897,10,2,SOFT,6,9,5
1269,9897,43,3,SOFT,3,6,2
1269,9897,5,2,SOFT,7,11,6
1269,9897,22,2,SOFT,7,9,6
1269,9897,14,2,SOFT,5,9,4
1269,9897,18,2,SOFT,5,9,4
1269,9897,55,2,SOFT,6,11,5
1269,9897,1,2,SOFT,7,9,6
1269,9897,81,2,SOFT,3,8,2
1269,9897,44,2,SOFT,6,9,5
1269,9897,63,3,SOFT,9,11,0
1269,9897,5,3,SOFT,12,14,0
1269,9897,31,3,SOFT,10,15,0
1269,9897,87,3,SOFT,10,17,0
1269,9897,14,3,SOFT,10,15,0
1269,9897,18,3,SOFT,10,15,0
1269,9897,5,4,SOFT,15,18,0
1269,9897,23,3,SOFT,10,17,0
1269,9897,30,3,SOFT,10,17,0
1269,9897,55,3,SOFT,12,17,0
1269,9897,10,3,SOFT,10,17,0
1269,9897,27,3,SOFT,10,18,0
1269,9897,43,4,SOFT,7,14,0
1269,9897,44,3,SOFT,10,14,0
1269,9897,4,4,SOFT,9,19,0
1269,9897,6,3,SOFT,10,17,0
1269,9897,81,3,SOFT,9,14,0
1269,9897,63,4,SOFT,12,16,0
1269,9897,12,4,SOFT,9,17,0
1269,9897,16,3,SOFT,9,17,0
1269,9897,1,3,SOFT,10,15,0
1269,9897,22,3,SOFT,10,16,0
1269,9898,81,1,SOFT,1,3,0
1269,9898,30,1,SOFT,1,3,0
1269,9898,18,1,SOFT,1,5,0
1269,9898,81,2,SOFT,4,6,3
1269,9898,43,1,SOFT,1,6,0
1269,9898,4,1,SOFT,1,5,0
1269,9898,18,2,SOFT,6,8,5
1269,9898,23,1,HARD,1,8,0
1269,9898,30,2,SOFT,4,6,3
1269,9898,55,1,MEDIUM,1,7,0
1269,9898,6,1,MEDIUM,1,7,0
1269,9898,87,1,SOFT,1,7,0
1269,9898,31,1,MEDIUM,1,7,0
1269,9898,22,1,SOFT,1,7,0
1269,9898,12,1,SOFT,1,7,0
1269,9898,27,1,MEDIUM,1,7,0
1269,9898,1,1,SOFT,1,7,0
1269,9898,10,1,SOFT,1,7,0
1269,9898,81,3,SOFT,7,8,6
1269,9898,4,2,SOFT,6,7,5
1269,9898,14,1,SOFT,1,9,0
1269,9898,16,1,SOFT,1,9,0
1269,9898,5,1,MEDIUM,1,8,0
1269,9898,44,1,MEDIUM,1,8,0
1269,9898,63,1,SOFT,1,6,0
1269,9898,18,3,SOFT,9,11,0
1269,9898,81,4,SOFT,9,11,0
1269,9898,12,2,SOFT,8,11,0
1269,9898,63,2,SOFT,7,9,0
1269,9898,16,2,SOFT,10,14,0
1269,9898,44,2,SOFT,9,12,0
1269,9898,55,2,SOFT,8,12,0
1269,9898,23,2,SOFT,9,13,0
1269,9898,43,2,MEDIUM,7,11,0
1269,9898,30,3,MEDIUM,7,11,0
1269,9898,27,2,SOFT,8,11,0
1269,9898,31,2,SOFT,8,13,0
1269,9898,87,2,MEDIUM,8,13,0
1269,9898,6,2,SOFT,8,13,0
1269,9898,18,4,SOFT,12,14,3
1269,9898,5,2,SOFT,9,13,0
1269,9898,1,2,SOFT,8,13,0
1269,9898,22,2,MEDIUM,8,13,0
1269,9898,14,2,SOFT,10,15,0
1269,9898,81,5,SOFT,12,15,0
1269,9898,63,3,SOFT,10,11,0
1269,9898,12,3,SOFT,12,14,4
1269,9898,16,3,SOFT,15,16,0
1269,9898,10,2,MEDIUM,8,16,0
1269,9898,44,3,SOFT,13,15,4
1269,9898,5,3,UNKNOWN,14,22,0
1269,9898,31,3,MEDIUM,14,23,0
1269,9898,23,3,HARD,14,24,8
1269,9898,10,3,MEDIUM,17,22,0
1269,9898,87,3,MEDIUM,14,23,6
1269,9898,1,3,SOFT,14,22,6
1269,9898,22,3,MEDIUM,14,22,6
1269,9898,81,6,SOFT,16,23,7
1269,9898,27,3,MEDIUM,12,22,7
1269,9898,6,3,SOFT,14,23,0
1269,9898,43,3,MEDIUM,12,22,5
1269,9898,30,4,MEDIUM,12,22,5
1269,9898,16,4,SOFT,17,23,0
1269,9898,18,5,SOFT,15,24,6
1269,9898,14,3,SOFT,16,24,6
1269,9898,44,4,MEDIUM,16,21,8
1269,9898,55,3,MEDIUM,13,24,0
1269,9898,63,4,SOFT,12,19,6
1269,9898,12,4,SOFT,15,22,7
1269,9899,30,1,HARD,1,1,0
1269,9899,6,1,HARD,1,1,0
1269,9899,31,1,HARD,1,1,0
1269,9899,5,1,SOFT,1,3,0
1269,9899,12,1,SOFT,1,3,0
1269,9899,87,1,HARD,1,8,0
1269,9899,16,1,SOFT,1,5,0
1269,9899,44,1,SOFT,1,7,0
1269,9899,30,2,HARD,2,9,0
1269,9899,16,2,SOFT,6,8,0
1269,9899,14,1,SOFT,1,8,0
1269,9899,44,2,SOFT,8,8,0
1269,9899,18,1,SOFT,1,7,0
1269,9899,22,1,SOFT,1,8,0
1269,9899,23,1,SOFT,1,9,0
1269,9899,63,1,SOFT,1,7,0
1269,9899,10,1,HARD,1,11,0
1269,9899,12,2,SOFT,4,8,3
1269,9899,6,2,HARD,2,12,0
1269,9899,4,1,SOFT,1,11,0
1269,9899,27,1,SOFT,1,9,0
1269,9899,87,2,HARD,9,13,8
1269,9899,81,1,SOFT,1,12,0
1269,9899,43,1,HARD,1,10,0
1269,9899,5,2,SOFT,4,8,0
1269,9899,1,1,SOFT,1,10,0
1269,9899,55,1,SOFT,1,9,0
1269,9899,18,2,SOFT,8,10,7
1269,9899,16,3,SOFT,9,11,0
1269,9899,30,3,HARD,10,13,0
1269,9899,31,2,HARD,2,12,1
1269,9899,14,2,SOFT,9,11,8
1269,9899,44,3,SOFT,9,11,8
1269,9899,22,2,SOFT,9,11,8
1269,9899,63,2,SOFT,8,10,0
1269,9899,12,3,SOFT,9,11,0
1269,9899,5,3,SOFT,9,11,0
1269,9899,18,3,MEDIUM,11,14,0
1269,9899,27,2,SOFT,10,14,0
1269,9899,14,3,SOFT,12,17,0
1269,9899,4,2,SOFT,12,16,0
1269,9899,18,4,MEDIUM,15,17,4
1269,9899,44,4,SOFT,12,18,0
1269,9899,27,3,SOFT,15,17,5
1269,9899,10,2,SOFT,12,21,0
1269,9899,5,4,SOFT,12,16,0
1269,9899,55,2,SOFT,10,17,0
1269,9899,23,2,SOFT,10,19,0
1269,9899,12,4,SOFT,12,17,3
1269,9899,16,4,SOFT,12,19,0
1269,9899,30,4,SOFT,14,21,0
1269,9899,6,3,SOFT,13,22,0
1269,9899,22,3,SOFT,12,18,0
1269,9899,31,3,SOFT,13,20,0
1269,9899,43,2,SOFT,11,19,0
1269,9899,63,3,SOFT,11,17,0
1269,9899,4,3,SOFT,17,19,5
1269,9899,1,2,SOFT,11,19,0
1269,9899,87,3,SOFT,14,23,0
1269,9899,81,2,SOFT,13,21,0
1269,9900,23,1,SOFT,1,4,0
1269,9900,10,1,SOFT,1,3,0
1269,9900,14,1,SOFT,1,3,0
1269,9900,18,1,SOFT,1,3,0
1269,9900,63,1,SOFT,1,3,0
1269,9900,12,1,SOFT,1,2,0
1269,9900,22,1,MEDIUM,1,3,0
1269,9900,16,1,SOFT,1,3,0
1269,9900,44,1,SOFT,1,3,0
1269,9900,43,1,SOFT,1,3,0
1269,9900,81,1,MEDIUM,1,2,0
1269,9900,4,1,MEDIUM,1,3,0
1269,9900,1,1,MEDIUM,1,3,0
1269,9900,55,1,SOFT,1,3,0
1269,9900,6,1,SOFT,1,3,0
1269,9900,27,1,SOFT,1,3,0
1269,9900,5,1,SOFT,1,3,0
1269,9900,30,1,SOFT,1,3,0
1269,9900,31,1,SOFT,1,4,0
1269,9900,87,1,SOFT,1,4,0
1269,9900,55,2,SOFT,4,5,3
1269,9900,87,2,SOFT,5,5,0
1269,9900,31,2,SOFT,5,5,0
1269,9900,30,2,MEDIUM,4,5,0
1269,9900,6,2,MEDIUM,4,5,0
1269,9900,5,2,MEDIUM,4,5,0
1269,9900,18,2,MEDIUM,4,6,0
1269,9900,14,2,MEDIUM,4,6,0
1269,9900,63,2,MEDIUM,4,6,0
1269,9900,12,2,MEDIUM,3,5,0
1269,9900,16,2,SOFT,4,6,3
1269,9900,4,2,MEDIUM,4,5,3
1269,9900,1,2,MEDIUM,4,5,3
1269,9900,44,2,SOFT,4,6,3
1269,9900,22,2,MEDIUM,4,6,3
1269,9900,81,2,MEDIUM,3,5,2
1269,9900,27,2,MEDIUM,4,5,0
1269,9900,10,2,SOFT,4,6,0
1269,9900,43,2,SOFT,4,6,0
1269,9900,10,3,MEDIUM,7,8,0
1269,9900,43,3,MEDIUM,7,8,0
1269,9900,31,3,SOFT,6,9,0
1269,9900,27,3,SOFT,6,8,0
1269,9900,55,3,SOFT,6,9,0
1269,9900,87,3,SOFT,6,9,0
1269,9900,6,3,MEDIUM,6,9,0
1269,9900,30,3,MEDIUM,6,9,0
1269,9900,14,3,MEDIUM,7,10,0
1269,9900,16,3,SOFT,7,9,6
1269,9900,44,3,SOFT,7,9,6
1269,9900,1,3,MEDIUM,6,8,5
1269,9900,22,3,SOFT,7,9,0
1269,9900,81,3,MEDIUM,6,7,5
1269,9900,4,3,SOFT,6,8,0
1269,9900,5,3,MEDIUM,6,9,2
1269,9900,18,3,MEDIUM,7,10,0
1269,9900,87,4,MEDIUM,10,11,0
1269,9900,16,4,SOFT,10,11,9
1269,9900,44,4,SOFT,10,11,9
1269,9900,5,4,SOFT,10,10,0
1269,9900,55,4,MEDIUM,10,11,0
1269,9900,6,4,SOFT,10,11,0
1269,9900,30,4,SOFT,10,11,0
1269,9900,18,4,SOFT,11,11,0
1269,9900,14,4,MEDIUM,11,12,4
1269,9900,4,4,SOFT,9,9,0
1269,9900,81,4,SOFT,8,8,0
1269,9900,63,3,MEDIUM,7,9,3
1269,9900,12,3,MEDIUM,6,8,3
1269,9900,22,4,SOFT,10,11,0
1269,9900,1,4,SOFT,9,10,0
1269,9900,30,5,SOFT,12,14,0
1269,9900,16,5,MEDIUM,12,14,0
1269,9900,4,5,SOFT,10,12,4
1269,9900,81,5,SOFT,9,11,1
1269,9900,63,4,MEDIUM,10,12,0
1269,9900,12,4,MEDIUM,9,11,0
1269,9900,5,5,SOFT,11,13,1
1269,9900,6,5,SOFT,12,14,0
1269,9900,18,5,SOFT,12,14,3
1269,9900,55,5,MEDIUM,12,14,2
1269,9900,44,5,SOFT,12,17,0
1269,9900,14,5,MEDIUM,13,18,0
1269,9900,18,6,SOFT,15,16,0
1269,9900,5,6,MEDIUM,14,16,0
1269,9900,30,6,MEDIUM,15,18,0
1269,9900,6,6,MEDIUM,15,17,4
1269,9900,55,6,MEDIUM,15,16,0
1269,9900,63,5,MEDIUM,13,15,0
1269,9900,4,6,MEDIUM,13,14,0
1269,9900,12,5,MEDIUM,12,14,0
1269,9900,81,6,SOFT,12,14,4
1269,9900,16,6,MEDIUM,15,17,0
1269,9900,22,5,MEDIUM,12,17,0
1269,9900,1,5,MEDIUM,11,16,0
1269,9900,16,7,MEDIUM,18,19,0
1269,9900,1,6,MEDIUM,17,18,0
1269,9900,55,7,MEDIUM,17,19,5
1269,9900,30,7,SOFT,19,21,3
1269,9900,6,7,SOFT,18,20,3
1269,9900,4,7,MEDIUM,15,16,0
1269,9900,63,6,MEDIUM,16,17,0
1269,9900,12,6,MEDIUM,15,16,6
1269,9900,81,7,MEDIUM,15,16,0
1269,9900,22,6,MEDIUM,18,19,6
1269,9900,81,8,SOFT,17,18,0
1269,9900,4,8,SOFT,17,18,0
1269,9900,55,8,SOFT,20,20,4
1269,9900,63,7,MEDIUM,18,19,2
1269,9900,30,8,SOFT,22,23,0
1269,9900,12,7,MEDIUM,17,18,0
1269,9900,6,8,SOFT,21,22,0
1269,9900,1,7,MEDIUM,19,20,0
1269,9900,22,7,SOFT,20,20,0
1269,9900,4,9,SOFT,19,21,2
1269,9900,63,8,SOFT,20,22,0
1269,9900,55,9,MEDIUM,21,23,2
1269,9900,30,9,SOFT,24,26,2
1269,9900,12,8,MEDIUM,19,21,2
1269,9900,6,9,SOFT,23,25,2
1269,9900,1,8,SOFT,21,23,0
1269,9900,22,8,SOFT,21,23,1
1269,9904,31,1,HARD,1,1,0
1269,9904,23,1,MEDIUM,1,1,0
1269,9904,31,2,MEDIUM,2,2,0
1269,9904,23,2,MEDIUM,2,15,0
1269,9904,43,1,MEDIUM,1,16,0
1269,9904,12,1,MEDIUM,1,18,5
1269,9904,16,1,MEDIUM,1,19,3
1269,9904,30,1,MEDIUM,1,20,6
1269,9904,14,1,MEDIUM,1,21,3
1269,9904,81,1,MEDIUM,1,1,0
1269,9904,5,1,HARD,1,26,0
1269,9904,55,1,MEDIUM,1,27,5
1269,9904,87,1,HARD,1,28,0
1269,9904,6,1,MEDIUM,1,29,4
1269,9904,10,1,HARD,1,35,0
1269,9904,44,1,HARD,1,36,0
1269,9904,27,1,HARD,1,36,0
1269,9904,4,1,MEDIUM,1,37,0
1269,9904,18,1,MEDIUM,1,37,3
1269,9904,22,1,HARD,1,38,0
1269,9904,63,1,HARD,1,39,0
1269,9904,1,1,HARD,1,40,0
1269,9904,1,2,MEDIUM,41,51,4
1269,9904,10,2,MEDIUM,36,50,0
1269,9904,43,2,HARD,17,50,0
1269,9904,63,2,MEDIUM,40,51,6
1269,9904,55,2,HARD,28,51,0
1269,9904,12,2,HARD,19,51,0
1269,9904,30,2,HARD,21,51,1
1269,9904,22,2,MEDIUM,39,51,6
1269,9904,4,2,HARD,38,51,0
1269,9904,44,2,MEDIUM,37,51,0
1269,9904,16,2,HARD,20,51,0
1269,9904,6,2,HARD,30,51,1
1269,9904,23,3,HARD,16,51,0
1269,9904,5,2,MEDIUM,27,51,0
1269,9904,87,2,MEDIUM,29,51,0
1269,9904,31,3,HARD,3,51,1
1269,9904,14,2,HARD,22,51,0
1269,9904,27,2,MEDIUM,37,51,0
1269,9904,18,2,HARD,38,51,0
1270,9889,23,1,HARD,1,2,0
1270,9889,1,1,HARD,1,5,0
1270,9889,10,1,HARD,1,5,0
1270,9889,63,1,HARD,1,5,0
1270,9889,5,1,HARD,1,6,0
1270,9889,30,1,HARD,1,7,0
1270,9889,6,1,HARD,1,7,0
1270,9889,22,1,HARD,1,7,0
1270,9889,14,1,MEDIUM,1,7,0
1270,9889,10,2,HARD,6,10,5
1270,9889,55,1,HARD,1,10,0
1270,9889,12,1,HARD,1,9,0
1270,9889,18,1,MEDIUM,1,7,0
1270,9889,16,1,HARD,1,11,0
1270,9889,43,1,HARD,1,9,0
1270,9889,4,1,HARD,1,9,0
1270,9889,87,1,HARD,1,11,0
1270,9889,6,2,HARD,8,13,0
1270,9889,22,2,HARD,8,12,7
1270,9889,1,2,HARD,6,10,5
1270,9889,63,2,HARD,6,10,5
1270,9889,81,1,HARD,1,9,0
1270,9889,44,1,HARD,1,11,0
1270,9889,30,2,HARD,8,14,0
1270,9889,27,1,HARD,1,13,0
1270,9889,12,2,MEDIUM,10,12,0
1270,9889,31,1,HARD,1,11,0
1270,9889,5,2,HARD,7,13,0
1270,9889,22,3,SOFT,13,14,0
1270,9889,30,3,SOFT,15,16,0
1270,9889,16,2,SOFT,12,14,0
1270,9889,6,3,SOFT,14,16,0
1270,9889,43,2,SOFT,10,12,0
1270,9889,4,2,SOFT,10,12,0
1270,9889,14,2,MEDIUM,8,12,7
1270,9889,10,3,HARD,11,13,10
1270,9889,81,2,SOFT,10,12,0
1270,9889,27,2,SOFT,14,16,0
1270,9889,63,3,MEDIUM,11,14,0
1270,9889,12,3,MEDIUM,13,15,3
1270,9889,31,2,SOFT,12,14,0
1270,9889,5,3,SOFT,14,16,0
1270,9889,44,2,SOFT,12,16,0
1270,9889,43,3,SOFT,13,15,3
1270,9889,55,2,MEDIUM,11,17,0
1270,9889,18,2,SOFT,8,13,0
1270,9889,10,4,SOFT,14,17,0
1270,9889,81,3,SOFT,13,16,3
1270,9889,30,4,SOFT,17,19,0
1270,9889,6,4,SOFT,17,19,3
1270,9889,5,4,SOFT,17,19,3
1270,9889,1,3,SOFT,11,16,0
1270,9889,16,3,SOFT,15,17,3
1270,9889,4,3,SOFT,13,16,3
1270,9889,87,2,SOFT,12,18,0
1270,9889,31,3,SOFT,15,17,11
1270,9889,12,4,MEDIUM,16,18,0
1270,9889,63,4,MEDIUM,15,17,4
1270,9889,10,5,SOFT,18,20,4
1270,9889,18,3,MEDIUM,14,18,7
1270,9889,22,4,SOFT,15,20,2
1270,9889,14,3,SOFT,13,19,0
1270,9889,81,4,SOFT,17,20,0
1270,9889,44,3,SOFT,17,19,5
1270,9889,30,5,HARD,20,27,14
1270,9889,14,4,SOFT,20,23,7
1270,9889,44,4,SOFT,20,23,8
1270,9889,4,4,SOFT,17,22,7
1270,9889,63,5,MEDIUM,18,22,7
1270,9889,5,5,SOFT,20,27,0
1270,9889,27,3,SOFT,17,29,3
1270,9889,1,4,HARD,17,24,10
1270,9889,22,5,HARD,21,25,0
1270,9889,55,3,MEDIUM,18,27,7
1270,9889,12,5,MEDIUM,19,24,9
1270,9889,16,4,SOFT,18,25,6
1270,9889,10,6,HARD,21,26,13
1270,9889,87,3,HARD,19,25,11
1270,9889,43,4,HARD,16,26,9
1270,9889,31,4,HARD,18,24,11
1270,9889,81,5,SOFT,21,25,11
1270,9889,6,5,SOFT,20,28,6
1270,9890,43,1,MEDIUM,1,3,0
1270,9890,10,1,MEDIUM,1,3,0
1270,9890,12,1,MEDIUM,1,4,0
1270,9890,44,1,MEDIUM,1,4,0
1270,9890,22,1,MEDIUM,1,5,0
1270,9890,87,1,MEDIUM,1,5,0
1270,9890,10,2,MEDIUM,4,6,3
1270,9890,63,1,MEDIUM,1,6,0
1270,9890,16,1,MEDIUM,1,6,0
1270,9890,43,2,MEDIUM,4,7,0
1270,9890,5,1,MEDIUM,1,7,0
1270,9890,16,2,MEDIUM,7,7,6
1270,9890,44,2,MEDIUM,5,7,4
1270,9890,87,2,MEDIUM,6,7,0
1270,9890,31,1,MEDIUM,1,8,0
1270,9890,10,3,MEDIUM,7,8,6
1270,9890,27,1,MEDIUM,1,7,0
1270,9890,55,1,MEDIUM,1,8,0
1270,9890,23,1,MEDIUM,1,8,0
1270,9890,30,1,MEDIUM,1,8,0
1270,9890,14,1,HARD,1,7,0
1270,9890,43,3,MEDIUM,8,8,7
1270,9890,12,2,MEDIUM,5,7,4
1270,9890,6,1,MEDIUM,1,8,0
1270,9890,4,1,MEDIUM,1,8,0
1270,9890,5,2,MEDIUM,8,8,7
1270,9890,81,1,MEDIUM,1,8,0
1270,9890,1,1,MEDIUM,1,8,0
1270,9890,18,1,HARD,1,8,0
1270,9890,22,2,MEDIUM,6,8,0
1270,9890,30,2,SOFT,9,10,0
1270,9890,6,2,SOFT,9,10,0
1270,9890,43,4,SOFT,9,11,0
1270,9890,10,4,SOFT,9,11,0
1270,9890,87,3,SOFT,8,10,0
1270,9890,5,3,SOFT,9,10,0
1270,9890,27,2,SOFT,8,10,0
1270,9890,55,2,SOFT,9,11,0
1270,9890,23,2,MEDIUM,9,11,8
1270,9890,14,2,SOFT,8,10,0
1270,9890,12,3,SOFT,8,9,0
1270,9890,1,2,SOFT,9,10,0
1270,9890,31,2,SOFT,9,11,0
1270,9890,18,2,SOFT,9,10,0
1270,9890,16,3,MEDIUM,8,10,7
1270,9890,81,2,SOFT,9,10,0
1270,9890,22,3,SOFT,9,10,0
1270,9890,44,3,MEDIUM,8,10,7
1270,9890,4,2,SOFT,9,10,0
1270,9890,5,4,SOFT,11,12,2
1270,9890,10,5,SOFT,12,14,3
1270,9890,43,5,SOFT,12,14,3
1270,9890,44,4,SOFT,11,12,0
1270,9890,16,4,SOFT,11,13,0
1270,9890,22,4,SOFT,11,14,2
1270,9890,87,4,SOFT,11,15,3
1270,9890,44,5,SOFT,13,17,2
1270,9890,12,4,MEDIUM,10,18,7
1270,9890,23,3,SOFT,12,19,0
1270,9890,55,3,SOFT,12,20,3
1270,9890,87,5,MEDIUM,16,18,7
1270,9890,31,3,SOFT,12,19,0
1270,9890,22,5,MEDIUM,15,18,0
1270,9890,6,3,SOFT,11,19,2
1270,9890,1,3,SOFT,11,19,2
1270,9890,18,3,SOFT,11,18,2
1270,9890,10,6,SOFT,15,20,6
1270,9890,43,6,SOFT,15,20,6
1270,9890,81,3,SOFT,11,19,0
1270,9890,14,3,SOFT,11,19,3
1270,9890,4,3,SOFT,11,18,0
1270,9890,27,3,SOFT,11,19,3
1270,9890,16,5,SOFT,14,18,0
1270,9890,5,5,SOFT,13,19,0
1270,9891,14,1,HARD,1,1,0
1270,9891,18,1,HARD,1,1,0
1270,9891,43,1,MEDIUM,1,3,0
1270,9891,5,1,MEDIUM,1,3,0
1270,9891,6,1,MEDIUM,1,3,0
1270,9891,10,1,MEDIUM,1,3,0
1270,9891,31,1,MEDIUM,1,5,0
1270,9891,81,1,MEDIUM,1,4,0
1270,9891,18,2,MEDIUM,2,2,0
1270,9891,30,1,MEDIUM,1,5,0
1270,9891,14,2,MEDIUM,2,2,0
1270,9891,30,2,MEDIUM,6,7,5
1270,9891,5,2,MEDIUM,4,6,3
1270,9891,6,2,MEDIUM,4,6,0
1270,9891,5,3,MEDIUM,7,7,0
1270,9891,63,1,SOFT,1,1,0
1270,9891,14,3,MEDIUM,3,4,0
1270,9891,27,1,MEDIUM,1,5,0
1270,9891,18,3,MEDIUM,3,4,0
1270,9891,12,1,SOFT,1,2,0
1270,9891,22,1,MEDIUM,1,7,0
1270,9891,23,1,SOFT,1,4,0
1270,9891,81,2,MEDIUM,5,6,4
1270,9891,4,1,MEDIUM,1,6,0
1270,9891,16,1,MEDIUM,1,4,0
1270,9891,55,1,SOFT,1,5,0
1270,9891,44,1,MEDIUM,1,5,0
1270,9891,43,2,MEDIUM,4,8,3
1270,9891,87,1,MEDIUM,1,8,0
1270,9891,1,1,MEDIUM,1,1,0
1270,9891,10,2,MEDIUM,4,6,3
1270,9891,31,2,MEDIUM,6,8,0
1270,9891,16,2,MEDIUM,5,6,4
1270,9891,6,3,MEDIUM,7,9,0
1270,9891,63,2,SOFT,2,4,1
1270,9891,12,2,SOFT,3,5,2
1270,9891,43,3,MEDIUM,9,11,0
1270,9891,10,3,MEDIUM,7,9,6
1270,9891,31,3,MEDIUM,9,11,8
1270,9891,12,3,SOFT,6,8,5
1270,9891,81,3,MEDIUM,7,15,6
1270,9891,4,2,MEDIUM,7,15,6
1270,9891,55,2,SOFT,6,14,5
1270,9891,14,4,MEDIUM,5,11,2
1270,9891,16,3,MEDIUM,7,12,6
1270,9891,6,4,MEDIUM,10,15,0
1270,9891,4,3,MEDIUM,16,16,15
1270,9891,81,4,MEDIUM,16,16,15
1270,9891,44,2,MEDIUM,6,14,5
1270,9891,87,2,MEDIUM,9,15,8
1270,9891,31,4,MEDIUM,12,14,0
1270,9891,43,4,MEDIUM,12,14,11
1270,9891,1,2,MEDIUM,2,9,1
1270,9891,55,3,SOFT,15,15,14
1270,9891,23,2,SOFT,5,14,4
1270,9891,63,3,SOFT,5,10,4
1270,9891,12,4,SOFT,9,10,8
1270,9891,18,4,MEDIUM,5,15,2
1270,9891,27,2,MEDIUM,6,14,5
1270,9891,5,4,MEDIUM,8,17,7
1270,9891,10,4,MEDIUM,10,15,9
1270,9891,22,2,MEDIUM,8,17,0
1270,9891,16,4,SOFT,13,15,0
1270,9891,14,5,MEDIUM,12,15,0
1270,9891,81,5,SOFT,17,19,0
1270,9891,44,3,SOFT,15,17,0
1270,9891,43,5,SOFT,15,17,0
1270,9891,12,5,SOFT,11,13,0
1270,9891,27,3,SOFT,15,17,0
1270,9891,5,5,SOFT,18,20,0
1270,9891,10,5,SOFT,16,18,0
1270,9891,22,3,SOFT,18,20,0
1270,9891,55,4,SOFT,16,18,0
1270,9891,23,3,SOFT,15,19,0
1270,9891,14,6,SOFT,16,18,0
1270,9891,1,3,SOFT,10,12,0
1270,9891,44,4,SOFT,18,20,2
1270,9891,63,4,SOFT,11,15,0
1270,9891,31,5,SOFT,15,23,0
1270,9891,87,3,SOFT,16,24,0
1270,9891,23,4,SOFT,20,23,0
1270,9891,27,4,SOFT,18,22,1
1270,9891,5,6,SOFT,21,25,0
1270,9891,14,7,SOFT,19,22,0
1270,9891,43,6,SOFT,18,23,0
1270,9891,1,4,SOFT,13,16,2
1270,9891,4,4,SOFT,17,26,0
1270,9891,10,6,SOFT,19,23,0
1270,9891,6,5,SOFT,16,25,0
1270,9891,44,5,SOFT,21,23,7
1270,9891,81,6,SOFT,20,26,0
1270,9891,18,5,SOFT,16,24,0
1270,9891,16,5,SOFT,16,23,3
1270,9891,63,5,SOFT,16,18,10
1270,9891,12,6,SOFT,14,19,1
1270,9891,55,5,SOFT,19,23,2
1270,9891,22,4,SOFT,21,25,0
1270,9892,43,1,SOFT,1,3,0
1270,9892,10,1,SOFT,1,3,0
1270,9892,23,1,SOFT,1,3,0
1270,9892,55,1,SOFT,1,3,0
1270,9892,27,1,SOFT,1,3,0
1270,9892,81,1,SOFT,1,2,0
1270,9892,30,1,SOFT,1,3,0
1270,9892,4,1,SOFT,1,3,0
1270,9892,12,1,SOFT,1,2,0
1270,9892,44,1,SOFT,1,6,0
1270,9892,18,1,SOFT,1,6,0
1270,9892,1,1,SOFT,1,3,0
1270,9892,14,1,SOFT,1,3,0
1270,9892,16,1,SOFT,1,6,0
1270,9892,43,2,SOFT,4,6,0
1270,9892,10,2,SOFT,4,6,0
1270,9892,63,1,SOFT,1,3,0
1270,9892,22,1,SOFT,1,3,0
1270,9892,6,1,SOFT,1,6,0
1270,9892,27,2,SOFT,4,6,3
1270,9892,5,1,SOFT,1,5,0
1270,9892,87,1,SOFT,1,3,0
1270,9892,31,1,SOFT,1,3,0
1270,9892,23,2,SOFT,4,6,3
1270,9892,55,2,SOFT,4,6,3
1270,9892,30,2,SOFT,4,6,0
1270,9892,10,3,SOFT,7,8,0
1270,9892,18,2,SOFT,7,9,0
1270,9892,43,3,SOFT,7,9,0
1270,9892,5,2,SOFT,6,8,0
1270,9892,31,2,SOFT,4,6,0
1270,9892,1,2,SOFT,4,6,3
1270,9892,87,2,SOFT,4,5,0
1270,9892,6,2,SOFT,7,8,0
1270,9892,23,3,SOFT,7,8,0
1270,9892,55,3,SOFT,7,8,0
1270,9892,14,2,SOFT,4,6,0
1270,9892,22,2,SOFT,4,6,0
1270,9892,30,3,SOFT,7,8,0
1270,9892,44,2,SOFT,7,9,0
1270,9892,16,2,SOFT,7,9,0
1270,9892,63,2,SOFT,4,6,0
1270,9892,12,2,SOFT,3,5,0
1270,9892,4,2,SOFT,4,8,0
1270,9892,27,3,SOFT,7,9,0
1270,9892,81,2,SOFT,3,8,0
1270,9892,12,3,SOFT,6,8,0
1270,9892,63,3,SOFT,7,9,3
1270,9892,22,3,SOFT,7,9,0
1270,9892,23,4,SOFT,9,11,0
1270,9892,1,3,SOFT,7,9,0
1270,9892,55,4,SOFT,9,11,0
1270,9892,6,3,SOFT,9,11,0
1270,9892,87,3,SOFT,6,8,0
1270,9892,30,4,SOFT,9,11,2
1270,9892,4,3,SOFT,9,11,3
1270,9892,14,3,SOFT,7,9,0
1270,9892,81,3,SOFT,9,11,2
1270,9892,16,3,SOFT,10,13,0
1270,9892,27,4,SOFT,10,12,0
1270,9892,44,3,SOFT,10,13,0
1270,9892,22,4,SOFT,10,12,0
1270,9892,23,5,SOFT,12,14,0
1270,9892,55,5,SOFT,12,14,0
1270,9892,30,5,SOFT,12,14,0
1270,9892,27,5,SOFT,13,15,0
1270,9892,87,4,SOFT,9,11,0
1270,9892,63,4,SOFT,10,12,0
1270,9892,12,4,SOFT,9,11,0
1270,9892,14,4,SOFT,10,12,0
1270,9892,6,4,SOFT,12,14,0
1270,9892,4,4,SOFT,12,14,0
1270,9892,16,4,SOFT,14,16,0
1270,9892,44,4,SOFT,14,14,0
1270,9892,81,4,SOFT,12,14,0
1270,9892,1,4,SOFT,10,12,0
1270,9892,87,5,SOFT,12,14,2
1270,9892,4,5,SOFT,15,17,0
1270,9892,6,5,SOFT,15,17,0
1270,9892,16,5,SOFT,17,19,3
1270,9892,63,5,SOFT,13,15,0
1270,9892,12,5,SOFT,12,14,0
1270,9892,14,5,SOFT,13,15,3
1270,9892,44,5,SOFT,15,17,0
1270,9892,81,5,SOFT,15,17,0
1270,9892,1,5,SOFT,13,15,0
1270,9892,6,6,SOFT,18,19,0
1270,9892,87,6,SOFT,15,17,0
1270,9892,4,6,SOFT,18,20,0
1270,9892,16,6,SOFT,20,22,0
1270,9892,63,6,SOFT,16,18,0
1270,9892,12,6,SOFT,15,17,0
1270,9892,14,6,SOFT,16,18,0
1270,9892,44,6,SOFT,18,20,1
1270,9892,81,6,SOFT,18,20,0
1270,9892,1,6,SOFT,16,18,0
1270,9896,5,1,MEDIUM,1,13,0
1270,9896,22,1,SOFT,1,13,0
1270,9896,43,1,SOFT,1,14,0
1270,9896,1,1,SOFT,1,19,3
1270,9896,6,1,SOFT,1,20,2
1270,9896,16,1,MEDIUM,1,21,0
1270,9896,87,1,MEDIUM,1,23,0
1270,9896,44,1,MEDIUM,1,24,0
1270,9896,10,1,MEDIUM,1,24,0
1270,9896,63,1,MEDIUM,1,25,0
1270,9896,12,1,MEDIUM,1,25,0
1270,9896,27,1,MEDIUM,1,25,0
1270,9896,4,1,MEDIUM,1,26,0
1270,9896,81,1,MEDIUM,1,27,0
1270,9896,14,1,SOFT,1,27,3
1270,9896,31,1,MEDIUM,1,30,0
1270,9896,18,1,SOFT,1,38,0
1270,9896,23,1,MEDIUM,1,42,0
1270,9896,27,2,HARD,26,44,0
1270,9896,44,2,HARD,25,46,0
1270,9896,30,1,MEDIUM,1,48,0
1270,9896,55,1,MEDIUM,1,50,0
1270,9896,10,2,HARD,25,51,0
1270,9896,63,2,HARD,26,62,0
1270,9896,1,2,HARD,20,62,0
1270,9896,4,2,HARD,27,62,0
1270,9896,81,2,HARD,28,62,0
1270,9896,55,2,SOFT,51,61,0
1270,9896,6,2,HARD,21,61,0
1270,9896,22,2,HARD,14,61,0
1270,9896,18,2,MEDIUM,39,61,1
1270,9896,23,2,SOFT,43,61,0
1270,9896,30,2,SOFT,49,61,0
1270,9896,12,2,HARD,26,62,0
1270,9896,43,2,MEDIUM,15,61,0
1270,9896,16,2,HARD,22,62,0
1270,9896,5,2,HARD,14,61,0
1270,9896,31,2,HARD,31,61,0
1270,9896,10,3,SOFT,52,61,0
1270,9896,27,3,SOFT,45,61,0
1270,9896,44,3,SOFT,47,62,3
1270,9896,14,2,MEDIUM,28,62,1
1270,9896,87,2,HARD,24,62,0
1271,9878,14,1,MEDIUM,1,1,0
1271,9878,18,1,MEDIUM,1,1,0
1271,9878,16,1,HARD,1,2,0
1271,9878,63,1,HARD,1,5,0
1271,9878,30,1,HARD,1,6,0
1271,9878,55,1,HARD,1,9,0
1271,9878,23,1,HARD,1,9,0
1271,9878,87,1,HARD,1,10,0
1271,9878,63,2,HARD,6,8,5
1271,9878,6,1,HARD,1,9,0
1271,9878,14,2,HARD,2,8,0
1271,9878,12,1,HARD,1,9,0
1271,9878,1,1,HARD,1,9,0
1271,9878,22,1,HARD,1,9,0
1271,9878,30,2,HARD,7,10,0
1271,9878,4,1,HARD,1,7,0
1271,9878,10,1,HARD,1,9,0
1271,9878,31,1,HARD,1,10,0
1271,9878,18,2,HARD,2,9,0
1271,9878,81,1,HARD,1,9,0
1271,9878,5,1,HARD,1,8,0
1271,9878,27,1,HARD,1,8,0
1271,9878,44,1,HARD,1,10,0
1271,9878,16,2,HARD,3,9,2
1271,9878,43,1,HARD,1,10,0
1271,9878,87,2,HARD,11,13,10
1271,9878,31,2,HARD,11,13,10
1271,9878,63,3,HARD,9,19,8
1271,9878,6,2,HARD,10,17,9
1271,9878,30,3,HARD,11,18,10
1271,9878,22,2,HARD,10,17,9
1271,9878,23,2,HARD,10,19,9
1271,9878,1,2,HARD,10,19,9
1271,9878,12,2,HARD,10,20,9
1271,9878,10,2,HARD,10,17,0
1271,9878,16,3,HARD,10,17,9
1271,9878,16,4,MEDIUM,18,18,0
1271,9878,14,3,HARD,9,17,7
1271,9878,44,2,HARD,11,18,0
1271,9878,81,2,HARD,10,18,9
1271,9878,18,3,HARD,10,17,8
1271,9878,5,2,HARD,9,17,8
1271,9878,43,2,HARD,11,18,10
1271,9878,87,3,HARD,14,20,13
1271,9878,27,2,HARD,9,17,8
1271,9878,31,3,HARD,14,19,13
1271,9878,4,2,HARD,8,17,7
1271,9878,12,3,MEDIUM,21,22,0
1271,9878,10,3,SOFT,18,20,0
1271,9878,6,3,MEDIUM,18,21,0
1271,9878,30,4,MEDIUM,19,21,0
1271,9878,18,4,SOFT,18,20,0
1271,9878,27,3,SOFT,18,20,0
1271,9878,14,4,SOFT,18,20,0
1271,9878,18,5,SOFT,21,23,0
1271,9878,4,3,SOFT,18,23,0
1271,9878,1,3,SOFT,20,26,0
1271,9878,44,3,MEDIUM,19,25,0
1271,9878,10,4,SOFT,21,24,3
1271,9878,22,3,SOFT,18,24,0
1271,9878,14,5,HARD,21,23,0
1271,9878,6,4,MEDIUM,22,25,0
1271,9878,30,5,MEDIUM,22,25,3
1271,9878,87,4,SOFT,21,27,0
1271,9878,12,4,MEDIUM,23,27,2
1271,9878,43,3,SOFT,19,25,0
1271,9878,5,3,SOFT,18,24,0
1271,9878,27,4,SOFT,21,24,0
1271,9878,63,4,MEDIUM,20,27,0
1271,9878,31,4,SOFT,20,26,0
1271,9878,23,3,SOFT,20,27,0
1271,9878,81,3,SOFT,19,26,0
1271,9879,23,1,MEDIUM,1,3,0
1271,9879,55,1,MEDIUM,1,3,0
1271,9879,43,1,MEDIUM,1,3,0
1271,9879,6,1,MEDIUM,1,3,0
1271,9879,27,1,MEDIUM,1,3,0
1271,9879,18,1,MEDIUM,1,3,0
1271,9879,44,1,MEDIUM,1,3,0
1271,9879,87,1,MEDIUM,1,3,0
1271,9879,5,1,MEDIUM,1,3,0
1271,9879,14,1,MEDIUM,1,3,0
1271,9879,31,1,MEDIUM,1,3,0
1271,9879,22,1,MEDIUM,1,3,0
1271,9879,30,1,MEDIUM,1,3,0
1271,9879,87,2,MEDIUM,4,5,3
1271,9879,31,2,MEDIUM,4,5,3
1271,9879,5,2,MEDIUM,4,5,3
1271,9879,22,2,MEDIUM,4,5,3
1271,9879,43,2,MEDIUM,4,6,3
1271,9879,1,1,MEDIUM,1,6,0
1271,9879,18,2,MEDIUM,4,5,3
1271,9879,14,2,MEDIUM,4,4,3
1271,9879,63,1,MEDIUM,1,5,0
1271,9879,12,1,MEDIUM,1,5,0
1271,9879,23,2,MEDIUM,4,6,0
1271,9879,55,2,MEDIUM,4,6,3
1271,9879,81,1,MEDIUM,1,6,0
1271,9879,4,1,MEDIUM,1,6,0
1271,9879,16,1,MEDIUM,1,6,0
1271,9879,44,2,MEDIUM,4,5,3
1271,9879,30,2,MEDIUM,4,5,3
1271,9879,6,2,MEDIUM,4,6,3
1271,9879,27,2,MEDIUM,4,6,3
1271,9879,10,1,MEDIUM,1,6,0
1271,9879,23,3,MEDIUM,7,9,0
1271,9879,18,3,MEDIUM,6,10,0
1271,9879,55,3,MEDIUM,7,9,0
1271,9879,30,3,MEDIUM,6,8,0
1271,9879,6,3,MEDIUM,7,9,0
1271,9879,10,2,MEDIUM,7,9,0
1271,9879,12,2,MEDIUM,6,11,0
1271,9879,63,2,MEDIUM,6,10,0
1271,9879,23,4,MEDIUM,10,11,3
1271,9879,55,4,MEDIUM,10,11,3
1271,9879,63,3,SOFT,11,13,0
1271,9879,27,3,MEDIUM,7,9,0
1271,9879,16,2,MEDIUM,7,12,0
1271,9879,23,5,SOFT,12,14,0
1271,9879,44,3,MEDIUM,6,11,0
1271,9879,55,5,SOFT,12,14,0
1271,9879,4,2,MEDIUM,7,9,0
1271,9879,14,3,MEDIUM,5,9,0
1271,9879,81,2,MEDIUM,7,10,0
1271,9879,1,2,MEDIUM,7,9,0
1271,9879,27,4,SOFT,10,12,0
1271,9879,16,3,SOFT,13,15,0
1271,9879,44,4,SOFT,12,14,0
1271,9879,4,3,SOFT,10,12,0
1271,9879,14,4,SOFT,10,12,0
1271,9879,81,3,SOFT,11,13,0
1271,9879,1,3,SOFT,10,12,0
1271,9883,14,1,MEDIUM,1,1,0
1271,9883,81,1,MEDIUM,1,1,0
1271,9883,4,1,MEDIUM,1,1,0
1271,9883,18,1,MEDIUM,1,1,5
1271,9883,27,1,MEDIUM,1,1,0
1271,9883,43,1,MEDIUM,1,1,0
1271,9883,43,2,,2,2,6
1271,9883,31,1,MEDIUM,1,15,0
1271,9883,18,2,MEDIUM,2,15,5
1271,9883,1,1,MEDIUM,1,19,0
1271,9883,63,1,MEDIUM,1,19,5
1271,9883,55,1,MEDIUM,1,19,0
1271,9883,44,1,MEDIUM,1,19,5
1271,9883,16,1,MEDIUM,1,19,1
1271,9883,23,1,MEDIUM,1,19,0
1271,9883,22,1,MEDIUM,1,19,0
1271,9883,87,1,MEDIUM,1,19,0
1271,9883,12,1,MEDIUM,1,19,5
1271,9883,30,1,MEDIUM,1,19,5
1271,9883,10,1,MEDIUM,1,19,0
1271,9883,5,1,MEDIUM,1,19,0
1271,9883,6,1,MEDIUM,1,19,6
1271,9883,27,2,MEDIUM,2,19,0
1271,9883,43,3,MEDIUM,3,19,0
1271,9884,6,1,SOFT,1,2,0
1271,9884,27,1,SOFT,1,2,0
1271,9884,5,1,SOFT,1,2,0
1271,9884,23,1,SOFT,1,1,3
1271,9884,55,1,SOFT,1,1,3
1271,9884,87,1,SOFT,1,2,6
1271,9884,31,1,SOFT,1,2,6
1271,9884,30,1,SOFT,1,2,0
1271,9884,14,1,SOFT,1,2,2
1271,9884,43,1,SOFT,1,2,0
1271,9884,18,1,SOFT,1,1,6
1271,9884,63,1,SOFT,1,1,3
1271,9884,16,1,SOFT,1,1,3
1271,9884,10,1,SOFT,1,2,0
1271,9884,22,1,SOFT,1,1,7
1271,9884,4,1,SOFT,1,1,0
1271,9884,44,1,MEDIUM,1,1,6
1271,9884,81,1,SOFT,1,1,3
1271,9884,23,2,SOFT,2,3,4
1271,9884,55,2,SOFT,2,3,4
1271,9884,4,2,SOFT,2,2,4
1271,9884,63,2,SOFT,2,4,0
1271,9884,22,2,SOFT,2,4,0
1271,9884,12,1,SOFT,1,3,0
1271,9884,1,1,SOFT,1,3,3
1271,9884,87,2,SOFT,3,5,0
1271,9884,27,2,SOFT,3,5,0
1271,9884,5,2,SOFT,3,5,2
1271,9884,18,2,SOFT,2,4,0
1271,9884,31,2,SOFT,3,5,0
1271,9884,30,2,SOFT,3,5,0
1271,9884,10,2,SOFT,3,5,0
1271,9884,43,2,SOFT,3,5,0
1271,9884,16,2,SOFT,2,4,0
1271,9884,44,2,SOFT,2,4,0
1271,9884,55,3,SOFT,4,6,0
1271,9884,23,3,SOFT,4,6,0
1271,9884,14,2,SOFT,3,5,0
1271,9884,5,3,SOFT,6,8,0
1271,9884,18,3,SOFT,5,7,0
1271,9884,31,3,SOFT,6,8,0
1271,9884,23,4,SOFT,7,9,0
1271,9884,87,3,SOFT,6,8,0
1271,9884,63,3,SOFT,5,7,0
1271,9884,12,2,SOFT,4,6,0
1271,9884,30,3,SOFT,6,8,0
1271,9884,43,3,SOFT,6,8,0
1271,9884,10,3,SOFT,6,8,0
1271,9884,55,4,SOFT,7,8,0
1271,9884,14,3,SOFT,6,6,0
1271,9884,27,3,SOFT,6,8,0
1271,9884,4,3,SOFT,3,8,0
1271,9884,1,2,SOFT,4,6,0
1271,9884,22,3,SOFT,5,7,0
1271,9884,81,2,SOFT,2,8,0
1271,9884,16,3,SOFT,5,7,3
1271,9884,44,3,SOFT,5,7,3
1271,9884,63,4,SOFT,8,10,3
1271,9884,22,4,SOFT,8,10,0
1271,9884,27,4,SOFT,9,11,3
1271,9884,12,3,SOFT,7,9,0
1271,9884,87,4,SOFT,9,11,0
1271,9884,30,4,SOFT,9,11,0
1271,9884,14,4,SOFT,7,9,3
1271,9884,55,5,SOFT,9,11,0
1271,9884,43,4,SOFT,9,11,0
1271,9884,10,4,SOFT,9,11,0
1271,9884,4,4,SOFT,9,11,0
1271,9884,16,4,SOFT,8,10,0
1271,9884,44,4,SOFT,8,10,0
1271,9884,81,3,SOFT,9,11,0
1271,9884,87,5,SOFT,12,13,0
1271,9884,22,5,SOFT,11,13,0
1271,9884,27,5,SOFT,12,14,0
1271,9884,30,5,SOFT,12,14,0
1271,9884,43,5,SOFT,12,14,0
1271,9884,10,5,SOFT,12,14,0
1271,9884,81,4,SOFT,12,13,0
1271,9884,63,5,SOFT,11,13,0
1271,9884,12,4,SOFT,10,12,0
1271,9884,16,5,SOFT,11,11,0
1271,9884,55,6,SOFT,12,14,0
1271,9884,44,5,SOFT,11,12,0
1271,9884,4,5,SOFT,12,14,3
1271,9884,14,5,SOFT,10,12,0
1271,9884,1,3,SOFT,7,9,0
1271,9884,16,6,SOFT,12,14,0
1271,9884,44,6,SOFT,13,15,0
1271,9884,87,6,SOFT,14,16,2
1271,9884,63,6,SOFT,14,16,0
1271,9884,55,7,SOFT,15,17,2
1271,9884,4,6,SOFT,15,17,0
1271,9884,81,5,SOFT,14,16,2
1271,9884,12,5,SOFT,13,15,0
1271,9884,14,6,SOFT,13,15,3
1271,9884,1,4,SOFT,10,12,0
1271,9884,16,7,SOFT,15,17,0
1271,9884,1,5,SOFT,13,14,0
1271,9884,44,7,SOFT,16,18,0
1271,9884,87,7,SOFT,17,19,0
1271,9884,63,7,SOFT,17,19,0
1271,9884,55,8,SOFT,18,20,0
1271,9884,4,7,SOFT,18,20,0
1271,9884,81,6,SOFT,17,19,0
1271,9884,14,7,SOFT,16,18,0
1271,9884,12,6,SOFT,16,18,0
1271,9888,55,1,MEDIUM,1,5,0
1271,9888,23,1,HARD,1,7,0
1271,9888,5,1,SOFT,1,14,0
1271,9888,16,1,SOFT,1,22,3
1271,9888,31,1,HARD,1,24,0
1271,9888,10,1,MEDIUM,1,27,0
1271,9888,18,1,SOFT,1,28,0
1271,9888,6,1,HARD,1,28,0
1271,9888,22,1,MEDIUM,1,29,0
1271,9888,81,1,MEDIUM,1,30,0
1271,9888,87,1,MEDIUM,1,30,0
1271,9888,14,1,MEDIUM,1,30,1
1271,9888,30,1,MEDIUM,1,30,0
1271,9888,44,1,MEDIUM,1,31,0
1271,9888,12,1,MEDIUM,1,31,0
1271,9888,4,1,MEDIUM,1,32,0
1271,9888,43,1,MEDIUM,1,32,0
1271,9888,1,1,MEDIUM,1,33,0
1271,9888,63,1,MEDIUM,1,33,0
1271,9888,27,1,MEDIUM,1,33,0
1271,9888,23,2,MEDIUM,8,36,0
1271,9888,5,2,MEDIUM,15,36,0
1271,9888,1,2,SOFT,34,56,2
1271,9888,43,2,SOFT,33,55,2
1271,9888,5,3,SOFT,37,55,0
1271,9888,10,2,SOFT,28,55,2
1271,9888,4,2,SOFT,33,56,6
1271,9888,16,2,MEDIUM,23,56,0
1271,9888,44,2,SOFT,32,56,2
1271,9888,81,2,SOFT,31,56,3
1271,9888,63,2,SOFT,34,56,3
1271,9888,22,2,SOFT,30,56,0
1271,9888,27,2,SOFT,34,56,0
1271,9888,87,2,SOFT,31,56,3
1271,9888,14,2,SOFT,31,56,3
1271,9888,30,2,SOFT,31,56,0
1271,9888,18,2,MEDIUM,29,56,1
1271,9888,12,2,SOFT,32,56,3
1271,9888,23,3,SOFT,37,56,0
1271,9888,31,2,MEDIUM,25,56,0
1271,9888,6,2,SOFT,29,56,0
1272,9870,43,1,HARD,1,5,0
1272,9870,6,1,MEDIUM,1,6,0
1272,9870,12,1,HARD,1,7,0
1272,9870,72,1,HARD,1,7,0
1272,9870,61,1,HARD,1,7,0
1272,9870,40,1,HARD,1,8,0
1272,9870,43,2,HARD,6,8,5
1272,9870,5,1,HARD,1,9,0
1272,9870,81,1,HARD,1,5,0
1272,9870,61,2,HARD,8,10,7
1272,9870,81,2,HARD,6,8,5
1272,9870,38,1,HARD,1,9,0
1272,9870,89,1,HARD,1,9,0
1272,9870,43,3,HARD,9,13,8
1272,9870,46,1,HARD,1,12,0
1272,9870,23,1,HARD,1,14,0
1272,9870,40,2,HARD,9,13,8
1272,9870,35,1,HARD,1,11,0
1272,9870,16,1,HARD,1,9,0
1272,9870,12,2,HARD,8,14,0
1272,9870,50,1,HARD,1,9,0
1272,9870,27,1,MEDIUM,1,9,0
1272,9870,6,2,MEDIUM,7,15,6
1272,9870,14,1,HARD,1,9,0
1272,9870,22,1,HARD,1,13,0
1272,9870,61,3,HARD,11,13,10
1272,9870,36,1,HARD,1,12,0
1272,9870,31,1,MEDIUM,1,12,0
1272,9870,27,2,SOFT,10,12,0
1272,9870,6,3,MEDIUM,16,18,0
1272,9870,43,4,HARD,14,14,13
1272,9870,61,4,SOFT,14,16,0
1272,9870,22,2,SOFT,14,16,0
1272,9870,12,3,SOFT,15,17,0
1272,9870,81,3,SOFT,9,14,0
1272,9870,5,2,HARD,10,14,0
1272,9870,43,5,SOFT,15,17,0
1272,9870,72,2,SOFT,8,12,0
1272,9870,89,2,HARD,10,15,9
1272,9870,6,4,MEDIUM,19,21,3
1272,9870,72,3,HARD,13,18,0
1272,9870,61,5,SOFT,17,19,0
1272,9870,16,2,SOFT,10,15,0
1272,9870,31,2,SOFT,13,18,0
1272,9870,38,2,HARD,10,18,9
1272,9870,50,2,SOFT,10,15,0
1272,9870,40,3,MEDIUM,14,19,0
1272,9870,27,3,SOFT,13,15,0
1272,9870,36,2,SOFT,13,17,0
1272,9870,5,3,SOFT,15,18,0
1272,9870,46,2,MEDIUM,13,21,0
1272,9870,23,2,MEDIUM,15,23,0
1272,9870,22,3,SOFT,17,19,3
1272,9870,35,2,MEDIUM,12,20,0
1272,9870,14,2,SOFT,10,17,0
1272,9870,16,3,HARD,16,20,9
1272,9870,40,4,MEDIUM,20,22,6
1272,9870,43,6,SOFT,18,20,3
1272,9870,6,5,MEDIUM,22,24,6
1272,9870,31,3,SOFT,19,21,6
1272,9870,61,6,SOFT,20,22,6
1272,9870,12,4,SOFT,18,28,0
1272,9870,38,3,SOFT,19,24,0
1272,9870,81,4,HARD,15,25,8
1272,9870,40,5,MEDIUM,23,25,9
1272,9870,27,4,MEDIUM,16,24,9
1272,9870,36,3,SOFT,18,26,5
1272,9870,35,3,MEDIUM,21,29,9
1272,9870,50,3,HARD,16,27,9
1272,9870,5,4,SOFT,19,28,4
1272,9870,72,4,HARD,19,32,13
1272,9870,46,3,MEDIUM,22,31,9
1272,9870,27,5,UNKNOWN,25,27,0
1272,9870,43,7,HARD,21,28,14
1272,9870,14,3,HARD,18,26,9
1272,9870,40,6,MEDIUM,26,29,12
1272,9870,23,3,MEDIUM,24,33,9
1272,9870,38,4,UNKNOWN,25,29,0
1272,9870,6,6,MEDIUM,25,32,15
1272,9870,22,4,HARD,20,29,13
1272,9870,61,7,SOFT,23,29,9
1272,9870,16,4,SOFT,21,29,0
1272,9870,31,4,MEDIUM,22,29,12
1272,9870,81,5,SOFT,26,31,6
1272,9870,12,5,HARD,29,35,14
1272,9870,89,3,SOFT,16,30,0
1272,9871,14,1,SOFT,1,1,0
1272,9871,1,1,MEDIUM,1,3,0
1272,9871,43,1,MEDIUM,1,3,0
1272,9871,5,1,MEDIUM,1,4,0
1272,9871,14,2,SOFT,2,2,0
1272,9871,6,1,HARD,1,5,0
1272,9871,10,1,MEDIUM,1,1,0
1272,9871,16,1,MEDIUM,1,5,0
1272,9871,22,1,MEDIUM,1,5,0
1272,9871,30,1,MEDIUM,1,6,0
1272,9871,27,1,HARD,1,6,0
1272,9871,63,1,MEDIUM,1,7,0
1272,9871,43,2,MEDIUM,4,6,3
1272,9871,55,1,MEDIUM,1,7,0
1272,9871,5,2,MEDIUM,5,7,0
1272,9871,10,2,MEDIUM,2,4,1
1272,9871,30,2,MEDIUM,7,9,6
1272,9871,18,1,SOFT,1,7,0
1272,9871,23,1,MEDIUM,1,8,0
1272,9871,12,1,MEDIUM,1,4,0
1272,9871,10,3,MEDIUM,5,7,4
1272,9871,1,2,MEDIUM,4,9,3
1272,9871,16,2,MEDIUM,6,10,0
1272,9871,43,3,MEDIUM,7,9,6
1272,9871,23,2,SOFT,9,11,0
1272,9871,81,1,MEDIUM,1,9,0
1272,9871,4,1,MEDIUM,1,9,0
1272,9871,55,2,MEDIUM,8,12,7
1272,9871,63,2,MEDIUM,8,12,7
1272,9871,27,2,HARD,7,9,6
1272,9871,6,2,HARD,6,11,5
1272,9871,22,2,MEDIUM,6,11,5
1272,9871,44,1,MEDIUM,1,10,0
1272,9871,1,3,MEDIUM,10,12,9
1272,9871,10,4,MEDIUM,8,9,0
1272,9871,5,3,MEDIUM,8,9,0
1272,9871,14,3,MEDIUM,3,10,0
1272,9871,31,1,HARD,1,11,0
1272,9871,87,1,MEDIUM,1,14,0
1272,9871,16,3,SOFT,11,13,0
1272,9871,18,2,SOFT,8,12,7
1272,9871,43,4,SOFT,10,12,0
1272,9871,55,3,SOFT,13,15,0
1272,9871,63,3,SOFT,13,15,0
1272,9871,12,2,MEDIUM,5,9,4
1272,9871,44,2,SOFT,11,13,0
1272,9871,10,5,SOFT,10,12,0
1272,9871,30,3,MEDIUM,10,16,9
1272,9871,14,4,SOFT,11,13,0
1272,9871,6,3,SOFT,12,14,0
1272,9871,18,3,SOFT,13,15,0
1272,9871,5,4,SOFT,10,14,0
1272,9871,1,4,SOFT,13,15,0
1272,9871,30,4,SOFT,17,19,0
1272,9871,23,3,SOFT,12,15,3
1272,9871,16,4,SOFT,14,16,3
1272,9871,43,5,SOFT,13,15,3
1272,9871,81,2,SOFT,10,15,0
1272,9871,55,4,SOFT,16,18,3
1272,9871,12,3,SOFT,10,12,0
1272,9871,4,2,SOFT,10,15,0
1272,9871,10,6,SOFT,13,15,3
1272,9871,22,3,SOFT,12,17,0
1272,9871,63,4,SOFT,16,18,3
1272,9871,27,3,SOFT,10,15,0
1272,9871,55,5,SOFT,19,19,6
1272,9871,31,2,SOFT,12,17,0
1272,9871,87,2,SOFT,15,20,0
1272,9871,6,4,SOFT,15,17,3
1272,9871,5,5,SOFT,15,17,5
1272,9871,18,4,SOFT,16,18,3
1272,9871,14,5,SOFT,14,17,3
1272,9871,44,3,SOFT,14,19,3
1272,9871,27,4,HARD,16,19,9
1272,9871,30,5,SOFT,20,23,3
1272,9871,23,4,MEDIUM,16,24,8
1272,9871,1,5,MEDIUM,16,27,12
1272,9871,4,3,SOFT,16,26,6
1272,9871,63,5,MEDIUM,19,28,12
1272,9871,6,5,HARD,18,26,11
1272,9871,81,3,SOFT,16,27,6
1272,9871,31,3,HARD,18,28,11
1272,9871,22,4,MEDIUM,18,31,11
1272,9871,27,5,SOFT,20,29,6
1272,9871,30,6,SOFT,24,32,7
1272,9871,16,5,MEDIUM,17,32,10
1272,9871,6,6,SOFT,27,30,6
1272,9871,12,4,MEDIUM,13,27,9
1272,9871,44,4,MEDIUM,20,30,10
1272,9871,18,5,SOFT,19,30,6
1272,9871,10,7,MEDIUM,16,30,9
1272,9871,1,6,SOFT,28,34,0
1272,9871,23,5,SOFT,25,31,7
1272,9871,87,3,SOFT,21,34,6
1272,9871,14,6,MEDIUM,18,29,8
1272,9871,43,6,SOFT,16,31,6
1272,9871,31,4,SOFT,29,31,6
1272,9871,81,4,MEDIUM,28,31,9
1272,9871,5,6,MEDIUM,18,30,9
1272,9871,4,4,MEDIUM,27,31,9
1272,9871,55,6,MEDIUM,20,34,12
1272,9871,63,6,SOFT,29,33,6
1272,9872,18,1,MEDIUM,1,1,0
1272,9872,14,1,HARD,1,1,0
1272,9872,18,2,SOFT,2,2,0
1272,9872,14,2,MEDIUM,2,2,0
1272,9872,18,3,SOFT,3,3,0
1272,9872,14,3,SOFT,3,3,0
1272,9872,43,1,MEDIUM,1,1,0
1272,9872,10,1,MEDIUM,1,1,0
1272,9872,18,4,SOFT,4,4,0
1272,9872,14,4,SOFT,4,4,0
1272,9872,27,1,MEDIUM,1,3,0
1272,9872,5,1,MEDIUM,1,3,0
1272,9872,43,2,SOFT,2,4,0
1272,9872,10,2,SOFT,2,4,0
1272,9872,44,1,MEDIUM,1,5,0
1272,9872,16,1,MEDIUM,1,3,0
1272,9872,14,5,SOFT,5,5,0
1272,9872,18,5,SOFT,5,5,0
1272,9872,30,1,SOFT,1,3,0
1272,9872,87,1,MEDIUM,1,5,0
1272,9872,43,3,SOFT,5,7,3
1272,9872,10,3,SOFT,5,7,0
1272,9872,6,1,SOFT,1,3,0
1272,9872,44,2,MEDIUM,6,9,5
1272,9872,55,1,SOFT,1,7,0
1272,9872,31,1,MEDIUM,1,8,0
1272,9872,1,1,MEDIUM,1,9,0
1272,9872,14,6,MEDIUM,6,12,0
1272,9872,27,2,MEDIUM,4,6,0
1272,9872,12,1,MEDIUM,1,3,0
1272,9872,63,1,MEDIUM,1,3,0
1272,9872,22,1,MEDIUM,1,8,0
1272,9872,5,2,MEDIUM,4,6,0
1272,9872,16,2,MEDIUM,4,9,3
1272,9872,30,2,SOFT,4,7,3
1272,9872,6,2,SOFT,4,6,3
1272,9872,55,2,SOFT,8,10,7
1272,9872,63,2,MEDIUM,4,6,3
1272,9872,44,3,MEDIUM,10,12,9
1272,9872,12,2,MEDIUM,4,7,3
1272,9872,5,3,MEDIUM,7,8,6
1272,9872,10,4,SOFT,8,10,6
1272,9872,30,3,SOFT,8,10,7
1272,9872,6,3,SOFT,7,9,6
1272,9872,43,4,SOFT,8,10,6
1272,9872,23,1,SOFT,1,9,0
1272,9872,10,5,SOFT,11,13,9
1272,9872,6,4,SOFT,10,10,0
1272,9872,23,2,SOFT,10,11,0
1272,9872,18,6,MEDIUM,6,13,0
1272,9872,4,1,MEDIUM,1,11,0
1272,9872,22,2,MEDIUM,9,14,8
1272,9872,30,4,SOFT,11,11,0
1272,9872,81,1,MEDIUM,1,14,0
1272,9872,63,3,MEDIUM,7,10,6
1272,9872,16,3,MEDIUM,10,16,9
1272,9872,12,3,MEDIUM,8,10,7
1272,9872,1,2,MEDIUM,10,19,9
1272,9872,55,3,SOFT,11,17,10
1272,9872,31,2,MEDIUM,9,17,8
1272,9872,44,4,MEDIUM,13,19,12
1272,9872,87,2,MEDIUM,6,14,0
1272,9872,4,2,MEDIUM,12,14,11
1272,9872,27,3,MEDIUM,7,18,6
1272,9872,5,4,MEDIUM,9,17,8
1272,9872,63,4,SOFT,11,13,0
1272,9872,10,6,SOFT,14,16,0
1272,9872,12,4,SOFT,11,13,0
1272,9872,43,5,SOFT,11,15,9
1272,9872,18,7,SOFT,14,16,0
1272,9872,16,4,SOFT,17,19,0
1272,9872,30,5,SOFT,12,14,0
1272,9872,6,5,SOFT,11,13,0
1272,9872,22,3,SOFT,15,17,0
1272,9872,23,3,SOFT,12,14,2
1272,9872,10,7,SOFT,17,19,0
1272,9872,43,6,SOFT,16,18,0
1272,9872,18,8,SOFT,17,19,3
1272,9872,27,4,SOFT,19,21,0
1272,9872,5,5,SOFT,18,20,0
1272,9872,6,6,SOFT,14,16,3
1272,9872,81,2,SOFT,15,20,0
1272,9872,87,3,SOFT,15,20,0
1272,9872,31,3,SOFT,18,23,0
1272,9872,55,4,SOFT,18,21,0
1272,9872,63,5,SOFT,14,16,3
1272,9872,4,3,SOFT,15,19,0
1272,9872,12,5,SOFT,14,16,3
1272,9872,23,4,SOFT,15,17,5
1272,9872,16,5,SOFT,20,26,3
1272,9872,30,6,SOFT,15,20,3
1272,9872,43,7,SOFT,19,22,3
1272,9872,87,4,MEDIUM,21,23,14
1272,9872,27,5,SOFT,22,25,0
1272,9872,6,7,SOFT,17,19,0
1272,9872,5,6,SOFT,21,24,3
1272,9872,44,5,SOFT,20,29,0
1272,9872,55,5,SOFT,22,24,17
1272,9872,81,3,SOFT,21,23,6
1272,9872,31,4,MEDIUM,24,26,17
1272,9872,22,4,SOFT,18,23,3
1272,9872,18,9,SOFT,20,23,0
1272,9872,1,3,SOFT,20,30,0
1272,9872,4,4,SOFT,20,22,5
1272,9872,63,6,SOFT,17,19,0
1272,9872,10,8,SOFT,20,24,3
1272,9872,23,5,SOFT,18,20,9
1272,9872,12,6,SOFT,17,19,6
1272,9873,18,1,SOFT,1,3,1
1272,9873,87,1,SOFT,1,3,0
1272,9873,31,1,SOFT,1,3,0
1272,9873,14,1,SOFT,1,3,1
1272,9873,10,1,SOFT,1,3,0
1272,9873,43,1,SOFT,1,3,0
1272,9873,5,1,SOFT,1,3,0
1272,9873,27,1,SOFT,1,3,0
1272,9873,23,1,SOFT,1,3,0
1272,9873,6,1,SOFT,1,3,0
1272,9873,30,1,SOFT,1,3,0
1272,9873,1,1,SOFT,1,3,0
1272,9873,22,1,SOFT,1,3,0
1272,9873,4,1,SOFT,1,6,0
1272,9873,18,2,SOFT,4,6,1
1272,9873,12,1,SOFT,1,3,0
1272,9873,55,1,SOFT,1,3,0
1272,9873,10,2,SOFT,4,6,0
1272,9873,43,2,SOFT,4,6,0
1272,9873,5,2,SOFT,4,6,3
1272,9873,27,2,SOFT,4,6,0
1272,9873,31,2,SOFT,4,6,0
1272,9873,87,2,SOFT,4,6,0
1272,9873,63,1,SOFT,1,3,0
1272,9873,44,1,SOFT,1,6,0
1272,9873,14,2,SOFT,4,6,1
1272,9873,81,1,SOFT,1,6,0
1272,9873,16,1,SOFT,1,6,0
1272,9873,23,2,SOFT,4,6,0
1272,9873,43,3,SOFT,7,8,0
1272,9873,18,3,SOFT,7,9,1
1272,9873,10,3,SOFT,7,9,0
1272,9873,5,3,SOFT,7,9,0
1272,9873,23,3,SOFT,7,9,0
1272,9873,6,2,SOFT,4,6,0
1272,9873,30,2,SOFT,4,6,0
1272,9873,27,3,SOFT,7,9,0
1272,9873,14,3,SOFT,7,9,1
1272,9873,44,2,SOFT,7,9,0
1272,9873,1,2,SOFT,4,6,3
1272,9873,16,2,SOFT,7,8,6
1272,9873,22,2,SOFT,4,6,0
1272,9873,31,3,SOFT,7,9,0
1272,9873,87,3,SOFT,7,9,0
1272,9873,55,2,SOFT,4,6,0
1272,9873,4,2,SOFT,7,9,0
1272,9873,81,2,SOFT,7,8,0
1272,9873,12,2,SOFT,4,6,0
1272,9873,63,2,SOFT,4,6,0
1272,9873,6,3,SOFT,7,9,0
1272,9873,30,3,SOFT,7,8,0
1272,9873,27,4,SOFT,10,12,0
1272,9873,31,4,SOFT,10,12,0
1272,9873,1,3,SOFT,7,9,0
1272,9873,87,4,SOFT,10,12,3
1272,9873,44,3,SOFT,10,12,3
1272,9873,12,3,SOFT,7,9,0
1272,9873,63,3,SOFT,7,9,0
1272,9873,55,3,SOFT,7,9,0
1272,9873,4,3,SOFT,10,12,0
1272,9873,16,3,SOFT,9,11,0
1272,9873,22,3,SOFT,7,9,0
1272,9873,14,4,SOFT,10,12,4
1272,9873,81,3,SOFT,9,11,2
1272,9873,30,4,SOFT,9,10,0
1272,9873,27,5,SOFT,13,15,0
1272,9873,31,5,SOFT,13,15,0
1272,9873,22,4,SOFT,10,12,0
1272,9873,14,5,SOFT,13,15,1
1272,9873,30,5,SOFT,11,13,3
1272,9873,1,4,SOFT,10,12,0
1272,9873,87,5,SOFT,13,15,0
1272,9873,4,4,SOFT,13,15,0
1272,9873,81,4,SOFT,12,14,0
1272,9873,55,4,SOFT,10,12,0
1272,9873,6,4,SOFT,10,12,0
1272,9873,44,4,SOFT,13,15,0
1272,9873,16,4,SOFT,12,14,3
1272,9873,12,4,SOFT,10,12,0
1272,9873,63,4,SOFT,10,12,0
1272,9873,87,6,SOFT,16,18,3
1272,9873,81,5,SOFT,15,17,0
1272,9873,1,5,SOFT,13,15,0
1272,9873,55,5,SOFT,13,15,0
1272,9873,6,5,SOFT,13,15,3
1272,9873,4,5,SOFT,16,18,0
1272,9873,44,5,SOFT,16,18,0
1272,9873,16,5,SOFT,15,17,0
1272,9873,12,5,SOFT,13,15,3
1272,9873,63,5,SOFT,13,15,0
1272,9873,87,7,SOFT,19,21,0
1272,9873,81,6,SOFT,18,20,0
1272,9873,1,6,SOFT,16,18,0
1272,9873,55,6,SOFT,16,18,0
1272,9873,6,6,SOFT,16,18,0
1272,9873,4,6,SOFT,19,21,0
1272,9873,44,6,SOFT,19,21,0
1272,9873,16,6,SOFT,18,20,0
1272,9873,12,6,SOFT,16,18,0
1272,9873,63,6,SOFT,16,18,0
1272,9877,30,1,SOFT,1,2,0
1272,9877,30,2,HARD,3,5,0
1272,9877,55,1,MEDIUM,1,17,0
1272,9877,14,1,SOFT,1,20,0
1272,9877,12,1,SOFT,1,22,3
1272,9877,44,1,SOFT,1,23,3
1272,9877,87,1,SOFT,1,24,3
1272,9877,81,1,SOFT,1,24,3
1272,9877,63,1,SOFT,1,25,3
1272,9877,27,1,SOFT,1,25,0
1272,9877,18,1,SOFT,1,26,0
1272,9877,31,1,SOFT,1,27,0
1272,9877,16,1,SOFT,1,31,0
1272,9877,10,1,MEDIUM,1,33,0
1272,9877,4,1,SOFT,1,34,0
1272,9877,6,1,MEDIUM,1,34,0
1272,9877,14,2,MEDIUM,21,34,1
1272,9877,22,1,MEDIUM,1,36,0
1272,9877,1,1,MEDIUM,1,37,0
1272,9877,5,1,MEDIUM,1,37,0
1272,9877,23,1,HARD,1,41,0
1272,9877,18,2,MEDIUM,27,43,1
1272,9877,55,2,SOFT,18,46,0
1272,9877,12,2,MEDIUM,23,47,0
1272,9877,81,2,MEDIUM,25,47,0
1272,9877,44,2,MEDIUM,24,47,0
1272,9877,87,2,MEDIUM,25,48,0
1272,9877,63,2,MEDIUM,26,48,0
1272,9877,43,1,HARD,1,48,0
1272,9877,55,3,SOFT,47,56,3
1272,9877,55,4,SOFT,57,67,13
1272,9877,4,2,MEDIUM,35,71,0
1272,9877,23,2,SOFT,42,70,0
1272,9877,6,2,SOFT,35,70,3
1272,9877,18,3,SOFT,44,70,1
1272,9877,16,2,MEDIUM,32,71,0
1272,9877,1,2,SOFT,38,71,3
1272,9877,87,3,SOFT,49,71,3
1272,9877,81,3,SOFT,48,71,3
1272,9877,10,2,SOFT,34,70,0
1272,9877,43,2,SOFT,49,70,0
1272,9877,12,3,SOFT,48,71,3
1272,9877,63,3,SOFT,49,71,3
1272,9877,44,3,SOFT,48,71,3
1272,9877,31,2,MEDIUM,28,71,0
1272,9877,5,2,SOFT,38,71,0
1272,9877,22,2,SOFT,37,71,0
1273,9859,22,1,HARD,1,4,0
1273,9859,30,1,HARD,1,6,0
1273,9859,14,1,HARD,1,7,0
1273,9859,6,1,HARD,1,6,0
1273,9859,43,1,HARD,1,8,0
1273,9859,27,1,HARD,1,8,0
1273,9859,87,1,HARD,1,9,0
1273,9859,30,2,HARD,7,11,0
1273,9859,43,2,HARD,9,11,0
1273,9859,18,1,HARD,1,9,0
1273,9859,1,1,HARD,1,9,0
1273,9859,12,1,HARD,1,12,0
1273,9859,63,1,HARD,1,10,0
1273,9859,81,1,HARD,1,11,0
1273,9859,6,2,HARD,7,12,6
1273,9859,4,1,HARD,1,11,0
1273,9859,55,1,HARD,1,14,0
1273,9859,23,1,HARD,1,13,0
1273,9859,30,3,HARD,12,14,11
1273,9859,5,1,HARD,1,11,0
1273,9859,16,1,HARD,1,12,0
1273,9859,27,2,HARD,9,10,8
1273,9859,10,1,HARD,1,12,0
1273,9859,87,2,HARD,10,13,9
1273,9859,44,1,HARD,1,14,0
1273,9859,31,1,HARD,1,11,0
1273,9859,14,2,HARD,8,17,0
1273,9859,23,2,HARD,14,23,13
1273,9859,55,2,HARD,15,23,14
1273,9859,63,2,HARD,11,24,10
1273,9859,18,2,HARD,10,19,9
1273,9859,12,2,HARD,13,25,12
1273,9859,6,3,HARD,13,20,12
1273,9859,55,3,HARD,24,24,0
1273,9859,87,3,HARD,14,22,13
1273,9859,30,4,HARD,15,24,0
1273,9859,31,2,HARD,12,19,11
1273,9859,10,2,HARD,13,22,12
1273,9859,43,3,HARD,12,19,0
1273,9859,81,2,HARD,12,23,11
1273,9859,5,2,HARD,12,22,11
1273,9859,4,2,HARD,12,21,11
1273,9859,27,3,HARD,11,22,10
1273,9859,18,3,MEDIUM,20,22,0
1273,9859,12,3,MEDIUM,26,28,0
1273,9859,16,2,HARD,13,21,12
1273,9859,44,2,HARD,15,22,14
1273,9859,63,3,MEDIUM,25,27,0
1273,9859,87,4,MEDIUM,23,25,0
1273,9859,31,3,MEDIUM,20,22,0
1273,9859,14,3,MEDIUM,18,20,0
1273,9859,81,3,MEDIUM,24,26,0
1273,9859,5,3,MEDIUM,23,25,0
1273,9859,4,3,MEDIUM,22,24,0
1273,9859,22,2,SOFT,5,13,0
1273,9859,1,2,HARD,10,26,9
1273,9859,30,5,MEDIUM,25,30,0
1273,9859,27,4,MEDIUM,23,27,0
1273,9859,12,4,MEDIUM,29,32,3
1273,9859,6,4,MEDIUM,21,26,0
1273,9859,87,5,MEDIUM,26,28,3
1273,9859,5,4,MEDIUM,26,28,0
1273,9859,31,4,MEDIUM,23,25,3
1273,9859,1,3,SOFT,27,28,0
1273,9859,44,3,HARD,23,28,22
1273,9859,14,4,MEDIUM,21,23,3
1273,9859,1,4,HARD,29,31,26
1273,9859,87,6,MEDIUM,29,32,6
1273,9859,16,3,HARD,22,30,21
1273,9859,5,5,MEDIUM,29,32,0
1273,9859,10,3,MEDIUM,23,33,0
1273,9859,14,5,HARD,24,26,17
1273,9859,81,4,MEDIUM,27,33,3
1273,9859,4,4,MEDIUM,25,31,3
1273,9859,22,3,SOFT,14,20,9
1273,9859,31,5,MEDIUM,26,29,6
1273,9859,23,3,MEDIUM,24,35,0
1273,9859,27,5,MEDIUM,28,32,0
1273,9859,63,4,MEDIUM,28,35,3
1273,9859,55,4,MEDIUM,25,36,0
1273,9859,6,5,MEDIUM,27,31,6
1273,9859,12,5,MEDIUM,33,37,7
1273,9859,18,4,MEDIUM,23,31,0
1273,9859,30,6,MEDIUM,31,36,0
1273,9859,43,4,MEDIUM,20,30,0
1273,9860,22,1,MEDIUM,1,3,0
1273,9860,87,1,MEDIUM,1,3,0
1273,9860,23,1,MEDIUM,1,3,0
1273,9860,31,1,MEDIUM,1,3,0
1273,9860,5,1,MEDIUM,1,3,0
1273,9860,27,1,MEDIUM,1,3,0
1273,9860,6,1,MEDIUM,1,3,0
1273,9860,14,1,MEDIUM,1,3,0
1273,9860,18,1,MEDIUM,1,3,0
1273,9860,55,1,MEDIUM,1,3,0
1273,9860,30,1,MEDIUM,1,3,0
1273,9860,22,2,MEDIUM,4,6,3
1273,9860,31,2,MEDIUM,4,6,3
1273,9860,30,2,MEDIUM,4,5,0
1273,9860,43,1,MEDIUM,1,6,0
1273,9860,55,2,MEDIUM,4,6,3
1273,9860,5,2,MEDIUM,4,6,3
1273,9860,87,2,MEDIUM,4,6,3
1273,9860,27,2,MEDIUM,4,6,3
1273,9860,23,2,MEDIUM,4,6,3
1273,9860,14,2,MEDIUM,4,6,3
1273,9860,18,2,MEDIUM,4,6,3
1273,9860,16,1,MEDIUM,1,8,0
1273,9860,44,1,MEDIUM,1,8,0
1273,9860,6,2,MEDIUM,4,6,0
1273,9860,1,1,MEDIUM,1,6,0
1273,9860,4,1,MEDIUM,1,9,0
1273,9860,10,1,MEDIUM,1,6,0
1273,9860,81,1,MEDIUM,1,9,0
1273,9860,63,1,MEDIUM,1,4,0
1273,9860,12,1,MEDIUM,1,5,0
1273,9860,27,3,MEDIUM,7,9,0
1273,9860,5,3,MEDIUM,7,9,0
1273,9860,87,3,MEDIUM,7,9,0
1273,9860,23,3,MEDIUM,7,9,0
1273,9860,18,3,MEDIUM,7,9,0
1273,9860,16,2,MEDIUM,9,11,0
1273,9860,44,2,MEDIUM,9,11,0
1273,9860,5,4,MEDIUM,10,12,3
1273,9860,87,4,MEDIUM,10,12,3
1273,9860,23,4,MEDIUM,10,12,3
1273,9860,44,3,MEDIUM,12,14,3
1273,9860,10,2,MEDIUM,7,12,0
1273,9860,63,2,MEDIUM,5,10,0
1273,9860,16,3,MEDIUM,12,13,3
1273,9860,12,2,MEDIUM,6,10,0
1273,9860,81,2,MEDIUM,10,13,0
1273,9860,4,2,MEDIUM,10,14,0
1273,9860,27,4,MEDIUM,10,12,3
1273,9860,18,4,MEDIUM,10,12,3
1273,9860,14,3,MEDIUM,7,9,0
1273,9860,1,2,MEDIUM,7,12,0
1273,9860,6,3,MEDIUM,7,12,0
1273,9860,63,3,SOFT,11,13,0
1273,9860,16,4,SOFT,14,16,0
1273,9860,12,3,SOFT,11,13,0
1273,9860,27,5,SOFT,13,15,0
1273,9860,18,5,SOFT,13,15,0
1273,9860,81,3,SOFT,14,19,0
1273,9860,4,3,SOFT,15,20,0
1273,9860,14,4,SOFT,10,12,0
1273,9860,1,3,SOFT,13,15,0
1273,9860,6,4,SOFT,13,15,0
1273,9860,63,4,SOFT,14,16,3
1273,9860,16,5,SOFT,17,19,3
1273,9860,12,4,SOFT,14,16,3
1273,9864,81,1,MEDIUM,1,5,4
1273,9864,43,1,MEDIUM,1,5,6
1273,9864,27,1,MEDIUM,1,6,6
1273,9864,4,1,MEDIUM,1,7,5
1273,9864,12,1,SOFT,1,7,6
1273,9864,63,1,SOFT,1,7,6
1273,9864,1,1,SOFT,1,7,3
1273,9864,14,1,MEDIUM,1,7,3
1273,9864,16,1,SOFT,1,7,6
1273,9864,44,1,MEDIUM,1,7,6
1273,9864,18,1,MEDIUM,1,7,0
1273,9864,10,1,MEDIUM,1,7,6
1273,9864,23,1,SOFT,1,7,0
1273,9864,6,1,SOFT,1,7,3
1273,9864,5,1,MEDIUM,1,7,6
1273,9864,30,1,MEDIUM,1,7,5
1273,9864,31,1,MEDIUM,1,7,6
1273,9864,87,1,MEDIUM,1,7,6
1273,9864,22,1,MEDIUM,1,7,6
1273,9864,55,1,MEDIUM,1,7,6
1273,9864,27,2,MEDIUM,7,7,0
1273,9864,5,2,MEDIUM,8,23,10
1273,9864,4,2,SOFT,8,24,6
1273,9864,12,2,MEDIUM,8,24,5
1273,9864,63,2,MEDIUM,8,24,6
1273,9864,1,2,MEDIUM,8,24,0
1273,9864,16,2,MEDIUM,8,24,8
1273,9864,14,2,SOFT,8,24,3
1273,9864,44,2,MEDIUM,8,24,8
1273,9864,10,2,SOFT,8,24,0
1273,9864,18,2,SOFT,8,24,3
1273,9864,6,2,MEDIUM,8,24,6
1273,9864,31,2,MEDIUM,8,24,10
1273,9864,87,2,MEDIUM,8,24,10
1273,9864,30,2,MEDIUM,8,24,12
1273,9864,22,2,MEDIUM,8,24,13
1273,9864,55,2,MEDIUM,8,24,12
1273,9864,27,3,MEDIUM,8,24,11
1273,9864,23,2,SOFT,8,24,7
1273,9865,23,1,MEDIUM,1,1,12
1273,9865,55,1,MEDIUM,1,1,13
1273,9865,27,1,SOFT,1,2,0
1273,9865,31,1,SOFT,1,3,0
1273,9865,30,1,SOFT,1,3,0
1273,9865,87,1,SOFT,1,3,0
1273,9865,18,1,MEDIUM,1,3,7
1273,9865,14,1,MEDIUM,1,3,10
1273,9865,43,1,SOFT,1,3,0
1273,9865,10,1,MEDIUM,1,3,11
1273,9865,55,2,SOFT,2,4,0
1273,9865,81,1,SOFT,1,3,6
1273,9865,23,2,SOFT,2,4,0
1273,9865,27,2,SOFT,3,5,0
1273,9865,44,1,SOFT,1,4,0
1273,9865,1,1,SOFT,1,3,2
1273,9865,4,1,SOFT,1,6,0
1273,9865,63,1,SOFT,1,3,0
1273,9865,30,2,SOFT,4,6,0
1273,9865,18,2,SOFT,4,6,0
1273,9865,6,1,SOFT,1,6,0
1273,9865,16,1,MEDIUM,1,6,0
1273,9865,31,2,SOFT,4,6,0
1273,9865,14,2,SOFT,4,6,0
1273,9865,22,1,SOFT,1,6,0
1273,9865,55,3,SOFT,5,7,0
1273,9865,10,2,SOFT,4,6,0
1273,9865,44,2,SOFT,5,6,4
1273,9865,43,2,SOFT,4,6,0
1273,9865,81,2,SOFT,4,6,0
1273,9865,23,3,SOFT,5,7,0
1273,9865,87,2,SOFT,4,6,0
1273,9865,27,3,SOFT,6,8,0
1273,9865,12,1,SOFT,1,3,0
1273,9865,31,3,SOFT,7,9,0
1273,9865,22,2,SOFT,7,9,0
1273,9865,43,3,SOFT,7,9,0
1273,9865,1,2,SOFT,4,9,0
1273,9865,55,4,SOFT,8,10,0
1273,9865,23,4,SOFT,8,9,0
1273,9865,81,3,SOFT,7,8,0
1273,9865,16,2,SOFT,7,9,0
1273,9865,44,3,SOFT,7,9,0
1273,9865,87,3,SOFT,7,8,3
1273,9865,6,2,SOFT,7,9,0
1273,9865,14,3,SOFT,7,9,0
1273,9865,30,3,SOFT,7,9,0
1273,9865,18,3,SOFT,7,9,0
1273,9865,27,4,SOFT,9,11,0
1273,9865,10,3,SOFT,7,9,0
1273,9865,4,2,SOFT,7,9,0
1273,9865,55,5,SOFT,11,12,3
1273,9865,23,5,SOFT,10,12,3
1273,9865,63,2,SOFT,4,6,0
1273,9865,12,2,SOFT,4,5,0
1273,9865,14,4,SOFT,10,12,0
1273,9865,18,4,SOFT,10,12,0
1273,9865,27,5,SOFT,12,14,0
1273,9865,16,3,SOFT,10,13,0
1273,9865,44,4,SOFT,10,12,0
1273,9865,10,4,SOFT,10,12,0
1273,9865,55,6,SOFT,13,15,0
1273,9865,6,3,SOFT,10,12,0
1273,9865,30,4,SOFT,10,12,0
1273,9865,23,6,SOFT,13,15,0
1273,9865,4,3,SOFT,10,12,3
1273,9865,87,4,SOFT,9,11,0
1273,9865,81,4,SOFT,9,11,0
1273,9865,55,7,SOFT,16,17,0
1273,9865,14,5,SOFT,13,15,0
1273,9865,18,5,SOFT,13,15,0
1273,9865,12,3,SOFT,6,8,0
1273,9865,63,3,SOFT,7,9,0
1273,9865,23,7,SOFT,16,18,0
1273,9865,44,5,SOFT,13,16,0
1273,9865,27,6,SOFT,15,17,0
1273,9865,87,5,SOFT,12,13,0
1273,9865,10,5,SOFT,13,15,0
1273,9865,16,4,SOFT,14,16,0
1273,9865,4,4,SOFT,13,15,0
1273,9865,30,5,SOFT,13,15,0
1273,9865,6,4,SOFT,13,15,0
1273,9865,81,5,SOFT,12,13,0
1273,9865,63,4,SOFT,10,10,0
1273,9865,12,4,SOFT,9,10,2
1273,9865,27,7,SOFT,18,20,3
1273,9865,87,6,SOFT,14,16,0
1273,9865,16,5,SOFT,17,19,0
1273,9865,4,5,SOFT,16,18,0
1273,9865,81,6,SOFT,14,16,0
1273,9865,30,6,SOFT,16,18,3
1273,9865,6,5,SOFT,16,18,3
1273,9865,10,6,SOFT,16,18,0
1273,9865,63,5,SOFT,11,13,0
1273,9865,12,5,SOFT,11,13,0
1273,9865,27,8,SOFT,21,23,0
1273,9865,87,7,SOFT,17,19,0
1273,9865,16,6,SOFT,20,22,0
1273,9865,4,6,SOFT,19,21,0
1273,9865,30,7,SOFT,19,21,0
1273,9865,81,7,SOFT,17,19,0
1273,9865,6,6,SOFT,19,21,0
1273,9865,10,7,SOFT,19,21,0
1273,9865,63,6,MEDIUM,14,16,0
1273,9865,12,6,SOFT,14,16,0
1273,9869,63,1,MEDIUM,1,34,4
1273,9869,22,1,HARD,1,2,0
1273,9869,55,1,SOFT,1,17,0
1273,9869,10,1,SOFT,1,18,3
1273,9869,1,1,HARD,1,7,0
1273,9869,43,1,MEDIUM,1,29,0
1273,9869,12,1,SOFT,1,21,3
1273,9869,27,1,MEDIUM,1,36,0
1273,9869,31,1,HARD,1,8,0
1273,9869,16,1,MEDIUM,1,5,0
1273,9869,87,1,SOFT,1,17,2
1273,9869,18,1,HARD,1,29,0
1273,9869,4,1,MEDIUM,1,30,0
1273,9869,44,1,SOFT,1,2,0
1273,9869,6,1,SOFT,1,18,3
1273,9869,30,1,SOFT,1,19,3
1273,9869,81,1,MEDIUM,1,38,0
1273,9869,23,1,MEDIUM,1,35,6
1273,9869,14,1,HARD,1,28,0
1273,9869,5,1,SOFT,1,1,0
1273,9869,22,2,MEDIUM,3,24,0
1273,9869,44,2,HARD,3,14,0
1273,9869,1,2,MEDIUM,8,34,0
1273,9869,31,2,MEDIUM,9,47,0
1273,9869,44,3,MEDIUM,15,32,0
1273,9869,87,2,MEDIUM,18,42,0
1273,9869,55,2,MEDIUM,18,38,0
1273,9869,6,2,MEDIUM,19,37,6
1273,9869,10,2,MEDIUM,19,39,0
1273,9869,30,2,MEDIUM,20,71,0
1273,9869,12,2,MEDIUM,22,47,0
1273,9869,22,3,MEDIUM,25,47,0
1273,9869,14,2,MEDIUM,29,46,6
1273,9869,18,2,MEDIUM,30,54,0
1273,9869,43,2,SOFT,30,43,0
1273,9869,4,2,SOFT,31,50,3
1273,9869,44,4,MEDIUM,33,37,0
1273,9869,63,2,SOFT,35,48,1
1273,9869,1,3,MEDIUM,35,54,0
1273,9869,23,2,SOFT,36,55,2
1273,9869,27,2,SOFT,37,71,0
1273,9869,6,3,MEDIUM,38,71,0
1273,9869,81,2,SOFT,39,51,2
1273,9869,55,3,MEDIUM,39,71,0
1273,9869,10,3,MEDIUM,40,71,6
1273,9869,87,3,MEDIUM,43,71,0
1273,9869,43,3,MEDIUM,44,71,0
1273,9869,14,3,MEDIUM,47,71,0
1273,9869,12,3,MEDIUM,48,71,5
1273,9869,31,3,MEDIUM,48,71,0
1273,9869,22,4,MEDIUM,48,71,0
1273,9869,63,3,MEDIUM,49,71,3
1273,9869,4,3,MEDIUM,51,71,9
1273,9869,81,3,MEDIUM,52,71,0
1273,9869,1,4,SOFT,55,71,0
1273,9869,18,3,MEDIUM,55,71,0
1273,9869,23,3,MEDIUM,56,71,0
1274,9851,31,1,MEDIUM,1,1,0
1274,9851,23,1,MEDIUM,1,3,0
1274,9851,6,1,MEDIUM,1,10,0
1274,9851,30,1,MEDIUM,1,11,0
1274,9851,4,1,MEDIUM,1,9,0
1274,9851,27,1,HARD,1,9,0
1274,9851,55,1,MEDIUM,1,12,0
1274,9851,16,1,MEDIUM,1,12,0
1274,9851,44,1,MEDIUM,1,10,0
1274,9851,87,1,MEDIUM,1,11,0
1274,9851,18,1,MEDIUM,1,10,0
1274,9851,6,2,MEDIUM,11,14,0
1274,9851,43,1,MEDIUM,1,12,0
1274,9851,31,2,MEDIUM,2,13,1
1274,9851,14,1,SOFT,1,10,0
1274,9851,63,1,MEDIUM,1,11,0
1274,9851,10,1,MEDIUM,1,13,0
1274,9851,30,2,MEDIUM,12,14,0
1274,9851,12,1,MEDIUM,1,15,0
1274,9851,5,1,MEDIUM,1,12,0
1274,9851,1,1,MEDIUM,1,11,0
1274,9851,22,1,MEDIUM,1,16,0
1274,9851,4,2,MEDIUM,10,14,0
1274,9851,55,2,MEDIUM,13,21,12
1274,9851,23,2,MEDIUM,4,13,3
1274,9851,6,3,MEDIUM,15,20,14
1274,9851,81,1,MEDIUM,1,17,0
1274,9851,12,2,SOFT,16,21,0
1274,9851,1,2,SOFT,12,15,0
1274,9851,30,3,MEDIUM,15,20,14
1274,9851,31,3,SOFT,14,21,0
1274,9851,14,2,SOFT,11,15,10
1274,9851,87,2,SOFT,12,19,0
1274,9851,63,2,SOFT,12,16,0
1274,9851,27,2,SOFT,10,17,0
1274,9851,43,2,SOFT,13,20,0
1274,9851,18,2,SOFT,11,18,0
1274,9851,16,2,SOFT,13,22,0
1274,9851,10,2,SOFT,14,20,0
1274,9851,5,2,SOFT,13,19,0
1274,9851,44,2,SOFT,11,21,0
1274,9851,22,2,SOFT,17,24,0
1274,9851,30,4,SOFT,21,28,0
1274,9851,4,3,SOFT,15,25,0
1274,9851,22,3,MEDIUM,25,27,16
1274,9851,27,3,HARD,18,25,9
1274,9851,10,3,MEDIUM,21,26,13
1274,9851,18,3,MEDIUM,19,25,10
1274,9851,14,3,SOFT,16,23,0
1274,9851,44,3,MEDIUM,22,26,10
1274,9851,12,3,MEDIUM,22,30,15
1274,9851,5,3,MEDIUM,20,25,12
1274,9851,81,2,SOFT,18,27,0
1274,9851,31,4,SOFT,22,30,8
1274,9851,1,3,MEDIUM,16,24,11
1274,9851,43,3,MEDIUM,21,28,12
1274,9851,16,3,MEDIUM,23,29,12
1274,9851,55,3,SOFT,22,31,0
1274,9851,6,4,SOFT,21,30,0
1274,9851,23,3,SOFT,14,23,0
1274,9851,87,3,SOFT,20,28,8
1274,9851,63,3,MEDIUM,17,25,11
1274,9852,30,1,MEDIUM,1,9,0
1274,9852,6,1,MEDIUM,1,9,0
1274,9852,23,1,MEDIUM,1,10,0
1274,9852,18,1,MEDIUM,1,8,0
1274,9852,81,1,MEDIUM,1,7,0
1274,9852,87,1,MEDIUM,1,10,0
1274,9852,55,1,MEDIUM,1,10,0
1274,9852,63,1,MEDIUM,1,12,0
1274,9852,16,1,MEDIUM,1,11,0
1274,9852,43,1,MEDIUM,1,12,0
1274,9852,10,1,MEDIUM,1,12,0
1274,9852,22,1,MEDIUM,1,10,0
1274,9852,14,1,MEDIUM,1,8,0
1274,9852,5,1,HARD,1,9,0
1274,9852,30,2,SOFT,10,12,0
1274,9852,44,1,MEDIUM,1,11,0
1274,9852,1,1,MEDIUM,1,10,0
1274,9852,12,1,MEDIUM,1,13,0
1274,9852,4,1,MEDIUM,1,8,0
1274,9852,27,1,MEDIUM,1,9,0
1274,9852,31,1,MEDIUM,1,13,0
1274,9852,27,2,SOFT,10,12,0
1274,9852,5,2,SOFT,10,13,0
1274,9852,23,2,SOFT,11,15,0
1274,9852,55,2,SOFT,11,14,0
1274,9852,30,3,SOFT,13,14,3
1274,9852,10,2,SOFT,13,16,0
1274,9852,6,2,SOFT,10,14,0
1274,9852,43,2,SOFT,13,16,0
1274,9852,14,2,SOFT,9,12,0
1274,9852,18,2,SOFT,9,13,0
1274,9852,16,3,SOFT,16,16,4
1274,9852,16,2,SOFT,12,15,0
1274,9852,1,2,SOFT,11,14,0
1274,9852,22,2,SOFT,11,14,0
1274,9852,4,2,SOFT,9,11,0
1274,9852,44,2,SOFT,12,15,0
1274,9852,63,2,SOFT,13,16,0
1274,9852,12,2,SOFT,14,16,0
1274,9852,31,2,SOFT,14,16,0
1274,9852,87,2,SOFT,11,15,0
1274,9852,27,3,MEDIUM,13,14,9
1274,9852,81,3,SOFT,12,12,4
1274,9852,81,2,SOFT,8,11,0
1274,9852,55,3,SOFT,15,16,4
1274,9852,23,3,MEDIUM,16,17,10
1274,9852,5,3,HARD,14,15,9
1274,9852,30,4,MEDIUM,15,16,9
1274,9852,10,3,SOFT,17,18,4
1274,9852,6,3,MEDIUM,15,16,9
1274,9852,43,3,SOFT,17,18,4
1274,9852,14,3,MEDIUM,13,14,0
1274,9852,18,3,MEDIUM,14,15,8
1274,9852,1,3,MEDIUM,15,16,10
1274,9852,22,3,MEDIUM,15,16,10
1274,9852,44,3,SOFT,16,17,4
1274,9852,4,3,SOFT,12,13,3
1274,9852,63,3,MEDIUM,17,18,0
1274,9852,12,3,MEDIUM,17,18,0
1274,9852,31,3,SOFT,17,18,3
1274,9852,87,3,SOFT,16,17,5
1274,9853,87,1,INTERMEDIATE,1,1,0
1274,9853,4,1,INTERMEDIATE,1,9,0
1274,9853,81,1,INTERMEDIATE,1,11,0
1274,9853,44,1,INTERMEDIATE,1,13,0
1274,9853,22,1,INTERMEDIATE,1,7,0
1274,9853,16,1,INTERMEDIATE,1,10,0
1274,9853,6,1,INTERMEDIATE,1,9,0
1274,9853,30,1,INTERMEDIATE,1,9,0
1274,9853,1,1,INTERMEDIATE,1,12,0
1274,9853,43,1,INTERMEDIATE,1,2,0
1274,9853,87,2,INTERMEDIATE,2,4,1
1274,9853,31,1,INTERMEDIATE,1,10,0
1274,9853,55,1,INTERMEDIATE,1,8,0
1274,9853,63,1,INTERMEDIATE,1,7,0
1274,9853,12,1,INTERMEDIATE,1,9,0
1274,9853,23,1,INTERMEDIATE,1,7,0
1274,9853,4,2,SOFT,10,12,0
1274,9853,18,1,INTERMEDIATE,1,1,0
1274,9853,5,1,SOFT,1,6,0
1274,9853,14,1,INTERMEDIATE,1,2,0
1274,9853,81,2,SOFT,12,15,0
1274,9853,30,2,SOFT,10,17,0
1274,9853,4,3,SOFT,13,18,0
1274,9853,43,2,SOFT,3,9,0
1274,9853,6,2,SOFT,10,18,0
1274,9853,23,2,SOFT,8,14,0
1274,9853,87,3,SOFT,5,11,0
1274,9853,44,2,SOFT,14,22,0
1274,9853,55,2,SOFT,9,15,0
1274,9853,1,2,SOFT,13,21,0
1274,9853,16,2,SOFT,11,20,0
1274,9853,63,2,SOFT,8,15,0
1274,9853,81,3,SOFT,16,20,0
1274,9853,31,2,SOFT,11,18,0
1274,9853,12,2,SOFT,10,17,0
1274,9853,18,2,SOFT,2,7,0
1274,9853,22,2,SOFT,8,18,0
1274,9853,27,1,SOFT,1,7,0
1274,9853,18,3,SOFT,8,11,0
1274,9853,14,2,SOFT,3,12,0
1274,9853,63,3,SOFT,16,21,0
1274,9853,23,3,SOFT,15,21,0
1274,9853,30,3,SOFT,18,25,0
1274,9853,27,2,SOFT,8,11,0
1274,9853,87,4,SOFT,12,18,0
1274,9853,44,3,SOFT,23,29,0
1274,9853,55,3,SOFT,16,22,0
1274,9853,22,3,SOFT,19,24,0
1274,9853,31,3,SOFT,19,24,0
1274,9853,43,3,SOFT,10,17,0
1274,9853,12,3,SOFT,18,23,0
1274,9853,1,3,SOFT,22,28,0
1274,9853,5,2,SOFT,7,16,0
1274,9853,16,3,SOFT,21,27,0
1274,9853,10,1,SOFT,1,13,0
1274,9853,6,3,SOFT,19,26,0
1274,9854,87,1,INTERMEDIATE,1,1,0
1274,9854,10,1,INTERMEDIATE,1,1,0
1274,9854,31,1,INTERMEDIATE,1,1,0
1274,9854,43,1,INTERMEDIATE,1,1,0
1274,9854,30,1,INTERMEDIATE,1,1,0
1274,9854,6,1,INTERMEDIATE,1,1,0
1274,9854,4,1,INTERMEDIATE,1,1,0
1274,9854,22,1,INTERMEDIATE,1,1,0
1274,9854,63,1,INTERMEDIATE,1,1,0
1274,9854,1,1,INTERMEDIATE,1,1,0
1274,9854,12,1,INTERMEDIATE,1,1,0
1274,9854,44,1,INTERMEDIATE,1,2,0
1274,9854,23,1,INTERMEDIATE,1,2,0
1274,9854,16,1,INTERMEDIATE,1,2,0
1274,9854,55,1,INTERMEDIATE,1,2,0
1274,9854,23,2,WET,3,8,0
1274,9854,12,2,WET,2,8,0
1274,9854,44,2,WET,3,9,0
1274,9854,5,1,WET,1,9,0
1274,9854,22,2,WET,2,9,0
1274,9854,4,2,WET,2,8,0
1274,9854,18,1,WET,1,10,0
1274,9854,63,2,WET,2,9,0
1274,9854,6,2,WET,2,9,0
1274,9854,43,2,WET,2,9,0
1274,9854,30,2,WET,2,9,0
1274,9854,10,2,WET,2,10,0
1274,9854,1,2,WET,2,9,0
1274,9854,14,1,WET,1,10,0
1274,9854,16,2,WET,3,9,0
1274,9854,55,2,WET,3,9,0
1274,9854,87,2,WET,2,9,0
1274,9854,31,2,WET,2,9,0
1274,9854,81,1,WET,1,8,0
1274,9854,27,1,WET,1,10,0
1274,9854,18,2,WET,11,14,0
1274,9854,43,3,WET,10,17,0
1274,9854,31,3,WET,10,17,0
1274,9854,87,3,WET,10,17,0
1274,9854,18,3,INTERMEDIATE,15,18,0
1274,9854,27,2,WET,11,18,10
1274,9854,16,3,WET,10,17,0
1274,9854,4,3,WET,9,17,0
1274,9854,81,2,WET,9,16,0
1274,9854,6,3,WET,10,18,0
1274,9854,30,3,WET,10,18,0
1274,9854,55,3,WET,10,17,0
1274,9854,14,2,WET,11,18,0
1274,9854,1,3,WET,10,17,0
1274,9854,10,3,WET,11,19,0
1274,9854,63,3,WET,10,18,8
1274,9854,10,4,INTERMEDIATE,20,25,0
1274,9854,16,4,INTERMEDIATE,18,24,0
1274,9854,81,3,INTERMEDIATE,17,23,0
1274,9854,6,4,INTERMEDIATE,19,25,0
1274,9854,30,4,INTERMEDIATE,19,25,0
1274,9854,55,4,INTERMEDIATE,18,24,0
1274,9854,1,4,INTERMEDIATE,18,24,0
1274,9854,14,3,INTERMEDIATE,19,25,0
1274,9854,63,4,INTERMEDIATE,19,25,0
1274,9854,4,4,INTERMEDIATE,18,25,0
1274,9858,5,1,HARD,1,1,0
1274,9858,31,1,MEDIUM,1,27,0
1274,9858,6,1,MEDIUM,1,20,0
1274,9858,12,1,SOFT,1,2,0
1274,9858,1,1,MEDIUM,1,25,0
1274,9858,27,1,HARD,1,30,0
1274,9858,22,1,MEDIUM,1,1,0
1274,9858,23,1,HARD,1,13,0
1274,9858,30,1,MEDIUM,1,2,0
1274,9858,43,1,HARD,1,25,0
1274,9858,63,1,MEDIUM,1,17,0
1274,9858,18,1,MEDIUM,1,1,0
1274,9858,4,1,MEDIUM,1,22,0
1274,9858,44,1,HARD,1,29,0
1274,9858,14,1,MEDIUM,1,16,0
1274,9858,55,1,MEDIUM,1,22,0
1274,9858,10,1,MEDIUM,1,2,0
1274,9858,16,1,MEDIUM,1,24,0
1274,9858,81,1,MEDIUM,1,21,0
1274,9858,87,1,MEDIUM,1,17,0
1274,9858,22,2,HARD,2,27,0
1274,9858,5,2,MEDIUM,2,2,0
1274,9858,12,2,HARD,3,50,0
1274,9858,10,2,HARD,3,50,0
1274,9858,30,2,HARD,3,28,0
1274,9858,23,2,MEDIUM,14,14,0
1274,9858,23,3,HARD,15,34,0
1274,9858,14,2,HARD,17,50,0
1274,9858,63,2,HARD,18,18,0
1274,9858,63,3,HARD,19,50,0
1274,9858,87,2,HARD,18,50,0
1274,9858,6,2,HARD,21,50,0
1274,9858,81,2,HARD,22,50,0
1274,9858,4,2,HARD,23,50,0
1274,9858,55,2,HARD,23,50,0
1274,9858,16,2,HARD,25,50,0
1274,9858,1,2,HARD,26,50,0
1274,9858,43,2,MEDIUM,26,49,0
1274,9858,31,2,HARD,28,50,0
1274,9858,22,3,MEDIUM,28,50,0
1274,9858,30,3,HARD,29,49,0
1274,9858,44,2,MEDIUM,30,50,0
1274,9858,27,2,MEDIUM,31,50,0
1274,9858,23,4,MEDIUM,35,35,1
1275,9840,63,1,HARD,1,11,0
1275,9840,27,1,HARD,1,8,0
1275,9840,30,1,HARD,1,4,0
1275,9840,6,1,HARD,1,4,0
1275,9840,31,1,HARD,1,10,0
1275,9840,1,1,HARD,1,10,0
1275,9840,87,1,HARD,1,9,0
1275,9840,12,1,HARD,1,10,0
1275,9840,22,1,HARD,1,12,0
1275,9840,43,1,HARD,1,11,0
1275,9840,55,1,HARD,1,9,0
1275,9840,10,1,HARD,1,11,0
1275,9840,44,1,HARD,1,3,0
1275,9840,16,1,HARD,1,10,0
1275,9840,81,1,HARD,1,7,0
1275,9840,5,1,HARD,1,5,0
1275,9840,23,1,HARD,1,7,0
1275,9840,4,1,HARD,1,6,0
1275,9840,18,1,HARD,1,10,0
1275,9840,14,1,HARD,1,9,0
1275,9840,44,2,HARD,4,11,3
1275,9840,30,2,HARD,5,9,4
1275,9840,6,2,HARD,5,11,4
1275,9840,5,2,HARD,6,11,0
1275,9840,23,2,HARD,8,13,7
1275,9840,30,3,HARD,10,12,9
1275,9840,55,2,HARD,10,13,9
1275,9840,16,2,HARD,11,15,10
1275,9840,4,2,HARD,7,19,6
1275,9840,81,2,HARD,8,20,7
1275,9840,87,2,HARD,10,16,9
1275,9840,6,3,HARD,12,21,11
1275,9840,27,2,HARD,9,15,8
1275,9840,12,2,HARD,11,24,10
1275,9840,63,2,HARD,12,25,11
1275,9840,31,2,HARD,11,20,10
1275,9840,1,2,HARD,11,21,10
1275,9840,30,4,HARD,13,22,0
1275,9840,5,3,HARD,12,22,11
1275,9840,14,2,HARD,10,17,9
1275,9840,10,2,HARD,12,13,11
1275,9840,22,2,HARD,13,21,12
1275,9840,44,3,HARD,12,15,11
1275,9840,18,2,HARD,11,16,10
1275,9840,43,2,HARD,12,17,11
1275,9840,16,3,HARD,16,23,15
1275,9840,10,3,HARD,14,17,0
1275,9840,23,3,HARD,14,21,13
1275,9840,44,4,HARD,16,21,15
1275,9840,27,3,HARD,16,18,15
1275,9840,31,3,SOFT,21,23,0
1275,9840,87,3,SOFT,17,19,0
1275,9840,55,3,HARD,14,14,13
1275,9840,18,3,SOFT,17,26,0
1275,9840,6,4,SOFT,22,24,0
1275,9840,30,5,SOFT,23,25,0
1275,9840,55,4,SOFT,15,17,0
1275,9840,14,3,SOFT,18,23,0
1275,9840,10,4,SOFT,18,22,0
1275,9840,23,4,SOFT,22,26,0
1275,9840,43,3,SOFT,18,23,0
1275,9840,4,3,SOFT,20,28,0
1275,9840,81,3,SOFT,21,29,0
1275,9840,1,3,SOFT,22,24,0
1275,9840,63,3,SOFT,26,33,0
1275,9840,12,3,SOFT,25,27,0
1275,9840,16,4,SOFT,24,31,0
1275,9840,31,4,SOFT,24,30,3
1275,9840,27,4,SOFT,19,23,0
1275,9840,87,4,SOFT,20,26,3
1275,9840,30,6,SOFT,26,27,0
1275,9840,5,4,SOFT,23,25,0
1275,9840,44,5,SOFT,22,28,0
1275,9840,22,3,SOFT,22,28,0
1275,9840,6,5,SOFT,25,27,3
1275,9840,55,5,SOFT,18,20,3
1275,9840,12,4,SOFT,28,32,0
1275,9840,5,5,SOFT,26,29,3
1275,9840,1,4,SOFT,25,27,0
1275,9840,10,5,HARD,23,25,17
1275,9840,23,5,HARD,27,29,21
1275,9840,14,4,HARD,24,26,17
1275,9840,30,7,SOFT,28,30,5
1275,9840,6,6,HARD,28,30,21
1275,9840,43,4,HARD,24,26,17
1275,9841,1,1,MEDIUM,1,8,0
1275,9841,10,1,MEDIUM,1,8,0
1275,9841,22,1,MEDIUM,1,8,0
1275,9841,16,1,MEDIUM,1,8,0
1275,9841,44,1,MEDIUM,1,8,0
1275,9841,55,1,MEDIUM,1,8,0
1275,9841,31,1,MEDIUM,1,8,0
1275,9841,87,1,MEDIUM,1,8,0
1275,9841,43,1,MEDIUM,1,8,0
1275,9841,6,1,MEDIUM,1,8,0
1275,9841,23,1,MEDIUM,1,8,0
1275,9841,4,1,MEDIUM,1,7,0
1275,9841,81,1,MEDIUM,1,7,0
1275,9841,27,1,MEDIUM,1,8,0
1275,9841,5,1,MEDIUM,1,7,0
1275,9841,18,1,MEDIUM,1,7,0
1275,9841,14,1,MEDIUM,1,6,0
1275,9841,30,1,MEDIUM,1,3,0
1275,9841,12,1,MEDIUM,1,6,0
1275,9841,63,1,MEDIUM,1,6,0
1275,9841,30,2,MEDIUM,4,6,3
1275,9841,63,2,MEDIUM,7,13,0
1275,9841,1,2,MEDIUM,9,14,0
1275,9841,22,2,MEDIUM,9,11,0
1275,9841,27,2,MEDIUM,9,11,0
1275,9841,5,2,MEDIUM,8,10,0
1275,9841,16,2,MEDIUM,9,11,0
1275,9841,31,2,MEDIUM,9,11,0
1275,9841,87,2,MEDIUM,9,11,0
1275,9841,81,2,MEDIUM,8,12,0
1275,9841,4,2,MEDIUM,8,12,0
1275,9841,55,2,MEDIUM,9,14,0
1275,9841,23,2,MEDIUM,9,14,0
1275,9841,6,2,MEDIUM,9,14,0
1275,9841,14,2,MEDIUM,7,12,0
1275,9841,12,2,MEDIUM,7,12,0
1275,9841,16,3,MEDIUM,12,14,3
1275,9841,22,3,MEDIUM,12,14,0
1275,9841,27,3,MEDIUM,12,14,3
1275,9841,31,3,MEDIUM,12,14,0
1275,9841,87,3,MEDIUM,12,14,3
1275,9841,5,3,MEDIUM,11,13,3
1275,9841,12,3,SOFT,13,15,0
1275,9841,63,3,SOFT,14,16,0
1275,9841,1,3,SOFT,15,20,0
1275,9841,22,4,SOFT,15,20,0
1275,9841,55,3,SOFT,15,20,0
1275,9841,14,3,SOFT,13,18,0
1275,9841,16,4,SOFT,15,20,0
1275,9841,81,3,SOFT,13,18,0
1275,9841,23,3,SOFT,15,20,0
1275,9841,4,3,SOFT,13,18,0
1275,9841,12,4,SOFT,16,18,3
1275,9841,63,4,SOFT,17,19,3
1275,9845,30,1,MEDIUM,1,19,6
1275,9845,6,1,MEDIUM,1,1,6
1275,9845,1,1,MEDIUM,1,1,6
1275,9845,23,1,MEDIUM,1,1,6
1275,9845,14,1,MEDIUM,1,1,6
1275,9845,18,1,MEDIUM,1,13,7
1275,9845,55,1,MEDIUM,1,19,6
1275,9845,22,1,MEDIUM,1,1,6
1275,9845,44,1,MEDIUM,1,19,0
1275,9845,12,1,MEDIUM,1,1,6
1275,9845,63,1,MEDIUM,1,19,6
1275,9845,10,1,MEDIUM,1,1,0
1275,9845,5,1,MEDIUM,1,1,6
1275,9845,81,1,MEDIUM,1,19,5
1275,9845,43,1,MEDIUM,1,17,0
1275,9845,16,1,MEDIUM,1,1,6
1275,9845,27,1,MEDIUM,1,19,6
1275,9845,87,1,MEDIUM,1,19,6
1275,9845,31,1,MEDIUM,1,19,6
1275,9845,4,1,MEDIUM,1,1,5
1275,9845,12,2,HARD,2,19,0
1275,9845,5,2,HARD,2,19,0
1275,9845,6,2,HARD,2,19,0
1275,9845,4,2,HARD,2,19,0
1275,9845,10,2,SOFT,2,19,0
1275,9845,1,2,HARD,2,19,0
1275,9845,14,2,HARD,2,19,0
1275,9845,22,2,HARD,2,19,0
1275,9845,16,2,HARD,2,19,0
1275,9845,23,2,HARD,2,19,0
1275,9845,18,2,SOFT,14,19,10
1275,9845,43,2,SOFT,18,19,6
1275,9846,55,1,SOFT,1,5,0
1275,9846,27,1,SOFT,1,5,0
1275,9846,23,1,SOFT,1,5,5
1275,9846,5,1,SOFT,1,5,0
1275,9846,31,1,SOFT,1,5,0
1275,9846,87,1,SOFT,1,5,0
1275,9846,30,1,SOFT,1,3,0
1275,9846,6,1,SOFT,1,3,0
1275,9846,12,1,SOFT,1,4,0
1275,9846,63,1,SOFT,1,4,6
1275,9846,18,1,SOFT,1,5,0
1275,9846,16,1,SOFT,1,3,6
1275,9846,14,1,SOFT,1,5,0
1275,9846,44,1,SOFT,1,3,7
1275,9846,10,1,SOFT,1,3,0
1275,9846,43,1,SOFT,1,3,0
1275,9846,1,1,SOFT,1,3,3
1275,9846,22,1,SOFT,1,3,6
1275,9846,4,1,SOFT,1,3,6
1275,9846,81,1,SOFT,1,3,0
1275,9846,30,2,SOFT,4,6,0
1275,9846,16,2,SOFT,4,6,0
1275,9846,6,2,SOFT,4,6,0
1275,9846,10,2,SOFT,4,6,0
1275,9846,44,2,SOFT,4,6,0
1275,9846,43,2,SOFT,4,6,0
1275,9846,1,2,SOFT,4,9,0
1275,9846,22,2,SOFT,4,9,0
1275,9846,63,2,SOFT,5,11,0
1275,9846,23,2,SOFT,6,11,0
1275,9846,55,2,SOFT,6,11,0
1275,9846,4,2,SOFT,4,6,0
1275,9846,27,2,SOFT,6,8,0
1275,9846,81,2,SOFT,4,6,0
1275,9846,12,2,SOFT,5,10,0
1275,9846,5,2,SOFT,6,8,0
1275,9846,31,2,SOFT,6,11,0
1275,9846,87,2,SOFT,6,11,0
1275,9846,18,2,SOFT,6,10,0
1275,9846,14,2,SOFT,6,9,0
1275,9846,16,3,SOFT,7,9,0
1275,9846,44,3,SOFT,7,9,0
1275,9846,6,3,SOFT,7,9,3
1275,9846,30,3,SOFT,7,9,0
1275,9846,27,3,SOFT,9,11,0
1275,9846,43,3,SOFT,7,9,0
1275,9846,10,3,SOFT,7,9,0
1275,9846,5,3,SOFT,9,11,3
1275,9846,23,3,SOFT,12,13,6
1275,9846,55,3,SOFT,12,13,6
1275,9846,1,3,SOFT,10,16,0
1275,9846,27,4,SOFT,12,14,5
1275,9846,87,3,SOFT,12,14,0
1275,9846,5,4,SOFT,12,14,0
1275,9846,16,4,SOFT,10,12,3
1275,9846,30,4,SOFT,10,12,0
1275,9846,23,4,SOFT,14,16,0
1275,9846,81,3,SOFT,7,9,3
1275,9846,6,4,SOFT,10,12,0
1275,9846,4,3,SOFT,7,9,3
1275,9846,14,3,SOFT,10,12,0
1275,9846,55,4,SOFT,14,16,0
1275,9846,10,4,SOFT,10,12,0
1275,9846,63,3,SOFT,12,18,0
1275,9846,16,5,SOFT,13,15,0
1275,9846,12,3,SOFT,11,13,0
1275,9846,87,4,SOFT,15,20,0
1275,9846,5,5,SOFT,15,17,0
1275,9846,27,5,SOFT,15,17,0
1275,9846,4,4,SOFT,10,12,0
1275,9846,81,4,SOFT,10,12,0
1275,9846,55,5,SOFT,17,19,0
1275,9846,23,5,SOFT,17,19,0
1275,9846,14,4,SOFT,13,15,0
1275,9846,6,5,SOFT,13,15,0
1275,9846,10,5,SOFT,13,15,0
1275,9846,12,4,SOFT,14,16,0
1275,9846,30,5,SOFT,13,15,0
1275,9846,16,6,SOFT,16,18,0
1275,9846,27,6,SOFT,18,20,3
1275,9846,5,6,SOFT,18,20,3
1275,9846,1,4,SOFT,17,20,0
1275,9846,4,5,SOFT,13,15,0
1275,9846,63,4,SOFT,19,22,0
1275,9846,16,7,SOFT,19,20,3
1275,9846,6,6,SOFT,16,18,0
1275,9846,81,5,SOFT,13,15,0
1275,9846,10,6,SOFT,16,18,0
1275,9846,55,6,SOFT,20,22,3
1275,9846,12,5,SOFT,17,19,3
1275,9846,14,5,SOFT,16,18,3
1275,9846,63,5,SOFT,23,26,0
1275,9846,4,6,SOFT,16,17,0
1275,9846,16,8,SOFT,21,23,3
1275,9846,14,6,SOFT,19,21,3
1275,9846,6,7,SOFT,19,20,0
1275,9846,81,6,SOFT,16,18,0
1275,9846,10,7,SOFT,19,21,3
1275,9846,1,5,SOFT,21,23,0
1275,9846,12,6,SOFT,20,22,0
1275,9846,55,7,SOFT,23,25,0
1275,9850,5,1,MEDIUM,1,7,0
1275,9850,31,1,MEDIUM,1,8,0
1275,9850,6,1,MEDIUM,1,7,0
1275,9850,1,1,MEDIUM,1,7,0
1275,9850,16,1,MEDIUM,1,7,0
1275,9850,87,1,MEDIUM,1,7,0
1275,9850,22,1,MEDIUM,1,7,0
1275,9850,12,1,MEDIUM,1,7,0
1275,9850,63,1,MEDIUM,1,7,0
1275,9850,43,1,HARD,1,7,0
1275,9850,18,1,MEDIUM,1,7,0
1275,9850,27,1,SOFT,1,6,0
1275,9850,23,1,HARD,1,7,0
1275,9850,14,1,MEDIUM,1,7,0
1275,9850,4,1,MEDIUM,1,25,0
1275,9850,44,1,SOFT,1,7,0
1275,9850,10,1,MEDIUM,1,7,0
1275,9850,55,1,MEDIUM,1,7,0
1275,9850,30,1,MEDIUM,1,7,0
1275,9850,81,1,MEDIUM,1,24,0
1275,9850,1,2,MEDIUM,8,32,0
1275,9850,12,2,MEDIUM,8,32,0
1275,9850,55,2,MEDIUM,8,32,0
1275,9850,14,2,MEDIUM,8,32,0
1275,9850,63,2,MEDIUM,8,32,0
1275,9850,6,2,MEDIUM,8,32,0
1275,9850,16,2,MEDIUM,8,32,0
1275,9850,30,2,MEDIUM,8,32,0
1275,9850,87,2,MEDIUM,8,32,0
1275,9850,23,2,MEDIUM,8,32,0
1275,9850,5,2,MEDIUM,8,32,0
1275,9850,18,2,MEDIUM,8,24,0
1275,9850,22,2,MEDIUM,8,32,0
1275,9850,44,2,MEDIUM,8,32,0
1275,9850,43,2,MEDIUM,8,32,0
1275,9850,10,2,HARD,8,32,0
1275,9850,31,2,HARD,9,9,0
1275,9850,31,3,MEDIUM,10,34,0
1275,9850,81,2,MEDIUM,25,42,0
1275,9850,18,3,MEDIUM,25,49,0
1275,9850,4,2,MEDIUM,26,44,0
1275,9850,1,3,HARD,33,57,0
1275,9850,55,3,HARD,33,57,0
1275,9850,12,3,HARD,33,57,0
1275,9850,6,3,HARD,33,55,0
1275,9850,14,3,HARD,33,57,0
1275,9850,63,3,HARD,33,57,0
1275,9850,16,3,HARD,33,57,0
1275,9850,22,3,HARD,33,57,0
1275,9850,30,3,HARD,33,57,0
1275,9850,5,3,SOFT,33,57,0
1275,9850,44,3,MEDIUM,33,57,0
1275,9850,23,3,MEDIUM,33,57,0
1275,9850,43,3,MEDIUM,33,56,0
1275,9850,10,3,MEDIUM,33,56,0
1275,9850,87,3,HARD,33,40,0
1275,9850,31,4,HARD,35,56,1
1275,9850,87,4,HARD,41,41,8
1275,9850,81,3,HARD,43,57,0
1275,9850,4,3,HARD,45,57,0
1275,9850,18,4,SOFT,50,55,0
1276,9832,6,1,HARD,1,6,0
1276,9832,40,1,HARD,1,11,0
1276,9832,89,1,SOFT,1,9,0
1276,9832,36,1,HARD,1,10,0
1276,9832,39,1,HARD,1,9,0
1276,9832,12,1,HARD,1,8,0
1276,9832,55,1,HARD,1,7,0
1276,9832,35,1,HARD,1,7,0
1276,9832,43,1,MEDIUM,1,5,0
1276,9832,61,1,HARD,1,11,0
1276,9832,4,1,MEDIUM,1,5,0
1276,9832,34,1,MEDIUM,1,8,0
1276,9832,46,1,HARD,1,1,0
1276,9832,1,1,HARD,1,5,0
1276,9832,50,1,HARD,1,9,0
1276,9832,27,1,MEDIUM,1,5,0
1276,9832,16,1,HARD,1,7,0
1276,9832,87,1,HARD,1,8,0
1276,9832,5,1,HARD,1,6,0
1276,9832,63,1,HARD,1,9,0
1276,9832,27,2,MEDIUM,6,10,5
1276,9832,4,2,MEDIUM,6,10,5
1276,9832,43,2,MEDIUM,6,11,5
1276,9832,6,2,HARD,7,12,6
1276,9832,1,2,HARD,6,8,5
1276,9832,5,2,HARD,7,11,0
1276,9832,55,2,HARD,8,12,0
1276,9832,16,2,HARD,8,11,7
1276,9832,12,2,HARD,9,11,8
1276,9832,46,2,HARD,2,12,1
1276,9832,50,2,HARD,10,12,9
1276,9832,35,2,HARD,8,14,7
1276,9832,61,2,HARD,12,14,11
1276,9832,1,3,SOFT,9,14,0
1276,9832,89,2,MEDIUM,10,12,0
1276,9832,63,2,SOFT,10,15,0
1276,9832,39,2,HARD,10,17,9
1276,9832,40,2,SOFT,12,14,0
1276,9832,6,3,MEDIUM,13,15,0
1276,9832,34,2,MEDIUM,9,16,8
1276,9832,27,3,SOFT,11,16,0
1276,9832,4,3,SOFT,11,14,0
1276,9832,12,3,SOFT,12,14,0
1276,9832,36,2,SOFT,11,16,0
1276,9832,16,3,SOFT,12,17,0
1276,9832,89,3,MEDIUM,13,18,3
1276,9832,43,3,SOFT,12,17,0
1276,9832,5,3,SOFT,12,14,0
1276,9832,40,3,SOFT,15,17,3
1276,9832,87,2,HARD,9,11,8
1276,9832,50,3,MEDIUM,13,15,0
1276,9832,6,4,MEDIUM,16,19,3
1276,9832,55,3,SOFT,13,15,0
1276,9832,12,4,SOFT,15,17,3
1276,9832,4,4,SOFT,15,19,0
1276,9832,61,3,SOFT,15,17,0
1276,9832,5,4,SOFT,15,17,3
1276,9832,87,3,MEDIUM,12,14,0
1276,9832,50,4,MEDIUM,16,18,3
1276,9832,55,4,SOFT,16,18,3
1276,9832,1,4,HARD,15,30,8
1276,9832,61,4,SOFT,18,20,3
1276,9832,63,3,HARD,16,21,9
1276,9832,40,4,HARD,18,30,11
1276,9832,46,3,SOFT,13,18,0
1276,9832,27,4,MEDIUM,17,25,10
1276,9832,35,3,MEDIUM,15,24,0
1276,9832,12,5,HARD,18,30,11
1276,9832,6,5,MEDIUM,20,31,7
1276,9832,39,3,SOFT,18,27,0
1276,9832,5,5,SOFT,18,29,6
1276,9832,16,4,SOFT,18,22,6
1276,9832,36,3,SOFT,17,26,6
1276,9832,89,4,SOFT,19,25,9
1276,9832,43,4,MEDIUM,18,28,11
1276,9832,50,5,HARD,19,28,12
1276,9832,4,5,MEDIUM,20,28,10
1276,9832,55,5,HARD,19,27,12
1276,9832,34,3,SOFT,17,22,0
1276,9832,63,4,HARD,22,29,15
1276,9832,61,5,SOFT,21,27,0
1276,9832,16,5,HARD,23,28,11
1276,9832,27,5,SOFT,26,28,0
1276,9832,89,5,MEDIUM,26,28,9
1276,9833,30,1,MEDIUM,1,5,0
1276,9833,10,1,MEDIUM,1,11,0
1276,9833,23,1,MEDIUM,1,12,0
1276,9833,43,1,HARD,1,9,0
1276,9833,18,1,MEDIUM,1,7,0
1276,9833,22,1,MEDIUM,1,5,0
1276,9833,44,1,MEDIUM,1,12,0
1276,9833,12,1,MEDIUM,1,6,0
1276,9833,55,1,MEDIUM,1,10,0
1276,9833,16,1,MEDIUM,1,7,0
1276,9833,14,1,MEDIUM,1,5,0
1276,9833,4,1,MEDIUM,1,9,0
1276,9833,87,1,SOFT,1,3,0
1276,9833,1,1,MEDIUM,1,8,0
1276,9833,5,1,MEDIUM,1,9,0
1276,9833,27,1,HARD,1,7,0
1276,9833,31,1,SOFT,1,6,0
1276,9833,63,1,MEDIUM,1,9,0
1276,9833,81,1,MEDIUM,1,10,0
1276,9833,6,1,SOFT,1,7,0
1276,9833,87,2,SOFT,4,9,3
1276,9833,30,2,MEDIUM,6,11,5
1276,9833,14,2,MEDIUM,6,11,5
1276,9833,22,2,MEDIUM,6,9,5
1276,9833,12,2,MEDIUM,7,9,6
1276,9833,31,2,SOFT,7,12,6
1276,9833,16,2,MEDIUM,8,12,7
1276,9833,18,2,MEDIUM,8,12,7
1276,9833,22,3,MEDIUM,10,12,9
1276,9833,1,2,SOFT,9,11,0
1276,9833,6,2,SOFT,8,10,0
1276,9833,55,2,SOFT,11,16,0
1276,9833,27,2,SOFT,8,10,0
1276,9833,30,3,SOFT,12,17,0
1276,9833,63,2,SOFT,10,14,0
1276,9833,12,3,SOFT,10,12,0
1276,9833,23,2,SOFT,13,15,0
1276,9833,4,2,SOFT,10,12,0
1276,9833,5,2,SOFT,10,12,0
1276,9833,87,3,SOFT,10,12,0
1276,9833,16,3,SOFT,13,15,0
1276,9833,81,2,SOFT,11,13,0
1276,9833,43,2,SOFT,10,15,0
1276,9833,10,2,SOFT,12,17,0
1276,9833,18,3,SOFT,13,15,0
1276,9833,22,4,SOFT,13,17,0
1276,9833,27,3,SOFT,11,13,3
1276,9833,14,3,SOFT,12,18,0
1276,9833,44,2,SOFT,13,15,0
1276,9833,6,3,SOFT,11,22,3
1276,9833,23,3,SOFT,16,18,3
1276,9833,4,3,SOFT,13,15,3
1276,9833,1,3,MEDIUM,12,28,8
1276,9833,5,3,SOFT,13,15,3
1276,9833,12,4,SOFT,13,15,0
1276,9833,87,4,SOFT,13,15,3
1276,9833,16,4,SOFT,16,17,3
1276,9833,81,3,SOFT,14,16,3
1276,9833,31,3,SOFT,13,16,0
1276,9833,18,4,SOFT,16,20,3
1276,9833,44,3,SOFT,16,18,3
1276,9833,55,3,SOFT,17,24,6
1276,9833,63,3,MEDIUM,15,29,0
1276,9833,27,4,HARD,14,22,7
1276,9833,30,4,MEDIUM,18,32,11
1276,9833,16,5,MEDIUM,18,31,12
1276,9833,31,4,SOFT,17,19,4
1276,9833,23,4,MEDIUM,19,32,12
1276,9833,12,5,MEDIUM,16,29,9
1276,9833,5,4,MEDIUM,16,25,9
1276,9833,4,4,MEDIUM,16,25,9
1276,9833,87,5,SOFT,16,28,6
1276,9833,81,4,MEDIUM,17,25,10
1276,9833,43,3,HARD,16,28,9
1276,9833,10,3,MEDIUM,18,30,11
1276,9833,22,5,MEDIUM,18,29,12
1276,9833,44,4,MEDIUM,19,29,12
1276,9833,14,4,MEDIUM,19,27,11
1276,9833,18,5,MEDIUM,21,29,12
1276,9833,31,5,SOFT,20,27,12
1276,9833,55,4,MEDIUM,25,31,10
1276,9833,6,4,SOFT,23,29,7
1276,9833,27,5,SOFT,23,28,6
1276,9833,1,4,SOFT,29,31,0
1276,9833,81,5,SOFT,26,29,6
1276,9833,4,5,SOFT,26,28,6
1276,9833,5,5,SOFT,26,28,0
1276,9834,18,1,HARD,1,1,0
1276,9834,14,1,HARD,1,1,0
1276,9834,18,2,MEDIUM,2,2,0
1276,9834,14,2,MEDIUM,2,2,0
1276,9834,43,1,SOFT,1,6,0
1276,9834,10,1,SOFT,1,6,0
1276,9834,4,1,SOFT,1,11,0
1276,9834,16,1,SOFT,1,3,0
1276,9834,31,1,MEDIUM,1,3,0
1276,9834,44,1,SOFT,1,3,0
1276,9834,27,1,MEDIUM,1,3,0
1276,9834,5,1,MEDIUM,1,3,0
1276,9834,18,3,SOFT,3,8,0
1276,9834,22,1,SOFT,1,7,0
1276,9834,81,1,SOFT,1,3,0
1276,9834,14,3,HARD,3,9,0
1276,9834,23,1,MEDIUM,1,7,0
1276,9834,16,2,SOFT,4,6,3
1276,9834,87,1,SOFT,1,6,0
1276,9834,55,1,MEDIUM,1,3,0
1276,9834,30,1,MEDIUM,1,6,0
1276,9834,6,1,MEDIUM,1,6,0
1276,9834,31,2,MEDIUM,4,6,3
1276,9834,44,2,SOFT,4,6,3
1276,9834,27,2,MEDIUM,4,6,0
1276,9834,5,2,MEDIUM,4,6,0
1276,9834,12,1,MEDIUM,1,2,0
1276,9834,1,1,SOFT,1,5,0
1276,9834,81,2,SOFT,4,9,0
1276,9834,63,1,SOFT,1,4,0
1276,9834,55,2,MEDIUM,4,7,3
1276,9834,16,3,SOFT,7,9,6
1276,9834,12,2,MEDIUM,3,5,2
1276,9834,10,2,SOFT,7,9,6
1276,9834,43,2,SOFT,7,9,0
1276,9834,31,3,MEDIUM,7,9,6
1276,9834,27,3,MEDIUM,7,8,0
1276,9834,44,3,SOFT,7,8,0
1276,9834,5,3,MEDIUM,7,8,6
1276,9834,18,4,SOFT,9,9,6
1276,9834,30,2,MEDIUM,7,8,6
1276,9834,6,2,MEDIUM,7,9,6
1276,9834,55,3,MEDIUM,8,11,7
1276,9834,23,2,MEDIUM,8,11,7
1276,9834,31,4,MEDIUM,10,12,8
1276,9834,87,2,SOFT,7,9,6
1276,9834,10,3,SOFT,10,12,9
1276,9834,43,3,SOFT,10,11,9
1276,9834,63,2,SOFT,5,7,4
1276,9834,12,3,MEDIUM,6,8,5
1276,9834,1,2,SOFT,6,8,5
1276,9834,22,2,SOFT,8,9,7
1276,9834,16,4,SOFT,10,11,9
1276,9834,4,2,SOFT,12,15,0
1276,9834,18,5,SOFT,10,12,0
1276,9834,81,3,SOFT,10,12,0
1276,9834,27,4,SOFT,9,11,0
1276,9834,30,3,SOFT,9,11,0
1276,9834,5,4,SOFT,9,11,0
1276,9834,14,4,SOFT,10,12,0
1276,9834,6,3,SOFT,10,17,0
1276,9834,31,5,SOFT,13,15,0
1276,9834,87,3,SOFT,10,12,0
1276,9834,16,5,SOFT,12,14,0
1276,9834,10,4,SOFT,13,19,0
1276,9834,43,4,SOFT,12,18,0
1276,9834,12,4,SOFT,9,9,0
1276,9834,55,4,SOFT,12,18,0
1276,9834,22,3,SOFT,10,10,0
1276,9834,23,3,SOFT,12,18,0
1276,9834,63,3,SOFT,8,14,0
1276,9834,1,3,SOFT,9,15,0
1276,9834,18,6,SOFT,13,19,3
1276,9834,27,5,SOFT,12,14,3
1276,9834,81,4,SOFT,13,17,3
1276,9834,12,5,SOFT,10,14,1
1276,9834,30,4,SOFT,12,16,3
1276,9834,4,3,SOFT,16,20,4
1276,9834,14,5,SOFT,13,17,3
1276,9834,5,5,SOFT,12,16,3
1276,9834,16,6,SOFT,15,18,3
1276,9834,31,6,SOFT,16,19,0
1276,9834,87,4,SOFT,13,16,3
1276,9834,27,6,MEDIUM,15,17,8
1276,9835,10,1,MEDIUM,1,3,0
1276,9835,43,1,SOFT,1,3,0
1276,9835,30,1,SOFT,1,2,0
1276,9835,44,1,MEDIUM,1,3,0
1276,9835,18,1,SOFT,1,6,0
1276,9835,27,1,SOFT,1,3,0
1276,9835,5,1,SOFT,1,3,0
1276,9835,1,1,SOFT,1,3,0
1276,9835,22,1,SOFT,1,3,0
1276,9835,6,1,SOFT,1,3,0
1276,9835,16,1,MEDIUM,1,3,0
1276,9835,55,1,SOFT,1,3,0
1276,9835,23,1,SOFT,1,3,0
1276,9835,14,1,SOFT,1,3,0
1276,9835,4,1,SOFT,1,3,0
1276,9835,31,1,SOFT,1,3,0
1276,9835,30,2,SOFT,3,5,0
1276,9835,87,1,SOFT,1,3,0
1276,9835,81,1,SOFT,1,3,0
1276,9835,12,1,SOFT,1,3,0
1276,9835,63,1,SOFT,1,3,0
1276,9835,10,2,SOFT,4,6,0
1276,9835,44,2,SOFT,4,6,0
1276,9835,43,2,SOFT,4,6,0
1276,9835,27,2,SOFT,4,6,0
1276,9835,5,2,SOFT,4,6,3
1276,9835,4,2,SOFT,4,6,0
1276,9835,81,2,SOFT,4,6,0
1276,9835,23,2,SOFT,4,6,0
1276,9835,6,2,SOFT,4,6,0
1276,9835,55,2,SOFT,4,6,0
1276,9835,12,2,SOFT,4,6,0
1276,9835,1,2,SOFT,4,6,0
1276,9835,63,2,SOFT,4,6,3
1276,9835,16,2,SOFT,4,6,0
1276,9835,22,2,SOFT,4,6,0
1276,9835,30,3,SOFT,6,8,0
1276,9835,10,3,SOFT,7,9,0
1276,9835,18,2,SOFT,7,9,0
1276,9835,14,2,SOFT,4,6,0
1276,9835,43,3,SOFT,7,9,0
1276,9835,31,2,SOFT,4,6,0
1276,9835,44,3,SOFT,7,9,0
1276,9835,87,2,SOFT,4,5,0
1276,9835,5,3,SOFT,7,9,0
1276,9835,27,3,SOFT,7,9,0
1276,9835,1,3,SOFT,7,9,3
1276,9835,31,3,SOFT,7,9,0
1276,9835,87,3,SOFT,6,8,2
1276,9835,30,4,SOFT,9,11,2
1276,9835,55,3,SOFT,7,9,0
1276,9835,12,3,SOFT,7,9,0
1276,9835,6,3,SOFT,7,9,0
1276,9835,63,3,SOFT,7,9,0
1276,9835,18,3,SOFT,10,12,0
1276,9835,16,3,SOFT,7,9,0
1276,9835,14,3,SOFT,7,9,0
1276,9835,22,3,SOFT,7,9,1
1276,9835,5,4,SOFT,10,12,0
1276,9835,81,3,SOFT,7,9,3
1276,9835,4,3,SOFT,7,9,3
1276,9835,1,4,SOFT,10,12,3
1276,9835,12,4,SOFT,10,12,0
1276,9835,16,4,SOFT,10,12,0
1276,9835,22,4,SOFT,10,12,0
1276,9835,5,5,SOFT,13,15,0
1276,9835,55,4,SOFT,10,12,0
1276,9835,30,5,SOFT,12,14,0
1276,9835,6,4,SOFT,10,12,0
1276,9835,31,4,SOFT,10,12,0
1276,9835,63,4,SOFT,10,12,3
1276,9835,18,4,SOFT,13,15,0
1276,9835,14,4,SOFT,10,12,0
1276,9835,87,4,SOFT,9,11,0
1276,9835,81,4,SOFT,10,11,0
1276,9835,4,4,SOFT,10,11,0
1276,9835,22,5,SOFT,13,14,3
1276,9835,1,5,SOFT,13,15,0
1276,9835,5,6,SOFT,16,18,3
1276,9835,31,5,SOFT,13,15,3
1276,9835,6,5,SOFT,13,15,3
1276,9835,4,5,SOFT,12,14,2
1276,9835,14,5,SOFT,13,15,0
1276,9835,16,5,SOFT,13,15,0
1276,9835,81,5,SOFT,12,14,2
1276,9835,63,5,SOFT,13,15,0
1276,9835,22,6,SOFT,15,17,0
1276,9835,31,6,SOFT,16,18,0
1276,9835,5,7,SOFT,19,21,0
1276,9835,6,6,SOFT,16,18,0
1276,9835,14,6,SOFT,16,18,0
1276,9835,16,6,SOFT,16,18,0
1276,9835,81,6,SOFT,15,17,0
1276,9835,4,6,SOFT,15,17,0
1276,9835,1,6,SOFT,16,18,0
1276,9835,63,6,SOFT,16,18,0
1276,9839,55,1,MEDIUM,1,18,0
1276,9839,10,1,MEDIUM,1,13,0
1276,9839,43,1,MEDIUM,1,15,0
1276,9839,12,1,HARD,1,32,0
1276,9839,63,1,MEDIUM,1,14,0
1276,9839,44,1,SOFT,1,8,0
1276,9839,6,1,MEDIUM,1,14,0
1276,9839,1,1,MEDIUM,1,23,0
1276,9839,81,1,HARD,1,41,0
1276,9839,23,1,SOFT,1,8,0
1276,9839,5,1,MEDIUM,1,15,0
1276,9839,30,1,MEDIUM,1,21,0
1276,9839,27,1,SOFT,1,7,0
1276,9839,14,1,MEDIUM,1,16,1
1276,9839,16,1,MEDIUM,1,16,0
1276,9839,31,1,MEDIUM,1,19,0
1276,9839,87,1,MEDIUM,1,14,0
1276,9839,18,1,HARD,1,42,1
1276,9839,22,1,HARD,1,32,0
1276,9839,4,1,MEDIUM,1,16,0
1276,9839,27,2,HARD,8,42,0
1276,9839,44,2,HARD,9,31,0
1276,9839,23,2,HARD,9,33,0
1276,9839,10,2,HARD,14,40,0
1276,9839,63,2,HARD,15,58,0
1276,9839,6,2,HARD,15,57,0
1276,9839,87,2,HARD,15,58,0
1276,9839,5,2,HARD,16,58,0
1276,9839,43,2,HARD,16,40,0
1276,9839,4,2,HARD,17,40,0
1276,9839,16,2,HARD,17,39,0
1276,9839,14,2,HARD,17,58,1
1276,9839,55,2,HARD,19,58,0
1276,9839,31,2,HARD,20,58,0
1276,9839,30,2,HARD,22,57,0
1276,9839,1,2,HARD,24,58,0
1276,9839,44,3,MEDIUM,32,58,0
1276,9839,22,2,MEDIUM,33,58,0
1276,9839,12,2,MEDIUM,33,58,0
1276,9839,23,3,MEDIUM,34,58,0
1276,9839,16,3,MEDIUM,40,58,3
1276,9839,4,3,HARD,41,58,0
1276,9839,10,3,MEDIUM,41,57,3
1276,9839,43,3,MEDIUM,41,57,0
1276,9839,81,2,MEDIUM,42,58,0
1276,9839,18,2,MEDIUM,43,58,0
1276,9839,27,3,MEDIUM,43,58,0
