meeting_key,session_key,date,air_temperature,track_temperature,humidity,pressure,rainfall,wind_direction,wind_speed
1254,9686,2025-03-14 01:16:12.694000+00:00,23.8,39.3,48.0,1018.4,0,0,0.0
1254,9686,2025-03-14 01:17:12.684000+00:00,24.0,39.2,50.0,1018.4,0,5,0.3
1254,9686,2025-03-14 01:18:12.709000+00:00,24.0,39.4,51.0,1018.3,0,0,0.5
1254,9686,2025-03-14 01:19:12.698000+00:00,24.0,40.1,51.0,1018.3,0,267,0.4
1254,9686,2025-03-14 01:20:12.707000+00:00,24.1,40.1,50.0,1018.4,0,0,1.0
1254,9686,2025-03-14 01:21:12.710000+00:00,24.1,40.1,51.0,1018.3,0,181,0.5
1254,9686,2025-03-14 01:22:12.709000+00:00,24.2,40.1,50.0,1018.3,0,79,0.6
1254,9686,2025-03-14 01:23:12.709000+00:00,24.3,40.2,48.0,1018.2,0,297,0.4
1254,9686,2025-03-14 01:24:12.701000+00:00,24.3,39.7,48.0,1018.2,0,253,0.5
1254,9686,2025-03-14 01:25:12.711000+00:00,24.2,39.5,48.0,1018.1,0,10,1.0
1254,9686,2025-03-14 01:26:12.727000+00:00,24.2,39.6,48.0,1018.2,0,235,0.9
1254,9686,2025-03-14 01:27:12.747000+00:00,24.2,40.0,51.0,1018.2,0,196,1.8
1254,9686,2025-03-14 01:28:12.735000+00:00,24.1,40.2,50.0,1018.2,0,0,0.7
1254,9686,2025-03-14 01:29:12.755000+00:00,24.3,40.3,49.0,1018.2,0,226,0.5
1254,9686,2025-03-14 01:30:12.790000+00:00,24.4,40.1,50.0,1018.2,0,0,0.0
1254,9686,2025-03-14 01:31:12.774000+00:00,24.5,40.0,50.0,1018.2,0,129,0.8
1254,9686,2025-03-14 01:32:12.776000+00:00,24.5,40.4,50.0,1018.2,0,266,1.1
1254,9686,2025-03-14 01:33:12.777000+00:00,24.6,40.4,50.0,1018.2,0,0,1.0
1254,9686,2025-03-14 01:34:12.800000+00:00,24.7,40.7,50.0,1018.2,0,243,0.4
1254,9686,2025-03-14 01:35:12.828000+00:00,24.6,41.4,48.0,1018.2,0,201,0.7
1254,9686,2025-03-14 01:36:12.801000+00:00,24.5,41.5,46.0,1018.3,0,168,0.3
1254,9686,2025-03-14 01:37:12.779000+00:00,24.5,41.4,47.0,1018.3,0,157,0.9
1254,9686,2025-03-14 01:38:12.803000+00:00,24.5,41.2,47.0,1018.4,0,219,1.1
1254,9686,2025-03-14 01:39:12.794000+00:00,24.5,41.4,46.0,1018.2,0,278,0.6
1254,9686,2025-03-14 01:40:12.793000+00:00,24.7,41.2,45.0,1018.2,0,126,0.0
1254,9686,2025-03-14 01:41:12.792000+00:00,24.8,41.4,45.0,1018.3,0,96,0.7
1254,9686,2025-03-14 01:42:12.821000+00:00,24.8,41.6,45.0,1018.0,0,121,1.0
1254,9686,2025-03-14 01:43:12.855000+00:00,24.8,41.3,46.0,1018.2,0,185,0.8
1254,9686,2025-03-14 01:44:12.834000+00:00,24.8,41.3,46.0,1018.3,0,0,1.0
1254,9686,2025-03-14 01:45:12.856000+00:00,24.8,41.5,46.0,1018.3,0,127,0.5
1254,9686,2025-03-14 01:46:12.851000+00:00,24.8,41.7,46.0,1018.3,0,142,1.0
1254,9686,2025-03-14 01:47:12.868000+00:00,24.8,41.8,45.0,1018.3,0,139,1.0
1254,9686,2025-03-14 01:48:12.874000+00:00,24.8,41.8,45.0,1018.3,0,0,0.0
1254,9686,2025-03-14 01:49:12.885000+00:00,24.8,42.1,46.0,1018.4,0,105,1.0
1254,9686,2025-03-14 01:50:12.886000+00:00,24.7,42.1,44.0,1018.4,0,199,0.8
1254,9686,2025-03-14 01:51:12.906000+00:00,24.6,42.0,46.0,1018.4,0,248,0.0
1254,9686,2025-03-14 01:52:12.901000+00:00,24.6,41.7,46.0,1018.4,0,228,0.7
1254,9686,2025-03-14 01:53:12.887000+00:00,24.5,41.7,46.0,1018.4,0,166,0.3
1254,9686,2025-03-14 01:54:12.926000+00:00,24.3,41.9,46.0,1018.3,0,129,0.7
1254,9686,2025-03-14 01:55:12.926000+00:00,24.3,42.4,47.0,1018.3,0,180,1.0
1254,9686,2025-03-14 01:56:12.927000+00:00,24.3,42.4,47.0,1018.3,0,260,1.2
1254,9686,2025-03-14 01:57:12.943000+00:00,24.3,42.4,47.0,1018.3,0,0,0.7
1254,9686,2025-03-14 01:58:12.971000+00:00,24.4,42.5,47.0,1018.3,0,92,0.4
1254,9686,2025-03-14 01:59:12.967000+00:00,24.4,42.7,47.0,1018.2,0,121,1.2
1254,9686,2025-03-14 02:00:12.992000+00:00,24.3,42.8,47.0,1018.2,0,113,1.6
1254,9686,2025-03-14 02:01:12.976000+00:00,24.1,42.2,48.0,1018.2,0,115,1.1
1254,9686,2025-03-14 02:02:13.013000+00:00,24.2,42.2,48.0,1018.1,0,169,1.2
1254,9686,2025-03-14 02:03:13.023000+00:00,24.2,42.8,49.0,1018.1,0,0,2.1
1254,9686,2025-03-14 02:04:13.033000+00:00,24.2,43.0,49.0,1018.1,0,183,0.4
1254,9686,2025-03-14 02:05:13.027000+00:00,24.3,42.5,48.0,1018.2,0,0,0.7
1254,9686,2025-03-14 02:06:13.061000+00:00,24.4,42.5,48.0,1018.2,0,123,0.5
1254,9686,2025-03-14 02:07:13.075000+00:00,24.5,43.0,47.0,1018.2,0,143,0.5
1254,9686,2025-03-14 02:08:13.069000+00:00,24.5,43.0,47.0,1018.2,0,108,0.5
1254,9686,2025-03-14 02:09:13.071000+00:00,24.5,43.2,47.0,1018.0,0,132,1.1
1254,9686,2025-03-14 02:10:13.092000+00:00,24.5,43.1,47.0,1018.0,0,0,0.6
1254,9686,2025-03-14 02:11:13.077000+00:00,24.5,42.9,47.0,1018.0,0,97,0.5
1254,9686,2025-03-14 02:12:13.053000+00:00,24.5,42.9,47.0,1018.0,0,108,0.7
1254,9686,2025-03-14 02:13:13.072000+00:00,24.5,42.9,47.0,1018.0,0,199,1.3
1254,9686,2025-03-14 02:14:13.083000+00:00,24.4,42.9,47.0,1017.9,0,104,2.3
1254,9686,2025-03-14 02:15:13.114000+00:00,24.2,42.9,48.0,1018.0,0,275,0.8
1254,9686,2025-03-14 02:16:13.130000+00:00,24.0,43.1,49.0,1017.9,0,131,2.1
1254,9686,2025-03-14 02:17:13.165000+00:00,24.0,43.0,48.0,1017.9,0,102,1.2
1254,9686,2025-03-14 02:18:13.182000+00:00,24.0,43.0,50.0,1017.9,0,111,0.9
1254,9686,2025-03-14 02:19:13.140000+00:00,24.0,43.1,48.0,1017.8,0,101,1.1
1254,9686,2025-03-14 02:20:13.140000+00:00,24.0,43.2,49.0,1017.9,0,232,1.5
1254,9686,2025-03-14 02:21:13.144000+00:00,24.0,43.2,50.0,1017.9,0,0,1.0
1254,9686,2025-03-14 02:22:13.141000+00:00,24.2,43.7,48.0,1018.0,0,98,1.1
1254,9686,2025-03-14 02:23:13.168000+00:00,24.3,44.1,48.0,1018.1,0,132,0.6
1254,9686,2025-03-14 02:24:13.189000+00:00,24.5,44.3,47.0,1017.9,0,180,1.2
1254,9686,2025-03-14 02:25:13.198000+00:00,24.5,44.4,47.0,1017.8,0,116,1.6
1254,9686,2025-03-14 02:26:13.207000+00:00,24.6,44.5,46.0,1017.9,0,276,1.6
1254,9686,2025-03-14 02:27:13.206000+00:00,24.6,44.4,46.0,1017.9,0,128,0.9
1254,9686,2025-03-14 02:28:13.205000+00:00,24.6,44.6,46.0,1018.0,0,153,1.1
1254,9686,2025-03-14 02:29:13.207000+00:00,24.5,44.3,46.0,1018.0,0,180,0.7
1254,9686,2025-03-14 02:30:13.233000+00:00,24.5,44.3,47.0,1018.0,0,141,0.8
1254,9686,2025-03-14 02:31:13.223000+00:00,24.6,44.0,47.0,1018.0,0,121,0.8
1254,9686,2025-03-14 02:32:13.247000+00:00,24.6,43.7,49.0,1017.9,0,126,1.1
1254,9686,2025-03-14 02:33:13.268000+00:00,24.6,44.0,51.0,1018.0,0,113,1.3
1254,9686,2025-03-14 02:34:13.255000+00:00,24.6,44.0,52.0,1018.0,0,58,1.3
1254,9686,2025-03-14 02:35:13.292000+00:00,24.5,43.5,54.0,1017.8,0,323,1.2
1254,9686,2025-03-14 02:36:13.295000+00:00,24.3,43.2,54.0,1017.9,0,0,0.9
1254,9687,2025-03-14 04:45:14.108000+00:00,24.3,43.3,64.0,1017.3,0,122,0.6
1254,9687,2025-03-14 04:46:14.110000+00:00,24.3,43.6,63.0,1017.3,0,261,0.5
1254,9687,2025-03-14 04:47:14.094000+00:00,24.5,43.9,62.0,1017.3,0,176,0.4
1254,9687,2025-03-14 04:48:14.112000+00:00,24.7,44.2,62.0,1017.2,0,0,0.6
1254,9687,2025-03-14 04:49:14.099000+00:00,24.7,44.2,62.0,1017.2,0,128,0.4
1254,9687,2025-03-14 04:50:14.120000+00:00,24.8,43.4,60.0,1017.2,0,128,1.2
1254,9687,2025-03-14 04:51:14.139000+00:00,24.9,43.6,61.0,1017.2,0,139,1.4
1254,9687,2025-03-14 04:52:14.149000+00:00,24.8,43.0,61.0,1017.1,0,0,0.8
1254,9687,2025-03-14 04:53:14.135000+00:00,24.9,43.3,61.0,1017.1,0,167,0.4
1254,9687,2025-03-14 04:54:14.143000+00:00,24.9,43.7,60.0,1017.2,0,175,0.6
1254,9687,2025-03-14 04:55:14.148000+00:00,24.9,43.9,59.0,1017.1,0,233,0.8
1254,9687,2025-03-14 04:56:14.127000+00:00,24.9,43.8,60.0,1017.1,0,0,0.7
1254,9687,2025-03-14 04:57:14.149000+00:00,25.0,43.3,61.0,1017.0,0,0,0.7
1254,9687,2025-03-14 04:58:14.190000+00:00,25.0,42.4,61.0,1017.0,0,154,1.0
1254,9687,2025-03-14 04:59:14.186000+00:00,25.1,42.3,61.0,1017.0,0,99,1.0
1254,9687,2025-03-14 05:00:14.186000+00:00,25.2,42.3,62.0,1017.1,0,139,1.0
1254,9687,2025-03-14 05:01:14.203000+00:00,25.2,42.7,62.0,1017.1,0,98,1.6
1254,9687,2025-03-14 05:02:14.204000+00:00,25.0,42.8,64.0,1017.2,0,122,1.7
1254,9687,2025-03-14 05:03:14.187000+00:00,24.9,42.8,65.0,1017.1,0,109,1.8
1254,9687,2025-03-14 05:04:14.188000+00:00,24.8,42.8,64.0,1017.1,0,146,1.1
1254,9687,2025-03-14 05:05:14.203000+00:00,24.6,42.5,65.0,1017.1,0,126,0.7
1254,9687,2025-03-14 05:06:14.206000+00:00,24.5,42.5,64.0,1017.0,0,145,1.1
1254,9687,2025-03-14 05:07:14.208000+00:00,24.5,42.5,64.0,1017.1,0,129,1.6
1254,9687,2025-03-14 05:08:14.229000+00:00,24.4,41.9,65.0,1017.0,0,169,1.2
1254,9687,2025-03-14 05:09:14.225000+00:00,24.4,41.9,65.0,1017.1,0,115,2.0
1254,9687,2025-03-14 05:10:14.221000+00:00,24.3,41.7,66.0,1017.2,0,143,1.2
1254,9687,2025-03-14 05:11:14.206000+00:00,24.1,42.0,66.0,1017.1,0,130,1.4
1254,9687,2025-03-14 05:12:14.242000+00:00,24.1,42.0,66.0,1017.1,0,117,1.0
1254,9687,2025-03-14 05:13:14.241000+00:00,24.0,42.0,65.0,1017.1,0,123,1.6
1254,9687,2025-03-14 05:14:14.269000+00:00,23.8,41.9,66.0,1017.0,0,0,1.8
1254,9687,2025-03-14 05:15:14.295000+00:00,23.6,41.6,67.0,1017.1,0,121,0.8
1254,9687,2025-03-14 05:16:14.269000+00:00,23.4,41.1,67.0,1017.1,0,159,1.2
1254,9687,2025-03-14 05:17:14.294000+00:00,23.5,41.1,67.0,1017.0,0,163,0.9
1254,9687,2025-03-14 05:18:14.315000+00:00,23.4,40.8,67.0,1017.1,0,104,1.3
1254,9687,2025-03-14 05:19:14.341000+00:00,23.4,41.2,66.0,1017.1,0,139,1.3
1254,9687,2025-03-14 05:20:14.331000+00:00,23.4,40.9,67.0,1017.1,0,102,1.1
1254,9687,2025-03-14 05:21:14.349000+00:00,23.4,40.9,68.0,1017.1,0,213,1.4
1254,9687,2025-03-14 05:22:14.374000+00:00,23.4,41.2,67.0,1017.1,0,104,0.8
1254,9687,2025-03-14 05:23:14.375000+00:00,23.5,41.7,67.0,1017.1,0,132,2.2
1254,9687,2025-03-14 05:24:14.372000+00:00,23.4,41.3,68.0,1017.1,0,167,1.2
1254,9687,2025-03-14 05:25:14.384000+00:00,23.3,41.5,68.0,1017.0,0,113,1.5
1254,9687,2025-03-14 05:26:14.401000+00:00,23.3,41.3,67.0,1017.0,0,140,1.8
1254,9687,2025-03-14 05:27:14.424000+00:00,23.2,41.3,69.0,1017.0,0,126,1.1
1254,9687,2025-03-14 05:28:14.426000+00:00,23.2,41.3,69.0,1016.9,0,102,0.7
1254,9687,2025-03-14 05:29:14.426000+00:00,23.1,42.3,67.0,1017.0,0,143,1.0
1254,9687,2025-03-14 05:30:14.430000+00:00,23.1,41.3,66.0,1016.9,0,123,1.6
1254,9687,2025-03-14 05:31:14.426000+00:00,23.1,40.3,67.0,1017.1,0,156,1.9
1254,9687,2025-03-14 05:32:14.422000+00:00,23.0,40.3,68.0,1017.0,0,132,1.6
1254,9687,2025-03-14 05:33:14.428000+00:00,23.0,40.7,68.0,1017.1,0,125,1.3
1254,9687,2025-03-14 05:34:14.415000+00:00,23.0,40.2,67.0,1017.1,0,0,1.1
1254,9687,2025-03-14 05:35:14.428000+00:00,23.0,40.6,67.0,1017.0,0,82,0.5
1254,9687,2025-03-14 05:36:14.404000+00:00,23.1,41.2,66.0,1017.0,0,62,1.1
1254,9687,2025-03-14 05:37:14.432000+00:00,23.1,40.4,66.0,1016.9,0,0,0.9
1254,9687,2025-03-14 05:38:14.437000+00:00,23.1,40.3,66.0,1017.0,0,0,0.3
1254,9687,2025-03-14 05:39:14.419000+00:00,23.1,40.3,65.0,1016.9,0,136,0.4
1254,9687,2025-03-14 05:40:14.430000+00:00,23.1,40.5,64.0,1016.9,0,193,1.0
1254,9687,2025-03-14 05:41:14.435000+00:00,23.2,40.5,64.0,1016.7,0,130,0.7
1254,9687,2025-03-14 05:42:14.425000+00:00,23.2,40.5,63.0,1016.8,0,133,1.0
1254,9687,2025-03-14 05:43:14.435000+00:00,23.4,40.2,64.0,1016.8,0,110,1.2
1254,9687,2025-03-14 05:44:14.427000+00:00,23.4,40.1,64.0,1016.7,0,307,1.1
1254,9687,2025-03-14 05:45:14.411000+00:00,23.4,40.5,64.0,1016.8,0,141,0.8
1254,9687,2025-03-14 05:46:14.439000+00:00,23.4,40.5,64.0,1016.8,0,111,1.3
1254,9687,2025-03-14 05:47:14.427000+00:00,23.5,40.3,64.0,1016.9,0,149,0.8
1254,9687,2025-03-14 05:48:14.441000+00:00,23.4,39.9,64.0,1016.9,0,132,2.1
1254,9687,2025-03-14 05:49:14.443000+00:00,23.4,39.9,64.0,1016.9,0,117,1.5
1254,9687,2025-03-14 05:50:14.443000+00:00,23.4,39.6,64.0,1016.9,0,125,1.9
1254,9687,2025-03-14 05:51:14.452000+00:00,23.3,39.2,65.0,1016.9,0,116,2.0
1254,9687,2025-03-14 05:52:14.479000+00:00,23.3,39.1,66.0,1016.9,0,133,1.4
1254,9687,2025-03-14 05:53:14.489000+00:00,23.3,39.1,66.0,1016.8,0,71,1.1
1254,9687,2025-03-14 05:54:14.497000+00:00,23.3,38.6,67.0,1016.9,0,79,1.7
1254,9687,2025-03-14 05:55:14.496000+00:00,23.2,38.4,68.0,1016.9,0,123,1.1
1254,9687,2025-03-14 05:56:14.500000+00:00,23.1,38.3,68.0,1016.7,0,117,1.9
1254,9687,2025-03-14 05:57:14.503000+00:00,23.1,38.7,68.0,1016.9,0,119,2.6
1254,9687,2025-03-14 05:58:14.510000+00:00,23.2,38.8,68.0,1016.7,0,100,1.6
1254,9687,2025-03-14 05:59:14.518000+00:00,23.2,39.0,67.0,1016.7,0,121,1.4
1254,9687,2025-03-14 06:00:14.528000+00:00,23.2,38.9,66.0,1016.9,0,124,1.8
1254,9687,2025-03-14 06:01:14.544000+00:00,23.2,38.5,67.0,1016.8,0,121,3.2
1254,9687,2025-03-14 06:02:14.532000+00:00,23.1,37.8,68.0,1016.7,0,141,1.0
1254,9687,2025-03-14 06:03:14.546000+00:00,22.9,37.9,67.0,1016.8,0,148,1.9
1254,9687,2025-03-14 06:04:14.546000+00:00,22.9,37.9,68.0,1016.9,0,105,1.1
1254,9687,2025-03-14 06:05:14.544000+00:00,22.9,37.7,67.0,1016.8,0,109,1.3
1254,9688,2025-03-15 01:19:21.607000+00:00,31.5,36.5,45.0,1014.0,0,265,0.8
1254,9688,2025-03-15 01:20:21.606000+00:00,31.6,37.3,45.0,1014.0,0,264,1.0
1254,9688,2025-03-15 01:21:21.632000+00:00,31.6,38.0,45.0,1014.0,0,245,1.2
1254,9688,2025-03-15 01:22:21.638000+00:00,31.6,38.3,46.0,1013.9,0,301,1.4
1254,9688,2025-03-15 01:23:21.638000+00:00,31.5,38.8,46.0,1013.8,0,132,0.4
1254,9688,2025-03-15 01:24:21.653000+00:00,31.4,38.8,45.0,1013.9,0,0,1.0
1254,9688,2025-03-15 01:25:21.638000+00:00,31.5,39.0,46.0,1013.9,0,0,0.9
1254,9688,2025-03-15 01:26:21.643000+00:00,31.5,39.3,46.0,1013.9,0,0,0.6
1254,9688,2025-03-15 01:27:21.659000+00:00,31.5,39.2,46.0,1013.9,0,251,0.4
1254,9688,2025-03-15 01:28:21.658000+00:00,31.5,39.3,46.0,1013.8,0,101,1.0
1254,9688,2025-03-15 01:29:21.657000+00:00,31.5,39.5,46.0,1013.8,0,0,0.3
1254,9688,2025-03-15 01:30:21.658000+00:00,31.4,39.6,46.0,1013.8,0,244,1.4
1254,9688,2025-03-15 01:31:21.658000+00:00,31.4,39.5,48.0,1013.8,0,219,1.4
1254,9688,2025-03-15 01:32:21.745000+00:00,31.3,39.5,46.0,1013.7,0,0,0.7
1254,9688,2025-03-15 01:33:21.701000+00:00,31.3,41.1,45.0,1013.6,0,223,0.8
1254,9688,2025-03-15 01:34:21.702000+00:00,31.2,41.5,45.0,1013.8,0,226,0.0
1254,9688,2025-03-15 01:35:21.718000+00:00,31.1,41.3,44.0,1013.8,0,315,0.9
1254,9688,2025-03-15 01:36:21.697000+00:00,31.1,41.3,45.0,1013.7,0,128,0.6
1254,9688,2025-03-15 01:37:21.713000+00:00,31.0,42.3,45.0,1013.7,0,105,1.4
1254,9688,2025-03-15 01:38:21.717000+00:00,30.8,42.4,47.0,1013.7,0,90,0.6
1254,9688,2025-03-15 01:39:21.720000+00:00,30.7,42.5,47.0,1013.6,0,72,0.6
1254,9688,2025-03-15 01:40:21.707000+00:00,30.6,42.5,48.0,1013.5,0,0,0.8
1254,9688,2025-03-15 01:41:21.727000+00:00,30.5,42.4,46.0,1013.5,0,122,0.4
1254,9688,2025-03-15 01:42:21.753000+00:00,30.4,41.8,49.0,1013.6,0,64,1.0
1254,9688,2025-03-15 01:43:21.748000+00:00,30.3,41.5,50.0,1013.6,0,268,0.9
1254,9688,2025-03-15 01:44:21.758000+00:00,30.1,41.0,50.0,1013.6,0,247,0.6
1254,9688,2025-03-15 01:45:21.748000+00:00,29.9,41.0,52.0,1013.6,0,104,1.4
1254,9688,2025-03-15 01:46:21.768000+00:00,29.7,40.1,52.0,1013.5,0,191,1.0
1254,9688,2025-03-15 01:47:21.765000+00:00,29.5,40.1,52.0,1013.6,0,240,0.8
1254,9688,2025-03-15 01:48:21.770000+00:00,29.4,40.1,53.0,1013.5,0,228,1.1
1254,9688,2025-03-15 01:49:21.767000+00:00,29.1,39.9,53.0,1013.5,0,333,0.7
1254,9688,2025-03-15 01:50:21.771000+00:00,28.8,39.9,53.0,1013.5,0,191,0.7
1254,9688,2025-03-15 01:51:21.782000+00:00,28.6,40.7,54.0,1013.4,0,105,0.6
1254,9688,2025-03-15 01:52:21.768000+00:00,28.5,40.7,53.0,1013.4,0,109,1.0
1254,9688,2025-03-15 01:53:21.784000+00:00,28.5,41.1,53.0,1013.4,0,185,0.6
1254,9688,2025-03-15 01:54:21.800000+00:00,28.4,41.4,53.0,1013.4,0,204,0.7
1254,9688,2025-03-15 01:55:21.801000+00:00,28.5,41.2,53.0,1013.4,0,83,0.6
1254,9688,2025-03-15 01:56:21.807000+00:00,28.6,41.2,52.0,1013.4,0,107,0.4
1254,9688,2025-03-15 01:57:21.801000+00:00,28.8,42.7,52.0,1013.4,0,110,1.3
1254,9688,2025-03-15 01:58:21.804000+00:00,28.9,42.4,53.0,1013.4,0,117,1.6
1254,9688,2025-03-15 01:59:21.807000+00:00,28.8,42.4,52.0,1013.4,0,122,0.5
1254,9688,2025-03-15 02:00:21.803000+00:00,28.8,42.6,53.0,1013.3,0,0,1.1
1254,9688,2025-03-15 02:01:21.807000+00:00,28.8,42.1,52.0,1013.4,0,154,0.5
1254,9688,2025-03-15 02:02:21.792000+00:00,28.9,42.1,51.0,1013.2,0,106,0.4
1254,9688,2025-03-15 02:03:21.792000+00:00,28.9,42.1,51.0,1013.2,0,100,1.1
1254,9688,2025-03-15 02:04:21.810000+00:00,29.0,42.8,52.0,1013.3,0,121,1.2
1254,9688,2025-03-15 02:05:21.806000+00:00,29.1,42.3,50.0,1013.3,0,97,1.0
1254,9688,2025-03-15 02:06:21.811000+00:00,29.2,42.1,52.0,1013.3,0,48,0.6
1254,9688,2025-03-15 02:07:21.794000+00:00,29.2,42.1,52.0,1013.2,0,244,0.3
1254,9688,2025-03-15 02:08:21.799000+00:00,29.1,42.1,52.0,1013.3,0,325,0.0
1254,9688,2025-03-15 02:09:21.812000+00:00,29.1,41.7,51.0,1013.2,0,272,0.5
1254,9688,2025-03-15 02:10:21.798000+00:00,29.1,42.7,50.0,1013.3,0,230,0.5
1254,9688,2025-03-15 02:11:21.813000+00:00,29.0,42.0,52.0,1013.2,0,146,0.9
1254,9688,2025-03-15 02:12:21.812000+00:00,29.0,41.3,53.0,1013.2,0,65,0.6
1254,9688,2025-03-15 02:13:21.834000+00:00,28.8,41.4,54.0,1013.2,0,0,0.6
1254,9688,2025-03-15 02:14:21.850000+00:00,28.8,41.4,52.0,1013.3,0,121,0.8
1254,9688,2025-03-15 02:15:21.858000+00:00,28.7,40.9,52.0,1013.2,0,222,1.4
1254,9688,2025-03-15 02:16:21.847000+00:00,28.6,40.2,52.0,1013.2,0,101,0.5
1254,9688,2025-03-15 02:17:21.863000+00:00,28.5,39.7,53.0,1013.1,0,263,0.5
1254,9688,2025-03-15 02:18:21.862000+00:00,28.4,40.6,53.0,1013.2,0,0,1.2
1254,9688,2025-03-15 02:19:21.882000+00:00,28.2,40.6,54.0,1013.1,0,127,0.5
1254,9688,2025-03-15 02:20:21.923000+00:00,28.2,40.2,55.0,1013.1,0,132,0.8
1254,9688,2025-03-15 02:21:21.898000+00:00,28.1,39.9,54.0,1013.0,0,131,1.1
1254,9688,2025-03-15 02:22:21.901000+00:00,27.9,39.8,55.0,1013.1,0,113,1.0
1254,9688,2025-03-15 02:23:21.926000+00:00,27.9,39.9,55.0,1013.0,0,89,0.6
1254,9688,2025-03-15 02:24:21.945000+00:00,27.8,40.2,53.0,1013.0,0,120,1.4
1254,9688,2025-03-15 02:25:21.922000+00:00,27.8,40.2,54.0,1013.0,0,112,1.1
1254,9688,2025-03-15 02:26:21.928000+00:00,27.9,41.2,53.0,1013.0,0,167,0.0
1254,9688,2025-03-15 02:27:21.944000+00:00,28.0,41.4,51.0,1012.9,0,118,0.8
1254,9688,2025-03-15 02:28:21.929000+00:00,28.1,41.4,50.0,1012.9,0,105,1.1
1254,9688,2025-03-15 02:29:21.947000+00:00,28.3,41.6,50.0,1012.9,0,0,0.3
1254,9688,2025-03-15 02:30:21.956000+00:00,28.4,41.5,49.0,1012.8,0,148,0.8
1254,9688,2025-03-15 02:31:21.949000+00:00,28.4,40.8,49.0,1012.8,0,153,0.5
1254,9688,2025-03-15 02:32:21.952000+00:00,28.4,40.5,49.0,1012.8,0,160,0.5
1254,9688,2025-03-15 02:33:21.944000+00:00,28.5,40.7,49.0,1012.7,0,0,0.5
1254,9688,2025-03-15 02:34:21.949000+00:00,28.5,40.5,50.0,1012.7,0,0,0.7
1254,9688,2025-03-15 02:35:21.958000+00:00,28.5,40.4,50.0,1012.7,0,165,0.0
1254,9688,2025-03-15 02:36:21.943000+00:00,28.6,40.4,51.0,1012.7,0,0,0.7
1254,9689,2025-03-15 04:48:22.537000+00:00,32.5,40.5,41.0,1009.9,0,0,0.7
1254,9689,2025-03-15 04:49:22.554000+00:00,32.5,40.5,41.0,1009.8,0,233,0.7
1254,9689,2025-03-15 04:50:22.542000+00:00,32.5,40.8,41.0,1009.9,0,198,1.4
1254,9689,2025-03-15 04:51:22.555000+00:00,32.5,41.1,41.0,1009.8,0,224,0.6
1254,9689,2025-03-15 04:52:22.556000+00:00,32.5,41.2,41.0,1009.8,0,247,0.4
1254,9689,2025-03-15 04:53:22.541000+00:00,32.6,40.7,42.0,1009.8,0,218,1.3
1254,9689,2025-03-15 04:54:22.548000+00:00,32.5,40.1,45.0,1009.8,0,268,1.0
1254,9689,2025-03-15 04:55:22.558000+00:00,32.5,39.0,47.0,1009.7,0,190,1.6
1254,9689,2025-03-15 04:56:22.559000+00:00,32.4,38.6,48.0,1009.8,0,274,1.4
1254,9689,2025-03-15 04:57:22.558000+00:00,32.3,38.1,49.0,1009.8,0,270,1.3
1254,9689,2025-03-15 04:58:22.562000+00:00,32.0,38.4,51.0,1009.7,0,276,1.3
1254,9689,2025-03-15 04:59:22.561000+00:00,31.7,38.7,51.0,1009.7,0,322,0.6
1254,9689,2025-03-15 05:00:22.546000+00:00,31.5,39.3,50.0,1009.7,0,218,0.9
1254,9689,2025-03-15 05:01:22.568000+00:00,31.3,39.1,50.0,1009.8,0,226,1.0
1254,9689,2025-03-15 05:02:22.563000+00:00,30.7,39.1,52.0,1009.6,0,270,1.5
1254,9689,2025-03-15 05:03:22.571000+00:00,30.4,39.5,53.0,1009.6,0,261,1.4
1254,9689,2025-03-15 05:04:22.580000+00:00,30.1,40.2,53.0,1009.7,0,262,1.9
1254,9689,2025-03-15 05:05:22.581000+00:00,29.9,40.5,54.0,1009.6,0,273,1.2
1254,9689,2025-03-15 05:06:22.581000+00:00,29.9,41.5,53.0,1009.6,0,236,1.2
1254,9689,2025-03-15 05:07:22.599000+00:00,29.8,41.5,51.0,1009.6,0,232,1.5
1254,9689,2025-03-15 05:08:22.614000+00:00,29.8,40.2,52.0,1009.5,0,159,1.0
1254,9689,2025-03-15 05:09:22.615000+00:00,29.7,40.2,52.0,1009.5,0,204,0.4
1254,9689,2025-03-15 05:10:22.617000+00:00,29.7,40.2,50.0,1009.5,0,149,1.1
1254,9689,2025-03-15 05:11:22.602000+00:00,29.7,40.2,51.0,1009.5,0,0,0.6
1254,9689,2025-03-15 05:12:22.617000+00:00,29.6,40.7,51.0,1009.5,0,192,0.5
1254,9689,2025-03-15 05:13:22.649000+00:00,29.8,40.7,50.0,1009.5,0,171,0.9
1254,9689,2025-03-15 05:14:22.670000+00:00,29.9,40.4,49.0,1009.5,0,0,0.0
1254,9689,2025-03-15 05:15:22.666000+00:00,30.0,40.7,48.0,1009.4,0,164,0.0
1254,9689,2025-03-15 05:16:22.668000+00:00,30.1,41.3,49.0,1009.4,0,302,0.6
1254,9689,2025-03-15 05:17:22.671000+00:00,30.1,41.3,49.0,1009.4,0,0,0.4
1254,9689,2025-03-15 05:18:22.701000+00:00,30.1,41.7,48.0,1009.4,0,163,0.0
1254,9689,2025-03-15 05:19:22.701000+00:00,30.3,41.6,47.0,1009.5,0,271,0.8
1254,9689,2025-03-15 05:20:22.686000+00:00,30.4,41.6,47.0,1009.4,0,268,1.4
1254,9689,2025-03-15 05:21:22.702000+00:00,30.5,40.1,48.0,1009.5,0,278,1.1
1254,9689,2025-03-15 05:22:22.704000+00:00,30.5,40.1,49.0,1009.4,0,253,1.9
1254,9689,2025-03-15 05:23:22.690000+00:00,30.3,40.1,50.0,1009.4,0,270,2.4
1254,9689,2025-03-15 05:24:22.690000+00:00,30.0,39.3,54.0,1009.4,0,265,2.0
1254,9689,2025-03-15 05:25:22.708000+00:00,29.7,39.0,56.0,1009.3,0,263,1.4
1254,9689,2025-03-15 05:26:22.736000+00:00,29.5,38.8,57.0,1009.4,0,271,1.7
1254,9689,2025-03-15 05:27:22.754000+00:00,29.3,38.8,56.0,1009.5,0,261,1.9
1254,9689,2025-03-15 05:28:22.755000+00:00,29.1,39.0,54.0,1009.5,0,253,1.8
1254,9689,2025-03-15 05:29:22.786000+00:00,28.9,39.5,53.0,1009.4,0,240,1.1
1254,9689,2025-03-15 05:30:22.803000+00:00,28.7,40.0,52.0,1009.4,0,282,0.8
1254,9689,2025-03-15 05:31:22.808000+00:00,28.5,40.3,52.0,1009.4,0,262,1.2
1254,9689,2025-03-15 05:32:22.820000+00:00,28.5,40.2,51.0,1009.3,0,132,0.5
1254,9689,2025-03-15 05:33:22.824000+00:00,28.6,40.2,50.0,1009.2,0,0,0.4
1254,9689,2025-03-15 05:34:22.821000+00:00,28.7,40.9,51.0,1009.3,0,142,1.1
1254,9689,2025-03-15 05:35:22.820000+00:00,28.8,41.4,50.0,1009.2,0,192,0.6
1254,9689,2025-03-15 05:36:22.842000+00:00,28.9,41.5,49.0,1009.3,0,0,0.4
1254,9689,2025-03-15 05:37:22.840000+00:00,29.0,41.3,47.0,1009.2,0,0,0.0
1254,9689,2025-03-15 05:38:22.841000+00:00,29.2,41.5,47.0,1009.2,0,127,0.0
1254,9689,2025-03-15 05:39:22.842000+00:00,29.3,41.5,46.0,1009.2,0,146,0.4
1254,9689,2025-03-15 05:40:22.843000+00:00,29.4,41.4,46.0,1009.3,0,0,0.9
1254,9689,2025-03-15 05:41:22.842000+00:00,29.5,41.7,41.0,1009.1,0,0,0.0
1254,9689,2025-03-15 05:42:22.843000+00:00,29.5,41.9,40.0,1009.1,0,323,0.0
1254,9689,2025-03-15 05:43:22.844000+00:00,29.7,41.9,40.0,1009.2,0,0,0.0
1254,9689,2025-03-15 05:44:22.844000+00:00,29.8,41.8,40.0,1009.1,0,0,0.0
1254,9689,2025-03-15 05:45:22.847000+00:00,29.9,41.7,40.0,1009.1,0,0,0.5
1254,9689,2025-03-15 05:46:22.846000+00:00,30.0,41.2,40.0,1009.3,0,0,0.0
1254,9689,2025-03-15 05:47:22.847000+00:00,30.0,41.0,40.0,1009.1,0,150,0.0
1254,9689,2025-03-15 05:48:22.847000+00:00,30.1,41.1,40.0,1009.1,0,156,1.0
1254,9689,2025-03-15 05:49:22.833000+00:00,30.1,41.0,41.0,1009.0,0,0,0.3
1254,9689,2025-03-15 05:50:22.852000+00:00,30.1,40.6,40.0,1009.1,0,143,0.7
1254,9689,2025-03-15 05:51:22.865000+00:00,30.2,40.6,40.0,1009.1,0,100,0.4
1254,9689,2025-03-15 05:52:22.866000+00:00,30.2,40.6,39.0,1009.1,0,0,0.4
1254,9689,2025-03-15 05:53:22.851000+00:00,30.3,41.3,39.0,1009.0,0,314,0.0
1254,9689,2025-03-15 05:54:22.852000+00:00,30.4,41.3,38.0,1009.0,0,0,0.4
1254,9689,2025-03-15 05:55:22.868000+00:00,30.6,41.0,38.0,1008.9,0,0,0.0
1254,9689,2025-03-15 05:56:22.867000+00:00,30.9,40.9,37.0,1008.9,0,0,0.0
1254,9689,2025-03-15 05:57:22.870000+00:00,31.0,40.8,36.0,1009.0,0,0,0.0
1254,9689,2025-03-15 05:58:22.871000+00:00,31.1,40.5,36.0,1008.9,0,0,0.0
1254,9689,2025-03-15 05:59:22.872000+00:00,31.2,40.5,34.0,1009.0,0,105,0.4
1254,9689,2025-03-15 06:00:22.908000+00:00,31.2,40.7,36.0,1008.9,0,0,0.4
1254,9689,2025-03-15 06:01:22.889000+00:00,31.3,40.7,35.0,1008.8,0,140,0.5
1254,9689,2025-03-15 06:02:22.899000+00:00,31.4,40.7,36.0,1008.9,0,161,0.7
1254,9693,2025-03-16 03:07:30.394000+00:00,15.8,18.8,91.0,1009.2,1,211,2.6
1254,9693,2025-03-16 03:08:30.395000+00:00,15.7,18.8,92.0,1009.2,1,273,2.6
1254,9693,2025-03-16 03:09:30.381000+00:00,15.7,18.8,92.0,1009.0,1,271,2.2
1254,9693,2025-03-16 03:10:30.395000+00:00,15.7,18.8,90.0,1009.1,1,261,5.3
1254,9693,2025-03-16 03:11:30.396000+00:00,15.7,18.8,90.0,1009.4,1,246,5.6
1254,9693,2025-03-16 03:12:30.385000+00:00,15.6,18.8,90.0,1009.2,1,264,3.9
1254,9693,2025-03-16 03:13:30.400000+00:00,15.6,18.8,90.0,1009.2,1,283,4.8
1254,9693,2025-03-16 03:14:30.385000+00:00,15.6,18.8,90.0,1009.1,1,267,3.2
1254,9693,2025-03-16 03:15:30.401000+00:00,15.6,18.7,90.0,1009.3,1,252,3.7
1254,9693,2025-03-16 03:16:30.403000+00:00,15.6,18.7,89.0,1009.1,0,274,3.4
1254,9693,2025-03-16 03:17:30.402000+00:00,15.6,18.7,89.0,1009.3,0,265,4.4
1254,9693,2025-03-16 03:18:30.425000+00:00,15.6,18.7,89.0,1009.1,0,269,4.6
1254,9693,2025-03-16 03:19:30.433000+00:00,15.6,18.7,88.0,1009.2,0,264,4.3
1254,9693,2025-03-16 03:20:30.444000+00:00,15.6,18.7,88.0,1009.1,0,275,5.1
1254,9693,2025-03-16 03:21:30.430000+00:00,15.6,18.7,88.0,1009.4,0,254,3.8
1254,9693,2025-03-16 03:22:30.449000+00:00,15.7,18.7,88.0,1009.3,0,256,3.2
1254,9693,2025-03-16 03:23:30.451000+00:00,15.7,18.7,88.0,1009.2,0,261,3.7
1254,9693,2025-03-16 03:24:30.440000+00:00,15.6,18.7,88.0,1009.2,0,267,2.9
1254,9693,2025-03-16 03:25:30.428000+00:00,15.6,18.7,87.0,1009.1,0,265,5.6
1254,9693,2025-03-16 03:26:30.433000+00:00,15.6,18.7,87.0,1009.2,0,258,4.1
1254,9693,2025-03-16 03:27:30.461000+00:00,15.6,18.7,87.0,1009.3,0,268,4.1
1254,9693,2025-03-16 03:28:30.450000+00:00,15.6,18.7,87.0,1009.3,0,245,4.5
1254,9693,2025-03-16 03:29:30.462000+00:00,15.6,18.7,87.0,1009.3,0,267,6.6
1254,9693,2025-03-16 03:30:30.480000+00:00,15.6,18.7,86.0,1009.4,0,280,5.3
1254,9693,2025-03-16 03:31:30.476000+00:00,15.5,18.7,86.0,1009.2,1,257,4.0
1254,9693,2025-03-16 03:32:30.491000+00:00,15.4,18.7,86.0,1009.3,1,267,6.9
1254,9693,2025-03-16 03:33:30.507000+00:00,15.4,18.7,87.0,1009.6,1,269,5.1
1254,9693,2025-03-16 03:34:30.534000+00:00,15.4,18.7,88.0,1009.3,1,255,5.9
1254,9693,2025-03-16 03:35:30.538000+00:00,15.3,18.7,87.0,1009.4,1,249,4.4
1254,9693,2025-03-16 03:36:30.588000+00:00,15.3,18.7,88.0,1009.5,1,254,4.3
1254,9693,2025-03-16 03:37:30.536000+00:00,15.2,18.7,88.0,1009.8,1,257,4.0
1254,9693,2025-03-16 03:38:30.538000+00:00,15.1,18.5,87.0,1009.5,1,250,3.3
1254,9693,2025-03-16 03:39:30.540000+00:00,15.1,18.5,87.0,1009.8,0,250,6.0
1254,9693,2025-03-16 03:40:30.543000+00:00,15.1,18.5,87.0,1009.7,0,255,3.0
1254,9693,2025-03-16 03:41:30.544000+00:00,15.1,18.5,87.0,1009.6,1,261,5.9
1254,9693,2025-03-16 03:42:30.540000+00:00,15.1,18.5,87.0,1009.6,1,261,5.9
1254,9693,2025-03-16 03:43:30.561000+00:00,15.2,18.3,87.0,1009.7,1,249,4.8
1254,9693,2025-03-16 03:44:30.568000+00:00,15.2,18.3,87.0,1009.6,1,263,4.0
1254,9693,2025-03-16 03:45:30.579000+00:00,15.2,18.3,87.0,1009.6,1,263,4.0
1254,9693,2025-03-16 03:46:30.584000+00:00,15.2,18.3,87.0,1009.6,1,285,4.3
1254,9693,2025-03-16 03:47:30.579000+00:00,15.2,18.3,87.0,1009.5,1,264,4.7
1254,9693,2025-03-16 03:48:30.588000+00:00,15.2,18.3,87.0,1009.4,1,221,4.5
1254,9693,2025-03-16 03:49:30.589000+00:00,15.2,18.3,87.0,1009.2,0,258,2.9
1254,9693,2025-03-16 03:50:30.594000+00:00,15.3,18.6,86.0,1009.5,0,250,6.1
1254,9693,2025-03-16 03:51:30.590000+00:00,15.2,18.6,87.0,1009.5,0,250,4.6
1254,9693,2025-03-16 03:52:30.597000+00:00,15.3,18.6,86.0,1009.6,0,253,5.1
1254,9693,2025-03-16 03:53:30.630000+00:00,15.2,18.6,85.0,1009.3,0,280,5.1
1254,9693,2025-03-16 03:54:30.630000+00:00,15.3,18.7,83.0,1009.4,0,286,3.8
1254,9693,2025-03-16 03:55:30.647000+00:00,15.2,18.7,83.0,1009.5,0,268,4.2
1254,9693,2025-03-16 03:56:30.651000+00:00,15.2,18.7,82.0,1009.4,0,277,4.1
1254,9693,2025-03-16 03:57:30.663000+00:00,15.2,18.7,81.0,1009.5,0,259,3.4
1254,9693,2025-03-16 03:58:30.648000+00:00,15.2,18.7,81.0,1009.5,0,276,3.6
1254,9693,2025-03-16 03:59:30.677000+00:00,15.1,18.7,80.0,1009.5,0,269,3.4
1254,9693,2025-03-16 04:00:30.653000+00:00,15.3,18.7,80.0,1009.6,0,273,2.7
1254,9693,2025-03-16 04:01:30.677000+00:00,15.3,18.9,79.0,1009.5,0,295,3.3
1254,9693,2025-03-16 04:02:30.711000+00:00,15.3,18.9,78.0,1009.4,0,285,2.1
1254,9693,2025-03-16 04:03:30.730000+00:00,15.4,18.9,76.0,1009.5,0,271,4.0
1254,9693,2025-03-16 04:04:30.727000+00:00,15.4,18.9,76.0,1009.5,0,256,3.7
1254,9693,2025-03-16 04:05:30.732000+00:00,15.4,18.9,74.0,1009.5,0,297,4.6
1254,9693,2025-03-16 04:06:30.713000+00:00,15.4,18.9,73.0,1009.5,0,275,4.1
1254,9693,2025-03-16 04:07:30.714000+00:00,15.4,18.9,73.0,1009.4,0,282,4.3
1254,9693,2025-03-16 04:08:30.714000+00:00,15.5,18.9,73.0,1009.5,0,263,3.3
1254,9693,2025-03-16 04:09:30.752000+00:00,15.6,19.0,75.0,1009.5,0,281,2.0
1254,9693,2025-03-16 04:10:30.767000+00:00,15.6,19.0,74.0,1009.5,0,208,5.6
1254,9693,2025-03-16 04:11:30.766000+00:00,15.6,19.0,74.0,1009.6,0,249,3.6
1254,9693,2025-03-16 04:12:30.788000+00:00,15.6,19.0,74.0,1009.7,0,286,3.1
1254,9693,2025-03-16 04:13:30.773000+00:00,15.6,19.0,75.0,1009.8,0,254,4.3
1254,9693,2025-03-16 04:14:30.785000+00:00,15.6,19.0,74.0,1009.8,0,257,5.1
1254,9693,2025-03-16 04:15:30.796000+00:00,15.7,19.0,74.0,1009.8,0,230,5.6
1254,9693,2025-03-16 04:16:30.790000+00:00,15.8,19.0,73.0,1009.8,0,254,5.1
1254,9693,2025-03-16 04:17:30.803000+00:00,15.7,19.0,74.0,1009.8,0,257,3.8
1254,9693,2025-03-16 04:18:30.825000+00:00,15.7,19.2,74.0,1010.2,0,253,3.9
1254,9693,2025-03-16 04:19:30.804000+00:00,15.8,19.2,74.0,1010.0,0,268,3.5
1254,9693,2025-03-16 04:20:30.825000+00:00,15.8,19.2,75.0,1009.9,0,264,3.7
1254,9693,2025-03-16 04:21:30.822000+00:00,15.8,19.2,75.0,1010.0,1,251,5.2
1254,9693,2025-03-16 04:22:30.840000+00:00,15.8,19.2,75.0,1009.9,1,301,4.6
1254,9693,2025-03-16 04:23:30.873000+00:00,15.8,19.2,76.0,1009.9,0,263,3.0
1254,9693,2025-03-16 04:24:30.865000+00:00,15.8,19.2,75.0,1010.0,1,266,5.1
1254,9693,2025-03-16 04:25:30.882000+00:00,15.8,19.2,73.0,1009.9,1,270,4.9
1254,9693,2025-03-16 04:26:30.890000+00:00,15.8,19.0,74.0,1009.8,1,278,3.3
1254,9693,2025-03-16 04:27:30.880000+00:00,15.8,19.0,76.0,1009.9,1,273,3.9
1254,9693,2025-03-16 04:28:30.906000+00:00,15.8,19.0,76.0,1009.9,1,264,3.4
1254,9693,2025-03-16 04:29:30.925000+00:00,15.9,19.0,76.0,1010.1,1,260,3.5
1254,9693,2025-03-16 04:30:30.910000+00:00,15.8,19.0,76.0,1009.9,0,260,2.6
1254,9693,2025-03-16 04:31:30.910000+00:00,15.8,19.0,75.0,1010.0,0,265,3.9
1254,9693,2025-03-16 04:32:30.936000+00:00,15.8,19.0,75.0,1009.9,0,258,3.7
1254,9693,2025-03-16 04:33:30.915000+00:00,15.9,19.0,76.0,1010.0,0,262,3.3
1254,9693,2025-03-16 04:34:30.932000+00:00,15.9,19.1,75.0,1009.9,0,255,4.7
1254,9693,2025-03-16 04:35:30.940000+00:00,15.9,19.1,75.0,1009.8,0,241,4.5
1254,9693,2025-03-16 04:36:30.944000+00:00,15.9,19.1,76.0,1010.0,0,288,1.9
1254,9693,2025-03-16 04:37:30.970000+00:00,15.9,19.1,74.0,1009.9,0,209,3.4
1254,9693,2025-03-16 04:38:30.954000+00:00,15.9,19.1,74.0,1010.1,0,282,4.1
1254,9693,2025-03-16 04:39:30.954000+00:00,15.9,19.1,76.0,1010.0,0,253,2.5
1254,9693,2025-03-16 04:40:30.957000+00:00,15.9,19.1,74.0,1010.1,0,239,4.3
1254,9693,2025-03-16 04:41:30.967000+00:00,16.0,19.1,74.0,1010.2,0,259,3.6
1254,9693,2025-03-16 04:42:30.971000+00:00,16.0,19.3,75.0,1010.1,0,217,2.6
1254,9693,2025-03-16 04:43:30.999000+00:00,15.9,19.3,74.0,1010.0,0,240,3.1
1254,9693,2025-03-16 04:44:30.989000+00:00,16.0,19.3,75.0,1010.1,0,254,3.3
1254,9693,2025-03-16 04:45:31.015000+00:00,16.0,19.3,74.0,1010.1,1,175,3.4
1254,9693,2025-03-16 04:46:31.024000+00:00,16.0,19.3,75.0,1010.2,1,268,2.8
1254,9693,2025-03-16 04:47:31.059000+00:00,16.0,19.3,75.0,1009.9,0,250,2.3
1254,9693,2025-03-16 04:48:31.061000+00:00,16.0,19.3,73.0,1010.0,1,245,2.6
1254,9693,2025-03-16 04:49:31.073000+00:00,16.0,19.3,74.0,1010.0,1,268,2.2
1254,9693,2025-03-16 04:50:31.125000+00:00,16.1,19.4,74.0,1009.9,1,249,2.6
1254,9693,2025-03-16 04:51:31.135000+00:00,16.0,19.4,73.0,1010.2,1,282,3.8
1254,9693,2025-03-16 04:52:31.100000+00:00,16.0,19.4,74.0,1010.1,1,229,3.9
1254,9693,2025-03-16 04:53:31.100000+00:00,16.1,19.4,75.0,1010.2,1,273,1.9
1254,9693,2025-03-16 04:54:31.095000+00:00,16.0,19.4,74.0,1010.1,1,252,3.0
1254,9693,2025-03-16 04:55:31.082000+00:00,16.0,19.4,74.0,1010.1,1,278,3.7
1254,9693,2025-03-16 04:56:31.076000+00:00,16.0,19.4,75.0,1010.2,1,232,2.5
1254,9693,2025-03-16 04:57:31.098000+00:00,16.0,19.2,76.0,1010.3,1,242,3.8
1254,9693,2025-03-16 04:58:31.095000+00:00,15.9,19.2,75.0,1010.3,1,231,3.4
1254,9693,2025-03-16 04:59:31.089000+00:00,15.9,19.2,76.0,1010.2,1,283,2.4
1254,9693,2025-03-16 05:00:31.103000+00:00,15.9,19.2,76.0,1010.2,1,275,2.0
1254,9693,2025-03-16 05:01:31.100000+00:00,15.8,19.2,77.0,1010.1,0,257,2.6
1254,9693,2025-03-16 05:02:31.107000+00:00,15.7,19.2,75.0,1010.1,0,257,3.6
1254,9693,2025-03-16 05:03:31.105000+00:00,15.7,19.2,76.0,1010.1,0,257,3.7
1254,9693,2025-03-16 05:04:31.100000+00:00,15.7,19.2,78.0,1010.2,1,208,2.4
1254,9693,2025-03-16 05:05:31.103000+00:00,15.8,19.2,77.0,1010.2,0,270,3.1
1254,9693,2025-03-16 05:06:31.095000+00:00,15.7,19.1,77.0,1010.1,0,249,3.2
1254,9693,2025-03-16 05:07:31.101000+00:00,15.7,19.1,77.0,1010.2,0,229,2.5
1254,9693,2025-03-16 05:08:31.103000+00:00,15.7,19.1,78.0,1010.1,0,261,2.3
1254,9693,2025-03-16 05:09:31.136000+00:00,15.7,19.1,77.0,1010.1,0,250,2.7
1254,9693,2025-03-16 05:10:31.131000+00:00,15.7,19.1,77.0,1010.1,0,218,3.1
1254,9693,2025-03-16 05:11:31.143000+00:00,15.8,19.1,77.0,1010.1,0,256,2.5
1254,9693,2025-03-16 05:12:31.153000+00:00,15.8,19.1,77.0,1010.1,0,245,2.1
1254,9693,2025-03-16 05:13:31.157000+00:00,15.8,19.1,71.0,1010.1,0,248,4.4
1254,9693,2025-03-16 05:14:31.157000+00:00,15.9,19.0,71.0,1010.1,0,232,4.3
1254,9693,2025-03-16 05:15:31.196000+00:00,15.9,19.0,71.0,1009.8,0,267,1.2
1254,9693,2025-03-16 05:16:31.241000+00:00,16.1,19.0,71.0,1010.1,0,251,3.6
1254,9693,2025-03-16 05:17:31.252000+00:00,16.1,19.0,71.0,1010.1,0,296,2.9
1254,9693,2025-03-16 05:18:31.234000+00:00,16.1,19.0,70.0,1010.2,0,253,4.9
1254,9693,2025-03-16 05:19:31.237000+00:00,16.1,19.0,72.0,1010.2,0,267,2.5
1254,9693,2025-03-16 05:20:31.236000+00:00,16.1,19.0,71.0,1010.3,0,282,3.9
1254,9693,2025-03-16 05:21:31.239000+00:00,16.1,19.2,71.0,1010.3,0,259,3.7
1254,9693,2025-03-16 05:22:31.240000+00:00,16.2,19.2,70.0,1010.3,0,268,3.1
1254,9693,2025-03-16 05:23:31.241000+00:00,16.2,19.2,71.0,1010.3,0,239,3.3
1254,9693,2025-03-16 05:24:31.238000+00:00,16.3,19.2,71.0,1010.3,0,277,4.0
1254,9693,2025-03-16 05:25:31.269000+00:00,16.3,19.2,69.0,1010.3,0,253,3.2
1254,9693,2025-03-16 05:26:31.280000+00:00,16.3,19.2,68.0,1010.3,0,254,3.9
1254,9693,2025-03-16 05:27:31.279000+00:00,16.3,19.2,70.0,1010.3,0,258,3.5
1254,9693,2025-03-16 05:28:31.293000+00:00,16.4,19.2,69.0,1010.3,0,270,4.6
1254,9693,2025-03-16 05:29:31.280000+00:00,16.4,19.2,68.0,1009.8,0,265,3.7
1254,9693,2025-03-16 05:30:31.327000+00:00,16.4,19.2,68.0,1010.3,0,284,4.8
1254,9693,2025-03-16 05:31:31.340000+00:00,16.4,19.3,69.0,1010.3,0,255,3.6
1254,9693,2025-03-16 05:32:31.340000+00:00,16.5,19.3,70.0,1010.4,0,232,4.7
1254,9693,2025-03-16 05:33:31.317000+00:00,16.5,19.3,69.0,1010.4,0,262,3.9
1254,9693,2025-03-16 05:34:31.341000+00:00,16.6,19.3,68.0,1010.6,0,222,5.1
1254,9693,2025-03-16 05:35:31.344000+00:00,16.6,19.3,71.0,1010.7,0,280,2.2
1254,9693,2025-03-16 05:36:31.344000+00:00,16.6,19.3,75.0,1010.5,0,201,1.3
1254,9693,2025-03-16 05:37:31.345000+00:00,16.4,19.3,76.0,1010.4,1,166,2.5
1254,9693,2025-03-16 05:38:31.347000+00:00,16.1,19.3,77.0,1010.3,1,0,3.5
1254,9693,2025-03-16 05:39:31.324000+00:00,15.9,19.3,80.0,1010.3,1,141,1.4
1254,9693,2025-03-16 05:40:31.362000+00:00,15.7,19.3,80.0,1010.4,1,144,1.8
1254,9693,2025-03-16 05:41:31.361000+00:00,15.5,19.3,80.0,1010.4,1,132,2.1
1254,9693,2025-03-16 05:42:31.365000+00:00,15.3,19.3,80.0,1010.5,1,176,1.6
1254,9693,2025-03-16 05:43:31.378000+00:00,15.2,18.8,81.0,1010.5,1,166,1.3
1254,9693,2025-03-16 05:44:31.401000+00:00,15.1,18.8,81.0,1010.5,1,140,1.3
1254,9693,2025-03-16 05:45:31.405000+00:00,15.1,18.8,83.0,1010.6,1,238,0.7
1254,9693,2025-03-16 05:46:31.447000+00:00,15.1,18.8,82.0,1010.6,0,146,2.2
1254,9693,2025-03-16 05:47:31.446000+00:00,15.1,18.8,83.0,1010.6,0,96,1.3
1254,9693,2025-03-16 05:48:31.432000+00:00,15.1,18.8,83.0,1010.6,0,0,2.2
1254,9693,2025-03-16 05:49:31.475000+00:00,15.2,18.8,83.0,1010.6,0,196,1.5
1254,9693,2025-03-16 05:50:31.511000+00:00,15.1,18.8,81.0,1010.5,0,2,1.8
1254,9693,2025-03-16 05:51:31.492000+00:00,15.1,18.8,80.0,1010.7,0,139,1.5
1254,9693,2025-03-16 05:52:31.492000+00:00,15.1,18.7,78.0,1010.6,0,161,1.4
1254,9693,2025-03-16 05:53:31.584000+00:00,15.2,18.7,77.0,1010.4,0,161,1.6
1254,9693,2025-03-16 05:54:31.538000+00:00,15.4,18.7,77.0,1010.6,0,154,2.3
1254,9693,2025-03-16 05:55:31.539000+00:00,15.6,18.7,75.0,1010.6,0,228,2.6
1254,9693,2025-03-16 05:56:31.569000+00:00,15.8,18.7,76.0,1010.4,0,159,1.3
1254,9693,2025-03-16 05:57:31.598000+00:00,15.9,18.7,74.0,1010.5,0,199,1.5
1254,9693,2025-03-16 05:58:31.610000+00:00,16.0,18.7,71.0,1010.5,0,214,1.2
1254,9693,2025-03-16 05:59:31.614000+00:00,16.1,18.7,72.0,1010.4,0,156,0.8
1254,9693,2025-03-16 06:00:31.624000+00:00,16.1,18.7,72.0,1010.4,0,170,1.4
1254,9693,2025-03-16 06:01:31.643000+00:00,16.2,18.7,72.0,1010.6,0,216,2.4
1254,9693,2025-03-16 06:02:31.628000+00:00,16.2,18.7,71.0,1010.4,0,215,2.8
1254,9693,2025-03-16 06:03:31.638000+00:00,16.2,18.7,71.0,1010.4,0,215,2.8
1254,9693,2025-03-16 06:04:31.640000+00:00,16.2,18.7,71.0,1010.4,0,215,2.8
1255,9988,2025-03-21 03:16:06.682000+00:00,22.1,32.8,23.0,1020.8,0,237,2.5
1255,9988,2025-03-21 03:17:06.709000+00:00,22.1,32.6,23.0,1020.7,0,245,2.8
1255,9988,2025-03-21 03:18:06.709000+00:00,22.1,33.0,22.0,1020.9,0,235,2.7
1255,9988,2025-03-21 03:19:06.726000+00:00,22.1,33.0,22.0,1020.8,0,249,1.8
1255,9988,2025-03-21 03:20:06.751000+00:00,22.2,33.1,22.0,1020.8,0,236,1.9
1255,9988,2025-03-21 03:21:06.748000+00:00,22.2,33.4,22.0,1020.8,0,253,3.4
1255,9988,2025-03-21 03:22:06.755000+00:00,22.3,33.2,22.0,1020.8,0,240,4.0
1255,9988,2025-03-21 03:23:06.760000+00:00,22.2,33.2,22.0,1020.9,0,242,4.2
1255,9988,2025-03-21 03:24:06.770000+00:00,22.3,32.8,22.0,1020.9,0,249,3.8
1255,9988,2025-03-21 03:25:06.777000+00:00,22.3,33.0,20.0,1020.8,0,242,4.1
1255,9988,2025-03-21 03:26:06.760000+00:00,22.3,33.2,20.0,1020.8,0,227,3.9
1255,9988,2025-03-21 03:27:06.770000+00:00,22.4,33.3,19.0,1020.7,0,236,5.1
1255,9988,2025-03-21 03:28:06.780000+00:00,22.4,33.5,20.0,1020.7,0,231,3.2
1255,9988,2025-03-21 03:29:06.817000+00:00,22.3,33.5,20.0,1020.7,0,211,4.2
1255,9988,2025-03-21 03:30:06.800000+00:00,22.3,33.7,20.0,1020.7,0,234,2.2
1255,9988,2025-03-21 03:31:06.806000+00:00,22.4,33.8,20.0,1020.6,0,245,3.7
1255,9988,2025-03-21 03:32:06.892000+00:00,22.4,33.9,20.0,1020.7,0,237,2.4
1255,9988,2025-03-21 03:33:06.807000+00:00,22.5,34.1,20.0,1020.6,0,236,3.0
1255,9988,2025-03-21 03:34:06.810000+00:00,22.5,34.2,21.0,1020.6,0,207,3.5
1255,9988,2025-03-21 03:35:06.817000+00:00,22.5,34.2,21.0,1020.6,0,0,1.4
1255,9988,2025-03-21 03:36:06.818000+00:00,22.5,34.4,21.0,1020.6,0,230,1.5
1255,9988,2025-03-21 03:37:06.824000+00:00,22.8,34.5,22.0,1020.6,0,251,2.1
1255,9988,2025-03-21 03:38:06.849000+00:00,22.8,34.5,22.0,1020.5,0,230,2.6
1255,9988,2025-03-21 03:39:06.835000+00:00,22.8,34.6,22.0,1020.6,0,220,2.0
1255,9988,2025-03-21 03:40:06.853000+00:00,22.8,34.7,22.0,1020.4,0,265,1.0
1255,9988,2025-03-21 03:41:06.861000+00:00,22.7,35.0,22.0,1020.6,0,118,1.3
1255,9988,2025-03-21 03:42:06.875000+00:00,22.5,35.0,21.0,1020.5,0,200,1.6
1255,9988,2025-03-21 03:43:06.876000+00:00,22.6,35.1,20.0,1020.5,0,263,1.8
1255,9988,2025-03-21 03:44:06.890000+00:00,22.7,35.4,20.0,1020.5,0,230,1.1
1255,9988,2025-03-21 03:45:06.895000+00:00,22.8,35.5,18.0,1020.4,0,207,1.3
1255,9988,2025-03-21 03:46:06.896000+00:00,23.0,35.5,19.0,1020.5,0,213,1.0
1255,9988,2025-03-21 03:47:06.901000+00:00,23.0,35.6,19.0,1020.5,0,213,1.2
1255,9988,2025-03-21 03:48:06.900000+00:00,23.0,35.6,18.0,1020.5,0,209,1.9
1255,9988,2025-03-21 03:49:06.898000+00:00,22.9,35.8,19.0,1020.4,0,102,2.1
1255,9988,2025-03-21 03:50:06.897000+00:00,22.8,35.8,19.0,1020.4,0,238,1.9
1255,9988,2025-03-21 03:51:06.896000+00:00,22.8,36.0,18.0,1020.3,0,233,3.6
1255,9988,2025-03-21 03:52:06.898000+00:00,22.8,36.0,18.0,1020.4,0,237,1.5
1255,9988,2025-03-21 03:53:06.899000+00:00,22.8,36.1,19.0,1020.3,0,230,3.9
1255,9988,2025-03-21 03:54:06.899000+00:00,22.8,36.2,19.0,1020.3,0,239,2.8
1255,9988,2025-03-21 03:55:06.903000+00:00,22.8,36.4,19.0,1020.3,0,231,3.3
1255,9988,2025-03-21 03:56:06.902000+00:00,22.8,36.6,19.0,1020.2,0,268,2.0
1255,9988,2025-03-21 03:57:06.901000+00:00,22.8,36.7,19.0,1020.2,0,239,2.9
1255,9988,2025-03-21 03:58:06.901000+00:00,22.9,36.7,19.0,1020.3,0,249,3.3
1255,9988,2025-03-21 03:59:06.901000+00:00,22.8,36.8,19.0,1020.3,0,234,4.6
1255,9988,2025-03-21 04:00:06.902000+00:00,22.9,36.8,19.0,1020.3,0,246,3.6
1255,9988,2025-03-21 04:01:06.899000+00:00,22.9,36.8,18.0,1020.4,0,237,4.2
1255,9988,2025-03-21 04:02:06.903000+00:00,22.9,36.9,18.0,1020.3,0,240,4.1
1255,9988,2025-03-21 04:03:06.920000+00:00,22.8,36.9,19.0,1020.4,0,207,4.0
1255,9988,2025-03-21 04:04:06.932000+00:00,22.8,37.1,20.0,1020.3,0,200,2.3
1255,9988,2025-03-21 04:05:06.931000+00:00,22.9,37.2,20.0,1020.2,0,153,2.4
1255,9988,2025-03-21 04:06:06.939000+00:00,22.8,37.4,20.0,1020.2,0,237,1.0
1255,9988,2025-03-21 04:07:06.947000+00:00,22.8,37.5,19.0,1020.2,0,290,1.1
1255,9988,2025-03-21 04:08:06.955000+00:00,22.9,37.5,19.0,1020.2,0,271,1.1
1255,9988,2025-03-21 04:09:06.954000+00:00,22.9,37.8,20.0,1020.2,0,255,1.9
1255,9988,2025-03-21 04:10:06.973000+00:00,22.9,37.8,19.0,1020.2,0,241,2.7
1255,9988,2025-03-21 04:11:06.973000+00:00,23.0,37.5,18.0,1020.2,0,239,3.7
1255,9988,2025-03-21 04:12:06.981000+00:00,23.0,37.5,19.0,1020.2,0,246,4.3
1255,9988,2025-03-21 04:13:07.021000+00:00,23.0,37.4,18.0,1020.2,0,239,4.1
1255,9988,2025-03-21 04:14:07.035000+00:00,23.0,37.4,19.0,1020.1,0,246,3.5
1255,9988,2025-03-21 04:15:07.035000+00:00,22.9,37.5,19.0,1020.1,0,205,3.2
1255,9988,2025-03-21 04:16:07.043000+00:00,22.8,37.7,19.0,1020.1,0,238,3.0
1255,9988,2025-03-21 04:17:07.041000+00:00,22.8,37.7,19.0,1020.2,0,230,3.2
1255,9988,2025-03-21 04:18:07.041000+00:00,22.9,37.8,19.0,1020.0,0,226,3.6
1255,9988,2025-03-21 04:19:07.047000+00:00,23.0,37.8,19.0,1020.2,0,203,3.9
1255,9988,2025-03-21 04:20:07.062000+00:00,22.9,38.0,20.0,1020.0,0,251,2.9
1255,9988,2025-03-21 04:21:07.077000+00:00,23.0,38.0,19.0,1020.0,0,245,4.2
1255,9988,2025-03-21 04:22:07.089000+00:00,23.0,38.1,19.0,1019.8,0,250,3.8
1255,9988,2025-03-21 04:23:07.088000+00:00,22.9,38.1,19.0,1019.9,0,242,3.1
1255,9988,2025-03-21 04:24:07.092000+00:00,22.9,38.1,19.0,1019.8,0,240,3.9
1255,9988,2025-03-21 04:25:07.087000+00:00,22.8,38.2,19.0,1019.7,0,235,3.2
1255,9988,2025-03-21 04:26:07.136000+00:00,22.8,38.2,20.0,1019.9,0,210,1.9
1255,9988,2025-03-21 04:27:07.140000+00:00,22.9,38.4,20.0,1019.8,0,124,1.2
1255,9988,2025-03-21 04:28:07.243000+00:00,23.1,38.5,20.0,1019.8,0,225,0.9
1255,9988,2025-03-21 04:29:07.203000+00:00,23.2,38.7,20.0,1019.8,0,233,1.3
1255,9988,2025-03-21 04:30:07.220000+00:00,23.3,38.8,20.0,1019.8,0,236,2.0
1255,9988,2025-03-21 04:31:07.223000+00:00,23.2,38.9,19.0,1019.8,0,192,2.9
1255,9988,2025-03-21 04:32:07.238000+00:00,23.1,38.9,20.0,1019.8,0,267,1.3
1255,9988,2025-03-21 04:33:07.238000+00:00,23.3,39.1,19.0,1019.8,0,251,2.1
1255,9988,2025-03-21 04:34:07.263000+00:00,23.4,39.2,18.0,1019.8,0,235,3.3
1255,9988,2025-03-21 04:35:07.256000+00:00,23.4,39.1,19.0,1019.8,0,255,3.4
1255,9988,2025-03-21 04:36:07.265000+00:00,23.4,39.1,19.0,1019.8,0,251,3.6
1255,9988,2025-03-21 04:37:07.267000+00:00,23.3,39.1,18.0,1019.8,0,239,3.6
1255,9989,2025-03-21 07:18:08.035000+00:00,24.9,38.7,14.0,1017.9,0,238,3.7
1255,9989,2025-03-21 07:19:08.034000+00:00,24.8,38.6,15.0,1017.9,0,236,2.4
1255,9989,2025-03-21 07:20:08.042000+00:00,24.8,38.7,16.0,1017.8,0,230,2.5
1255,9989,2025-03-21 07:21:08.033000+00:00,24.7,38.7,16.0,1017.8,0,248,2.4
1255,9989,2025-03-21 07:22:08.047000+00:00,24.7,38.7,16.0,1017.8,0,244,1.9
1255,9989,2025-03-21 07:23:08.030000+00:00,24.8,38.7,14.0,1018.0,0,237,2.8
1255,9989,2025-03-21 07:24:08.043000+00:00,24.8,38.7,14.0,1017.9,0,242,4.0
1255,9989,2025-03-21 07:25:08.052000+00:00,24.8,38.3,14.0,1017.9,0,244,2.7
1255,9989,2025-03-21 07:26:08.051000+00:00,24.9,38.3,14.0,1017.9,0,238,3.8
1255,9989,2025-03-21 07:27:08.043000+00:00,24.8,38.2,14.0,1017.9,0,240,3.9
1255,9989,2025-03-21 07:28:08.036000+00:00,24.8,38.2,14.0,1018.0,0,233,3.4
1255,9989,2025-03-21 07:29:08.067000+00:00,24.9,38.0,15.0,1017.9,0,232,3.1
1255,9989,2025-03-21 07:30:08.051000+00:00,24.9,38.0,15.0,1017.9,0,239,2.7
1255,9989,2025-03-21 07:31:08.051000+00:00,24.8,38.1,15.0,1017.9,0,222,2.6
1255,9989,2025-03-21 07:32:08.047000+00:00,24.8,38.0,14.0,1017.8,0,245,2.2
1255,9989,2025-03-21 07:33:08.054000+00:00,24.8,38.0,15.0,1017.9,0,253,2.9
1255,9989,2025-03-21 07:34:08.057000+00:00,24.8,37.8,15.0,1017.9,0,247,3.0
1255,9989,2025-03-21 07:35:08.084000+00:00,24.8,37.7,15.0,1017.9,0,231,2.6
1255,9989,2025-03-21 07:36:08.105000+00:00,24.8,37.7,15.0,1017.9,0,288,2.4
1255,9989,2025-03-21 07:37:08.096000+00:00,24.9,37.7,14.0,1017.9,0,229,1.8
1255,9989,2025-03-21 07:38:08.120000+00:00,24.9,37.5,14.0,1017.9,0,246,2.1
1255,9989,2025-03-21 07:39:08.133000+00:00,24.9,37.4,14.0,1017.8,0,246,2.7
1255,9989,2025-03-21 07:40:08.152000+00:00,24.9,37.3,14.0,1017.8,0,249,3.2
1255,9989,2025-03-21 07:41:08.149000+00:00,24.9,37.3,15.0,1017.8,0,245,2.8
1255,9989,2025-03-21 07:42:08.160000+00:00,24.9,37.2,14.0,1017.8,0,214,3.8
1255,9989,2025-03-21 07:43:08.178000+00:00,24.9,37.2,15.0,1017.8,0,239,2.9
1255,9989,2025-03-21 07:44:08.175000+00:00,25.0,37.0,15.0,1017.8,0,239,1.6
1255,9989,2025-03-21 07:45:08.191000+00:00,24.9,37.0,15.0,1017.8,0,241,2.8
1255,9989,2025-03-21 07:46:08.176000+00:00,24.9,36.9,15.0,1017.9,0,241,2.2
1255,9989,2025-03-21 07:47:08.181000+00:00,24.9,36.9,15.0,1017.9,0,234,2.7
1255,9989,2025-03-21 07:48:08.177000+00:00,24.9,36.9,15.0,1017.9,0,235,2.4
1255,9989,2025-03-21 07:49:08.182000+00:00,24.9,36.9,14.0,1017.8,0,246,3.2
1255,9989,2025-03-21 07:50:08.186000+00:00,24.9,36.8,14.0,1017.9,0,224,3.5
1255,9989,2025-03-21 07:51:08.186000+00:00,24.9,36.7,14.0,1018.0,0,238,3.9
1255,9989,2025-03-21 07:52:08.194000+00:00,25.0,36.6,14.0,1018.0,0,239,3.4
1255,9989,2025-03-21 07:53:08.198000+00:00,24.9,36.5,13.0,1017.9,0,243,4.4
1255,9989,2025-03-21 07:54:08.183000+00:00,24.9,36.3,13.0,1017.9,0,250,4.2
1255,9989,2025-03-21 07:55:08.183000+00:00,24.9,36.2,13.0,1017.9,0,226,3.8
1255,9989,2025-03-21 07:56:08.190000+00:00,24.8,36.1,13.0,1017.9,0,230,4.3
1255,9989,2025-03-21 07:57:08.212000+00:00,24.7,36.1,14.0,1017.9,0,239,2.5
1255,9989,2025-03-21 07:58:08.203000+00:00,24.7,36.2,13.0,1017.9,0,240,2.5
1255,9989,2025-03-21 07:59:08.233000+00:00,24.6,36.1,13.0,1017.9,0,248,4.0
1255,9989,2025-03-21 08:00:08.223000+00:00,24.6,36.0,12.0,1018.0,0,240,4.5
1255,9989,2025-03-21 08:01:08.250000+00:00,24.6,35.9,13.0,1017.9,0,224,1.7
1255,9989,2025-03-21 08:02:08.239000+00:00,24.7,35.8,13.0,1017.9,0,250,2.0
1255,9989,2025-03-21 08:03:08.240000+00:00,24.7,35.8,12.0,1017.9,0,237,3.3
1255,9989,2025-03-21 08:04:08.245000+00:00,24.7,35.6,13.0,1018.0,0,234,3.3
1255,9989,2025-03-21 08:05:08.261000+00:00,24.6,35.5,13.0,1017.9,0,226,3.3
1255,9989,2025-03-21 08:06:08.245000+00:00,24.6,35.4,14.0,1017.9,0,237,3.5
1255,9989,2025-03-21 08:07:08.238000+00:00,24.6,35.3,13.0,1017.9,0,222,4.6
1255,9989,2025-03-21 08:08:08.242000+00:00,24.6,35.2,14.0,1018.0,0,239,3.3
1255,9989,2025-03-21 08:09:08.248000+00:00,24.6,35.2,13.0,1017.9,0,239,3.5
1255,9989,2025-03-21 08:10:08.249000+00:00,24.6,35.1,13.0,1018.0,0,230,3.3
1255,9989,2025-03-21 08:11:08.260000+00:00,24.6,35.1,12.0,1018.0,0,242,4.0
1255,9989,2025-03-21 08:12:08.277000+00:00,24.6,35.1,11.0,1017.9,0,236,4.8
1255,9989,2025-03-21 08:13:08.299000+00:00,24.6,34.7,13.0,1018.0,0,213,3.4
1255,9989,2025-03-21 08:14:08.297000+00:00,24.6,34.7,13.0,1018.0,0,236,1.2
1255,9989,2025-03-21 08:15:08.300000+00:00,24.6,34.7,13.0,1018.1,0,265,1.5
1255,9989,2025-03-21 08:16:08.312000+00:00,24.6,34.6,13.0,1018.0,0,246,1.6
1255,9989,2025-03-21 08:17:08.333000+00:00,24.6,34.6,13.0,1017.9,0,242,1.5
1255,9993,2025-03-22 02:19:13.231000+00:00,21.8,33.0,26.0,1019.1,0,239,3.1
1255,9993,2025-03-22 02:20:13.222000+00:00,21.9,33.5,26.0,1019.1,0,225,2.0
1255,9993,2025-03-22 02:21:13.223000+00:00,21.9,33.5,26.0,1019.0,0,228,1.5
1255,9993,2025-03-22 02:22:13.224000+00:00,22.0,33.5,26.0,1019.0,0,243,2.1
1255,9993,2025-03-22 02:23:13.230000+00:00,21.9,33.5,26.0,1019.0,0,239,2.4
1255,9993,2025-03-22 02:24:13.226000+00:00,21.9,33.5,26.0,1019.0,0,240,1.9
1255,9993,2025-03-22 02:25:13.224000+00:00,22.0,33.5,27.0,1018.8,0,223,1.9
1255,9993,2025-03-22 02:26:13.225000+00:00,22.0,33.5,26.0,1018.9,0,234,2.9
1255,9993,2025-03-22 02:27:13.225000+00:00,22.0,33.5,26.0,1018.8,0,234,2.1
1255,9993,2025-03-22 02:28:13.226000+00:00,22.0,33.5,26.0,1018.9,0,238,1.8
1255,9993,2025-03-22 02:29:13.232000+00:00,22.0,33.5,26.0,1018.9,0,235,2.1
1255,9993,2025-03-22 02:30:13.232000+00:00,22.0,33.5,26.0,1018.8,0,238,1.7
1255,9993,2025-03-22 02:31:13.227000+00:00,22.1,33.5,26.0,1018.9,0,216,2.4
1255,9993,2025-03-22 02:32:13.231000+00:00,22.2,33.5,25.0,1018.9,0,233,1.8
1255,9993,2025-03-22 02:33:13.230000+00:00,22.1,33.5,26.0,1018.9,0,230,1.9
1255,9993,2025-03-22 02:34:13.240000+00:00,22.1,35.2,26.0,1018.9,0,229,2.3
1255,9993,2025-03-22 02:35:13.235000+00:00,22.1,35.2,26.0,1018.8,0,236,2.3
1255,9993,2025-03-22 02:36:13.236000+00:00,22.2,35.2,26.0,1018.8,0,247,1.9
1255,9993,2025-03-22 02:37:13.239000+00:00,22.2,35.2,26.0,1018.8,0,261,2.1
1255,9993,2025-03-22 02:38:13.237000+00:00,22.3,35.2,26.0,1018.8,0,264,2.2
1255,9993,2025-03-22 02:39:13.234000+00:00,22.4,35.2,26.0,1018.8,0,230,1.3
1255,9993,2025-03-22 02:40:13.245000+00:00,22.4,35.2,26.0,1018.8,0,240,1.5
1255,9993,2025-03-22 02:41:13.238000+00:00,22.4,35.2,26.0,1018.8,0,212,1.7
1255,9993,2025-03-22 02:42:13.239000+00:00,22.4,35.2,26.0,1018.8,0,234,1.6
1255,9993,2025-03-22 02:43:13.239000+00:00,22.3,35.2,26.0,1018.8,0,243,2.0
1255,9993,2025-03-22 02:44:13.240000+00:00,22.3,35.2,26.0,1018.8,0,230,2.3
1255,9993,2025-03-22 02:45:13.241000+00:00,22.4,35.2,26.0,1018.8,0,232,2.1
1255,9993,2025-03-22 02:46:13.241000+00:00,22.4,35.2,26.0,1018.7,0,228,1.9
1255,9993,2025-03-22 02:47:13.244000+00:00,22.5,35.2,26.0,1018.8,0,237,2.0
1255,9993,2025-03-22 02:48:13.244000+00:00,22.6,35.2,26.0,1018.8,0,241,2.6
1255,9993,2025-03-22 02:49:13.247000+00:00,22.7,35.2,25.0,1018.8,0,236,2.5
1255,9993,2025-03-22 02:50:13.243000+00:00,22.6,35.2,25.0,1018.7,0,237,2.7
1255,9993,2025-03-22 02:51:13.243000+00:00,22.6,35.2,26.0,1018.7,0,239,2.5
1255,9993,2025-03-22 02:52:13.246000+00:00,22.6,35.5,26.0,1018.7,0,241,2.2
1255,9993,2025-03-22 02:53:13.238000+00:00,22.5,35.5,26.0,1018.7,0,239,2.1
1255,9993,2025-03-22 02:54:13.244000+00:00,22.6,35.5,25.0,1018.8,0,226,2.1
1255,9993,2025-03-22 02:55:13.249000+00:00,22.7,35.5,26.0,1018.7,0,226,2.0
1255,9993,2025-03-22 02:56:13.245000+00:00,22.6,35.5,26.0,1018.7,0,214,1.5
1255,9993,2025-03-22 02:57:13.249000+00:00,22.6,35.5,27.0,1018.7,0,234,0.9
1255,9993,2025-03-22 02:58:13.262000+00:00,22.5,35.5,27.0,1018.7,0,238,1.7
1255,9993,2025-03-22 02:59:13.273000+00:00,22.6,35.5,26.0,1018.6,0,246,1.8
1255,9993,2025-03-22 03:00:13.297000+00:00,22.7,35.5,27.0,1018.7,0,247,2.3
1255,9993,2025-03-22 03:01:13.300000+00:00,22.7,35.5,26.0,1018.8,0,247,2.0
1255,9993,2025-03-22 03:02:13.301000+00:00,22.8,35.5,26.0,1018.8,0,247,2.6
1255,9993,2025-03-22 03:03:13.297000+00:00,22.9,36.5,25.0,1018.7,0,238,2.9
1255,9993,2025-03-22 03:04:13.297000+00:00,23.0,36.5,25.0,1018.7,0,232,2.5
1255,9993,2025-03-22 03:05:13.321000+00:00,23.1,36.5,25.0,1018.6,0,201,2.4
1255,9993,2025-03-22 03:06:13.323000+00:00,23.1,36.5,26.0,1018.7,0,205,1.5
1255,9993,2025-03-22 03:07:13.343000+00:00,23.0,36.5,26.0,1018.7,0,0,1.7
1255,9993,2025-03-22 03:08:13.324000+00:00,23.0,36.5,26.0,1018.7,0,219,0.9
1255,9993,2025-03-22 03:09:13.354000+00:00,23.1,36.5,26.0,1018.7,0,163,1.9
1255,9993,2025-03-22 03:10:13.351000+00:00,23.3,36.5,26.0,1018.5,0,0,0.9
1255,9993,2025-03-22 03:11:13.343000+00:00,23.4,36.5,26.0,1018.7,0,260,1.2
1255,9993,2025-03-22 03:12:13.370000+00:00,23.5,36.5,25.0,1018.7,0,205,1.4
1255,9993,2025-03-22 03:13:13.375000+00:00,23.6,36.5,25.0,1018.6,0,236,1.7
1255,9993,2025-03-22 03:14:13.391000+00:00,23.4,36.5,25.0,1018.6,0,232,1.1
1255,9993,2025-03-22 03:15:13.389000+00:00,23.4,36.5,25.0,1018.6,0,141,0.9
1255,9993,2025-03-22 03:16:13.401000+00:00,23.4,36.5,25.0,1018.6,0,269,1.4
1255,9993,2025-03-22 03:17:13.427000+00:00,23.4,36.5,25.0,1018.6,0,200,2.6
1255,9993,2025-03-22 03:18:13.424000+00:00,23.4,36.5,25.0,1018.6,0,257,1.0
1255,9993,2025-03-22 03:19:13.447000+00:00,23.4,36.5,25.0,1018.5,0,279,1.1
1255,9993,2025-03-22 03:20:13.430000+00:00,23.5,36.5,25.0,1018.5,0,201,1.2
1255,9993,2025-03-22 03:21:13.441000+00:00,23.4,36.8,25.0,1018.5,0,294,0.8
1255,9993,2025-03-22 03:22:13.438000+00:00,23.3,36.8,25.0,1018.5,0,216,0.8
1255,9993,2025-03-22 03:23:13.431000+00:00,23.3,36.8,25.0,1018.4,0,248,0.5
1255,9993,2025-03-22 03:24:13.446000+00:00,23.4,36.8,26.0,1018.4,0,208,1.1
1255,9993,2025-03-22 03:25:13.434000+00:00,23.5,36.8,25.0,1018.5,0,292,1.2
1255,9993,2025-03-22 03:26:13.432000+00:00,23.6,36.8,25.0,1018.3,0,245,1.6
1255,9993,2025-03-22 03:27:13.433000+00:00,23.6,36.8,25.0,1018.4,0,252,1.5
1255,9993,2025-03-22 03:28:13.433000+00:00,23.7,36.8,25.0,1018.4,0,210,2.2
1255,9993,2025-03-22 03:29:13.451000+00:00,23.7,36.8,25.0,1018.5,0,269,1.8
1255,9993,2025-03-22 03:30:13.441000+00:00,23.8,36.8,25.0,1018.2,0,83,1.5
1255,9993,2025-03-22 03:31:13.451000+00:00,23.9,36.8,25.0,1018.3,0,258,1.3
1255,9993,2025-03-22 03:32:13.442000+00:00,23.9,36.8,24.0,1018.3,0,213,1.0
1255,9993,2025-03-22 03:33:13.478000+00:00,23.9,36.8,24.0,1018.2,0,90,1.1
1255,9993,2025-03-22 03:34:13.502000+00:00,24.0,37.1,25.0,1018.2,0,212,0.7
1255,9993,2025-03-22 03:35:13.498000+00:00,24.0,37.1,25.0,1018.2,0,73,1.0
1255,9993,2025-03-22 03:36:13.498000+00:00,23.9,37.5,24.0,1018.3,0,84,0.8
1255,9993,2025-03-22 03:37:13.487000+00:00,24.0,37.5,23.0,1018.2,0,253,0.8
1255,9993,2025-03-22 03:38:13.496000+00:00,24.0,36.8,22.0,1018.1,0,230,0.6
1255,9993,2025-03-22 03:39:13.492000+00:00,24.0,36.8,23.0,1018.1,0,253,1.3
1255,9993,2025-03-22 03:40:13.489000+00:00,24.0,37.0,23.0,1018.1,0,226,2.3
1255,9993,2025-03-22 03:41:13.514000+00:00,24.0,37.1,23.0,1018.1,0,228,2.3
1255,9993,2025-03-22 03:42:13.532000+00:00,23.9,37.1,24.0,1018.2,0,260,3.3
1255,9994,2025-03-22 06:47:14.288000+00:00,26.1,41.0,14.0,1015.5,0,196,1.6
1255,9994,2025-03-22 06:48:14.288000+00:00,26.1,41.1,13.0,1015.5,0,248,1.8
1255,9994,2025-03-22 06:49:14.289000+00:00,26.1,41.0,12.0,1015.4,0,251,2.9
1255,9994,2025-03-22 06:50:14.283000+00:00,26.2,40.8,12.0,1015.4,0,242,3.9
1255,9994,2025-03-22 06:51:14.280000+00:00,26.1,40.6,13.0,1015.4,0,245,4.3
1255,9994,2025-03-22 06:52:14.293000+00:00,26.1,40.5,12.0,1015.4,0,244,4.0
1255,9994,2025-03-22 06:53:14.300000+00:00,26.1,40.4,12.0,1015.4,0,259,3.8
1255,9994,2025-03-22 06:54:14.300000+00:00,26.1,40.4,12.0,1015.4,0,245,2.8
1255,9994,2025-03-22 06:55:14.321000+00:00,26.1,40.4,12.0,1015.4,0,218,2.5
1255,9994,2025-03-22 06:56:14.340000+00:00,26.1,40.2,13.0,1015.3,0,238,2.1
1255,9994,2025-03-22 06:57:14.337000+00:00,26.1,40.2,12.0,1015.3,0,235,1.7
1255,9994,2025-03-22 06:58:14.339000+00:00,26.0,40.2,13.0,1015.4,0,233,2.2
1255,9994,2025-03-22 06:59:14.334000+00:00,26.1,40.2,13.0,1015.3,0,235,2.1
1255,9994,2025-03-22 07:00:14.333000+00:00,26.1,40.1,13.0,1015.3,0,234,2.2
1255,9994,2025-03-22 07:01:14.335000+00:00,26.1,40.1,13.0,1015.2,0,233,3.7
1255,9994,2025-03-22 07:02:14.360000+00:00,26.1,39.8,13.0,1015.3,0,194,2.8
1255,9994,2025-03-22 07:03:14.359000+00:00,26.0,39.8,13.0,1015.3,0,234,1.2
1255,9994,2025-03-22 07:04:14.366000+00:00,25.9,39.8,14.0,1015.3,0,207,1.6
1255,9994,2025-03-22 07:05:14.454000+00:00,26.0,39.9,14.0,1015.2,0,71,1.0
1255,9994,2025-03-22 07:06:14.396000+00:00,26.1,39.8,14.0,1015.3,0,210,1.6
1255,9994,2025-03-22 07:07:14.413000+00:00,26.2,39.7,14.0,1015.2,0,192,1.0
1255,9994,2025-03-22 07:08:14.539000+00:00,26.1,39.6,14.0,1015.2,0,234,1.5
1255,9994,2025-03-22 07:09:14.444000+00:00,26.1,39.6,14.0,1015.1,0,267,2.4
1255,9994,2025-03-22 07:10:14.445000+00:00,26.2,39.7,14.0,1015.2,0,248,2.0
1255,9994,2025-03-22 07:11:14.445000+00:00,26.3,39.8,15.0,1015.2,0,285,1.5
1255,9994,2025-03-22 07:12:14.443000+00:00,26.3,39.8,15.0,1015.1,0,272,1.0
1255,9994,2025-03-22 07:13:14.456000+00:00,26.4,39.6,15.0,1015.1,0,273,1.2
1255,9994,2025-03-22 07:14:14.472000+00:00,26.4,39.6,15.0,1015.3,0,266,1.8
1255,9994,2025-03-22 07:15:14.466000+00:00,26.5,39.6,14.0,1015.3,0,234,2.9
1255,9994,2025-03-22 07:16:14.479000+00:00,26.4,39.5,14.0,1015.3,0,259,3.5
1255,9994,2025-03-22 07:17:14.474000+00:00,26.4,39.3,13.0,1015.4,0,287,3.5
1255,9994,2025-03-22 07:18:14.472000+00:00,26.4,39.2,14.0,1015.3,0,264,3.4
1255,9994,2025-03-22 07:19:14.481000+00:00,26.3,39.1,13.0,1015.2,0,264,2.9
1255,9994,2025-03-22 07:20:14.490000+00:00,26.3,39.3,13.0,1015.3,0,257,1.9
1255,9994,2025-03-22 07:21:14.486000+00:00,26.2,39.1,13.0,1015.2,0,265,2.1
1255,9994,2025-03-22 07:22:14.497000+00:00,26.2,39.1,14.0,1015.1,0,236,1.8
1255,9994,2025-03-22 07:23:14.495000+00:00,26.3,38.9,13.0,1015.2,0,262,2.3
1255,9994,2025-03-22 07:24:14.501000+00:00,26.5,38.8,13.0,1015.1,0,231,1.9
1255,9994,2025-03-22 07:25:14.534000+00:00,26.3,38.7,13.0,1015.2,0,252,2.3
1255,9994,2025-03-22 07:26:14.524000+00:00,26.2,38.7,14.0,1015.2,0,245,2.5
1255,9994,2025-03-22 07:27:14.532000+00:00,26.1,38.6,14.0,1015.2,0,267,2.5
1255,9994,2025-03-22 07:28:14.519000+00:00,26.1,38.5,14.0,1015.2,0,261,2.6
1255,9994,2025-03-22 07:29:14.544000+00:00,26.0,38.5,14.0,1015.1,0,265,1.8
1255,9994,2025-03-22 07:30:14.607000+00:00,26.1,38.5,14.0,1015.1,0,168,2.8
1255,9994,2025-03-22 07:31:14.553000+00:00,26.0,38.5,14.0,1015.1,0,108,1.5
1255,9994,2025-03-22 07:32:14.551000+00:00,26.0,38.3,14.0,1015.2,0,283,2.2
1255,9994,2025-03-22 07:33:14.568000+00:00,26.0,38.3,14.0,1015.1,0,251,1.6
1255,9994,2025-03-22 07:34:14.560000+00:00,26.1,38.3,14.0,1015.0,0,226,0.9
1255,9994,2025-03-22 07:35:14.576000+00:00,26.2,38.3,14.0,1015.1,0,244,1.7
1255,9994,2025-03-22 07:36:14.561000+00:00,26.3,38.1,14.0,1015.0,0,241,2.7
1255,9994,2025-03-22 07:37:14.571000+00:00,26.3,38.0,13.0,1015.0,0,240,2.7
1255,9994,2025-03-22 07:38:14.604000+00:00,26.2,37.9,14.0,1015.1,0,258,2.5
1255,9994,2025-03-22 07:39:14.608000+00:00,26.2,37.9,14.0,1015.1,0,265,1.7
1255,9994,2025-03-22 07:40:14.613000+00:00,26.2,37.9,14.0,1014.9,0,264,2.5
1255,9994,2025-03-22 07:41:14.615000+00:00,26.1,37.9,14.0,1014.9,0,270,3.0
1255,9994,2025-03-22 07:42:14.610000+00:00,26.2,37.7,14.0,1015.0,0,290,2.3
1255,9994,2025-03-22 07:43:14.628000+00:00,26.2,37.6,14.0,1015.0,0,247,2.3
1255,9994,2025-03-22 07:44:14.623000+00:00,26.1,37.5,15.0,1015.0,0,251,3.4
1255,9994,2025-03-22 07:45:14.614000+00:00,26.1,37.3,14.0,1015.0,0,257,3.8
1255,9994,2025-03-22 07:46:14.621000+00:00,26.0,37.2,14.0,1015.0,0,244,3.1
1255,9994,2025-03-22 07:47:14.629000+00:00,26.0,37.2,14.0,1015.0,0,226,2.7
1255,9994,2025-03-22 07:48:14.632000+00:00,25.9,37.2,15.0,1015.0,0,249,2.8
1255,9994,2025-03-22 07:49:14.637000+00:00,26.0,37.2,15.0,1015.0,0,276,2.2
1255,9994,2025-03-22 07:50:14.649000+00:00,26.0,37.1,14.0,1014.9,0,238,2.9
1255,9994,2025-03-22 07:51:14.663000+00:00,26.0,37.0,15.0,1014.9,0,232,2.2
1255,9994,2025-03-22 07:52:14.664000+00:00,26.0,37.0,15.0,1014.9,0,227,1.3
1255,9994,2025-03-22 07:53:14.680000+00:00,26.0,36.8,15.0,1014.9,0,264,0.9
1255,9994,2025-03-22 07:54:14.671000+00:00,26.0,36.7,15.0,1015.0,0,212,1.5
1255,9994,2025-03-22 07:55:14.693000+00:00,26.0,36.7,15.0,1014.9,0,248,1.8
1255,9994,2025-03-22 07:56:14.720000+00:00,26.0,36.6,14.0,1015.0,0,260,2.1
1255,9994,2025-03-22 07:57:14.715000+00:00,26.0,36.6,15.0,1014.9,0,241,2.5
1255,9994,2025-03-22 07:58:14.701000+00:00,26.1,36.6,15.0,1015.0,0,266,2.3
1255,9994,2025-03-22 07:59:14.704000+00:00,26.1,36.4,15.0,1015.0,0,248,2.3
1255,9994,2025-03-22 08:00:14.704000+00:00,26.0,36.2,15.0,1015.0,0,248,1.4
1255,9994,2025-03-22 08:01:14.703000+00:00,26.0,36.2,15.0,1015.0,0,254,2.4
1255,9994,2025-03-22 08:02:14.715000+00:00,26.0,36.2,14.0,1015.1,0,233,2.4
1255,9994,2025-03-22 08:03:14.705000+00:00,26.0,36.1,14.0,1014.9,0,252,2.6
1255,9998,2025-03-23 06:05:20.723000+00:00,27.5,42.2,16.0,1011.2,0,230,2.7
1255,9998,2025-03-23 06:06:20.723000+00:00,27.5,42.2,16.0,1011.3,0,258,2.6
1255,9998,2025-03-23 06:07:20.744000+00:00,27.6,42.5,16.0,1011.3,0,244,2.1
1255,9998,2025-03-23 06:08:20.754000+00:00,27.6,42.6,16.0,1011.3,0,254,2.1
1255,9998,2025-03-23 06:09:20.776000+00:00,27.7,42.7,16.0,1011.3,0,248,3.3
1255,9998,2025-03-23 06:10:20.774000+00:00,27.7,42.9,15.0,1011.4,0,247,3.2
1255,9998,2025-03-23 06:11:20.775000+00:00,27.8,43.0,15.0,1011.2,0,256,2.4
1255,9998,2025-03-23 06:12:20.794000+00:00,27.8,43.0,15.0,1011.2,0,242,1.9
1255,9998,2025-03-23 06:13:20.794000+00:00,27.8,43.0,15.0,1011.2,0,229,1.5
1255,9998,2025-03-23 06:14:20.776000+00:00,27.8,43.0,15.0,1011.1,0,250,0.9
1255,9998,2025-03-23 06:15:20.778000+00:00,27.9,42.5,15.0,1011.1,0,232,0.7
1255,9998,2025-03-23 06:16:20.785000+00:00,28.0,42.4,15.0,1011.3,0,233,1.5
1255,9998,2025-03-23 06:17:20.800000+00:00,28.1,42.5,15.0,1011.2,0,261,2.1
1255,9998,2025-03-23 06:18:20.797000+00:00,28.1,42.7,15.0,1011.2,0,240,2.2
1255,9998,2025-03-23 06:19:20.790000+00:00,28.1,42.7,15.0,1011.1,0,239,1.4
1255,9998,2025-03-23 06:20:20.799000+00:00,28.0,42.7,14.0,1011.1,0,237,2.7
1255,9998,2025-03-23 06:21:20.799000+00:00,27.9,42.4,15.0,1011.0,0,237,2.3
1255,9998,2025-03-23 06:22:20.783000+00:00,27.7,42.4,15.0,1011.0,0,253,2.2
1255,9998,2025-03-23 06:23:20.797000+00:00,27.8,41.9,15.0,1011.0,0,265,1.9
1255,9998,2025-03-23 06:24:20.802000+00:00,27.7,41.8,15.0,1011.0,0,239,2.2
1255,9998,2025-03-23 06:25:20.802000+00:00,27.7,41.2,15.0,1011.0,0,220,2.1
1255,9998,2025-03-23 06:26:20.805000+00:00,27.8,40.5,15.0,1010.9,0,222,2.0
1255,9998,2025-03-23 06:27:20.803000+00:00,27.8,40.2,15.0,1010.9,0,240,2.8
1255,9998,2025-03-23 06:28:20.802000+00:00,27.7,39.9,16.0,1010.8,0,237,2.4
1255,9998,2025-03-23 06:29:20.802000+00:00,27.6,39.9,16.0,1010.9,0,235,2.3
1255,9998,2025-03-23 06:30:20.822000+00:00,27.6,40.2,16.0,1010.8,0,247,2.2
1255,9998,2025-03-23 06:31:20.847000+00:00,27.6,40.2,16.0,1010.8,0,252,2.1
1255,9998,2025-03-23 06:32:20.842000+00:00,27.5,39.4,16.0,1010.9,0,235,2.9
1255,9998,2025-03-23 06:33:20.843000+00:00,27.6,38.9,16.0,1010.8,0,249,2.3
1255,9998,2025-03-23 06:34:20.859000+00:00,27.6,38.6,16.0,1010.7,0,248,1.6
1255,9998,2025-03-23 06:35:20.859000+00:00,27.5,38.6,16.0,1010.8,0,239,2.7
1255,9998,2025-03-23 06:36:20.876000+00:00,27.4,38.5,16.0,1010.8,0,244,2.7
1255,9998,2025-03-23 06:37:20.874000+00:00,27.2,38.5,17.0,1010.7,0,266,2.3
1255,9998,2025-03-23 06:38:20.891000+00:00,27.2,38.5,17.0,1010.8,0,249,2.4
1255,9998,2025-03-23 06:39:20.899000+00:00,27.3,38.3,17.0,1010.8,0,244,2.3
1255,9998,2025-03-23 06:40:20.903000+00:00,27.3,38.2,17.0,1010.8,0,258,2.5
1255,9998,2025-03-23 06:41:20.902000+00:00,27.3,38.0,17.0,1010.7,0,245,2.1
1255,9998,2025-03-23 06:42:20.908000+00:00,27.3,37.9,17.0,1010.7,0,280,2.2
1255,9998,2025-03-23 06:43:20.908000+00:00,27.3,37.8,17.0,1010.6,0,244,2.8
1255,9998,2025-03-23 06:44:20.912000+00:00,27.2,37.8,18.0,1010.6,0,234,1.3
1255,9998,2025-03-23 06:45:20.912000+00:00,27.1,37.7,18.0,1010.6,0,257,1.0
1255,9998,2025-03-23 06:46:20.916000+00:00,27.3,37.2,17.0,1010.6,0,231,1.6
1255,9998,2025-03-23 06:47:20.941000+00:00,27.4,37.2,18.0,1010.5,0,240,1.8
1255,9998,2025-03-23 06:48:20.954000+00:00,27.4,37.2,17.0,1010.5,0,246,1.9
1255,9998,2025-03-23 06:49:20.942000+00:00,27.4,36.8,17.0,1010.6,0,252,1.7
1255,9998,2025-03-23 06:50:20.956000+00:00,27.4,37.4,17.0,1010.6,0,268,2.2
1255,9998,2025-03-23 06:51:20.939000+00:00,27.4,37.5,17.0,1010.5,0,280,3.3
1255,9998,2025-03-23 06:52:20.940000+00:00,27.4,37.4,17.0,1010.6,0,234,2.9
1255,9998,2025-03-23 06:53:20.940000+00:00,27.3,37.4,17.0,1010.5,0,260,2.2
1255,9998,2025-03-23 06:54:20.946000+00:00,27.2,37.4,17.0,1010.6,0,251,3.0
1255,9998,2025-03-23 06:55:20.944000+00:00,27.3,37.3,17.0,1010.5,0,251,4.0
1255,9998,2025-03-23 06:56:20.942000+00:00,27.3,37.2,17.0,1010.5,0,241,3.1
1255,9998,2025-03-23 06:57:20.964000+00:00,27.3,36.8,17.0,1010.4,0,249,2.9
1255,9998,2025-03-23 06:58:20.949000+00:00,27.3,35.0,17.0,1010.5,0,240,2.7
1255,9998,2025-03-23 06:59:20.945000+00:00,27.3,36.1,18.0,1010.4,0,238,2.6
1255,9998,2025-03-23 07:00:20.948000+00:00,27.3,36.1,18.0,1010.4,0,242,2.1
1255,9998,2025-03-23 07:01:20.966000+00:00,27.3,36.0,18.0,1010.3,0,272,2.0
1255,9998,2025-03-23 07:02:20.946000+00:00,27.3,35.9,18.0,1010.4,0,257,1.7
1255,9998,2025-03-23 07:03:20.949000+00:00,27.3,35.9,18.0,1010.4,0,261,1.8
1255,9998,2025-03-23 07:04:20.964000+00:00,27.3,35.8,18.0,1010.4,0,249,1.8
1255,9998,2025-03-23 07:05:20.956000+00:00,27.3,35.6,18.0,1010.4,0,264,2.2
1255,9998,2025-03-23 07:06:20.951000+00:00,27.4,35.6,18.0,1010.4,0,233,2.7
1255,9998,2025-03-23 07:07:20.962000+00:00,27.4,35.5,18.0,1010.4,0,254,2.9
1255,9998,2025-03-23 07:08:20.955000+00:00,27.3,35.1,18.0,1010.4,0,259,3.0
1255,9998,2025-03-23 07:09:20.968000+00:00,27.3,35.0,18.0,1010.4,0,258,3.0
1255,9998,2025-03-23 07:10:20.993000+00:00,27.4,35.0,18.0,1010.3,0,243,3.0
1255,9998,2025-03-23 07:11:21.022000+00:00,27.3,34.9,18.0,1010.3,0,238,2.0
1255,9998,2025-03-23 07:12:21.025000+00:00,27.3,34.9,18.0,1010.3,0,0,2.4
1255,9998,2025-03-23 07:13:21.043000+00:00,27.3,35.0,18.0,1010.3,0,252,1.8
1255,9998,2025-03-23 07:14:21.053000+00:00,27.3,35.0,18.0,1010.2,0,207,1.2
1255,9998,2025-03-23 07:15:21.059000+00:00,27.4,35.3,18.0,1010.2,0,257,2.1
1255,9998,2025-03-23 07:16:21.078000+00:00,27.4,35.4,18.0,1010.3,0,248,1.0
1255,9998,2025-03-23 07:17:21.077000+00:00,27.5,35.4,17.0,1010.3,0,244,2.8
1255,9998,2025-03-23 07:18:21.079000+00:00,27.5,35.3,18.0,1010.3,0,216,2.3
1255,9998,2025-03-23 07:19:21.096000+00:00,27.5,35.3,18.0,1010.2,0,252,2.2
1255,9998,2025-03-23 07:20:21.098000+00:00,27.5,35.0,17.0,1010.3,0,179,3.2
1255,9998,2025-03-23 07:21:21.097000+00:00,27.5,35.0,18.0,1010.3,0,237,1.9
1255,9998,2025-03-23 07:22:21.093000+00:00,27.6,34.6,17.0,1010.2,0,252,2.7
1255,9998,2025-03-23 07:23:21.099000+00:00,27.6,34.5,18.0,1010.2,0,248,1.9
1255,9998,2025-03-23 07:24:21.098000+00:00,27.5,34.4,18.0,1010.2,0,239,2.3
1255,9998,2025-03-23 07:25:21.100000+00:00,27.4,34.4,18.0,1010.2,0,253,3.0
1255,9998,2025-03-23 07:26:21.101000+00:00,27.4,34.2,18.0,1010.2,0,245,2.8
1255,9998,2025-03-23 07:27:21.099000+00:00,27.3,34.1,18.0,1010.2,0,254,2.8
1255,9998,2025-03-23 07:28:21.108000+00:00,27.2,34.0,18.0,1010.2,0,245,3.1
1255,9998,2025-03-23 07:29:21.129000+00:00,27.2,33.9,18.0,1010.1,0,234,2.3
1255,9998,2025-03-23 07:30:21.147000+00:00,27.1,33.9,18.0,1010.2,0,247,2.0
1255,9998,2025-03-23 07:31:21.158000+00:00,27.2,34.6,18.0,1010.1,0,248,2.0
1255,9998,2025-03-23 07:32:21.160000+00:00,27.2,34.7,18.0,1010.1,0,229,1.6
1255,9998,2025-03-23 07:33:21.182000+00:00,27.3,34.8,18.0,1010.1,0,250,2.5
1255,9998,2025-03-23 07:34:21.185000+00:00,27.3,34.8,19.0,1010.1,0,188,1.2
1255,9998,2025-03-23 07:35:21.185000+00:00,27.3,34.8,19.0,1010.2,0,246,2.1
1255,9998,2025-03-23 07:36:21.201000+00:00,27.4,35.0,18.0,1010.1,0,256,2.3
1255,9998,2025-03-23 07:37:21.190000+00:00,27.4,35.2,19.0,1010.1,0,261,3.0
1255,9998,2025-03-23 07:38:21.204000+00:00,27.4,35.3,18.0,1010.1,0,237,4.3
1255,9998,2025-03-23 07:39:21.205000+00:00,27.4,35.6,18.0,1010.1,0,242,3.3
1255,9998,2025-03-23 07:40:21.206000+00:00,27.4,35.6,18.0,1010.1,0,243,2.8
1255,9998,2025-03-23 07:41:21.213000+00:00,27.4,35.6,19.0,1010.1,0,247,2.3
1255,9998,2025-03-23 07:42:21.194000+00:00,27.4,35.6,19.0,1010.0,0,246,2.5
1255,9998,2025-03-23 07:43:21.194000+00:00,27.4,35.6,19.0,1010.1,0,263,1.8
1255,9998,2025-03-23 07:44:21.215000+00:00,27.4,35.4,19.0,1010.1,0,260,2.0
1255,9998,2025-03-23 07:45:21.235000+00:00,27.4,35.3,19.0,1010.1,0,257,2.8
1255,9998,2025-03-23 07:46:21.236000+00:00,27.5,35.0,19.0,1010.1,0,247,3.1
1255,9998,2025-03-23 07:47:21.240000+00:00,27.5,34.7,19.0,1010.1,0,248,3.6
1255,9998,2025-03-23 07:48:21.225000+00:00,27.3,34.4,19.0,1010.1,0,243,3.2
1255,9998,2025-03-23 07:49:21.279000+00:00,27.1,34.3,19.0,1010.2,0,241,3.2
1255,9998,2025-03-23 07:50:21.248000+00:00,27.1,34.1,19.0,1010.2,0,246,3.2
1255,9998,2025-03-23 07:51:21.292000+00:00,27.0,33.9,19.0,1010.2,0,250,2.9
1255,9998,2025-03-23 07:52:21.276000+00:00,26.9,33.8,20.0,1010.2,0,256,2.2
1255,9998,2025-03-23 07:53:21.286000+00:00,26.9,33.7,20.0,1010.2,0,232,2.5
1255,9998,2025-03-23 07:54:21.294000+00:00,26.9,33.7,20.0,1010.1,0,245,2.0
1255,9998,2025-03-23 07:55:21.290000+00:00,27.0,33.5,20.0,1010.1,0,258,3.2
1255,9998,2025-03-23 07:56:21.291000+00:00,26.9,33.3,20.0,1010.2,0,254,3.5
1255,9998,2025-03-23 07:57:21.295000+00:00,26.8,33.2,20.0,1010.1,0,269,2.8
1255,9998,2025-03-23 07:58:21.290000+00:00,26.8,33.2,20.0,1010.1,0,264,2.4
1255,9998,2025-03-23 07:59:21.356000+00:00,26.8,33.1,20.0,1010.1,0,246,2.5
1255,9998,2025-03-23 08:00:21.315000+00:00,26.8,33.0,20.0,1010.1,0,261,1.8
1255,9998,2025-03-23 08:01:21.319000+00:00,26.8,33.0,20.0,1010.2,0,239,1.6
1255,9998,2025-03-23 08:02:21.333000+00:00,26.8,32.9,20.0,1010.2,0,249,2.9
1255,9998,2025-03-23 08:03:21.337000+00:00,26.8,32.9,20.0,1010.1,0,268,2.6
1255,9998,2025-03-23 08:04:21.344000+00:00,26.8,32.8,20.0,1010.1,0,261,2.1
1255,9998,2025-03-23 08:05:21.325000+00:00,26.8,32.7,21.0,1010.2,0,256,1.2
1255,9998,2025-03-23 08:06:21.343000+00:00,26.8,32.7,20.0,1010.2,0,267,2.6
1255,9998,2025-03-23 08:07:21.347000+00:00,26.8,32.6,20.0,1010.1,0,279,1.3
1255,9998,2025-03-23 08:08:21.350000+00:00,26.8,32.5,21.0,1010.1,0,266,1.6
1255,9998,2025-03-23 08:09:21.347000+00:00,26.8,32.4,21.0,1010.1,0,269,1.3
1255,9998,2025-03-23 08:10:21.359000+00:00,26.8,32.3,21.0,1010.2,0,258,1.2
1255,9998,2025-03-23 08:11:21.360000+00:00,26.8,32.2,20.0,1010.2,0,201,1.1
1255,9998,2025-03-23 08:12:21.358000+00:00,26.8,32.2,21.0,1010.1,0,277,0.9
1255,9998,2025-03-23 08:13:21.368000+00:00,26.7,32.1,21.0,1010.1,0,212,1.5
1255,9998,2025-03-23 08:14:21.375000+00:00,26.7,32.1,21.0,1010.1,0,255,1.2
1255,9998,2025-03-23 08:15:21.369000+00:00,26.7,32.1,20.0,1010.1,0,264,2.3
1255,9998,2025-03-23 08:16:21.359000+00:00,26.6,32.0,20.0,1010.1,0,267,2.1
1255,9998,2025-03-23 08:17:21.376000+00:00,26.6,31.9,21.0,1010.1,0,233,2.2
1255,9998,2025-03-23 08:18:21.393000+00:00,26.6,31.8,21.0,1010.1,0,237,2.5
1255,9998,2025-03-23 08:19:21.407000+00:00,26.5,31.7,21.0,1010.1,0,271,2.1
1255,9998,2025-03-23 08:20:21.404000+00:00,26.5,31.7,21.0,1010.1,0,254,2.1
1255,9998,2025-03-23 08:21:21.407000+00:00,26.5,31.7,21.0,1010.2,0,265,1.7
1255,9998,2025-03-23 08:22:21.408000+00:00,26.6,31.6,21.0,1010.2,0,0,1.1
1255,9998,2025-03-23 08:23:21.431000+00:00,26.6,31.6,21.0,1010.2,0,269,1.0
1255,9998,2025-03-23 08:24:21.432000+00:00,26.5,31.6,21.0,1010.2,0,0,0.9
1255,9998,2025-03-23 08:25:21.436000+00:00,26.6,31.5,21.0,1010.1,0,44,0.7
1255,9998,2025-03-23 08:26:21.457000+00:00,26.6,31.4,21.0,1010.0,0,256,1.3
1255,9998,2025-03-23 08:27:21.453000+00:00,26.6,31.3,21.0,1010.0,0,224,1.5
1255,9998,2025-03-23 08:28:21.462000+00:00,26.5,31.3,21.0,1010.1,0,254,1.0
1255,9998,2025-03-23 08:29:21.484000+00:00,26.5,31.2,21.0,1010.1,0,247,0.6
1255,9998,2025-03-23 08:30:21.486000+00:00,26.5,31.2,21.0,1010.2,0,265,1.2
1255,9998,2025-03-23 08:31:21.485000+00:00,26.6,31.2,21.0,1010.1,0,221,1.9
1255,9998,2025-03-23 08:32:21.498000+00:00,26.5,31.0,21.0,1010.2,0,245,1.8
1255,9998,2025-03-23 08:33:21.485000+00:00,26.5,30.8,21.0,1010.2,0,259,1.5
1255,9998,2025-03-23 08:34:21.485000+00:00,26.5,30.7,21.0,1010.3,0,219,2.6
1255,9998,2025-03-23 08:35:21.490000+00:00,26.5,30.7,22.0,1010.2,0,259,1.1
1255,9998,2025-03-23 08:36:21.508000+00:00,26.4,30.7,22.0,1010.2,0,288,1.0
1255,9998,2025-03-23 08:37:21.507000+00:00,26.4,30.6,22.0,1010.2,0,262,2.2
1255,9998,2025-03-23 08:38:21.507000+00:00,26.4,30.5,22.0,1010.1,0,238,2.1
1256,9999,2025-04-04 02:15:49.538000+00:00,13.0,34.1,44.0,1012.2,0,281,4.3
1256,9999,2025-04-04 02:16:49.557000+00:00,13.1,34.3,43.0,1012.0,0,297,4.0
1256,9999,2025-04-04 02:17:49.570000+00:00,13.2,34.4,43.0,1012.1,0,284,4.5
1256,9999,2025-04-04 02:18:49.570000+00:00,13.3,34.3,42.0,1012.1,0,267,4.8
1256,9999,2025-04-04 02:19:49.607000+00:00,13.3,34.3,43.0,1012.2,0,292,3.7
1256,9999,2025-04-04 02:20:49.607000+00:00,13.1,34.3,43.0,1011.9,0,336,4.5
1256,9999,2025-04-04 02:21:49.620000+00:00,13.2,34.3,43.0,1011.9,0,316,4.0
1256,9999,2025-04-04 02:22:49.643000+00:00,13.2,34.9,43.0,1011.9,0,275,3.1
1256,9999,2025-04-04 02:23:49.636000+00:00,13.3,34.9,42.0,1012.0,0,291,4.3
1256,9999,2025-04-04 02:24:49.651000+00:00,13.3,34.7,42.0,1012.0,0,291,5.3
1256,9999,2025-04-04 02:25:49.672000+00:00,13.3,34.7,42.0,1011.9,0,295,4.5
1256,9999,2025-04-04 02:26:49.686000+00:00,13.2,34.8,42.0,1011.8,0,326,4.9
1256,9999,2025-04-04 02:27:49.718000+00:00,13.3,34.9,42.0,1012.0,0,287,4.4
1256,9999,2025-04-04 02:28:49.703000+00:00,13.5,35.1,41.0,1011.8,0,293,4.8
1256,9999,2025-04-04 02:29:49.748000+00:00,13.5,35.0,42.0,1011.9,0,301,4.0
1256,9999,2025-04-04 02:30:49.767000+00:00,13.6,35.0,41.0,1012.0,0,273,3.3
1256,9999,2025-04-04 02:31:49.766000+00:00,13.5,35.1,41.0,1011.8,0,292,4.0
1256,9999,2025-04-04 02:32:49.765000+00:00,13.6,35.3,42.0,1011.9,0,309,3.4
1256,9999,2025-04-04 02:33:49.752000+00:00,13.5,35.3,41.0,1011.8,0,290,5.4
1256,9999,2025-04-04 02:34:49.752000+00:00,13.5,35.5,41.0,1011.9,0,302,4.1
1256,9999,2025-04-04 02:35:49.768000+00:00,13.5,35.6,41.0,1011.9,0,289,4.8
1256,9999,2025-04-04 02:36:49.785000+00:00,13.6,35.6,41.0,1012.0,0,287,3.9
1256,9999,2025-04-04 02:37:49.754000+00:00,13.6,35.5,41.0,1011.9,0,294,5.5
1256,9999,2025-04-04 02:38:49.754000+00:00,13.8,35.4,41.0,1011.9,0,284,3.8
1256,9999,2025-04-04 02:39:49.756000+00:00,13.8,35.4,41.0,1012.0,0,319,4.7
1256,9999,2025-04-04 02:40:49.769000+00:00,13.7,35.3,41.0,1011.7,0,284,4.9
1256,9999,2025-04-04 02:41:49.779000+00:00,13.7,35.3,41.0,1011.9,0,267,4.2
1256,9999,2025-04-04 02:42:49.806000+00:00,13.6,35.9,42.0,1011.8,0,277,3.4
1256,9999,2025-04-04 02:43:49.819000+00:00,13.6,35.9,42.0,1011.9,0,290,3.7
1256,9999,2025-04-04 02:44:49.820000+00:00,13.6,35.9,41.0,1011.8,0,268,3.0
1256,9999,2025-04-04 02:45:49.802000+00:00,13.7,36.0,41.0,1011.9,0,299,4.4
1256,9999,2025-04-04 02:46:49.838000+00:00,13.6,36.2,42.0,1011.7,0,292,3.4
1256,9999,2025-04-04 02:47:49.824000+00:00,13.7,36.2,41.0,1011.9,0,276,6.1
1256,9999,2025-04-04 02:48:49.835000+00:00,13.8,36.1,42.0,1011.8,0,274,4.1
1256,9999,2025-04-04 02:49:49.838000+00:00,13.6,36.2,43.0,1011.9,0,287,5.6
1256,9999,2025-04-04 02:50:49.840000+00:00,13.4,36.3,44.0,1011.8,0,271,4.5
1256,9999,2025-04-04 02:51:49.839000+00:00,13.3,36.2,44.0,1011.8,0,285,4.3
1256,9999,2025-04-04 02:52:49.859000+00:00,13.4,36.2,45.0,1011.6,0,282,6.2
1256,9999,2025-04-04 02:53:49.860000+00:00,13.4,36.2,45.0,1011.8,0,288,6.2
1256,9999,2025-04-04 02:54:49.858000+00:00,13.6,36.2,44.0,1011.8,0,281,6.3
1256,9999,2025-04-04 02:55:49.858000+00:00,13.8,35.8,42.0,1011.7,0,295,5.8
1256,9999,2025-04-04 02:56:49.874000+00:00,13.7,35.8,43.0,1011.8,0,290,4.2
1256,9999,2025-04-04 02:57:49.873000+00:00,13.6,35.8,41.0,1011.7,0,294,5.4
1256,9999,2025-04-04 02:58:49.879000+00:00,13.6,35.9,41.0,1011.8,0,305,4.2
1256,9999,2025-04-04 02:59:49.867000+00:00,13.6,36.1,42.0,1011.7,0,288,3.8
1256,9999,2025-04-04 03:00:49.867000+00:00,13.7,36.3,42.0,1011.8,0,312,3.6
1256,9999,2025-04-04 03:01:49.897000+00:00,13.8,36.2,42.0,1011.7,0,280,4.8
1256,9999,2025-04-04 03:02:49.895000+00:00,13.8,36.2,42.0,1011.8,0,289,5.2
1256,9999,2025-04-04 03:03:49.885000+00:00,13.6,36.4,42.0,1011.8,0,334,3.7
1256,9999,2025-04-04 03:04:49.901000+00:00,13.6,36.5,42.0,1011.6,0,295,4.1
1256,9999,2025-04-04 03:05:49.906000+00:00,13.5,36.9,42.0,1011.7,0,285,5.6
1256,9999,2025-04-04 03:06:49.916000+00:00,13.6,36.8,42.0,1011.7,0,286,6.4
1256,9999,2025-04-04 03:07:49.917000+00:00,13.7,36.6,42.0,1011.8,0,286,5.2
1256,9999,2025-04-04 03:08:49.917000+00:00,13.5,36.5,43.0,1011.5,0,292,4.6
1256,9999,2025-04-04 03:09:49.921000+00:00,13.5,36.6,42.0,1011.8,0,284,5.5
1256,9999,2025-04-04 03:10:49.919000+00:00,13.6,36.5,41.0,1011.7,0,289,4.5
1256,9999,2025-04-04 03:11:49.918000+00:00,13.7,36.3,41.0,1011.7,0,272,4.1
1256,9999,2025-04-04 03:12:49.924000+00:00,13.7,36.3,41.0,1011.8,0,292,5.1
1256,9999,2025-04-04 03:13:49.924000+00:00,13.8,36.3,40.0,1011.6,0,294,4.7
1256,9999,2025-04-04 03:14:49.924000+00:00,13.8,36.4,40.0,1011.7,0,283,4.3
1256,9999,2025-04-04 03:15:49.921000+00:00,13.8,36.5,40.0,1011.7,0,287,5.5
1256,9999,2025-04-04 03:16:49.927000+00:00,13.6,36.5,40.0,1011.6,0,284,6.2
1256,9999,2025-04-04 03:17:49.926000+00:00,13.5,36.3,41.0,1011.5,0,279,6.5
1256,9999,2025-04-04 03:18:49.928000+00:00,13.4,36.3,41.0,1011.7,0,274,6.6
1256,9999,2025-04-04 03:19:49.925000+00:00,13.4,36.5,41.0,1011.6,0,287,5.5
1256,9999,2025-04-04 03:20:49.923000+00:00,13.4,36.5,42.0,1011.6,0,280,4.9
1256,9999,2025-04-04 03:21:49.932000+00:00,13.4,36.5,42.0,1011.6,0,312,5.0
1256,9999,2025-04-04 03:22:49.930000+00:00,13.7,36.5,42.0,1011.7,0,306,4.6
1256,9999,2025-04-04 03:23:49.961000+00:00,13.7,36.5,42.0,1011.4,0,283,5.1
1256,9999,2025-04-04 03:24:49.975000+00:00,13.8,36.9,42.0,1011.6,0,282,3.6
1256,9999,2025-04-04 03:25:49.979000+00:00,14.0,36.9,40.0,1011.5,0,292,3.4
1256,9999,2025-04-04 03:26:49.970000+00:00,14.2,36.8,40.0,1011.5,0,309,4.1
1256,9999,2025-04-04 03:27:49.978000+00:00,14.2,37.0,40.0,1011.5,0,292,4.3
1256,9999,2025-04-04 03:28:49.980000+00:00,14.1,37.0,39.0,1011.5,0,285,3.7
1256,9999,2025-04-04 03:29:49.995000+00:00,14.1,37.0,39.0,1011.5,0,287,6.2
1256,9999,2025-04-04 03:30:50+00:00,14.0,37.0,40.0,1011.6,0,287,5.5
1256,9999,2025-04-04 03:31:50.061000+00:00,13.9,37.0,41.0,1011.5,0,286,5.3
1256,9999,2025-04-04 03:32:50.032000+00:00,13.9,37.3,40.0,1011.5,0,286,4.4
1256,9999,2025-04-04 03:33:50.033000+00:00,13.8,37.3,41.0,1011.5,0,289,3.2
1256,9999,2025-04-04 03:34:50.040000+00:00,13.9,37.3,41.0,1011.5,0,289,3.2
1256,9999,2025-04-04 03:35:50.023000+00:00,14.0,36.7,41.0,1011.3,0,285,5.2
1256,10000,2025-04-04 05:47:50.685000+00:00,13.8,35.0,41.0,1010.7,0,291,4.8
1256,10000,2025-04-04 05:48:50.716000+00:00,13.7,35.0,41.0,1010.6,0,283,4.9
1256,10000,2025-04-04 05:49:50.735000+00:00,13.8,34.8,41.0,1010.8,0,288,3.6
1256,10000,2025-04-04 05:50:50.717000+00:00,13.8,34.8,41.0,1010.6,0,280,6.0
1256,10000,2025-04-04 05:51:50.749000+00:00,13.8,34.8,42.0,1010.7,0,262,5.1
1256,10000,2025-04-04 05:52:50.765000+00:00,13.7,34.8,42.0,1010.6,0,268,5.6
1256,10000,2025-04-04 05:53:50.781000+00:00,13.8,34.7,42.0,1010.6,0,287,4.5
1256,10000,2025-04-04 05:54:50.806000+00:00,13.7,34.7,42.0,1010.7,0,286,6.3
1256,10000,2025-04-04 05:55:50.791000+00:00,13.7,34.6,42.0,1010.7,0,283,5.5
1256,10000,2025-04-04 05:56:50.823000+00:00,13.8,34.5,43.0,1010.7,0,268,6.4
1256,10000,2025-04-04 05:57:50.820000+00:00,13.7,34.2,43.0,1010.7,0,300,5.8
1256,10000,2025-04-04 05:58:50.820000+00:00,13.8,34.1,43.0,1010.6,0,296,5.0
1256,10000,2025-04-04 05:59:50.836000+00:00,13.8,34.0,42.0,1010.5,0,296,5.4
1256,10000,2025-04-04 06:00:50.821000+00:00,13.9,34.0,43.0,1010.6,0,288,4.9
1256,10000,2025-04-04 06:01:51.053000+00:00,14.0,34.0,42.0,1010.8,0,297,4.2
1256,10000,2025-04-04 06:02:51.038000+00:00,13.9,33.8,42.0,1010.6,0,285,5.0
1256,10000,2025-04-04 06:03:51.038000+00:00,13.9,33.7,42.0,1010.5,0,292,5.4
1256,10000,2025-04-04 06:04:51.054000+00:00,13.9,33.7,43.0,1010.6,0,282,6.5
1256,10000,2025-04-04 06:05:51.064000+00:00,13.8,33.7,43.0,1010.7,0,288,5.4
1256,10000,2025-04-04 06:06:51.058000+00:00,13.7,33.6,43.0,1010.5,0,287,5.1
1256,10000,2025-04-04 06:07:51.090000+00:00,13.7,33.6,43.0,1010.7,0,291,4.5
1256,10000,2025-04-04 06:08:51.075000+00:00,13.8,33.6,43.0,1010.7,0,286,4.9
1256,10000,2025-04-04 06:09:51.107000+00:00,13.9,33.8,43.0,1010.7,0,288,5.5
1256,10000,2025-04-04 06:10:51.108000+00:00,13.8,33.7,43.0,1010.6,0,281,6.3
1256,10000,2025-04-04 06:11:51.140000+00:00,13.6,33.7,43.0,1010.6,0,296,5.7
1256,10000,2025-04-04 06:12:51.141000+00:00,13.6,33.6,43.0,1010.6,0,289,6.0
1256,10000,2025-04-04 06:13:51.158000+00:00,13.6,33.4,43.0,1010.7,0,288,5.0
1256,10000,2025-04-04 06:14:51.161000+00:00,13.7,33.1,43.0,1010.7,0,277,5.3
1256,10000,2025-04-04 06:15:51.177000+00:00,13.7,33.1,42.0,1010.7,0,282,3.9
1256,10000,2025-04-04 06:16:51.203000+00:00,13.7,33.1,42.0,1010.6,0,285,6.4
1256,10000,2025-04-04 06:17:51.197000+00:00,13.6,33.1,43.0,1010.8,0,284,4.7
1256,10000,2025-04-04 06:18:51.198000+00:00,13.6,33.2,43.0,1010.6,0,280,4.3
1256,10000,2025-04-04 06:19:51.214000+00:00,13.6,33.1,43.0,1010.6,0,285,5.9
1256,10000,2025-04-04 06:20:51.230000+00:00,13.6,32.9,43.0,1010.5,0,264,5.0
1256,10000,2025-04-04 06:21:51.231000+00:00,13.7,32.7,42.0,1010.7,0,285,4.8
1256,10000,2025-04-04 06:22:51.239000+00:00,13.6,32.9,42.0,1010.6,0,296,5.7
1256,10000,2025-04-04 06:23:51.255000+00:00,13.5,32.9,42.0,1010.6,0,286,4.0
1256,10000,2025-04-04 06:24:51.271000+00:00,13.6,32.7,43.0,1010.5,0,280,4.0
1256,10000,2025-04-04 06:25:51.271000+00:00,13.6,32.7,42.0,1010.5,0,292,4.9
1256,10000,2025-04-04 06:26:51.272000+00:00,13.7,32.8,43.0,1010.5,0,299,5.1
1256,10000,2025-04-04 06:27:51.350000+00:00,13.6,32.4,42.0,1010.6,0,295,5.2
1256,10000,2025-04-04 06:28:51.288000+00:00,13.6,32.4,42.0,1010.5,0,291,4.7
1256,10000,2025-04-04 06:29:51.304000+00:00,13.6,32.4,42.0,1010.5,0,291,4.7
1256,10000,2025-04-04 06:30:51.305000+00:00,13.6,32.2,41.0,1010.6,0,278,3.6
1256,10000,2025-04-04 06:31:51.352000+00:00,13.5,32.5,41.0,1010.5,0,294,5.0
1256,10000,2025-04-04 06:32:51.337000+00:00,13.5,32.4,41.0,1010.5,0,288,4.7
1256,10000,2025-04-04 06:33:51.338000+00:00,13.4,32.3,42.0,1010.6,0,282,4.2
1256,10000,2025-04-04 06:34:51.369000+00:00,13.5,32.3,41.0,1010.5,0,282,6.0
1256,10000,2025-04-04 06:35:51.370000+00:00,13.4,32.3,41.0,1010.5,0,282,6.0
1256,10000,2025-04-04 06:36:51.355000+00:00,13.4,32.2,42.0,1010.6,0,279,5.7
1256,10000,2025-04-04 06:37:51.371000+00:00,13.5,32.1,42.0,1010.5,0,262,6.0
1256,10000,2025-04-04 06:38:51.371000+00:00,13.6,32.1,42.0,1010.7,0,282,3.5
1256,10000,2025-04-04 06:39:51.390000+00:00,13.6,31.9,42.0,1010.6,0,296,6.7
1256,10000,2025-04-04 06:40:51.421000+00:00,13.6,31.9,42.0,1010.6,0,285,4.2
1256,10000,2025-04-04 06:41:51.438000+00:00,13.6,31.8,42.0,1010.4,0,289,4.8
1256,10000,2025-04-04 06:42:51.438000+00:00,13.6,31.5,42.0,1010.6,0,311,4.5
1256,10000,2025-04-04 06:43:51.439000+00:00,13.5,31.4,42.0,1010.6,0,284,4.2
1256,10000,2025-04-04 06:44:51.439000+00:00,13.5,31.2,42.0,1010.6,0,287,5.0
1256,10000,2025-04-04 06:45:51.496000+00:00,13.4,31.3,41.0,1010.6,0,286,5.8
1256,10000,2025-04-04 06:46:51.466000+00:00,13.3,31.1,42.0,1010.5,0,285,6.3
1256,10000,2025-04-04 06:47:51.482000+00:00,13.2,31.1,42.0,1010.6,0,282,6.7
1256,10000,2025-04-04 06:48:51.483000+00:00,13.2,31.0,43.0,1010.6,0,283,5.7
1256,10000,2025-04-04 06:49:51.484000+00:00,13.3,31.0,43.0,1010.6,0,284,4.3
1256,10000,2025-04-04 06:50:51.500000+00:00,13.4,30.9,42.0,1010.7,0,287,4.8
1256,10000,2025-04-04 06:51:51.485000+00:00,13.3,30.8,42.0,1010.6,0,292,4.1
1256,10000,2025-04-04 06:52:51.485000+00:00,13.3,30.8,41.0,1010.6,0,291,5.7
1256,10000,2025-04-04 06:53:51.498000+00:00,13.4,30.7,42.0,1010.7,0,288,5.2
1256,10000,2025-04-04 06:54:51.514000+00:00,13.4,30.7,42.0,1010.6,0,291,5.2
1256,10000,2025-04-04 06:55:51.546000+00:00,13.3,30.7,42.0,1010.6,0,275,5.5
1256,10000,2025-04-04 06:56:51.541000+00:00,13.3,30.6,42.0,1010.7,0,286,5.7
1256,10000,2025-04-04 06:57:51.544000+00:00,13.3,30.5,42.0,1010.8,0,285,5.5
1256,10000,2025-04-04 06:58:51.557000+00:00,13.3,30.4,41.0,1010.7,0,285,5.2
1256,10000,2025-04-04 06:59:51.558000+00:00,13.3,30.2,42.0,1010.7,0,291,6.8
1256,10000,2025-04-04 07:00:51.574000+00:00,13.3,30.0,41.0,1010.8,0,274,7.1
1256,10000,2025-04-04 07:01:51.574000+00:00,13.2,30.0,42.0,1010.8,0,287,6.0
1256,10001,2025-04-05 02:15:58.026000+00:00,13.8,36.9,41.0,1015.4,0,137,2.6
1256,10001,2025-04-05 02:16:58.011000+00:00,13.9,37.0,41.0,1015.3,0,156,2.7
1256,10001,2025-04-05 02:17:58.027000+00:00,13.9,36.9,40.0,1015.3,0,149,4.2
1256,10001,2025-04-05 02:18:58.043000+00:00,13.9,37.0,41.0,1015.4,0,159,3.6
1256,10001,2025-04-05 02:19:58.043000+00:00,13.9,37.2,41.0,1015.3,0,159,3.8
1256,10001,2025-04-05 02:20:58.044000+00:00,13.8,37.3,41.0,1015.3,0,157,3.9
1256,10001,2025-04-05 02:21:58.060000+00:00,13.8,37.3,41.0,1015.4,0,147,4.3
1256,10001,2025-04-05 02:22:58.076000+00:00,13.9,37.3,41.0,1015.3,0,150,3.2
1256,10001,2025-04-05 02:23:58.061000+00:00,14.0,37.5,41.0,1015.3,0,152,3.7
1256,10001,2025-04-05 02:24:58.083000+00:00,13.9,37.6,40.0,1015.2,0,175,4.4
1256,10001,2025-04-05 02:25:58.086000+00:00,13.9,37.6,40.0,1015.3,0,224,4.3
1256,10001,2025-04-05 02:26:58.087000+00:00,13.9,37.8,40.0,1015.4,0,155,2.9
1256,10001,2025-04-05 02:27:58.087000+00:00,13.9,37.9,40.0,1015.3,0,164,3.1
1256,10001,2025-04-05 02:28:58.104000+00:00,14.0,38.0,40.0,1015.3,0,150,3.3
1256,10001,2025-04-05 02:29:58.123000+00:00,14.1,38.2,39.0,1015.2,0,147,3.8
1256,10001,2025-04-05 02:30:58.127000+00:00,14.0,38.0,39.0,1015.2,0,149,3.0
1256,10001,2025-04-05 02:31:58.131000+00:00,14.1,37.8,39.0,1015.2,0,154,3.6
1256,10001,2025-04-05 02:32:58.131000+00:00,14.1,38.0,39.0,1015.3,0,153,3.1
1256,10001,2025-04-05 02:33:58.160000+00:00,14.1,38.0,40.0,1015.3,0,147,3.1
1256,10001,2025-04-05 02:34:58.145000+00:00,14.0,38.0,39.0,1015.4,0,146,2.4
1256,10001,2025-04-05 02:35:58.161000+00:00,14.2,38.0,39.0,1015.2,0,134,2.7
1256,10001,2025-04-05 02:36:58.161000+00:00,14.2,38.1,39.0,1015.2,0,149,3.7
1256,10001,2025-04-05 02:37:58.162000+00:00,14.5,38.2,40.0,1015.3,0,144,2.9
1256,10001,2025-04-05 02:38:58.162000+00:00,14.4,38.4,40.0,1015.2,0,148,3.0
1256,10001,2025-04-05 02:39:58.165000+00:00,14.4,38.5,39.0,1015.1,0,154,3.0
1256,10001,2025-04-05 02:40:58.181000+00:00,14.5,38.8,39.0,1015.1,0,153,2.1
1256,10001,2025-04-05 02:41:58.166000+00:00,14.4,38.9,38.0,1015.1,0,162,3.4
1256,10001,2025-04-05 02:42:58.166000+00:00,14.4,39.1,37.0,1015.1,0,177,3.8
1256,10001,2025-04-05 02:43:58.176000+00:00,14.1,39.0,37.0,1015.1,0,157,3.8
1256,10001,2025-04-05 02:44:58.173000+00:00,14.0,39.2,38.0,1015.1,0,149,3.7
1256,10001,2025-04-05 02:45:58.167000+00:00,13.9,39.2,38.0,1015.0,0,156,4.0
1256,10001,2025-04-05 02:46:58.183000+00:00,14.1,39.1,39.0,1015.1,0,160,3.5
1256,10001,2025-04-05 02:47:58.184000+00:00,14.3,39.2,38.0,1015.1,0,155,4.1
1256,10001,2025-04-05 02:48:58.188000+00:00,14.3,39.2,39.0,1015.1,0,174,4.4
1256,10001,2025-04-05 02:49:58.204000+00:00,14.3,39.2,38.0,1015.1,0,147,3.6
1256,10001,2025-04-05 02:50:58.223000+00:00,14.1,39.2,39.0,1015.1,0,155,2.9
1256,10001,2025-04-05 02:51:58.254000+00:00,14.2,39.3,38.0,1015.0,0,153,2.6
1256,10001,2025-04-05 02:52:58.273000+00:00,14.4,39.2,37.0,1015.0,0,139,3.9
1256,10001,2025-04-05 02:53:58.265000+00:00,14.4,39.0,38.0,1015.0,0,168,3.5
1256,10001,2025-04-05 02:54:58.281000+00:00,14.5,38.9,38.0,1015.1,0,136,3.0
1256,10001,2025-04-05 02:55:58.266000+00:00,14.5,38.8,38.0,1015.0,0,141,4.0
1256,10001,2025-04-05 02:56:58.263000+00:00,14.6,38.8,39.0,1015.0,0,158,2.8
1256,10001,2025-04-05 02:57:58.279000+00:00,14.4,38.8,37.0,1014.9,0,166,3.7
1256,10001,2025-04-05 02:58:58.280000+00:00,14.4,38.9,38.0,1014.9,0,158,3.2
1256,10001,2025-04-05 02:59:58.280000+00:00,14.3,38.7,38.0,1014.9,0,166,4.2
1256,10001,2025-04-05 03:00:58.284000+00:00,14.2,38.7,37.0,1015.0,0,152,4.0
1256,10001,2025-04-05 03:01:58.300000+00:00,14.1,38.7,39.0,1015.0,0,152,3.9
1256,10001,2025-04-05 03:02:58.301000+00:00,14.1,38.5,39.0,1014.9,0,164,3.4
1256,10001,2025-04-05 03:03:58.317000+00:00,14.1,38.7,39.0,1014.9,0,148,2.7
1256,10001,2025-04-05 03:04:58.317000+00:00,14.2,38.7,38.0,1014.9,0,156,3.3
1256,10001,2025-04-05 03:05:58.318000+00:00,14.4,39.0,38.0,1015.0,0,154,2.9
1256,10001,2025-04-05 03:06:58.303000+00:00,14.6,39.0,38.0,1014.8,0,163,4.0
1256,10001,2025-04-05 03:07:58.319000+00:00,14.6,39.0,37.0,1015.0,0,148,4.4
1256,10001,2025-04-05 03:08:58.319000+00:00,14.4,39.0,39.0,1014.9,0,156,3.4
1256,10001,2025-04-05 03:09:58.304000+00:00,14.0,39.0,39.0,1014.9,0,155,4.5
1256,10001,2025-04-05 03:10:58.320000+00:00,14.1,38.9,39.0,1015.0,0,170,4.8
1256,10001,2025-04-05 03:11:58.321000+00:00,14.0,38.9,40.0,1014.9,0,185,3.3
1256,10001,2025-04-05 03:12:58.321000+00:00,14.0,38.9,39.0,1015.0,0,109,1.7
1256,10001,2025-04-05 03:13:58.321000+00:00,14.1,39.0,38.0,1014.9,0,152,2.7
1256,10001,2025-04-05 03:14:58.306000+00:00,14.2,39.2,36.0,1014.9,0,167,3.6
1256,10001,2025-04-05 03:15:58.323000+00:00,14.3,38.7,36.0,1014.8,0,137,2.2
1256,10001,2025-04-05 03:16:58.323000+00:00,14.3,38.7,37.0,1014.8,0,169,1.3
1256,10001,2025-04-05 03:17:58.339000+00:00,14.2,38.9,36.0,1014.9,0,0,1.2
1256,10001,2025-04-05 03:18:58.340000+00:00,14.2,39.0,35.0,1014.9,0,16,1.3
1256,10001,2025-04-05 03:19:58.372000+00:00,14.5,39.1,34.0,1014.9,0,155,1.2
1256,10001,2025-04-05 03:20:58.372000+00:00,14.5,39.1,33.0,1014.9,0,158,1.7
1256,10001,2025-04-05 03:21:58.373000+00:00,14.6,39.0,33.0,1014.8,0,151,2.1
1256,10001,2025-04-05 03:22:58.389000+00:00,14.6,39.0,34.0,1014.8,0,153,3.6
1256,10001,2025-04-05 03:23:58.392000+00:00,14.6,38.9,34.0,1014.8,0,149,4.0
1256,10001,2025-04-05 03:24:58.415000+00:00,14.6,38.8,34.0,1014.8,0,164,4.0
1256,10001,2025-04-05 03:25:58.418000+00:00,14.6,39.0,36.0,1014.7,0,156,4.4
1256,10001,2025-04-05 03:26:58.419000+00:00,14.6,39.1,36.0,1014.9,0,154,4.0
1256,10001,2025-04-05 03:27:58.425000+00:00,14.5,39.2,36.0,1014.8,0,149,4.1
1256,10001,2025-04-05 03:28:58.417000+00:00,14.6,39.2,36.0,1014.9,0,158,4.3
1256,10001,2025-04-05 03:29:58.432000+00:00,14.6,39.2,36.0,1014.9,0,139,2.8
1256,10002,2025-04-05 05:46:59.270000+00:00,14.7,35.4,57.0,1013.3,0,151,4.5
1256,10002,2025-04-05 05:47:59.349000+00:00,14.7,35.3,58.0,1013.3,0,150,3.5
1256,10002,2025-04-05 05:48:59.299000+00:00,14.7,35.3,58.0,1013.4,0,141,4.1
1256,10002,2025-04-05 05:49:59.279000+00:00,14.7,35.5,58.0,1013.3,0,149,3.0
1256,10002,2025-04-05 05:50:59.288000+00:00,14.8,35.5,57.0,1013.3,0,121,3.3
1256,10002,2025-04-05 05:51:59.298000+00:00,14.7,35.5,57.0,1013.3,0,146,2.0
1256,10002,2025-04-05 05:52:59.300000+00:00,14.8,35.5,55.0,1013.3,0,135,3.2
1256,10002,2025-04-05 05:53:59.329000+00:00,14.9,34.9,55.0,1013.3,0,134,3.0
1256,10002,2025-04-05 05:54:59.352000+00:00,14.9,34.9,56.0,1013.3,0,126,3.5
1256,10002,2025-04-05 05:55:59.337000+00:00,14.9,34.7,57.0,1013.3,0,147,3.6
1256,10002,2025-04-05 05:56:59.403000+00:00,14.9,34.5,57.0,1013.2,0,138,3.4
1256,10002,2025-04-05 05:57:59.357000+00:00,14.9,34.5,57.0,1013.2,0,130,4.8
1256,10002,2025-04-05 05:58:59.364000+00:00,14.9,33.9,56.0,1013.3,0,132,4.0
1256,10002,2025-04-05 05:59:59.395000+00:00,14.9,33.8,57.0,1013.2,0,148,3.8
1256,10002,2025-04-05 06:00:59.396000+00:00,14.8,33.9,58.0,1013.3,0,149,3.3
1256,10002,2025-04-05 06:01:59.412000+00:00,14.8,33.9,57.0,1013.3,0,132,3.8
1256,10002,2025-04-05 06:02:59.412000+00:00,14.8,33.7,58.0,1013.3,0,138,4.1
1256,10002,2025-04-05 06:03:59.429000+00:00,14.8,33.9,58.0,1013.3,0,124,2.4
1256,10002,2025-04-05 06:04:59.429000+00:00,14.8,33.9,58.0,1013.3,0,124,2.4
1256,10002,2025-04-05 06:05:59.445000+00:00,14.7,34.0,58.0,1013.4,0,154,3.1
1256,10002,2025-04-05 06:06:59.430000+00:00,14.7,33.7,57.0,1013.4,0,125,3.3
1256,10002,2025-04-05 06:07:59.430000+00:00,14.8,33.7,57.0,1013.4,0,125,3.3
1256,10002,2025-04-05 06:08:59.446000+00:00,14.7,33.9,58.0,1013.4,0,120,2.7
1256,10002,2025-04-05 06:09:59.447000+00:00,14.7,33.9,58.0,1013.3,0,152,2.4
1256,10002,2025-04-05 06:10:59.448000+00:00,14.8,33.9,58.0,1013.3,0,152,2.4
1256,10002,2025-04-05 06:11:59.448000+00:00,14.8,33.9,57.0,1013.4,0,94,0.9
1256,10002,2025-04-05 06:12:59.448000+00:00,14.9,33.6,56.0,1013.3,0,131,2.7
1256,10002,2025-04-05 06:13:59.443000+00:00,14.8,33.6,56.0,1013.3,0,131,2.7
1256,10002,2025-04-05 06:14:59.434000+00:00,14.8,33.6,58.0,1013.3,0,148,2.8
1256,10002,2025-04-05 06:15:59.482000+00:00,14.8,33.7,57.0,1013.2,0,149,3.8
1256,10002,2025-04-05 06:16:59.451000+00:00,14.9,33.7,57.0,1013.2,0,149,3.8
1256,10002,2025-04-05 06:17:59.451000+00:00,14.8,33.9,59.0,1013.4,0,129,2.1
1256,10002,2025-04-05 06:18:59.441000+00:00,14.9,33.7,58.0,1013.3,0,155,2.7
1256,10002,2025-04-05 06:19:59.465000+00:00,14.8,33.4,58.0,1013.3,0,148,1.9
1256,10002,2025-04-05 06:20:59.481000+00:00,14.9,33.0,58.0,1013.4,0,130,1.8
1256,10002,2025-04-05 06:21:59.503000+00:00,14.9,33.0,58.0,1013.3,0,136,2.7
1256,10002,2025-04-05 06:22:59.503000+00:00,14.8,33.0,58.0,1013.3,0,150,2.5
1256,10002,2025-04-05 06:23:59.504000+00:00,14.9,32.8,57.0,1013.4,0,147,2.4
1256,10002,2025-04-05 06:24:59.520000+00:00,14.9,32.8,58.0,1013.3,0,141,3.2
1256,10002,2025-04-05 06:25:59.552000+00:00,14.8,32.8,58.0,1013.3,0,122,2.9
1256,10002,2025-04-05 06:26:59.561000+00:00,14.8,32.7,59.0,1013.3,0,143,3.1
1256,10002,2025-04-05 06:27:59.561000+00:00,14.8,32.5,59.0,1013.4,0,124,3.9
1256,10002,2025-04-05 06:28:59.562000+00:00,14.9,32.3,59.0,1013.4,0,139,3.1
1256,10002,2025-04-05 06:29:59.594000+00:00,14.7,32.1,59.0,1013.3,0,121,2.5
1256,10002,2025-04-05 06:30:59.579000+00:00,14.8,32.1,59.0,1013.3,0,146,2.6
1256,10002,2025-04-05 06:31:59.563000+00:00,14.7,31.8,58.0,1013.3,0,132,1.8
1256,10002,2025-04-05 06:32:59.580000+00:00,14.7,31.8,59.0,1013.3,0,105,2.0
1256,10002,2025-04-05 06:33:59.580000+00:00,14.6,31.8,59.0,1013.3,0,136,2.9
1256,10002,2025-04-05 06:34:59.581000+00:00,14.7,31.7,59.0,1013.2,0,120,2.7
1256,10002,2025-04-05 06:35:59.581000+00:00,14.6,31.7,60.0,1013.3,0,161,1.9
1256,10002,2025-04-05 06:36:59.582000+00:00,14.6,31.8,59.0,1013.4,0,143,2.8
1256,10002,2025-04-05 06:37:59.582000+00:00,14.6,31.7,59.0,1013.3,0,150,3.0
1256,10002,2025-04-05 06:38:59.583000+00:00,14.8,31.3,59.0,1013.2,0,108,3.2
1256,10002,2025-04-05 06:39:59.583000+00:00,14.8,31.1,59.0,1013.3,0,130,3.1
1256,10002,2025-04-05 06:40:59.590000+00:00,14.7,31.0,59.0,1013.2,0,148,3.5
1256,10002,2025-04-05 06:41:59.591000+00:00,14.6,31.0,60.0,1013.3,0,126,2.9
1256,10002,2025-04-05 06:42:59.591000+00:00,14.6,31.0,60.0,1013.4,0,158,3.7
1256,10002,2025-04-05 06:43:59.592000+00:00,14.6,31.0,60.0,1013.3,0,149,3.8
1256,10002,2025-04-05 06:44:59.595000+00:00,14.6,30.8,60.0,1013.3,0,144,3.5
1256,10002,2025-04-05 06:45:59.596000+00:00,14.6,30.7,60.0,1013.3,0,126,3.4
1256,10002,2025-04-05 06:46:59.596000+00:00,14.6,30.6,60.0,1013.3,0,151,3.7
1256,10002,2025-04-05 06:47:59.597000+00:00,14.6,30.4,59.0,1013.3,0,147,3.0
1256,10002,2025-04-05 06:48:59.582000+00:00,14.7,30.1,60.0,1013.4,0,137,2.4
1256,10002,2025-04-05 06:49:59.598000+00:00,14.7,30.1,61.0,1013.3,0,147,1.9
1256,10002,2025-04-05 06:50:59.598000+00:00,14.7,30.3,60.0,1013.3,0,143,2.7
1256,10002,2025-04-05 06:51:59.599000+00:00,14.7,30.2,59.0,1013.3,0,148,3.1
1256,10002,2025-04-05 06:52:59.599000+00:00,14.7,30.1,60.0,1013.3,0,123,3.5
1256,10002,2025-04-05 06:53:59.609000+00:00,14.7,30.0,60.0,1013.3,0,149,3.0
1256,10002,2025-04-05 06:54:59.638000+00:00,14.7,30.0,59.0,1013.3,0,126,3.4
1256,10002,2025-04-05 06:55:59.631000+00:00,14.7,29.9,60.0,1013.2,0,128,2.5
1256,10002,2025-04-05 06:56:59.632000+00:00,14.7,29.8,60.0,1013.3,0,146,1.8
1256,10002,2025-04-05 06:57:59.654000+00:00,14.6,29.5,60.0,1013.2,0,151,2.8
1256,10002,2025-04-05 06:58:59.645000+00:00,14.5,29.5,60.0,1013.3,0,156,3.2
1256,10002,2025-04-05 06:59:59.646000+00:00,14.4,29.4,60.0,1013.2,0,150,4.4
1256,10002,2025-04-05 07:00:59.646000+00:00,14.4,29.3,61.0,1013.2,0,152,3.2
1256,10002,2025-04-05 07:01:59.647000+00:00,14.3,29.1,61.0,1013.2,0,151,2.4
1256,10002,2025-04-05 07:02:59.663000+00:00,14.3,29.1,61.0,1013.2,0,144,1.4
1256,10002,2025-04-05 07:03:59.679000+00:00,14.3,29.1,60.0,1013.2,0,148,2.7
1256,10002,2025-04-05 07:04:59.695000+00:00,14.3,29.0,60.0,1013.3,0,144,3.0
1256,10002,2025-04-05 07:05:59.696000+00:00,14.3,28.8,60.0,1013.3,0,155,3.4
1256,10002,2025-04-05 07:06:59.699000+00:00,14.4,28.7,60.0,1013.2,0,149,3.6
1256,10002,2025-04-05 07:07:59.715000+00:00,14.4,28.8,61.0,1013.2,0,121,3.2
1256,10002,2025-04-05 07:08:59.716000+00:00,14.4,28.8,61.0,1013.2,0,150,2.8
1256,10002,2025-04-05 07:09:59.707000+00:00,14.4,28.8,61.0,1013.2,0,149,2.5
1256,10002,2025-04-05 07:10:59.723000+00:00,14.3,28.6,61.0,1013.1,0,143,2.9
1256,10006,2025-04-06 04:08:06.132000+00:00,14.6,22.5,76.0,1009.9,0,324,1.1
1256,10006,2025-04-06 04:09:06.133000+00:00,14.5,22.6,75.0,1009.9,0,121,0.4
1256,10006,2025-04-06 04:10:06.117000+00:00,14.4,22.8,75.0,1009.9,0,132,1.5
1256,10006,2025-04-06 04:11:06.133000+00:00,14.5,23.0,76.0,1010.0,0,136,0.6
1256,10006,2025-04-06 04:12:06.134000+00:00,14.6,22.9,74.0,1009.9,0,152,0.9
1256,10006,2025-04-06 04:13:06.119000+00:00,14.6,23.0,75.0,1009.9,0,196,1.6
1256,10006,2025-04-06 04:14:06.135000+00:00,14.6,23.0,74.0,1009.8,0,113,1.3
1256,10006,2025-04-06 04:15:06.135000+00:00,14.6,22.9,74.0,1009.8,0,167,1.1
1256,10006,2025-04-06 04:16:06.136000+00:00,14.6,22.9,75.0,1009.9,0,157,0.8
1256,10006,2025-04-06 04:17:06.152000+00:00,14.6,23.0,75.0,1009.9,0,170,1.6
1256,10006,2025-04-06 04:18:06.136000+00:00,14.7,23.0,73.0,1009.9,0,184,1.7
1256,10006,2025-04-06 04:19:06.168000+00:00,14.6,22.7,74.0,1009.8,0,175,1.3
1256,10006,2025-04-06 04:20:06.131000+00:00,14.5,22.7,74.0,1009.9,0,0,1.0
1256,10006,2025-04-06 04:21:06.147000+00:00,14.5,22.5,76.0,1009.8,0,343,0.4
1256,10006,2025-04-06 04:22:06.141000+00:00,14.5,22.3,75.0,1009.8,0,194,0.7
1256,10006,2025-04-06 04:23:06.161000+00:00,14.5,22.2,74.0,1009.8,0,246,1.8
1256,10006,2025-04-06 04:24:06.161000+00:00,14.5,21.9,74.0,1009.8,0,340,2.1
1256,10006,2025-04-06 04:25:06.161000+00:00,14.5,21.2,74.0,1009.8,0,355,1.1
1256,10006,2025-04-06 04:26:06.243000+00:00,14.5,20.9,74.0,1009.8,0,6,1.3
1256,10006,2025-04-06 04:27:06.181000+00:00,14.4,20.9,75.0,1009.8,0,286,1.1
1256,10006,2025-04-06 04:28:06.186000+00:00,14.4,21.0,76.0,1009.7,0,201,0.9
1256,10006,2025-04-06 04:29:06.184000+00:00,14.4,21.0,76.0,1009.8,0,242,1.7
1256,10006,2025-04-06 04:30:06.200000+00:00,14.4,20.8,76.0,1009.8,0,322,0.5
1256,10006,2025-04-06 04:31:06.191000+00:00,14.4,20.8,75.0,1009.8,0,156,1.3
1256,10006,2025-04-06 04:32:06.209000+00:00,14.4,20.9,75.0,1009.8,0,219,1.2
1256,10006,2025-04-06 04:33:06.209000+00:00,14.4,20.8,74.0,1009.8,0,231,1.4
1256,10006,2025-04-06 04:34:06.225000+00:00,14.3,20.5,75.0,1009.8,0,292,1.1
1256,10006,2025-04-06 04:35:06.222000+00:00,14.2,20.2,75.0,1009.7,0,4,0.9
1256,10006,2025-04-06 04:36:06.238000+00:00,14.2,20.1,75.0,1009.7,0,326,1.3
1256,10006,2025-04-06 04:37:06.239000+00:00,14.2,20.2,76.0,1009.7,0,336,0.9
1256,10006,2025-04-06 04:38:06.258000+00:00,14.2,20.4,76.0,1009.7,0,324,1.4
1256,10006,2025-04-06 04:39:06.277000+00:00,14.2,20.4,76.0,1009.6,0,324,0.6
1256,10006,2025-04-06 04:40:06.262000+00:00,14.2,20.5,76.0,1009.6,0,310,1.1
1256,10006,2025-04-06 04:41:06.263000+00:00,14.2,20.5,75.0,1009.6,0,281,1.0
1256,10006,2025-04-06 04:42:06.279000+00:00,14.2,20.5,75.0,1009.6,0,340,0.9
1256,10006,2025-04-06 04:43:06.279000+00:00,14.2,20.6,76.0,1009.6,0,3,1.2
1256,10006,2025-04-06 04:44:06.289000+00:00,14.3,20.7,76.0,1009.5,0,17,1.1
1256,10006,2025-04-06 04:45:06.306000+00:00,14.3,21.2,76.0,1009.5,0,0,0.8
1256,10006,2025-04-06 04:46:06.328000+00:00,14.4,21.5,75.0,1009.4,0,100,0.6
1256,10006,2025-04-06 04:47:06.353000+00:00,14.4,21.7,75.0,1009.5,0,169,0.7
1256,10006,2025-04-06 04:48:06.369000+00:00,14.5,21.7,74.0,1009.5,0,0,0.7
1256,10006,2025-04-06 04:49:06.385000+00:00,14.4,21.7,75.0,1009.5,0,349,0.7
1256,10006,2025-04-06 04:50:06.385000+00:00,14.4,21.7,74.0,1009.5,0,232,1.2
1256,10006,2025-04-06 04:51:06.383000+00:00,14.5,21.5,74.0,1009.5,0,334,1.6
1256,10006,2025-04-06 04:52:06.376000+00:00,14.5,21.3,74.0,1009.4,0,319,1.5
1256,10006,2025-04-06 04:53:06.373000+00:00,14.4,21.3,75.0,1009.5,0,323,1.5
1256,10006,2025-04-06 04:54:06.387000+00:00,14.4,21.5,75.0,1009.4,0,343,1.1
1256,10006,2025-04-06 04:55:06.386000+00:00,14.3,21.5,76.0,1009.5,0,335,0.5
1256,10006,2025-04-06 04:56:06.416000+00:00,14.4,21.6,75.0,1009.3,0,323,1.0
1256,10006,2025-04-06 04:57:06.432000+00:00,14.4,21.4,75.0,1009.3,0,288,1.4
1256,10006,2025-04-06 04:58:06.417000+00:00,14.4,21.4,75.0,1009.4,0,0,1.2
1256,10006,2025-04-06 04:59:06.418000+00:00,14.4,21.3,76.0,1009.4,0,322,1.3
1256,10006,2025-04-06 05:00:06.434000+00:00,14.3,21.3,77.0,1009.5,0,318,0.9
1256,10006,2025-04-06 05:01:06.450000+00:00,14.4,21.3,76.0,1009.4,0,290,1.2
1256,10006,2025-04-06 05:02:06.476000+00:00,14.4,21.1,76.0,1009.4,0,357,2.1
1256,10006,2025-04-06 05:03:06.470000+00:00,14.3,21.0,76.0,1009.5,0,218,1.6
1256,10006,2025-04-06 05:04:06.470000+00:00,14.3,21.0,77.0,1009.5,0,231,0.9
1256,10006,2025-04-06 05:05:06.461000+00:00,14.3,21.0,77.0,1009.4,0,217,0.9
1256,10006,2025-04-06 05:06:06.462000+00:00,14.2,20.8,77.0,1009.5,0,118,0.7
1256,10006,2025-04-06 05:07:06.462000+00:00,14.3,20.8,77.0,1009.5,0,319,1.5
1256,10006,2025-04-06 05:08:06.478000+00:00,14.2,20.9,77.0,1009.5,0,223,1.1
1256,10006,2025-04-06 05:09:06.479000+00:00,14.3,20.9,77.0,1009.5,0,239,1.1
1256,10006,2025-04-06 05:10:06.463000+00:00,14.3,20.7,77.0,1009.4,0,317,1.5
1256,10006,2025-04-06 05:11:06.479000+00:00,14.2,20.6,77.0,1009.4,0,15,1.3
1256,10006,2025-04-06 05:12:06.495000+00:00,14.3,20.7,77.0,1009.2,0,60,1.1
1256,10006,2025-04-06 05:13:06.496000+00:00,14.3,20.6,78.0,1009.3,0,349,1.7
1256,10006,2025-04-06 05:14:06.512000+00:00,14.3,20.6,78.0,1009.3,0,339,1.4
1256,10006,2025-04-06 05:15:06.519000+00:00,14.3,20.7,77.0,1009.2,0,341,2.3
1256,10006,2025-04-06 05:16:06.535000+00:00,14.3,20.6,78.0,1009.3,0,204,1.7
1256,10006,2025-04-06 05:17:06.516000+00:00,14.3,20.7,78.0,1009.2,0,238,1.2
1256,10006,2025-04-06 05:18:06.526000+00:00,14.3,20.7,77.0,1009.2,0,336,1.7
1256,10006,2025-04-06 05:19:06.527000+00:00,14.3,20.6,78.0,1009.2,0,345,1.7
1256,10006,2025-04-06 05:20:06.540000+00:00,14.3,20.6,78.0,1009.2,0,342,0.8
1256,10006,2025-04-06 05:21:06.553000+00:00,14.3,20.2,78.0,1009.2,0,256,1.1
1256,10006,2025-04-06 05:22:06.539000+00:00,14.3,20.4,78.0,1009.2,0,346,1.0
1256,10006,2025-04-06 05:23:06.539000+00:00,14.3,20.4,78.0,1009.2,0,333,1.0
1256,10006,2025-04-06 05:24:06.554000+00:00,14.3,20.4,78.0,1009.2,0,333,1.0
1256,10006,2025-04-06 05:25:06.561000+00:00,14.3,20.4,78.0,1009.2,0,333,1.0
1256,10006,2025-04-06 05:26:06.561000+00:00,14.3,20.3,77.0,1009.2,0,333,1.3
1256,10006,2025-04-06 05:27:06.546000+00:00,14.4,20.3,77.0,1009.2,0,256,1.5
1256,10006,2025-04-06 05:28:06.594000+00:00,14.5,20.1,76.0,1009.2,0,71,1.8
1256,10006,2025-04-06 05:29:06.572000+00:00,14.5,19.9,76.0,1009.2,0,213,1.6
1256,10006,2025-04-06 05:30:06.573000+00:00,14.4,20.0,76.0,1009.1,0,203,1.4
1256,10006,2025-04-06 05:31:06.573000+00:00,14.4,20.0,77.0,1009.1,0,281,1.9
1256,10006,2025-04-06 05:32:06.574000+00:00,14.4,20.1,77.0,1009.1,0,189,1.3
1256,10006,2025-04-06 05:33:06.635000+00:00,14.4,20.1,77.0,1009.2,0,321,1.2
1256,10006,2025-04-06 05:34:06.573000+00:00,14.4,20.1,76.0,1009.3,0,322,0.9
1256,10006,2025-04-06 05:35:06.566000+00:00,14.5,20.0,77.0,1009.2,0,349,1.0
1256,10006,2025-04-06 05:36:06.553000+00:00,14.4,20.0,77.0,1009.1,0,181,0.9
1256,10006,2025-04-06 05:37:06.566000+00:00,14.4,20.0,77.0,1009.1,0,342,1.4
1256,10006,2025-04-06 05:38:06.567000+00:00,14.4,20.0,77.0,1009.2,0,290,1.1
1256,10006,2025-04-06 05:39:06.614000+00:00,14.5,20.0,77.0,1009.2,0,346,1.0
1256,10006,2025-04-06 05:40:06.630000+00:00,14.5,19.9,77.0,1009.2,0,332,0.9
1256,10006,2025-04-06 05:41:06.615000+00:00,14.5,19.7,77.0,1009.1,0,264,1.6
1256,10006,2025-04-06 05:42:06.613000+00:00,14.4,19.6,77.0,1009.1,0,246,0.7
1256,10006,2025-04-06 05:43:06.601000+00:00,14.4,19.6,77.0,1009.1,0,316,1.6
1256,10006,2025-04-06 05:44:06.617000+00:00,14.4,19.6,78.0,1009.1,0,350,1.8
1256,10006,2025-04-06 05:45:06.617000+00:00,14.4,19.6,77.0,1009.1,0,274,1.1
1256,10006,2025-04-06 05:46:06.649000+00:00,14.4,19.4,78.0,1009.1,0,207,0.7
1256,10006,2025-04-06 05:47:06.650000+00:00,14.5,19.5,78.0,1009.2,0,325,0.5
1256,10006,2025-04-06 05:48:06.641000+00:00,14.5,19.5,78.0,1009.1,0,268,0.7
1256,10006,2025-04-06 05:49:06.657000+00:00,14.5,19.6,78.0,1009.2,0,334,0.6
1256,10006,2025-04-06 05:50:06.664000+00:00,14.6,19.7,77.0,1009.1,0,330,0.7
1256,10006,2025-04-06 05:51:06.664000+00:00,14.6,19.7,77.0,1009.1,0,333,0.7
1256,10006,2025-04-06 05:52:06.682000+00:00,14.5,19.5,77.0,1009.0,0,355,1.2
1256,10006,2025-04-06 05:53:06.665000+00:00,14.6,19.5,77.0,1009.0,0,335,1.2
1256,10006,2025-04-06 05:54:06.681000+00:00,14.6,19.4,77.0,1009.0,0,47,1.4
1256,10006,2025-04-06 05:55:06.660000+00:00,14.6,19.4,77.0,1009.0,0,312,1.2
1256,10006,2025-04-06 05:56:06.688000+00:00,14.5,19.4,78.0,1009.0,0,352,0.9
1256,10006,2025-04-06 05:57:06.673000+00:00,14.6,19.4,77.0,1009.0,0,217,1.1
1256,10006,2025-04-06 05:58:06.689000+00:00,14.5,19.5,78.0,1009.0,0,339,1.4
1256,10006,2025-04-06 05:59:06.693000+00:00,14.5,19.4,78.0,1009.0,0,287,1.4
1256,10006,2025-04-06 06:00:06.693000+00:00,14.4,19.3,78.0,1008.9,0,293,0.9
1256,10006,2025-04-06 06:01:06.709000+00:00,14.4,19.3,77.0,1008.9,0,333,1.4
1256,10006,2025-04-06 06:02:06.709000+00:00,14.5,19.3,78.0,1009.0,0,171,1.2
1256,10006,2025-04-06 06:03:06.710000+00:00,14.5,19.2,77.0,1009.0,0,275,1.9
1256,10006,2025-04-06 06:04:06.738000+00:00,14.5,19.2,78.0,1008.9,0,307,0.7
1256,10006,2025-04-06 06:05:06.717000+00:00,14.4,19.3,78.0,1009.0,0,312,0.8
1256,10006,2025-04-06 06:06:06.733000+00:00,14.5,19.2,77.0,1008.9,0,340,0.5
1256,10006,2025-04-06 06:07:06.756000+00:00,14.5,19.4,77.0,1008.9,0,315,1.6
1256,10006,2025-04-06 06:08:06.759000+00:00,14.5,19.4,77.0,1008.9,0,0,1.6
1256,10006,2025-04-06 06:09:06.743000+00:00,14.5,19.4,78.0,1008.9,0,337,1.2
1256,10006,2025-04-06 06:10:06.769000+00:00,14.5,19.4,78.0,1008.9,0,332,1.4
1256,10006,2025-04-06 06:11:06.769000+00:00,14.5,19.4,77.0,1008.9,0,332,1.1
1256,10006,2025-04-06 06:12:06.770000+00:00,14.5,19.4,77.0,1008.9,0,308,1.1
1256,10006,2025-04-06 06:13:06.749000+00:00,14.5,19.4,77.0,1008.8,0,301,1.1
1256,10006,2025-04-06 06:14:06.765000+00:00,14.5,19.4,77.0,1008.9,0,311,1.1
1256,10006,2025-04-06 06:15:06.781000+00:00,14.5,19.4,77.0,1008.8,0,299,1.5
1256,10006,2025-04-06 06:16:06.791000+00:00,14.6,19.4,77.0,1008.8,0,264,1.4
1256,10006,2025-04-06 06:17:06.776000+00:00,14.5,19.2,77.0,1008.8,0,0,1.3
1256,10006,2025-04-06 06:18:06.792000+00:00,14.6,19.2,77.0,1008.9,0,317,1.0
1256,10006,2025-04-06 06:19:06.817000+00:00,14.5,19.2,77.0,1008.9,0,348,1.2
1256,10006,2025-04-06 06:20:06.799000+00:00,14.6,19.3,77.0,1008.9,0,302,1.4
1256,10006,2025-04-06 06:21:06.846000+00:00,14.6,19.4,77.0,1008.8,0,329,1.2
1256,10006,2025-04-06 06:22:06.831000+00:00,14.6,19.4,77.0,1008.8,0,301,2.4
1256,10006,2025-04-06 06:23:06.831000+00:00,14.6,19.3,77.0,1008.8,0,325,1.3
1256,10006,2025-04-06 06:24:06.827000+00:00,14.7,19.2,77.0,1008.7,0,339,1.7
1256,10006,2025-04-06 06:25:06.820000+00:00,14.6,19.0,76.0,1008.8,0,6,2.1
1256,10006,2025-04-06 06:26:06.821000+00:00,14.6,19.1,77.0,1008.8,0,326,2.1
1256,10006,2025-04-06 06:27:06.806000+00:00,14.6,19.0,77.0,1008.9,0,334,1.2
1257,10007,2025-04-11 11:17:09.282000+00:00,34.9,48.7,25.0,1001.4,0,0,1.9
1257,10007,2025-04-11 11:18:09.310000+00:00,35.1,48.7,24.0,1001.4,0,14,2.9
1257,10007,2025-04-11 11:19:09.314000+00:00,35.0,48.2,24.0,1001.3,0,14,2.9
1257,10007,2025-04-11 11:20:09.330000+00:00,35.0,48.2,25.0,1001.3,0,5,2.4
1257,10007,2025-04-11 11:21:09.314000+00:00,35.1,47.9,28.0,1001.4,0,22,1.9
1257,10007,2025-04-11 11:22:09.332000+00:00,35.0,47.3,29.0,1001.4,0,34,2.5
1257,10007,2025-04-11 11:23:09.332000+00:00,34.8,47.5,26.0,1001.3,0,26,1.4
1257,10007,2025-04-11 11:24:09.326000+00:00,35.0,48.4,25.0,1001.2,0,19,1.1
1257,10007,2025-04-11 11:25:09.338000+00:00,35.0,48.4,25.0,1001.2,0,12,2.2
1257,10007,2025-04-11 11:26:09.352000+00:00,35.0,48.1,26.0,1001.3,0,130,1.9
1257,10007,2025-04-11 11:27:09.353000+00:00,35.1,48.4,26.0,1001.2,0,89,1.4
1257,10007,2025-04-11 11:28:09.382000+00:00,35.1,48.0,26.0,1001.2,0,4,1.0
1257,10007,2025-04-11 11:29:09.385000+00:00,35.0,48.0,25.0,1001.3,0,45,2.4
1257,10007,2025-04-11 11:30:09.368000+00:00,35.1,48.0,25.0,1001.2,0,14,2.8
1257,10007,2025-04-11 11:31:09.385000+00:00,35.1,47.9,25.0,1001.2,0,359,2.5
1257,10007,2025-04-11 11:32:09.371000+00:00,35.2,47.8,26.0,1001.2,0,30,2.3
1257,10007,2025-04-11 11:33:09.372000+00:00,35.1,47.8,27.0,1001.1,0,356,1.7
1257,10007,2025-04-11 11:34:09.387000+00:00,35.1,47.9,26.0,1001.2,0,3,1.6
1257,10007,2025-04-11 11:35:09.375000+00:00,35.0,48.2,26.0,1001.2,0,21,1.8
1257,10007,2025-04-11 11:36:09.391000+00:00,35.0,48.2,25.0,1001.2,0,177,1.0
1257,10007,2025-04-11 11:37:09.404000+00:00,35.0,48.2,25.0,1001.2,0,346,1.3
1257,10007,2025-04-11 11:38:09.421000+00:00,35.1,48.2,25.0,1001.1,0,33,2.2
1257,10007,2025-04-11 11:39:09.421000+00:00,35.0,48.0,25.0,1001.1,0,116,1.9
1257,10007,2025-04-11 11:40:09.436000+00:00,35.1,47.5,25.0,1001.2,0,11,1.5
1257,10007,2025-04-11 11:41:09.423000+00:00,35.1,47.3,25.0,1001.0,0,2,1.9
1257,10007,2025-04-11 11:42:09.445000+00:00,35.1,47.1,26.0,1001.2,0,27,1.8
1257,10007,2025-04-11 11:43:09.439000+00:00,35.2,47.5,26.0,1001.2,0,340,1.7
1257,10007,2025-04-11 11:44:09.440000+00:00,35.3,47.6,27.0,1001.1,0,8,1.5
1257,10007,2025-04-11 11:45:09.453000+00:00,35.2,47.6,25.0,1001.1,0,15,1.6
1257,10007,2025-04-11 11:46:09.463000+00:00,35.3,47.5,25.0,1001.0,0,16,2.9
1257,10007,2025-04-11 11:47:09.472000+00:00,35.3,47.5,25.0,1001.1,0,30,1.8
1257,10007,2025-04-11 11:48:09.475000+00:00,35.3,47.5,26.0,1001.0,0,14,2.6
1257,10007,2025-04-11 11:49:09.473000+00:00,35.3,47.2,27.0,1001.2,0,12,2.9
1257,10007,2025-04-11 11:50:09.465000+00:00,35.3,47.0,26.0,1001.2,0,1,2.3
1257,10007,2025-04-11 11:51:09.463000+00:00,35.3,47.4,24.0,1001.1,0,15,1.9
1257,10007,2025-04-11 11:52:09.462000+00:00,35.3,47.5,26.0,1001.1,0,10,2.1
1257,10007,2025-04-11 11:53:09.468000+00:00,35.3,47.5,26.0,1001.2,0,358,2.7
1257,10007,2025-04-11 11:54:09.492000+00:00,35.4,47.4,25.0,1001.2,0,8,1.9
1257,10007,2025-04-11 11:55:09.498000+00:00,35.3,47.6,25.0,1001.2,0,352,1.4
1257,10007,2025-04-11 11:56:09.519000+00:00,35.3,47.6,25.0,1001.2,0,14,1.4
1257,10007,2025-04-11 11:57:09.557000+00:00,35.3,47.6,24.0,1001.2,0,18,1.8
1257,10007,2025-04-11 11:58:09.579000+00:00,35.2,47.6,25.0,1001.1,0,27,2.7
1257,10007,2025-04-11 11:59:09.593000+00:00,35.1,47.2,24.0,1001.1,0,7,1.7
1257,10007,2025-04-11 12:00:09.594000+00:00,35.1,46.9,26.0,1001.1,0,33,2.1
1257,10007,2025-04-11 12:01:09.611000+00:00,35.0,46.7,26.0,1001.1,0,358,2.9
1257,10007,2025-04-11 12:02:09.611000+00:00,35.0,46.7,26.0,1001.2,0,10,1.4
1257,10007,2025-04-11 12:03:09.613000+00:00,35.0,46.7,25.0,1001.1,0,7,1.7
1257,10007,2025-04-11 12:04:09.600000+00:00,35.0,46.4,26.0,1001.1,0,3,2.6
1257,10007,2025-04-11 12:05:09.612000+00:00,35.0,46.4,26.0,1001.1,0,55,1.6
1257,10007,2025-04-11 12:06:09.617000+00:00,35.0,46.9,26.0,1001.0,0,336,1.0
1257,10007,2025-04-11 12:07:09.614000+00:00,35.2,47.3,24.0,1001.1,0,40,1.1
1257,10007,2025-04-11 12:08:09.615000+00:00,35.2,47.3,23.0,1000.9,0,35,1.8
1257,10007,2025-04-11 12:09:09.645000+00:00,35.3,47.0,21.0,1001.0,0,12,2.3
1257,10007,2025-04-11 12:10:09.663000+00:00,35.3,47.0,22.0,1001.1,0,16,2.9
1257,10007,2025-04-11 12:11:09.678000+00:00,35.3,46.9,22.0,1001.1,0,17,2.9
1257,10007,2025-04-11 12:12:09.758000+00:00,35.2,46.6,23.0,1001.1,0,33,2.3
1257,10007,2025-04-11 12:13:09.717000+00:00,35.2,46.6,22.0,1001.1,0,28,1.5
1257,10007,2025-04-11 12:14:09.715000+00:00,35.2,46.6,23.0,1001.1,0,25,1.4
1257,10007,2025-04-11 12:15:09.712000+00:00,35.2,46.9,23.0,1001.2,0,0,1.5
1257,10007,2025-04-11 12:16:09.727000+00:00,35.2,46.9,23.0,1001.1,0,33,1.7
1257,10007,2025-04-11 12:17:09.701000+00:00,35.3,46.4,23.0,1001.2,0,61,0.7
1257,10007,2025-04-11 12:18:09.701000+00:00,35.1,46.3,24.0,1001.2,0,3,2.0
1257,10007,2025-04-11 12:19:09.723000+00:00,35.1,45.9,23.0,1001.1,0,13,1.6
1257,10007,2025-04-11 12:20:09.760000+00:00,35.0,46.1,21.0,1001.2,0,12,2.7
1257,10007,2025-04-11 12:21:09.735000+00:00,35.1,46.4,23.0,1001.1,0,19,2.0
1257,10007,2025-04-11 12:22:09.734000+00:00,35.0,46.3,22.0,1001.1,0,18,2.0
1257,10007,2025-04-11 12:23:09.737000+00:00,35.0,46.4,21.0,1001.1,0,15,2.3
1257,10007,2025-04-11 12:24:09.722000+00:00,35.0,46.3,22.0,1001.1,0,18,2.5
1257,10007,2025-04-11 12:25:09.737000+00:00,35.0,46.2,22.0,1001.0,0,45,2.1
1257,10007,2025-04-11 12:26:09.742000+00:00,35.2,46.2,22.0,1001.1,0,130,1.2
1257,10007,2025-04-11 12:27:09.757000+00:00,35.3,46.2,21.0,1001.2,0,20,1.1
1257,10007,2025-04-11 12:28:09.762000+00:00,35.3,46.1,22.0,1001.1,0,8,1.9
1257,10007,2025-04-11 12:29:09.760000+00:00,35.3,46.0,23.0,1001.0,0,6,1.8
1257,10007,2025-04-11 12:30:09.758000+00:00,35.3,45.7,23.0,1001.1,0,3,2.3
1257,10007,2025-04-11 12:31:09.758000+00:00,35.3,45.7,23.0,1001.1,0,15,1.3
1257,10007,2025-04-11 12:32:09.758000+00:00,35.3,45.7,23.0,1001.1,0,23,1.3
1257,10007,2025-04-11 12:33:09.783000+00:00,35.4,45.8,23.0,1001.1,0,22,1.5
1257,10007,2025-04-11 12:34:09.788000+00:00,35.4,45.9,21.0,1001.1,0,24,1.6
1257,10007,2025-04-11 12:35:09.794000+00:00,35.5,45.9,18.0,1001.1,0,25,2.3
1257,10007,2025-04-11 12:36:09.808000+00:00,35.4,45.9,17.0,1001.2,0,19,2.5
1257,10008,2025-04-11 14:48:10.664000+00:00,30.9,36.2,44.0,1001.8,0,29,1.4
1257,10008,2025-04-11 14:49:10.661000+00:00,30.9,36.1,44.0,1001.8,0,30,1.6
1257,10008,2025-04-11 14:50:10.679000+00:00,30.8,36.1,44.0,1001.8,0,11,1.6
1257,10008,2025-04-11 14:51:10.694000+00:00,30.8,36.0,44.0,1001.8,0,9,1.8
1257,10008,2025-04-11 14:52:10.729000+00:00,30.8,36.0,44.0,1001.8,0,21,1.3
1257,10008,2025-04-11 14:53:10.743000+00:00,30.8,36.0,45.0,1001.8,0,27,1.1
1257,10008,2025-04-11 14:54:10.746000+00:00,30.7,36.0,45.0,1001.7,0,1,1.2
1257,10008,2025-04-11 14:55:10.733000+00:00,30.6,36.0,45.0,1001.7,0,6,0.9
1257,10008,2025-04-11 14:56:10.740000+00:00,30.6,36.0,45.0,1001.8,0,34,1.5
1257,10008,2025-04-11 14:57:10.763000+00:00,30.5,35.9,46.0,1001.7,0,20,1.0
1257,10008,2025-04-11 14:58:10.776000+00:00,30.5,35.9,46.0,1001.8,0,0,1.1
1257,10008,2025-04-11 14:59:10.778000+00:00,30.5,35.7,46.0,1001.7,0,18,1.1
1257,10008,2025-04-11 15:00:10.810000+00:00,30.4,35.5,46.0,1001.6,0,358,1.1
1257,10008,2025-04-11 15:01:10.813000+00:00,30.4,35.6,46.0,1001.8,0,352,0.6
1257,10008,2025-04-11 15:02:10.828000+00:00,30.4,35.7,46.0,1001.8,0,56,0.6
1257,10008,2025-04-11 15:03:10.842000+00:00,30.4,35.6,46.0,1001.8,0,28,0.9
1257,10008,2025-04-11 15:04:10.861000+00:00,30.4,35.6,46.0,1001.8,0,20,1.1
1257,10008,2025-04-11 15:05:10.859000+00:00,30.3,35.7,45.0,1001.7,0,80,0.5
1257,10008,2025-04-11 15:06:10.879000+00:00,30.3,36.0,45.0,1001.7,0,325,0.0
1257,10008,2025-04-11 15:07:10.879000+00:00,30.3,36.1,45.0,1001.8,0,48,0.7
1257,10008,2025-04-11 15:08:10.886000+00:00,30.4,36.2,45.0,1001.9,0,9,0.8
1257,10008,2025-04-11 15:09:10.906000+00:00,30.4,35.8,45.0,1001.8,0,3,0.9
1257,10008,2025-04-11 15:10:10.894000+00:00,30.4,35.8,45.0,1001.8,0,42,1.0
1257,10008,2025-04-11 15:11:10.911000+00:00,30.4,35.4,45.0,1001.8,0,0,0.7
1257,10008,2025-04-11 15:12:10.912000+00:00,30.3,35.2,46.0,1001.9,0,2,1.2
1257,10008,2025-04-11 15:13:10.918000+00:00,30.3,35.2,46.0,1001.9,0,46,1.5
1257,10008,2025-04-11 15:14:10.930000+00:00,30.2,35.1,46.0,1001.9,0,45,0.7
1257,10008,2025-04-11 15:15:10.930000+00:00,30.1,35.1,46.0,1001.9,0,0,0.5
1257,10008,2025-04-11 15:16:10.931000+00:00,30.1,35.7,45.0,1001.8,0,1,0.7
1257,10008,2025-04-11 15:17:10.932000+00:00,30.1,35.7,45.0,1001.8,0,16,0.8
1257,10008,2025-04-11 15:18:10.935000+00:00,30.1,35.5,45.0,1001.9,0,17,1.0
1257,10008,2025-04-11 15:19:10.949000+00:00,30.1,35.1,46.0,1001.9,0,13,1.2
1257,10008,2025-04-11 15:20:10.950000+00:00,30.0,34.9,46.0,1001.9,0,4,1.4
1257,10008,2025-04-11 15:21:10.965000+00:00,30.0,34.7,47.0,1001.9,0,13,1.5
1257,10008,2025-04-11 15:22:10.984000+00:00,30.0,34.8,47.0,1001.8,0,17,1.4
1257,10008,2025-04-11 15:23:10.983000+00:00,29.9,34.7,47.0,1001.8,0,18,2.0
1257,10008,2025-04-11 15:24:11.003000+00:00,29.9,34.6,47.0,1001.8,0,5,1.8
1257,10008,2025-04-11 15:25:11.020000+00:00,29.8,34.5,47.0,1001.8,0,4,1.4
1257,10008,2025-04-11 15:26:11.021000+00:00,29.8,34.5,47.0,1001.9,0,29,1.4
1257,10008,2025-04-11 15:27:11.032000+00:00,29.7,34.5,48.0,1001.9,0,355,0.7
1257,10008,2025-04-11 15:28:11.034000+00:00,29.6,34.9,47.0,1002.0,0,47,0.4
1257,10008,2025-04-11 15:29:11.034000+00:00,29.6,34.9,47.0,1001.9,0,48,0.7
1257,10008,2025-04-11 15:30:11.035000+00:00,29.6,35.1,47.0,1001.9,0,12,0.5
1257,10008,2025-04-11 15:31:11.037000+00:00,29.6,35.1,48.0,1002.0,0,0,0.6
1257,10008,2025-04-11 15:32:11.053000+00:00,29.6,34.8,48.0,1002.0,0,340,0.5
1257,10008,2025-04-11 15:33:11.054000+00:00,29.6,34.7,48.0,1002.0,0,12,1.6
1257,10008,2025-04-11 15:34:11.074000+00:00,29.5,34.5,48.0,1002.0,0,23,1.9
1257,10008,2025-04-11 15:35:11.111000+00:00,29.5,34.2,49.0,1002.1,0,24,1.2
1257,10008,2025-04-11 15:36:11.079000+00:00,29.5,34.3,49.0,1002.1,0,21,1.2
1257,10008,2025-04-11 15:37:11.094000+00:00,29.5,34.3,49.0,1002.1,0,14,0.8
1257,10008,2025-04-11 15:38:11.101000+00:00,29.5,34.3,50.0,1002.0,0,8,1.0
1257,10008,2025-04-11 15:39:11.107000+00:00,29.5,33.9,50.0,1002.0,0,130,1.3
1257,10008,2025-04-11 15:40:11.142000+00:00,29.5,33.9,50.0,1002.1,0,7,0.5
1257,10008,2025-04-11 15:41:11.121000+00:00,29.4,33.9,51.0,1002.1,0,8,2.0
1257,10008,2025-04-11 15:42:11.136000+00:00,29.4,33.7,51.0,1002.2,0,4,1.5
1257,10008,2025-04-11 15:43:11.161000+00:00,29.4,33.8,51.0,1002.1,0,8,1.2
1257,10008,2025-04-11 15:44:11.139000+00:00,29.3,33.8,51.0,1002.1,0,5,1.3
1257,10008,2025-04-11 15:45:11.159000+00:00,29.3,33.7,51.0,1002.1,0,4,1.9
1257,10008,2025-04-11 15:46:11.156000+00:00,29.3,33.7,51.0,1002.1,0,23,1.6
1257,10008,2025-04-11 15:47:11.162000+00:00,29.3,34.0,51.0,1002.2,0,14,1.3
1257,10008,2025-04-11 15:48:11.172000+00:00,29.3,34.1,50.0,1002.1,0,32,1.3
1257,10008,2025-04-11 15:49:11.189000+00:00,29.3,34.1,50.0,1002.1,0,30,1.0
1257,10008,2025-04-11 15:50:11.205000+00:00,29.3,34.1,50.0,1002.1,0,334,1.2
1257,10008,2025-04-11 15:51:11.209000+00:00,29.3,34.2,49.0,1002.1,0,3,1.0
1257,10008,2025-04-11 15:52:11.206000+00:00,29.3,34.2,49.0,1002.2,0,77,1.3
1257,10008,2025-04-11 15:53:11.208000+00:00,29.2,34.0,49.0,1002.1,0,10,1.1
1257,10008,2025-04-11 15:54:11.211000+00:00,29.2,34.1,49.0,1002.1,0,341,1.4
1257,10008,2025-04-11 15:55:11.236000+00:00,29.2,34.0,49.0,1002.1,0,0,1.0
1257,10008,2025-04-11 15:56:11.228000+00:00,29.2,33.8,49.0,1002.2,0,58,0.7
1257,10008,2025-04-11 15:57:11.245000+00:00,29.1,33.7,49.0,1002.2,0,64,1.1
1257,10008,2025-04-11 15:58:11.273000+00:00,29.1,33.7,49.0,1002.2,0,17,1.5
1257,10008,2025-04-11 15:59:11.280000+00:00,29.2,33.8,49.0,1002.2,0,0,1.4
1257,10008,2025-04-11 16:00:11.276000+00:00,29.2,33.8,49.0,1002.3,0,10,1.5
1257,10008,2025-04-11 16:01:11.279000+00:00,29.1,33.8,49.0,1002.2,0,359,1.0
1257,10008,2025-04-11 16:02:11.262000+00:00,29.1,33.4,49.0,1002.3,0,21,0.8
1257,10008,2025-04-11 16:03:11.263000+00:00,29.1,33.6,49.0,1002.3,0,24,0.8
1257,10008,2025-04-11 16:04:11.298000+00:00,29.1,33.6,49.0,1002.2,0,23,0.8
1257,10008,2025-04-11 16:05:11.284000+00:00,29.1,33.9,49.0,1002.3,0,7,1.0
1257,10008,2025-04-11 16:06:11.285000+00:00,29.1,33.7,49.0,1002.3,0,9,0.8
1257,10009,2025-04-12 12:17:18.944000+00:00,34.3,47.1,41.0,1001.5,0,26,1.8
1257,10009,2025-04-12 12:18:18.949000+00:00,34.2,47.3,40.0,1001.6,0,17,2.4
1257,10009,2025-04-12 12:19:18.956000+00:00,34.1,47.1,39.0,1001.7,0,20,2.4
1257,10009,2025-04-12 12:20:18.958000+00:00,34.1,46.5,38.0,1001.6,0,14,2.4
1257,10009,2025-04-12 12:21:18.968000+00:00,34.0,46.0,38.0,1001.7,0,37,2.8
1257,10009,2025-04-12 12:22:18.967000+00:00,34.0,45.9,39.0,1001.7,0,9,2.5
1257,10009,2025-04-12 12:23:19.003000+00:00,34.0,45.9,38.0,1001.7,0,15,3.8
1257,10009,2025-04-12 12:24:19.017000+00:00,33.9,46.0,41.0,1001.7,0,19,4.6
1257,10009,2025-04-12 12:25:19.016000+00:00,33.5,44.6,43.0,1001.7,0,12,3.6
1257,10009,2025-04-12 12:26:19.002000+00:00,33.2,43.9,44.0,1001.8,0,24,4.1
1257,10009,2025-04-12 12:27:19.005000+00:00,33.1,43.8,45.0,1001.8,0,18,2.9
1257,10009,2025-04-12 12:28:19.036000+00:00,32.9,43.8,46.0,1001.8,0,19,3.4
1257,10009,2025-04-12 12:29:19.021000+00:00,32.8,43.5,45.0,1001.8,0,13,3.7
1257,10009,2025-04-12 12:30:19.036000+00:00,32.5,43.4,45.0,1001.8,0,29,3.8
1257,10009,2025-04-12 12:31:19.038000+00:00,32.4,43.4,46.0,1001.8,0,15,3.6
1257,10009,2025-04-12 12:32:19.053000+00:00,32.5,43.4,48.0,1001.7,0,17,3.3
1257,10009,2025-04-12 12:33:19.070000+00:00,32.3,43.4,47.0,1001.8,0,31,3.1
1257,10009,2025-04-12 12:34:19.081000+00:00,32.2,43.4,47.0,1001.9,0,23,2.6
1257,10009,2025-04-12 12:35:19.086000+00:00,32.1,43.4,48.0,1001.9,0,37,2.8
1257,10009,2025-04-12 12:36:19.140000+00:00,31.9,43.2,49.0,1001.8,0,19,3.1
1257,10009,2025-04-12 12:37:19.681000+00:00,31.9,43.0,49.0,1001.9,0,19,2.2
1257,10009,2025-04-12 12:38:19.112000+00:00,31.9,43.5,47.0,1001.9,0,23,2.1
1257,10009,2025-04-12 12:39:19.103000+00:00,31.7,43.4,48.0,1001.9,0,19,3.6
1257,10009,2025-04-12 12:40:19.111000+00:00,31.5,42.9,48.0,1001.8,0,14,3.7
1257,10009,2025-04-12 12:41:19.089000+00:00,31.4,42.7,49.0,1001.9,0,32,3.6
1257,10009,2025-04-12 12:42:19.106000+00:00,31.3,42.6,49.0,1001.9,0,30,3.0
1257,10009,2025-04-12 12:43:19.107000+00:00,31.3,42.8,49.0,1001.8,0,14,2.4
1257,10009,2025-04-12 12:44:19.099000+00:00,31.2,42.9,48.0,1001.8,0,12,2.8
1257,10009,2025-04-12 12:45:19.126000+00:00,31.2,42.9,47.0,1001.9,0,12,2.9
1257,10009,2025-04-12 12:46:19.701000+00:00,31.2,43.0,47.0,1001.9,0,12,2.9
1257,10009,2025-04-12 12:47:19.140000+00:00,31.2,42.7,47.0,1001.9,0,29,3.6
1257,10009,2025-04-12 12:48:19.140000+00:00,31.2,42.6,47.0,1001.8,0,22,2.8
1257,10009,2025-04-12 12:49:19.161000+00:00,31.1,42.2,47.0,1001.7,0,37,2.9
1257,10009,2025-04-12 12:50:19.181000+00:00,31.0,42.6,48.0,1001.8,0,13,2.7
1257,10009,2025-04-12 12:51:19.195000+00:00,31.0,42.5,48.0,1001.8,0,14,2.4
1257,10009,2025-04-12 12:52:19.223000+00:00,31.0,42.6,47.0,1001.9,0,20,2.1
1257,10009,2025-04-12 12:53:19.228000+00:00,30.9,42.0,47.0,1001.8,0,14,3.3
1257,10009,2025-04-12 12:54:19.255000+00:00,30.8,42.1,48.0,1001.6,0,13,3.6
1257,10009,2025-04-12 12:55:19.259000+00:00,30.8,41.9,48.0,1001.8,0,18,2.9
1257,10009,2025-04-12 12:56:19.272000+00:00,30.8,41.8,48.0,1001.7,0,21,3.0
1257,10009,2025-04-12 12:57:19.847000+00:00,30.8,42.2,48.0,1001.7,0,16,2.8
1257,10009,2025-04-12 12:58:19.288000+00:00,30.8,42.2,48.0,1001.8,0,15,3.5
1257,10009,2025-04-12 12:59:19.294000+00:00,30.7,42.2,48.0,1001.8,0,15,3.5
1257,10009,2025-04-12 13:00:19.291000+00:00,30.6,42.2,48.0,1001.8,0,15,3.5
1257,10009,2025-04-12 13:01:19.293000+00:00,30.6,41.8,49.0,1001.8,0,16,2.5
1257,10009,2025-04-12 13:02:19.306000+00:00,30.6,41.6,48.0,1001.6,0,31,2.9
1257,10009,2025-04-12 13:03:19.329000+00:00,30.6,41.4,48.0,1001.8,0,19,3.4
1257,10009,2025-04-12 13:04:19.341000+00:00,30.5,41.4,49.0,1001.7,0,24,3.3
1257,10009,2025-04-12 13:05:19.346000+00:00,30.5,41.4,49.0,1001.7,0,26,3.6
1257,10009,2025-04-12 13:06:19.342000+00:00,30.6,41.1,49.0,1001.8,0,17,3.0
1257,10009,2025-04-12 13:07:19.345000+00:00,30.5,41.1,49.0,1001.7,0,32,3.6
1257,10009,2025-04-12 13:08:19.367000+00:00,30.3,41.1,49.0,1001.7,0,14,3.0
1257,10009,2025-04-12 13:09:20.027000+00:00,30.3,41.3,49.0,1001.8,0,22,3.2
1257,10009,2025-04-12 13:10:19.428000+00:00,30.3,40.8,49.0,1001.7,0,17,3.0
1257,10009,2025-04-12 13:11:19.422000+00:00,30.2,40.8,49.0,1001.7,0,38,4.0
1257,10009,2025-04-12 13:12:19.454000+00:00,30.1,40.6,49.0,1001.8,0,4,2.9
1257,10009,2025-04-12 13:13:19.432000+00:00,30.1,40.6,48.0,1001.7,0,20,3.4
1257,10009,2025-04-12 13:14:19.477000+00:00,30.1,40.6,48.0,1001.8,0,31,2.9
1257,10009,2025-04-12 13:15:19.476000+00:00,30.2,40.7,48.0,1001.7,0,31,2.8
1257,10009,2025-04-12 13:16:19.474000+00:00,30.0,40.8,48.0,1001.7,0,15,3.7
1257,10009,2025-04-12 13:17:19.495000+00:00,30.0,40.8,48.0,1001.7,0,12,3.0
1257,10009,2025-04-12 13:18:19.509000+00:00,29.9,40.5,48.0,1001.9,0,8,3.2
1257,10009,2025-04-12 13:19:19.503000+00:00,29.9,40.4,47.0,1001.7,0,14,3.3
1257,10009,2025-04-12 13:20:20.153000+00:00,29.9,40.9,47.0,1001.7,0,29,2.5
1257,10009,2025-04-12 13:21:19.512000+00:00,29.9,40.7,47.0,1001.8,0,13,2.9
1257,10009,2025-04-12 13:22:19.512000+00:00,30.0,40.6,47.0,1001.7,0,19,3.0
1257,10009,2025-04-12 13:23:19.514000+00:00,29.9,40.4,47.0,1001.8,0,11,3.1
1257,10009,2025-04-12 13:24:19.514000+00:00,29.9,40.3,47.0,1001.8,0,25,3.3
1257,10009,2025-04-12 13:25:19.499000+00:00,29.9,40.4,47.0,1001.8,0,12,2.7
1257,10009,2025-04-12 13:26:19.500000+00:00,29.9,40.4,47.0,1001.7,0,16,2.5
1257,10009,2025-04-12 13:27:19.500000+00:00,30.0,40.4,46.0,1001.8,0,10,2.8
1257,10009,2025-04-12 13:28:19.509000+00:00,29.9,40.0,47.0,1001.7,0,21,2.8
1257,10009,2025-04-12 13:29:19.506000+00:00,29.9,39.5,47.0,1001.8,0,15,3.1
1257,10009,2025-04-12 13:30:19.519000+00:00,29.8,39.4,47.0,1001.7,0,24,2.9
1257,10009,2025-04-12 13:31:19.511000+00:00,29.9,39.8,47.0,1001.8,0,24,3.7
1257,10009,2025-04-12 13:32:19.522000+00:00,29.9,39.7,47.0,1001.7,0,15,3.1
1257,10009,2025-04-12 13:33:19.519000+00:00,29.9,39.8,46.0,1001.8,0,31,2.7
1257,10009,2025-04-12 13:34:19.521000+00:00,29.9,39.7,46.0,1001.9,0,21,3.0
1257,10009,2025-04-12 13:35:19.521000+00:00,29.9,39.4,46.0,1001.8,0,19,3.4
1257,10009,2025-04-12 13:36:19.572000+00:00,29.8,39.3,47.0,1001.7,0,11,3.4
1257,10010,2025-04-12 15:48:20.220000+00:00,26.3,31.5,59.0,1003.3,0,12,2.8
1257,10010,2025-04-12 15:49:20.230000+00:00,26.3,31.5,59.0,1003.4,0,26,2.5
1257,10010,2025-04-12 15:50:20.253000+00:00,26.3,31.9,59.0,1003.5,0,23,2.2
1257,10010,2025-04-12 15:51:20.252000+00:00,26.3,31.7,59.0,1003.4,0,12,3.2
1257,10010,2025-04-12 15:52:20.256000+00:00,26.3,31.4,58.0,1003.5,0,31,3.1
1257,10010,2025-04-12 15:53:20.286000+00:00,26.3,31.5,58.0,1003.4,0,30,3.0
1257,10010,2025-04-12 15:54:20.287000+00:00,26.3,31.5,58.0,1003.5,0,25,3.9
1257,10010,2025-04-12 15:55:20.310000+00:00,26.3,31.5,58.0,1003.4,0,18,4.1
1257,10010,2025-04-12 15:56:20.306000+00:00,26.3,31.3,58.0,1003.5,0,34,4.2
1257,10010,2025-04-12 15:57:20.321000+00:00,26.3,31.2,58.0,1003.7,0,31,4.2
1257,10010,2025-04-12 15:58:20.344000+00:00,26.3,31.3,58.0,1003.6,0,30,3.6
1257,10010,2025-04-12 15:59:20.324000+00:00,26.3,31.3,58.0,1003.6,0,23,4.0
1257,10010,2025-04-12 16:00:20.360000+00:00,26.3,31.1,59.0,1003.7,0,31,3.8
1257,10010,2025-04-12 16:01:20.358000+00:00,26.3,31.1,59.0,1003.7,0,16,3.4
1257,10010,2025-04-12 16:02:20.353000+00:00,26.3,31.2,59.0,1003.6,0,12,3.1
1257,10010,2025-04-12 16:03:20.362000+00:00,26.3,31.2,59.0,1003.8,0,14,2.6
1257,10010,2025-04-12 16:04:20.390000+00:00,26.3,31.2,59.0,1003.6,0,31,3.3
1257,10010,2025-04-12 16:05:20.393000+00:00,26.2,31.2,59.0,1003.7,0,20,3.6
1257,10010,2025-04-12 16:06:20.379000+00:00,26.3,31.2,59.0,1003.7,0,19,3.1
1257,10010,2025-04-12 16:07:20.375000+00:00,26.3,31.2,59.0,1003.8,0,35,3.6
1257,10010,2025-04-12 16:08:20.390000+00:00,26.3,31.2,59.0,1003.8,0,28,2.9
1257,10010,2025-04-12 16:09:20.555000+00:00,26.3,31.4,58.0,1003.8,0,19,3.0
1257,10010,2025-04-12 16:10:20.407000+00:00,26.3,31.3,58.0,1003.9,0,25,3.7
1257,10010,2025-04-12 16:11:20.424000+00:00,26.3,31.3,58.0,1003.8,0,43,3.1
1257,10010,2025-04-12 16:12:20.426000+00:00,26.3,31.3,58.0,1004.0,0,8,2.8
1257,10010,2025-04-12 16:13:20.445000+00:00,26.3,31.0,57.0,1003.9,0,2,4.0
1257,10010,2025-04-12 16:14:20.441000+00:00,26.3,31.0,58.0,1003.9,0,29,3.6
1257,10010,2025-04-12 16:15:20.449000+00:00,26.3,30.9,58.0,1004.0,0,1,3.8
1257,10010,2025-04-12 16:16:20.476000+00:00,26.3,31.1,59.0,1003.9,0,39,2.9
1257,10010,2025-04-12 16:17:20.480000+00:00,26.3,31.2,58.0,1004.0,0,22,3.0
1257,10010,2025-04-12 16:18:20.492000+00:00,26.3,31.2,58.0,1004.0,0,24,4.0
1257,10010,2025-04-12 16:19:20.524000+00:00,26.2,31.2,58.0,1004.1,0,24,3.7
1257,10010,2025-04-12 16:20:20.525000+00:00,26.3,31.2,58.0,1003.9,0,32,3.2
1257,10010,2025-04-12 16:21:20.509000+00:00,26.3,31.2,58.0,1004.0,0,26,2.3
1257,10010,2025-04-12 16:22:20.535000+00:00,26.3,31.2,57.0,1004.0,0,17,3.1
1257,10010,2025-04-12 16:23:20.529000+00:00,26.3,30.8,58.0,1004.0,0,18,3.8
1257,10010,2025-04-12 16:24:20.531000+00:00,26.3,30.8,58.0,1004.0,0,18,4.4
1257,10010,2025-04-12 16:25:20.528000+00:00,26.2,30.7,58.0,1004.0,0,26,3.5
1257,10010,2025-04-12 16:26:20.561000+00:00,26.1,30.7,58.0,1004.1,0,27,2.9
1257,10010,2025-04-12 16:27:20.597000+00:00,26.1,30.6,58.0,1004.2,0,9,2.9
1257,10010,2025-04-12 16:28:20.618000+00:00,26.1,30.4,59.0,1004.0,0,11,3.7
1257,10010,2025-04-12 16:29:20.614000+00:00,26.1,30.4,59.0,1004.1,0,24,4.0
1257,10010,2025-04-12 16:30:20.636000+00:00,26.1,30.2,59.0,1004.1,0,26,3.4
1257,10010,2025-04-12 16:31:20.661000+00:00,26.1,30.4,59.0,1004.2,0,11,3.6
1257,10010,2025-04-12 16:32:20.676000+00:00,26.2,30.4,59.0,1004.1,0,16,3.4
1257,10010,2025-04-12 16:33:20.664000+00:00,26.2,30.4,59.0,1004.2,0,16,2.9
1257,10010,2025-04-12 16:34:20.659000+00:00,26.2,30.3,59.0,1004.2,0,45,2.7
1257,10010,2025-04-12 16:35:20.664000+00:00,26.2,30.6,59.0,1004.3,0,33,2.5
1257,10010,2025-04-12 16:36:20.685000+00:00,26.2,30.7,59.0,1004.2,0,22,2.9
1257,10010,2025-04-12 16:37:20.680000+00:00,26.1,30.7,59.0,1004.2,0,16,2.9
1257,10010,2025-04-12 16:38:20.697000+00:00,26.1,30.7,59.0,1004.2,0,13,2.9
1257,10010,2025-04-12 16:39:20.695000+00:00,26.2,30.8,59.0,1004.2,0,14,3.0
1257,10010,2025-04-12 16:40:20.696000+00:00,26.1,30.9,59.0,1004.3,0,31,2.1
1257,10010,2025-04-12 16:41:20.732000+00:00,26.2,31.0,58.0,1004.3,0,41,2.0
1257,10010,2025-04-12 16:42:20.751000+00:00,26.2,31.1,58.0,1004.4,0,13,3.3
1257,10010,2025-04-12 16:43:20.746000+00:00,26.2,30.9,58.0,1004.3,0,30,2.2
1257,10010,2025-04-12 16:44:20.747000+00:00,26.2,30.9,57.0,1004.3,0,21,2.5
1257,10010,2025-04-12 16:45:20.765000+00:00,26.3,30.9,57.0,1004.4,0,37,3.6
1257,10010,2025-04-12 16:46:20.762000+00:00,26.3,30.8,56.0,1004.3,0,18,3.5
1257,10010,2025-04-12 16:47:20.766000+00:00,26.3,30.7,56.0,1004.4,0,20,3.6
1257,10010,2025-04-12 16:48:20.772000+00:00,26.3,30.7,56.0,1004.3,0,17,2.9
1257,10010,2025-04-12 16:49:20.799000+00:00,26.3,30.7,56.0,1004.4,0,12,3.2
1257,10010,2025-04-12 16:50:20.795000+00:00,26.3,30.6,56.0,1004.4,0,19,3.6
1257,10010,2025-04-12 16:51:20.818000+00:00,26.3,30.6,56.0,1004.3,0,12,3.1
1257,10010,2025-04-12 16:52:20.825000+00:00,26.4,30.7,55.0,1004.3,0,13,2.9
1257,10010,2025-04-12 16:53:20.832000+00:00,26.3,30.7,55.0,1004.3,0,19,2.9
1257,10010,2025-04-12 16:54:20.850000+00:00,26.3,30.6,55.0,1004.3,0,11,3.2
1257,10010,2025-04-12 16:55:20.843000+00:00,26.3,30.4,55.0,1004.3,0,21,4.1
1257,10010,2025-04-12 16:56:20.851000+00:00,26.3,30.4,55.0,1004.3,0,15,3.2
1257,10010,2025-04-12 16:57:20.880000+00:00,26.3,30.4,55.0,1004.3,0,35,3.1
1257,10010,2025-04-12 16:58:20.896000+00:00,26.3,30.6,55.0,1004.3,0,18,2.8
1257,10010,2025-04-12 16:59:20.895000+00:00,26.3,30.4,55.0,1004.4,0,37,2.6
1257,10010,2025-04-12 17:00:20.901000+00:00,26.4,30.6,55.0,1004.4,0,19,3.0
1257,10010,2025-04-12 17:01:20.917000+00:00,26.4,30.6,54.0,1004.5,0,30,2.9
1257,10010,2025-04-12 17:02:20.929000+00:00,26.4,30.5,54.0,1004.4,0,16,2.8
1257,10010,2025-04-12 17:03:20.934000+00:00,26.4,30.5,54.0,1004.6,0,38,1.9
1257,10010,2025-04-12 17:04:20.931000+00:00,26.4,31.0,54.0,1004.6,0,39,2.5
1257,10010,2025-04-12 17:05:20.967000+00:00,26.5,31.0,54.0,1004.5,0,19,2.4
1257,10010,2025-04-12 17:06:20.984000+00:00,26.5,30.8,54.0,1004.6,0,32,3.0
1257,10010,2025-04-12 17:07:20.983000+00:00,26.5,30.4,54.0,1004.6,0,12,2.5
1257,10010,2025-04-12 17:08:20.969000+00:00,26.5,30.6,54.0,1004.6,0,14,3.4
1257,10010,2025-04-12 17:09:20.994000+00:00,26.5,30.7,54.0,1004.5,0,22,2.7
1257,10010,2025-04-12 17:10:20.988000+00:00,26.5,30.7,53.0,1004.6,0,16,2.0
1257,10010,2025-04-12 17:11:20.987000+00:00,26.6,30.7,53.0,1004.6,0,32,2.5
1257,10010,2025-04-12 17:12:20.991000+00:00,26.5,30.4,53.0,1004.7,0,36,3.2
1257,10010,2025-04-12 17:13:20.991000+00:00,26.5,30.4,53.0,1004.6,0,5,3.0
1257,10010,2025-04-12 17:14:20.990000+00:00,26.6,30.6,53.0,1004.6,0,17,2.5
1257,10014,2025-04-13 14:08:28.808000+00:00,27.9,34.5,45.0,1007.9,0,29,2.9
1257,10014,2025-04-13 14:09:28.836000+00:00,27.8,34.4,45.0,1007.9,0,9,2.9
1257,10014,2025-04-13 14:10:28.840000+00:00,27.9,34.6,45.0,1007.9,0,9,2.7
1257,10014,2025-04-13 14:11:28.856000+00:00,27.9,34.4,45.0,1007.9,0,25,3.2
1257,10014,2025-04-13 14:12:28.874000+00:00,27.8,34.4,45.0,1007.8,0,17,2.9
1257,10014,2025-04-13 14:13:28.873000+00:00,27.7,34.5,45.0,1007.9,0,13,2.7
1257,10014,2025-04-13 14:14:28.893000+00:00,27.7,34.5,45.0,1007.8,0,26,2.7
1257,10014,2025-04-13 14:15:28.875000+00:00,27.7,34.8,45.0,1007.8,0,12,2.7
1257,10014,2025-04-13 14:16:28.895000+00:00,27.6,34.4,46.0,1007.9,0,26,3.0
1257,10014,2025-04-13 14:17:28.884000+00:00,27.5,34.1,46.0,1007.8,0,26,3.4
1257,10014,2025-04-13 14:18:29.021000+00:00,27.5,34.0,46.0,1008.0,0,30,2.9
1257,10014,2025-04-13 14:19:28.892000+00:00,27.5,34.0,46.0,1008.0,0,26,3.3
1257,10014,2025-04-13 14:20:28.893000+00:00,27.5,34.0,45.0,1007.8,0,23,3.1
1257,10014,2025-04-13 14:21:28.912000+00:00,27.5,33.8,45.0,1007.9,0,17,3.4
1257,10014,2025-04-13 14:22:28.905000+00:00,27.6,33.7,45.0,1007.9,0,20,2.8
1257,10014,2025-04-13 14:23:28.904000+00:00,27.6,33.8,46.0,1007.9,0,22,2.0
1257,10014,2025-04-13 14:24:28.926000+00:00,27.6,33.6,46.0,1007.9,0,42,2.0
1257,10014,2025-04-13 14:25:28.919000+00:00,27.5,33.6,46.0,1007.9,0,18,1.8
1257,10014,2025-04-13 14:26:28.935000+00:00,27.5,33.4,46.0,1007.9,0,19,2.1
1257,10014,2025-04-13 14:27:28.952000+00:00,27.5,33.4,46.0,1007.8,0,18,2.5
1257,10014,2025-04-13 14:28:28.944000+00:00,27.5,33.6,46.0,1007.9,0,13,1.6
1257,10014,2025-04-13 14:29:28.977000+00:00,27.5,33.4,46.0,1007.9,0,9,2.6
1257,10014,2025-04-13 14:30:28.999000+00:00,27.5,33.3,46.0,1007.9,0,34,2.1
1257,10014,2025-04-13 14:31:28.994000+00:00,27.5,32.9,46.0,1008.0,0,27,1.5
1257,10014,2025-04-13 14:32:29.025000+00:00,27.6,31.6,46.0,1008.0,0,6,2.5
1257,10014,2025-04-13 14:33:29.034000+00:00,27.6,33.4,45.0,1008.0,0,0,2.4
1257,10014,2025-04-13 14:34:29.032000+00:00,27.5,33.8,45.0,1007.9,0,32,2.7
1257,10014,2025-04-13 14:35:29.059000+00:00,27.5,33.5,45.0,1007.9,0,34,2.3
1257,10014,2025-04-13 14:36:29.073000+00:00,27.5,33.6,45.0,1007.8,0,14,2.1
1257,10014,2025-04-13 14:37:29.081000+00:00,27.4,33.6,46.0,1007.9,0,28,1.8
1257,10014,2025-04-13 14:38:29.080000+00:00,27.4,33.5,46.0,1007.9,0,23,1.6
1257,10014,2025-04-13 14:39:29.079000+00:00,27.3,33.4,46.0,1007.9,0,21,1.5
1257,10014,2025-04-13 14:40:29.082000+00:00,27.3,33.4,46.0,1007.9,0,28,1.8
1257,10014,2025-04-13 14:41:29.083000+00:00,27.3,33.5,46.0,1007.9,0,31,1.5
1257,10014,2025-04-13 14:42:29.072000+00:00,27.3,33.4,46.0,1007.9,0,11,2.1
1257,10014,2025-04-13 14:43:29.083000+00:00,27.3,33.1,46.0,1007.9,0,19,2.3
1257,10014,2025-04-13 14:44:29.083000+00:00,27.3,33.1,46.0,1007.9,0,34,1.8
1257,10014,2025-04-13 14:45:29.112000+00:00,27.4,33.3,45.0,1007.9,0,8,1.9
1257,10014,2025-04-13 14:46:29.121000+00:00,27.4,33.5,44.0,1007.9,0,5,2.2
1257,10014,2025-04-13 14:47:29.156000+00:00,27.3,33.4,43.0,1007.9,0,59,2.5
1257,10014,2025-04-13 14:48:29.134000+00:00,27.3,33.4,43.0,1007.8,0,26,3.0
1257,10014,2025-04-13 14:49:29.137000+00:00,27.3,33.2,43.0,1007.9,0,8,2.5
1257,10014,2025-04-13 14:50:29.134000+00:00,27.2,33.1,43.0,1007.8,0,16,2.8
1257,10014,2025-04-13 14:51:29.158000+00:00,27.2,33.0,43.0,1007.9,0,11,2.2
1257,10014,2025-04-13 14:52:29.138000+00:00,27.3,33.0,43.0,1007.9,0,29,3.0
1257,10014,2025-04-13 14:53:29.168000+00:00,27.2,32.8,43.0,1007.9,0,14,2.6
1257,10014,2025-04-13 14:54:29.171000+00:00,27.1,32.7,43.0,1007.9,0,18,2.7
1257,10014,2025-04-13 14:55:29.180000+00:00,27.1,32.7,44.0,1008.0,0,30,2.0
1257,10014,2025-04-13 14:56:29.169000+00:00,27.2,32.6,44.0,1008.0,0,31,1.8
1257,10014,2025-04-13 14:57:29.155000+00:00,27.3,32.6,44.0,1008.0,0,35,2.1
1257,10014,2025-04-13 14:58:29.155000+00:00,27.3,32.5,45.0,1007.9,0,24,2.4
1257,10014,2025-04-13 14:59:29.170000+00:00,27.3,32.3,44.0,1008.0,0,51,3.2
1257,10014,2025-04-13 15:00:29.173000+00:00,27.2,32.2,44.0,1008.0,0,24,2.9
1257,10014,2025-04-13 15:01:29.170000+00:00,27.2,32.4,44.0,1008.0,0,35,2.9
1257,10014,2025-04-13 15:02:29.174000+00:00,27.2,32.2,44.0,1008.1,0,30,2.7
1257,10014,2025-04-13 15:03:29.178000+00:00,27.2,32.2,44.0,1008.1,0,21,2.6
1257,10014,2025-04-13 15:04:29.180000+00:00,27.2,31.9,44.0,1008.0,0,37,3.6
1257,10014,2025-04-13 15:05:29.168000+00:00,27.2,31.9,44.0,1008.0,0,20,3.2
1257,10014,2025-04-13 15:06:29.179000+00:00,27.1,31.9,45.0,1008.0,0,30,2.7
1257,10014,2025-04-13 15:07:29.201000+00:00,27.1,31.8,45.0,1008.0,0,19,2.8
1257,10014,2025-04-13 15:08:29.201000+00:00,27.1,31.9,45.0,1008.0,0,31,1.4
1257,10014,2025-04-13 15:09:29.212000+00:00,27.1,31.9,46.0,1008.1,0,23,2.2
1257,10014,2025-04-13 15:10:29.230000+00:00,27.0,31.6,46.0,1008.0,0,344,2.1
1257,10014,2025-04-13 15:11:29.216000+00:00,27.0,31.8,46.0,1008.0,0,24,1.9
1257,10014,2025-04-13 15:12:29.224000+00:00,27.0,31.9,46.0,1008.0,0,17,1.2
1257,10014,2025-04-13 15:13:29.224000+00:00,27.0,31.9,46.0,1008.0,0,17,2.4
1257,10014,2025-04-13 15:14:29.218000+00:00,27.0,32.0,46.0,1008.1,0,26,2.4
1257,10014,2025-04-13 15:15:29.235000+00:00,27.0,32.0,46.0,1008.1,0,34,2.6
1257,10014,2025-04-13 15:16:29.232000+00:00,27.0,32.0,46.0,1008.0,0,36,1.5
1257,10014,2025-04-13 15:17:29.218000+00:00,27.0,32.0,45.0,1008.0,0,38,2.6
1257,10014,2025-04-13 15:18:29.232000+00:00,27.0,31.9,45.0,1008.1,0,16,2.3
1257,10014,2025-04-13 15:19:29.224000+00:00,27.0,31.8,45.0,1008.1,0,16,1.9
1257,10014,2025-04-13 15:20:29.246000+00:00,27.0,31.7,46.0,1008.0,0,14,2.5
1257,10014,2025-04-13 15:21:29.236000+00:00,27.0,31.5,46.0,1008.1,0,5,2.2
1257,10014,2025-04-13 15:22:29.264000+00:00,26.9,31.5,46.0,1008.0,0,21,1.9
1257,10014,2025-04-13 15:23:29.239000+00:00,26.9,31.9,46.0,1008.0,0,38,1.0
1257,10014,2025-04-13 15:24:29.230000+00:00,26.9,31.9,46.0,1008.1,0,36,1.2
1257,10014,2025-04-13 15:25:29.244000+00:00,26.9,31.9,46.0,1008.0,0,39,1.1
1257,10014,2025-04-13 15:26:29.238000+00:00,26.9,31.7,46.0,1008.1,0,16,1.8
1257,10014,2025-04-13 15:27:29.258000+00:00,26.9,31.7,47.0,1008.1,0,14,2.0
1257,10014,2025-04-13 15:28:29.260000+00:00,26.8,31.7,47.0,1008.1,0,49,1.5
1257,10014,2025-04-13 15:29:29.242000+00:00,26.8,31.4,47.0,1008.0,0,16,2.7
1257,10014,2025-04-13 15:30:29.279000+00:00,26.8,31.2,48.0,1008.0,0,23,2.6
1257,10014,2025-04-13 15:31:29.292000+00:00,26.8,31.1,48.0,1008.1,0,38,2.6
1257,10014,2025-04-13 15:32:29.327000+00:00,26.7,31.2,48.0,1008.1,0,25,2.2
1257,10014,2025-04-13 15:33:29.297000+00:00,26.7,31.2,48.0,1008.1,0,6,2.3
1257,10014,2025-04-13 15:34:29.321000+00:00,26.8,31.1,48.0,1008.1,0,28,2.1
1257,10014,2025-04-13 15:35:29.316000+00:00,26.7,31.1,48.0,1008.1,0,26,2.3
1257,10014,2025-04-13 15:36:29.323000+00:00,26.7,31.1,47.0,1008.2,0,43,2.3
1257,10014,2025-04-13 15:37:29.330000+00:00,26.7,31.0,48.0,1008.1,0,26,2.2
1257,10014,2025-04-13 15:38:29.325000+00:00,26.7,31.1,47.0,1008.2,0,24,1.8
1257,10014,2025-04-13 15:39:29.338000+00:00,26.7,31.2,47.0,1008.2,0,247,1.1
1257,10014,2025-04-13 15:40:29.349000+00:00,26.7,31.2,47.0,1008.3,0,40,0.7
1257,10014,2025-04-13 15:41:29.361000+00:00,26.8,31.2,47.0,1008.3,0,10,1.7
1257,10014,2025-04-13 15:42:29.378000+00:00,26.7,31.1,47.0,1008.2,0,16,2.0
1257,10014,2025-04-13 15:43:29.379000+00:00,26.7,31.1,46.0,1008.2,0,57,1.9
1257,10014,2025-04-13 15:44:29.374000+00:00,26.7,31.1,46.0,1008.2,0,45,2.4
1257,10014,2025-04-13 15:45:29.379000+00:00,26.7,31.1,46.0,1008.1,0,37,2.1
1257,10014,2025-04-13 15:46:29.405000+00:00,26.7,31.1,46.0,1008.2,0,35,2.2
1257,10014,2025-04-13 15:47:29.417000+00:00,26.7,30.8,47.0,1008.1,0,6,2.0
1257,10014,2025-04-13 15:48:29.396000+00:00,26.7,30.9,47.0,1008.1,0,38,2.3
1257,10014,2025-04-13 15:49:29.426000+00:00,26.7,31.0,47.0,1008.1,0,358,1.2
1257,10014,2025-04-13 15:50:29.427000+00:00,26.7,31.1,46.0,1008.2,0,14,2.7
1257,10014,2025-04-13 15:51:29.430000+00:00,26.7,31.0,47.0,1008.2,0,32,1.8
1257,10014,2025-04-13 15:52:29.447000+00:00,26.7,31.2,47.0,1008.3,0,57,1.1
1257,10014,2025-04-13 15:53:29.467000+00:00,26.8,31.3,46.0,1008.3,0,61,1.4
1257,10014,2025-04-13 15:54:29.466000+00:00,26.8,31.4,46.0,1008.3,0,37,1.9
1257,10014,2025-04-13 15:55:29.463000+00:00,26.8,31.0,46.0,1008.3,0,60,1.0
1257,10014,2025-04-13 15:56:29.451000+00:00,26.8,30.9,46.0,1008.2,0,43,2.0
1257,10014,2025-04-13 15:57:29.453000+00:00,26.9,30.9,45.0,1008.3,0,14,1.8
1257,10014,2025-04-13 15:58:29.457000+00:00,26.9,30.8,46.0,1008.3,0,45,2.5
1257,10014,2025-04-13 15:59:29.468000+00:00,26.8,30.8,46.0,1008.3,0,62,1.9
1257,10014,2025-04-13 16:00:29.469000+00:00,26.8,30.8,46.0,1008.3,0,34,1.6
1257,10014,2025-04-13 16:01:29.451000+00:00,26.7,30.9,46.0,1008.4,0,11,2.1
1257,10014,2025-04-13 16:02:29.467000+00:00,26.7,30.6,46.0,1008.4,0,52,2.9
1257,10014,2025-04-13 16:03:29.472000+00:00,26.7,30.6,46.0,1008.3,0,22,1.9
1257,10014,2025-04-13 16:04:29.494000+00:00,26.6,30.8,46.0,1008.4,0,50,2.0
1257,10014,2025-04-13 16:05:29.520000+00:00,26.7,31.0,46.0,1008.4,0,11,1.2
1257,10014,2025-04-13 16:06:29.521000+00:00,26.7,30.9,46.0,1008.2,0,62,1.7
1257,10014,2025-04-13 16:07:29.520000+00:00,26.7,30.7,45.0,1008.3,0,22,2.4
1257,10014,2025-04-13 16:08:29.507000+00:00,26.8,30.8,46.0,1008.3,0,44,1.3
1257,10014,2025-04-13 16:09:29.523000+00:00,26.8,30.7,45.0,1008.4,0,2,1.8
1257,10014,2025-04-13 16:10:29.518000+00:00,26.8,30.7,45.0,1008.4,0,28,1.9
1257,10014,2025-04-13 16:11:29.527000+00:00,26.8,30.5,45.0,1008.4,0,34,2.5
1257,10014,2025-04-13 16:12:29.522000+00:00,26.8,30.6,46.0,1008.4,0,37,1.9
1257,10014,2025-04-13 16:13:29.549000+00:00,26.7,30.6,46.0,1008.5,0,46,1.9
1257,10014,2025-04-13 16:14:29.529000+00:00,26.7,30.6,46.0,1008.4,0,22,1.6
1257,10014,2025-04-13 16:15:29.543000+00:00,26.8,30.6,46.0,1008.4,0,31,1.7
1257,10014,2025-04-13 16:16:29.543000+00:00,26.7,30.6,46.0,1008.4,0,17,1.8
1257,10014,2025-04-13 16:17:29.566000+00:00,26.7,30.6,46.0,1008.4,0,18,2.3
1257,10014,2025-04-13 16:18:29.550000+00:00,26.8,30.7,45.0,1008.4,0,46,2.1
1257,10014,2025-04-13 16:19:29.582000+00:00,26.8,30.5,46.0,1008.4,0,35,2.0
1257,10014,2025-04-13 16:20:29.589000+00:00,26.8,30.6,45.0,1008.4,0,42,2.3
1257,10014,2025-04-13 16:21:29.589000+00:00,26.8,30.6,45.0,1008.4,0,37,1.9
1257,10014,2025-04-13 16:22:29.575000+00:00,26.8,30.5,45.0,1008.4,0,33,1.8
1257,10014,2025-04-13 16:23:29.593000+00:00,26.8,30.5,45.0,1008.3,0,25,1.6
1257,10014,2025-04-13 16:24:29.611000+00:00,26.8,30.7,45.0,1008.4,0,49,1.7
1257,10014,2025-04-13 16:25:29.615000+00:00,26.8,30.4,45.0,1008.4,0,53,1.8
1257,10014,2025-04-13 16:26:29.604000+00:00,26.8,30.7,45.0,1008.4,0,48,1.0
1257,10014,2025-04-13 16:27:29.601000+00:00,26.8,30.5,45.0,1008.4,0,58,1.5
1257,10014,2025-04-13 16:28:29.618000+00:00,26.9,30.4,45.0,1008.4,0,24,1.5
1257,10014,2025-04-13 16:29:29.614000+00:00,26.9,30.4,44.0,1008.4,0,32,2.2
1257,10014,2025-04-13 16:30:29.598000+00:00,26.9,30.4,44.0,1008.4,0,8,1.8
1257,10014,2025-04-13 16:31:29.605000+00:00,26.9,30.2,44.0,1008.4,0,42,1.8
1257,10014,2025-04-13 16:32:29.618000+00:00,26.9,30.2,44.0,1008.4,0,353,1.8
1257,10014,2025-04-13 16:33:29.624000+00:00,26.9,30.4,44.0,1008.4,0,8,1.5
1257,10014,2025-04-13 16:34:29.617000+00:00,26.9,30.5,44.0,1008.4,0,33,1.9
1257,10014,2025-04-13 16:35:29.618000+00:00,26.9,30.3,44.0,1008.4,0,54,1.6
1257,10014,2025-04-13 16:36:29.606000+00:00,26.9,30.3,43.0,1008.4,0,44,1.2
1257,10014,2025-04-13 16:37:29.612000+00:00,26.9,30.3,43.0,1008.5,0,57,1.8
1257,10014,2025-04-13 16:38:29.623000+00:00,26.9,30.4,43.0,1008.4,0,44,1.4
1257,10014,2025-04-13 16:39:29.621000+00:00,26.9,30.4,43.0,1008.5,0,21,1.7
1257,10014,2025-04-13 16:40:29.624000+00:00,26.9,30.4,42.0,1008.4,0,53,1.8
1257,10014,2025-04-13 16:41:29.622000+00:00,26.9,30.3,43.0,1008.4,0,27,1.6
1257,10014,2025-04-13 16:42:29.624000+00:00,26.9,30.5,42.0,1008.5,0,244,1.2
1257,10014,2025-04-13 16:43:29.631000+00:00,26.9,30.6,41.0,1008.4,0,6,1.5
1257,10014,2025-04-13 16:44:29.612000+00:00,26.9,30.5,42.0,1008.4,0,9,2.3
1257,10014,2025-04-13 16:45:29.626000+00:00,26.9,30.2,42.0,1008.4,0,27,1.9
1258,10015,2025-04-18 13:17:50.006000+00:00,27.8,51.3,73.0,1006.7,0,268,2.2
1258,10015,2025-04-18 13:18:49.982000+00:00,27.9,51.0,73.0,1006.7,0,308,1.5
1258,10015,2025-04-18 13:19:49.995000+00:00,27.9,51.0,72.0,1006.7,0,297,1.7
1258,10015,2025-04-18 13:20:49.999000+00:00,28.0,51.7,71.0,1006.7,0,292,1.5
1258,10015,2025-04-18 13:21:49.989000+00:00,28.0,51.2,71.0,1006.7,0,333,1.6
1258,10015,2025-04-18 13:22:49.997000+00:00,28.0,51.2,71.0,1006.7,0,333,1.6
1258,10015,2025-04-18 13:23:49.989000+00:00,28.0,50.5,71.0,1006.7,0,289,1.3
1258,10015,2025-04-18 13:24:50.006000+00:00,28.0,50.3,71.0,1006.7,0,281,1.5
1258,10015,2025-04-18 13:25:50.002000+00:00,28.0,50.2,71.0,1006.6,0,293,1.6
1258,10015,2025-04-18 13:26:49.991000+00:00,28.0,50.2,71.0,1006.6,0,293,1.6
1258,10015,2025-04-18 13:27:49.999000+00:00,28.1,49.9,70.0,1006.7,0,274,1.8
1258,10015,2025-04-18 13:28:49.999000+00:00,28.0,49.8,71.0,1006.6,0,261,2.4
1258,10015,2025-04-18 13:29:50+00:00,28.1,49.1,71.0,1006.6,0,289,1.5
1258,10015,2025-04-18 13:30:50.001000+00:00,28.0,49.6,70.0,1006.6,0,358,1.9
1258,10015,2025-04-18 13:31:50.002000+00:00,28.0,49.0,71.0,1006.7,0,260,1.6
1258,10015,2025-04-18 13:32:50.002000+00:00,28.0,48.9,71.0,1006.7,0,304,1.2
1258,10015,2025-04-18 13:33:50.001000+00:00,28.0,49.6,72.0,1006.7,0,287,1.6
1258,10015,2025-04-18 13:34:50.003000+00:00,28.0,49.3,72.0,1006.7,0,284,1.5
1258,10015,2025-04-18 13:35:50.001000+00:00,28.0,49.3,72.0,1006.7,0,296,2.0
1258,10015,2025-04-18 13:36:50+00:00,28.0,49.0,72.0,1006.7,0,270,1.6
1258,10015,2025-04-18 13:37:50.006000+00:00,27.9,49.0,71.0,1006.7,0,290,1.3
1258,10015,2025-04-18 13:38:50.030000+00:00,27.9,48.8,71.0,1006.6,0,323,2.7
1258,10015,2025-04-18 13:39:49.999000+00:00,27.9,49.0,71.0,1006.7,0,323,1.4
1258,10015,2025-04-18 13:40:50.013000+00:00,27.9,49.0,72.0,1006.6,0,293,2.3
1258,10015,2025-04-18 13:41:50.007000+00:00,27.9,48.6,72.0,1006.6,0,289,2.2
1258,10015,2025-04-18 13:42:50.008000+00:00,27.9,48.1,72.0,1006.6,0,283,1.8
1258,10015,2025-04-18 13:43:50.011000+00:00,28.0,47.8,71.0,1006.6,0,333,1.1
1258,10015,2025-04-18 13:44:50.011000+00:00,28.0,48.1,71.0,1006.6,0,263,1.3
1258,10015,2025-04-18 13:45:50.012000+00:00,28.0,48.3,71.0,1006.7,0,280,2.2
1258,10015,2025-04-18 13:46:50.017000+00:00,28.0,47.8,72.0,1006.7,0,298,2.1
1258,10015,2025-04-18 13:47:50.010000+00:00,28.0,47.6,72.0,1006.7,0,291,2.3
1258,10015,2025-04-18 13:48:50.019000+00:00,28.0,47.3,73.0,1006.6,0,320,2.7
1258,10015,2025-04-18 13:49:50.050000+00:00,28.0,47.8,72.0,1006.6,0,309,1.3
1258,10015,2025-04-18 13:50:50.052000+00:00,28.0,47.9,71.0,1006.6,0,276,1.5
1258,10015,2025-04-18 13:51:50.053000+00:00,28.1,48.1,70.0,1006.6,0,290,1.7
1258,10015,2025-04-18 13:52:50.054000+00:00,28.1,48.2,70.0,1006.5,0,348,1.4
1258,10015,2025-04-18 13:53:50.055000+00:00,28.1,47.2,69.0,1006.6,0,299,2.9
1258,10015,2025-04-18 13:54:50.055000+00:00,28.0,47.2,69.0,1006.6,0,290,1.8
1258,10015,2025-04-18 13:55:50.071000+00:00,28.0,47.0,67.0,1006.6,0,262,2.3
1258,10015,2025-04-18 13:56:50.076000+00:00,28.0,47.0,67.0,1006.6,0,283,1.8
1258,10015,2025-04-18 13:57:50.067000+00:00,28.0,46.8,67.0,1006.6,0,297,1.4
1258,10015,2025-04-18 13:58:50.069000+00:00,28.0,46.8,66.0,1006.6,0,267,1.0
1258,10015,2025-04-18 13:59:50.075000+00:00,28.1,46.8,65.0,1006.7,0,282,0.8
1258,10015,2025-04-18 14:00:50.060000+00:00,28.3,46.8,64.0,1006.6,0,301,1.4
1258,10015,2025-04-18 14:01:50.063000+00:00,28.2,46.7,65.0,1006.7,0,295,1.9
1258,10015,2025-04-18 14:02:50.071000+00:00,28.2,46.3,66.0,1006.6,0,354,2.1
1258,10015,2025-04-18 14:03:50.087000+00:00,28.1,46.7,65.0,1006.7,0,323,0.9
1258,10015,2025-04-18 14:04:50.094000+00:00,28.1,46.5,65.0,1006.6,0,293,1.1
1258,10015,2025-04-18 14:05:50.094000+00:00,28.0,46.0,65.0,1006.7,0,260,2.2
1258,10015,2025-04-18 14:06:50.126000+00:00,28.0,46.0,65.0,1006.7,0,260,2.2
1258,10015,2025-04-18 14:07:50.111000+00:00,28.0,45.9,67.0,1006.6,0,281,2.2
1258,10015,2025-04-18 14:08:50.131000+00:00,28.1,45.8,67.0,1006.7,0,276,1.8
1258,10015,2025-04-18 14:09:50.131000+00:00,28.1,45.8,68.0,1006.6,0,265,2.2
1258,10015,2025-04-18 14:10:50.149000+00:00,28.1,45.9,68.0,1006.6,0,322,1.7
1258,10015,2025-04-18 14:11:50.144000+00:00,28.0,45.8,69.0,1006.7,0,282,2.2
1258,10015,2025-04-18 14:12:50.159000+00:00,28.0,45.8,67.0,1006.7,0,281,1.6
1258,10015,2025-04-18 14:13:50.155000+00:00,28.0,45.7,67.0,1006.6,0,252,1.8
1258,10015,2025-04-18 14:14:50.156000+00:00,28.0,44.6,68.0,1006.7,0,283,1.5
1258,10015,2025-04-18 14:15:50.158000+00:00,28.1,45.3,68.0,1006.7,0,266,1.5
1258,10015,2025-04-18 14:16:50.154000+00:00,28.3,45.3,68.0,1006.7,0,0,0.6
1258,10015,2025-04-18 14:17:50.153000+00:00,28.3,45.3,67.0,1006.7,0,291,0.3
1258,10015,2025-04-18 14:18:50.151000+00:00,28.3,44.2,68.0,1006.7,0,280,1.6
1258,10015,2025-04-18 14:19:50.150000+00:00,28.3,43.9,68.0,1006.6,0,349,1.6
1258,10015,2025-04-18 14:20:50.166000+00:00,28.3,44.4,68.0,1006.6,0,4,1.1
1258,10015,2025-04-18 14:21:50.152000+00:00,28.4,44.7,67.0,1006.6,0,272,1.0
1258,10015,2025-04-18 14:22:50.150000+00:00,28.3,43.8,67.0,1006.6,0,309,2.4
1258,10015,2025-04-18 14:23:50.154000+00:00,28.3,44.0,68.0,1006.8,0,282,1.9
1258,10015,2025-04-18 14:24:50.182000+00:00,28.2,44.0,69.0,1006.8,0,358,1.7
1258,10015,2025-04-18 14:25:50.182000+00:00,28.2,44.1,70.0,1006.7,0,270,1.5
1258,10015,2025-04-18 14:26:50.200000+00:00,28.2,43.9,68.0,1006.7,0,296,1.8
1258,10015,2025-04-18 14:27:50.209000+00:00,28.2,44.1,68.0,1006.7,0,267,1.4
1258,10015,2025-04-18 14:28:50.228000+00:00,28.1,43.8,69.0,1006.7,0,275,1.1
1258,10015,2025-04-18 14:29:50.250000+00:00,28.0,43.5,68.0,1006.8,0,356,1.1
1258,10015,2025-04-18 14:30:50.268000+00:00,28.0,43.4,67.0,1006.7,0,322,1.2
1258,10015,2025-04-18 14:31:50.275000+00:00,28.0,43.7,67.0,1006.7,0,284,1.0
1258,10015,2025-04-18 14:32:50.287000+00:00,28.0,43.7,68.0,1006.7,0,272,1.2
1258,10015,2025-04-18 14:33:50.294000+00:00,28.0,43.4,66.0,1006.7,0,281,1.5
1258,10015,2025-04-18 14:34:50.304000+00:00,28.0,43.4,66.0,1006.7,0,268,1.7
1258,10015,2025-04-18 14:35:50.315000+00:00,28.0,43.4,66.0,1006.7,0,244,1.4
1258,10015,2025-04-18 14:36:50.322000+00:00,28.0,43.4,65.0,1006.8,0,279,1.4
1258,10016,2025-04-18 16:46:50.652000+00:00,28.2,37.6,63.0,1006.8,0,323,0.7
1258,10016,2025-04-18 16:47:50.637000+00:00,28.2,37.8,62.0,1006.8,0,253,0.7
1258,10016,2025-04-18 16:48:50.648000+00:00,28.3,38.1,61.0,1006.8,0,0,0.5
1258,10016,2025-04-18 16:49:50.650000+00:00,28.3,38.1,60.0,1006.9,0,273,0.4
1258,10016,2025-04-18 16:50:50.654000+00:00,28.4,37.8,59.0,1006.9,0,295,0.8
1258,10016,2025-04-18 16:51:50.647000+00:00,28.4,37.9,59.0,1006.7,0,284,0.6
1258,10016,2025-04-18 16:52:50.663000+00:00,28.4,38.0,60.0,1006.8,0,312,0.6
1258,10016,2025-04-18 16:53:50.661000+00:00,28.4,37.6,63.0,1006.8,0,255,0.5
1258,10016,2025-04-18 16:54:50.683000+00:00,28.4,37.6,63.0,1006.8,0,0,0.4
1258,10016,2025-04-18 16:55:50.693000+00:00,28.4,37.6,60.0,1006.8,0,0,0.4
1258,10016,2025-04-18 16:56:50.693000+00:00,28.4,37.7,60.0,1006.8,0,226,0.0
1258,10016,2025-04-18 16:57:50.722000+00:00,28.4,37.3,61.0,1006.8,0,253,0.0
1258,10016,2025-04-18 16:58:50.716000+00:00,28.4,37.3,61.0,1006.8,0,286,0.4
1258,10016,2025-04-18 16:59:50.733000+00:00,28.5,37.5,61.0,1006.8,0,330,0.0
1258,10016,2025-04-18 17:00:50.745000+00:00,28.5,37.7,61.0,1006.7,0,280,0.4
1258,10016,2025-04-18 17:01:50.767000+00:00,28.7,38.0,58.0,1006.9,0,253,0.5
1258,10016,2025-04-18 17:02:50.755000+00:00,28.7,38.0,59.0,1006.8,0,272,0.9
1258,10016,2025-04-18 17:03:50.781000+00:00,28.7,37.7,57.0,1006.9,0,271,0.8
1258,10016,2025-04-18 17:04:50.790000+00:00,28.8,37.7,56.0,1006.9,0,277,0.9
1258,10016,2025-04-18 17:05:50.790000+00:00,28.7,38.4,55.0,1006.9,0,291,0.7
1258,10016,2025-04-18 17:06:50.791000+00:00,28.6,38.4,56.0,1006.9,0,257,0.5
1258,10016,2025-04-18 17:07:50.778000+00:00,28.6,37.5,56.0,1007.0,0,282,0.9
1258,10016,2025-04-18 17:08:50.784000+00:00,28.5,37.2,56.0,1007.0,0,268,0.7
1258,10016,2025-04-18 17:09:50.803000+00:00,28.5,37.2,56.0,1006.8,0,0,0.5
1258,10016,2025-04-18 17:10:50.776000+00:00,28.5,38.1,54.0,1007.0,0,0,0.4
1258,10016,2025-04-18 17:11:50.788000+00:00,28.6,37.4,55.0,1006.9,0,301,0.8
1258,10016,2025-04-18 17:12:50.794000+00:00,28.8,37.9,52.0,1007.0,0,256,0.6
1258,10016,2025-04-18 17:13:50.799000+00:00,28.8,38.2,48.0,1007.0,0,153,0.5
1258,10016,2025-04-18 17:14:50.794000+00:00,28.9,38.2,46.0,1007.0,0,143,1.4
1258,10016,2025-04-18 17:15:50.794000+00:00,28.9,38.0,45.0,1007.0,0,180,1.2
1258,10016,2025-04-18 17:16:50.798000+00:00,29.0,37.8,45.0,1007.0,0,0,0.6
1258,10016,2025-04-18 17:17:50.797000+00:00,29.0,37.8,45.0,1007.0,0,0,0.6
1258,10016,2025-04-18 17:18:50.791000+00:00,28.9,37.8,50.0,1007.0,0,205,0.5
1258,10016,2025-04-18 17:19:50.802000+00:00,28.8,37.8,48.0,1007.1,0,158,0.8
1258,10016,2025-04-18 17:20:50.967000+00:00,28.7,37.5,44.0,1007.0,0,137,0.8
1258,10016,2025-04-18 17:21:50.967000+00:00,28.8,37.4,44.0,1007.0,0,27,0.9
1258,10016,2025-04-18 17:22:50.958000+00:00,28.9,37.2,43.0,1007.0,0,0,0.4
1258,10016,2025-04-18 17:23:50.962000+00:00,28.9,37.2,43.0,1007.0,0,44,0.0
1258,10016,2025-04-18 17:24:50.971000+00:00,29.0,37.3,43.0,1007.0,0,132,0.9
1258,10016,2025-04-18 17:25:50.974000+00:00,29.0,37.2,43.0,1007.2,0,126,0.6
1258,10016,2025-04-18 17:26:50.962000+00:00,29.0,37.2,42.0,1007.1,0,99,0.8
1258,10016,2025-04-18 17:27:50.975000+00:00,29.0,37.2,41.0,1007.0,0,93,1.1
1258,10016,2025-04-18 17:28:50.973000+00:00,29.1,37.2,41.0,1007.1,0,151,1.8
1258,10016,2025-04-18 17:29:50.992000+00:00,29.4,37.3,40.0,1007.1,0,148,2.0
1258,10016,2025-04-18 17:30:51.011000+00:00,29.5,37.2,40.0,1007.1,0,148,1.3
1258,10016,2025-04-18 17:31:51.024000+00:00,29.6,37.1,40.0,1007.1,0,171,1.6
1258,10016,2025-04-18 17:32:51.024000+00:00,29.7,36.9,39.0,1007.0,0,133,1.5
1258,10016,2025-04-18 17:33:51.046000+00:00,29.9,36.8,39.0,1007.0,0,140,1.7
1258,10016,2025-04-18 17:34:51.062000+00:00,30.0,36.8,39.0,1007.0,0,150,1.7
1258,10016,2025-04-18 17:35:51.051000+00:00,30.1,36.7,39.0,1007.1,0,113,1.5
1258,10016,2025-04-18 17:36:51.053000+00:00,30.3,36.6,39.0,1007.0,0,137,1.4
1258,10016,2025-04-18 17:37:51.057000+00:00,30.6,36.7,39.0,1007.1,0,143,1.2
1258,10016,2025-04-18 17:38:51.060000+00:00,30.9,36.6,39.0,1007.1,0,106,1.2
1258,10016,2025-04-18 17:39:51.063000+00:00,31.0,36.5,39.0,1007.1,0,152,1.0
1258,10016,2025-04-18 17:40:51.061000+00:00,31.1,36.5,39.0,1007.1,0,0,1.9
1258,10016,2025-04-18 17:41:51.051000+00:00,31.2,36.3,39.0,1007.1,0,103,0.9
1258,10016,2025-04-18 17:42:51.067000+00:00,31.2,36.3,39.0,1007.2,0,90,0.5
1258,10016,2025-04-18 17:43:51.080000+00:00,31.2,36.3,39.0,1007.1,0,64,0.6
1258,10016,2025-04-18 17:44:51.078000+00:00,31.1,36.3,39.0,1007.1,0,117,0.7
1258,10016,2025-04-18 17:45:51.069000+00:00,31.1,36.3,39.0,1007.1,0,106,0.9
1258,10016,2025-04-18 17:46:51.094000+00:00,31.2,36.3,39.0,1007.0,0,82,0.8
1258,10016,2025-04-18 17:47:51.088000+00:00,31.2,36.3,39.0,1007.1,0,145,0.6
1258,10016,2025-04-18 17:48:51.115000+00:00,31.3,36.3,39.0,1007.2,0,143,1.3
1258,10016,2025-04-18 17:49:51.117000+00:00,31.3,36.3,39.0,1007.0,0,147,1.7
1258,10016,2025-04-18 17:50:51.111000+00:00,31.4,36.2,39.0,1007.1,0,131,1.8
1258,10016,2025-04-18 17:51:51.113000+00:00,31.4,36.2,39.0,1007.0,0,154,1.8
1258,10016,2025-04-18 17:52:51.104000+00:00,31.4,36.2,39.0,1007.2,0,142,1.4
1258,10016,2025-04-18 17:53:51.135000+00:00,31.5,36.2,39.0,1007.1,0,102,2.0
1258,10016,2025-04-18 17:54:51.148000+00:00,31.5,36.0,39.0,1007.0,0,50,0.9
1258,10016,2025-04-18 17:55:51.157000+00:00,31.4,35.7,39.0,1007.0,0,51,1.3
1258,10016,2025-04-18 17:56:51.158000+00:00,31.3,35.7,39.0,1007.0,0,60,0.8
1258,10016,2025-04-18 17:57:51.167000+00:00,31.2,35.7,39.0,1007.0,0,46,1.1
1258,10016,2025-04-18 17:58:51.188000+00:00,31.1,35.7,39.0,1007.0,0,57,0.8
1258,10016,2025-04-18 17:59:51.192000+00:00,31.1,35.7,39.0,1007.0,0,82,0.9
1258,10016,2025-04-18 18:00:51.202000+00:00,31.1,35.7,39.0,1007.1,0,67,0.9
1258,10016,2025-04-18 18:01:51.203000+00:00,31.1,35.6,39.0,1007.1,0,52,0.7
1258,10016,2025-04-18 18:02:51.190000+00:00,31.2,35.6,39.0,1007.1,0,122,0.9
1258,10016,2025-04-18 18:03:51.193000+00:00,31.3,35.8,39.0,1007.1,0,75,0.9
1258,10016,2025-04-18 18:04:51.205000+00:00,31.4,35.8,39.0,1007.1,0,75,0.9
1258,10016,2025-04-18 18:05:51.234000+00:00,31.4,35.8,39.0,1007.1,0,152,1.1
1258,10016,2025-04-18 18:06:51.219000+00:00,31.4,35.7,39.0,1007.0,0,82,0.9
1258,10017,2025-04-19 13:16:55.358000+00:00,29.1,52.7,67.0,1005.7,0,280,2.1
1258,10017,2025-04-19 13:17:55.362000+00:00,29.1,52.7,67.0,1005.8,0,306,2.0
1258,10017,2025-04-19 13:18:55.369000+00:00,29.2,53.1,66.0,1005.7,0,243,1.7
1258,10017,2025-04-19 13:19:55.394000+00:00,29.3,53.1,66.0,1005.7,0,231,1.7
1258,10017,2025-04-19 13:20:55.388000+00:00,29.3,53.4,66.0,1005.6,0,269,0.9
1258,10017,2025-04-19 13:21:55.401000+00:00,29.3,53.4,66.0,1005.7,0,303,1.8
1258,10017,2025-04-19 13:22:55.439000+00:00,29.3,52.9,66.0,1005.7,0,275,2.0
1258,10017,2025-04-19 13:23:55.422000+00:00,29.2,52.5,66.0,1005.7,0,272,1.5
1258,10017,2025-04-19 13:24:55.431000+00:00,29.2,52.5,67.0,1005.7,0,294,2.3
1258,10017,2025-04-19 13:25:55.420000+00:00,29.2,52.4,67.0,1005.8,0,286,2.4
1258,10017,2025-04-19 13:26:55.434000+00:00,29.1,52.0,68.0,1005.7,0,281,2.2
1258,10017,2025-04-19 13:27:55.440000+00:00,29.1,51.3,67.0,1005.7,0,281,2.6
1258,10017,2025-04-19 13:28:55.426000+00:00,29.1,51.3,66.0,1005.7,0,287,2.8
1258,10017,2025-04-19 13:29:55.441000+00:00,29.0,52.2,66.0,1005.8,0,262,2.8
1258,10017,2025-04-19 13:30:55.433000+00:00,29.0,52.2,65.0,1005.8,0,261,2.2
1258,10017,2025-04-19 13:31:55.430000+00:00,29.1,52.1,63.0,1005.6,0,274,1.8
1258,10017,2025-04-19 13:32:55.442000+00:00,29.1,51.6,63.0,1005.7,0,248,1.8
1258,10017,2025-04-19 13:33:55.442000+00:00,29.2,51.2,63.0,1005.7,0,300,2.1
1258,10017,2025-04-19 13:34:55.441000+00:00,29.1,51.4,63.0,1005.7,0,286,1.7
1258,10017,2025-04-19 13:35:55.431000+00:00,29.1,50.9,63.0,1005.6,0,293,2.8
1258,10017,2025-04-19 13:36:55.448000+00:00,29.1,50.6,63.0,1005.7,0,282,2.5
1258,10017,2025-04-19 13:37:55.431000+00:00,29.1,50.6,63.0,1005.7,0,279,2.6
1258,10017,2025-04-19 13:38:55.451000+00:00,29.1,50.6,63.0,1005.7,0,286,2.6
1258,10017,2025-04-19 13:39:55.441000+00:00,29.0,50.6,63.0,1005.6,0,260,2.5
1258,10017,2025-04-19 13:40:55.435000+00:00,29.0,50.6,63.0,1005.7,0,279,2.0
1258,10017,2025-04-19 13:41:55.430000+00:00,29.0,50.4,64.0,1005.7,0,273,3.1
1258,10017,2025-04-19 13:42:55.436000+00:00,29.0,50.4,65.0,1005.6,0,295,2.4
1258,10017,2025-04-19 13:43:55.454000+00:00,28.9,49.6,65.0,1005.6,0,281,2.2
1258,10017,2025-04-19 13:44:55.436000+00:00,28.9,49.6,65.0,1005.7,0,283,1.9
1258,10017,2025-04-19 13:45:55.443000+00:00,29.0,49.9,65.0,1005.7,0,267,2.6
1258,10017,2025-04-19 13:46:55.453000+00:00,29.0,50.2,66.0,1005.7,0,288,1.8
1258,10017,2025-04-19 13:47:55.443000+00:00,29.1,50.6,64.0,1005.6,0,272,1.8
1258,10017,2025-04-19 13:48:55.440000+00:00,29.2,50.2,62.0,1005.7,0,286,2.0
1258,10017,2025-04-19 13:49:55.450000+00:00,29.1,49.1,62.0,1005.6,0,279,2.5
1258,10017,2025-04-19 13:50:55.441000+00:00,29.2,48.9,62.0,1005.6,0,298,2.3
1258,10017,2025-04-19 13:51:55.457000+00:00,29.3,49.7,60.0,1005.6,0,301,1.9
1258,10017,2025-04-19 13:52:55.445000+00:00,29.4,50.1,60.0,1005.6,0,298,1.0
1258,10017,2025-04-19 13:53:55.451000+00:00,29.5,49.3,57.0,1005.6,0,278,2.0
1258,10017,2025-04-19 13:54:55.430000+00:00,29.5,49.3,56.0,1005.7,0,283,1.6
1258,10017,2025-04-19 13:55:55.459000+00:00,29.5,49.2,55.0,1005.6,0,282,2.3
1258,10017,2025-04-19 13:56:55.446000+00:00,29.4,48.8,55.0,1005.6,0,313,2.0
1258,10017,2025-04-19 13:57:55.450000+00:00,29.3,48.4,56.0,1005.7,0,281,1.6
1258,10017,2025-04-19 13:58:55.492000+00:00,29.4,48.2,56.0,1005.6,0,283,2.2
1258,10017,2025-04-19 13:59:55.448000+00:00,29.4,48.0,56.0,1005.5,0,281,1.7
1258,10017,2025-04-19 14:00:55.461000+00:00,29.4,48.0,57.0,1005.6,0,272,1.9
1258,10017,2025-04-19 14:01:55.463000+00:00,29.4,48.0,57.0,1005.6,0,276,2.4
1258,10017,2025-04-19 14:02:55.459000+00:00,29.4,47.8,58.0,1005.6,0,299,1.8
1258,10017,2025-04-19 14:03:55.450000+00:00,29.4,47.5,57.0,1005.6,0,281,1.7
1258,10017,2025-04-19 14:04:55.462000+00:00,29.4,47.7,56.0,1005.7,0,301,2.0
1258,10017,2025-04-19 14:05:55.467000+00:00,29.4,47.5,57.0,1005.6,0,281,1.4
1258,10017,2025-04-19 14:06:55.457000+00:00,29.4,47.2,57.0,1005.7,0,284,2.2
1258,10017,2025-04-19 14:07:55.454000+00:00,29.4,47.9,57.0,1005.7,0,275,1.9
1258,10017,2025-04-19 14:08:55.451000+00:00,29.3,47.6,58.0,1005.6,0,323,2.2
1258,10017,2025-04-19 14:09:55.471000+00:00,29.3,46.9,58.0,1005.6,0,268,1.8
1258,10017,2025-04-19 14:10:55.472000+00:00,29.2,47.0,59.0,1005.6,0,284,1.8
1258,10017,2025-04-19 14:11:55.468000+00:00,29.3,46.9,59.0,1005.6,0,334,1.0
1258,10017,2025-04-19 14:12:55.474000+00:00,29.4,46.9,58.0,1005.6,0,263,1.3
1258,10017,2025-04-19 14:13:55.459000+00:00,29.4,46.6,59.0,1005.6,0,306,2.0
1258,10017,2025-04-19 14:14:55.467000+00:00,29.4,46.1,59.0,1005.6,0,261,1.6
1258,10017,2025-04-19 14:15:55.470000+00:00,29.4,46.8,60.0,1005.6,0,265,2.3
1258,10017,2025-04-19 14:16:55.495000+00:00,29.5,46.8,60.0,1005.8,0,333,1.7
1258,10017,2025-04-19 14:17:55.468000+00:00,29.4,46.6,60.0,1005.7,0,266,1.4
1258,10017,2025-04-19 14:18:55.480000+00:00,29.3,46.3,61.0,1005.7,0,296,2.0
1258,10017,2025-04-19 14:19:55.474000+00:00,29.2,46.3,62.0,1005.6,0,291,2.0
1258,10017,2025-04-19 14:20:55.471000+00:00,29.2,46.2,63.0,1005.6,0,256,1.4
1258,10017,2025-04-19 14:21:55.470000+00:00,29.2,46.2,63.0,1005.7,0,31,0.9
1258,10017,2025-04-19 14:22:55.472000+00:00,29.3,45.7,62.0,1005.6,0,298,1.0
1258,10017,2025-04-19 14:23:55.475000+00:00,29.3,45.5,62.0,1005.6,0,284,1.4
1258,10017,2025-04-19 14:24:55.479000+00:00,29.2,45.5,63.0,1005.6,0,321,1.7
1258,10017,2025-04-19 14:25:55.480000+00:00,29.3,45.0,63.0,1005.5,0,281,1.4
1258,10017,2025-04-19 14:26:55.476000+00:00,29.3,45.0,62.0,1005.5,0,261,1.5
1258,10017,2025-04-19 14:27:55.484000+00:00,29.4,45.2,59.0,1005.6,0,257,1.6
1258,10017,2025-04-19 14:28:55.468000+00:00,29.4,45.2,59.0,1005.6,0,278,2.1
1258,10017,2025-04-19 14:29:55.474000+00:00,29.5,45.2,59.0,1005.6,0,294,2.4
1258,10017,2025-04-19 14:30:55.484000+00:00,29.5,45.2,59.0,1005.6,0,286,1.1
1258,10017,2025-04-19 14:31:55.510000+00:00,29.6,45.3,59.0,1005.6,0,268,1.2
1258,10017,2025-04-19 14:32:55.482000+00:00,29.6,45.3,58.0,1005.5,0,344,1.4
1258,10017,2025-04-19 14:33:55.485000+00:00,29.5,45.1,57.0,1005.5,0,2,1.8
1258,10017,2025-04-19 14:34:55.488000+00:00,29.5,44.8,56.0,1005.5,0,283,1.2
1258,10017,2025-04-19 14:35:55.477000+00:00,29.5,44.7,56.0,1005.6,0,294,1.2
1258,10017,2025-04-19 14:36:55.484000+00:00,29.6,44.7,55.0,1005.6,0,281,1.1
1258,10018,2025-04-19 16:46:55.702000+00:00,28.7,37.5,68.0,1006.0,0,269,1.0
1258,10018,2025-04-19 16:47:55.710000+00:00,28.8,38.0,66.0,1006.1,0,316,1.1
1258,10018,2025-04-19 16:48:55.703000+00:00,28.8,37.7,66.0,1006.1,0,335,1.4
1258,10018,2025-04-19 16:49:55.711000+00:00,28.9,37.7,66.0,1006.1,0,335,1.4
1258,10018,2025-04-19 16:50:55.718000+00:00,28.9,37.6,65.0,1006.1,0,284,1.3
1258,10018,2025-04-19 16:51:55.714000+00:00,28.9,37.9,64.0,1006.1,0,289,1.2
1258,10018,2025-04-19 16:52:55.705000+00:00,29.0,38.0,64.0,1006.1,0,272,0.8
1258,10018,2025-04-19 16:53:55.711000+00:00,29.0,37.9,63.0,1006.1,0,270,1.2
1258,10018,2025-04-19 16:54:55.712000+00:00,29.1,38.0,62.0,1006.1,0,283,1.1
1258,10018,2025-04-19 16:55:55.715000+00:00,29.1,38.0,62.0,1006.2,0,272,1.6
1258,10018,2025-04-19 16:56:55.716000+00:00,29.1,38.0,62.0,1006.1,0,300,1.3
1258,10018,2025-04-19 16:57:55.707000+00:00,29.1,37.9,60.0,1006.1,0,287,0.7
1258,10018,2025-04-19 16:58:55.710000+00:00,29.2,37.8,60.0,1006.1,0,336,1.2
1258,10018,2025-04-19 16:59:55.707000+00:00,29.2,38.1,60.0,1006.0,0,276,1.2
1258,10018,2025-04-19 17:00:55.708000+00:00,29.3,38.2,60.0,1006.2,0,288,1.1
1258,10018,2025-04-19 17:01:55.723000+00:00,29.3,38.0,59.0,1006.1,0,290,1.3
1258,10018,2025-04-19 17:02:55.717000+00:00,29.3,37.9,59.0,1006.1,0,270,0.9
1258,10018,2025-04-19 17:03:55.712000+00:00,29.3,37.8,59.0,1006.1,0,251,1.5
1258,10018,2025-04-19 17:04:55.712000+00:00,29.3,37.7,60.0,1006.1,0,219,1.3
1258,10018,2025-04-19 17:05:55.725000+00:00,29.2,37.3,61.0,1006.1,0,280,1.2
1258,10018,2025-04-19 17:06:55.720000+00:00,29.2,36.9,62.0,1006.2,0,264,1.5
1258,10018,2025-04-19 17:07:55.713000+00:00,29.1,36.5,64.0,1006.2,0,283,1.7
1258,10018,2025-04-19 17:08:55.721000+00:00,29.0,36.4,66.0,1006.2,0,279,2.5
1258,10018,2025-04-19 17:09:55.736000+00:00,29.0,36.5,67.0,1006.2,0,281,1.0
1258,10018,2025-04-19 17:10:55.728000+00:00,29.0,36.7,67.0,1006.2,0,271,1.2
1258,10018,2025-04-19 17:11:55.715000+00:00,28.9,37.0,67.0,1006.3,0,311,0.9
1258,10018,2025-04-19 17:12:55.716000+00:00,28.9,36.8,66.0,1006.2,0,324,0.8
1258,10018,2025-04-19 17:13:55.719000+00:00,28.9,36.9,65.0,1006.2,0,244,0.4
1258,10018,2025-04-19 17:14:55.720000+00:00,28.9,36.9,64.0,1006.3,0,0,0.5
1258,10018,2025-04-19 17:15:55.728000+00:00,28.9,37.3,64.0,1006.1,0,149,0.4
1258,10018,2025-04-19 17:16:55.719000+00:00,28.9,37.3,63.0,1006.3,0,228,0.5
1258,10018,2025-04-19 17:17:55.735000+00:00,29.0,37.2,62.0,1006.2,0,263,0.8
1258,10018,2025-04-19 17:18:55.729000+00:00,29.0,37.2,62.0,1006.3,0,170,0.7
1258,10018,2025-04-19 17:19:55.730000+00:00,29.3,37.8,61.0,1006.2,0,312,0.5
1258,10018,2025-04-19 17:20:55.733000+00:00,29.5,37.8,61.0,1006.2,0,238,0.4
1258,10018,2025-04-19 17:21:55.724000+00:00,29.6,37.6,59.0,1006.3,0,355,0.3
1258,10018,2025-04-19 17:22:55.735000+00:00,29.7,37.9,55.0,1006.2,0,22,1.0
1258,10018,2025-04-19 17:23:55.734000+00:00,29.6,38.1,56.0,1006.2,0,342,0.8
1258,10018,2025-04-19 17:24:55.735000+00:00,29.7,38.0,55.0,1006.2,0,320,0.7
1258,10018,2025-04-19 17:25:55.741000+00:00,29.6,37.9,55.0,1006.3,0,296,0.6
1258,10018,2025-04-19 17:26:55.738000+00:00,29.7,38.1,55.0,1006.3,0,0,0.0
1258,10018,2025-04-19 17:27:55.752000+00:00,29.7,37.9,55.0,1006.3,0,345,0.0
1258,10018,2025-04-19 17:28:55.747000+00:00,29.7,37.9,55.0,1006.2,0,0,0.0
1258,10018,2025-04-19 17:29:55.730000+00:00,29.7,38.0,55.0,1006.2,0,131,0.0
1258,10018,2025-04-19 17:30:55.739000+00:00,29.6,38.3,57.0,1006.3,0,0,0.7
1258,10018,2025-04-19 17:31:55.725000+00:00,29.7,38.2,58.0,1006.3,0,273,0.4
1258,10018,2025-04-19 17:32:55.768000+00:00,29.7,37.1,60.0,1006.3,0,274,0.7
1258,10018,2025-04-19 17:33:55.730000+00:00,29.6,36.8,61.0,1006.3,0,308,0.8
1258,10018,2025-04-19 17:34:55.742000+00:00,29.5,36.7,61.0,1006.4,0,317,0.9
1258,10018,2025-04-19 17:35:55.741000+00:00,29.4,36.7,62.0,1006.4,0,316,0.7
1258,10018,2025-04-19 17:36:55.738000+00:00,29.2,36.3,63.0,1006.3,0,227,0.6
1258,10018,2025-04-19 17:37:55.729000+00:00,29.1,36.7,61.0,1006.2,0,268,1.0
1258,10018,2025-04-19 17:38:55.746000+00:00,29.1,37.0,60.0,1006.4,0,282,0.8
1258,10018,2025-04-19 17:39:55.748000+00:00,29.0,36.9,60.0,1006.4,0,164,1.0
1258,10018,2025-04-19 17:40:55.739000+00:00,29.1,36.9,60.0,1006.4,0,164,1.0
1258,10018,2025-04-19 17:41:55.751000+00:00,29.3,37.2,59.0,1006.4,0,254,0.6
1258,10018,2025-04-19 17:42:55.728000+00:00,29.4,37.2,58.0,1006.3,0,91,0.6
1258,10018,2025-04-19 17:43:55.741000+00:00,29.6,37.3,58.0,1006.4,0,0,0.3
1258,10018,2025-04-19 17:44:55.748000+00:00,29.7,37.4,51.0,1006.4,0,349,1.5
1258,10018,2025-04-19 17:45:55.742000+00:00,29.8,37.4,50.0,1006.4,0,336,1.2
1258,10018,2025-04-19 17:46:55.752000+00:00,29.7,37.3,50.0,1006.3,0,329,1.1
1258,10018,2025-04-19 17:47:55.756000+00:00,29.7,37.1,53.0,1006.4,0,334,1.0
1258,10018,2025-04-19 17:48:55.754000+00:00,29.8,37.1,53.0,1006.4,0,334,1.0
1258,10018,2025-04-19 17:49:55.754000+00:00,29.8,36.7,56.0,1006.4,0,0,0.6
1258,10018,2025-04-19 17:50:55.743000+00:00,29.8,36.1,56.0,1006.4,0,286,1.1
1258,10018,2025-04-19 17:51:55.760000+00:00,29.8,36.7,57.0,1006.4,0,304,1.0
1258,10018,2025-04-19 17:52:55.743000+00:00,29.8,36.6,57.0,1006.5,0,194,0.6
1258,10018,2025-04-19 17:53:55.754000+00:00,29.8,36.8,56.0,1006.5,0,281,0.5
1258,10018,2025-04-19 17:54:55.754000+00:00,29.9,36.8,56.0,1006.4,0,290,0.6
1258,10018,2025-04-19 17:55:55.766000+00:00,29.9,36.5,55.0,1006.5,0,0,0.4
1258,10018,2025-04-19 17:56:55.749000+00:00,30.0,35.7,56.0,1006.5,0,317,0.0
1258,10018,2025-04-19 17:57:55.765000+00:00,30.0,35.7,56.0,1006.5,0,294,0.0
1258,10018,2025-04-19 17:58:55.783000+00:00,30.1,36.2,51.0,1006.5,0,2,0.7
1258,10018,2025-04-19 17:59:55.769000+00:00,30.3,36.8,48.0,1006.5,0,19,1.1
1258,10018,2025-04-19 18:00:55.812000+00:00,30.3,36.7,47.0,1006.5,0,1,1.1
1258,10018,2025-04-19 18:01:55.809000+00:00,30.3,36.7,47.0,1006.5,0,345,1.1
1258,10018,2025-04-19 18:02:55.813000+00:00,30.4,36.7,46.0,1006.4,0,8,1.3
1258,10018,2025-04-19 18:03:55.798000+00:00,30.5,36.8,46.0,1006.5,0,63,1.2
1258,10018,2025-04-19 18:04:55.808000+00:00,30.7,36.8,45.0,1006.5,0,171,0.7
1258,10018,2025-04-19 18:05:55.805000+00:00,30.9,36.7,45.0,1006.6,0,87,0.7
1258,10018,2025-04-19 18:06:55.817000+00:00,31.0,36.7,45.0,1006.6,0,87,0.7
1258,10018,2025-04-19 18:07:55.814000+00:00,31.0,36.9,45.0,1006.5,0,60,0.0
1258,10018,2025-04-19 18:08:55.824000+00:00,31.1,36.9,45.0,1006.6,0,147,0.5
1258,10018,2025-04-19 18:09:55.846000+00:00,31.3,36.9,45.0,1006.6,0,128,1.0
1258,10018,2025-04-19 18:10:55.868000+00:00,31.4,36.9,45.0,1006.6,0,141,1.0
1258,10018,2025-04-19 18:11:55.868000+00:00,31.4,36.9,44.0,1006.6,0,68,0.9
1258,10022,2025-04-20 16:07:00.731000+00:00,28.7,39.4,71.0,1006.3,0,315,1.2
1258,10022,2025-04-20 16:08:00.728000+00:00,28.7,39.4,71.0,1006.3,0,284,1.4
1258,10022,2025-04-20 16:09:00.727000+00:00,28.7,39.4,70.0,1006.4,0,261,0.9
1258,10022,2025-04-20 16:10:00.741000+00:00,28.7,39.4,71.0,1006.3,0,265,0.9
1258,10022,2025-04-20 16:11:00.736000+00:00,28.7,39.2,70.0,1006.3,0,283,1.8
1258,10022,2025-04-20 16:12:00.736000+00:00,28.7,39.2,70.0,1006.3,0,265,2.2
1258,10022,2025-04-20 16:13:00.743000+00:00,28.6,39.0,71.0,1006.4,0,284,1.6
1258,10022,2025-04-20 16:14:00.736000+00:00,28.6,39.0,71.0,1006.4,0,285,1.3
1258,10022,2025-04-20 16:15:00.741000+00:00,28.6,38.9,71.0,1006.3,0,287,1.1
1258,10022,2025-04-20 16:16:00.741000+00:00,28.6,38.9,71.0,1006.3,0,290,0.9
1258,10022,2025-04-20 16:17:00.751000+00:00,28.6,39.1,71.0,1006.4,0,283,0.9
1258,10022,2025-04-20 16:18:00.744000+00:00,28.6,39.2,71.0,1006.4,0,335,1.0
1258,10022,2025-04-20 16:19:00.747000+00:00,28.5,39.2,71.0,1006.4,0,287,0.8
1258,10022,2025-04-20 16:20:00.741000+00:00,28.5,39.1,70.0,1006.4,0,338,1.4
1258,10022,2025-04-20 16:21:00.745000+00:00,28.5,39.1,69.0,1006.3,0,321,1.4
1258,10022,2025-04-20 16:22:00.751000+00:00,28.5,38.8,69.0,1006.3,0,348,1.4
1258,10022,2025-04-20 16:23:00.740000+00:00,28.6,39.0,69.0,1006.3,0,317,0.9
1258,10022,2025-04-20 16:24:00.746000+00:00,28.7,39.0,68.0,1006.3,0,255,1.2
1258,10022,2025-04-20 16:25:00.752000+00:00,28.7,39.0,68.0,1006.3,0,353,1.2
1258,10022,2025-04-20 16:26:00.772000+00:00,28.8,38.6,69.0,1006.4,0,302,1.1
1258,10022,2025-04-20 16:27:00.775000+00:00,28.8,38.4,69.0,1006.4,0,282,1.1
1258,10022,2025-04-20 16:28:00.769000+00:00,28.8,38.3,70.0,1006.4,0,303,1.2
1258,10022,2025-04-20 16:29:00.773000+00:00,28.7,38.6,70.0,1006.4,0,278,1.1
1258,10022,2025-04-20 16:30:00.758000+00:00,28.7,38.6,70.0,1006.4,0,268,2.0
1258,10022,2025-04-20 16:31:00.786000+00:00,28.7,38.5,71.0,1006.4,0,285,1.3
1258,10022,2025-04-20 16:32:00.786000+00:00,28.6,38.4,71.0,1006.4,0,272,1.3
1258,10022,2025-04-20 16:33:00.795000+00:00,28.6,38.6,71.0,1006.4,0,273,1.0
1258,10022,2025-04-20 16:34:00.801000+00:00,28.6,38.7,71.0,1006.4,0,323,1.1
1258,10022,2025-04-20 16:35:00.858000+00:00,28.6,38.7,71.0,1006.4,0,285,0.9
1258,10022,2025-04-20 16:36:00.817000+00:00,28.6,38.7,71.0,1006.5,0,284,0.9
1258,10022,2025-04-20 16:37:00.836000+00:00,28.6,38.8,71.0,1006.5,0,301,0.9
1258,10022,2025-04-20 16:38:00.828000+00:00,28.6,38.8,71.0,1006.5,0,265,1.1
1258,10022,2025-04-20 16:39:00.852000+00:00,28.6,38.7,71.0,1006.3,0,287,1.3
1258,10022,2025-04-20 16:40:00.857000+00:00,28.6,38.7,72.0,1006.4,0,337,1.3
1258,10022,2025-04-20 16:41:00.858000+00:00,28.5,38.5,72.0,1006.4,0,287,0.8
1258,10022,2025-04-20 16:42:00.878000+00:00,28.5,38.5,72.0,1006.4,0,30,0.5
1258,10022,2025-04-20 16:43:00.890000+00:00,28.5,38.6,71.0,1006.4,0,234,1.1
1258,10022,2025-04-20 16:44:00.877000+00:00,28.5,38.7,71.0,1006.5,0,263,0.8
1258,10022,2025-04-20 16:45:00.877000+00:00,28.5,38.7,71.0,1006.4,0,329,1.3
1258,10022,2025-04-20 16:46:00.936000+00:00,28.5,38.2,70.0,1006.4,0,289,0.8
1258,10022,2025-04-20 16:47:00.887000+00:00,28.5,38.4,71.0,1006.5,0,266,1.2
1258,10022,2025-04-20 16:48:00.891000+00:00,28.5,38.3,71.0,1006.5,0,267,1.1
1258,10022,2025-04-20 16:49:00.895000+00:00,28.6,38.3,72.0,1006.4,0,275,1.4
1258,10022,2025-04-20 16:50:00.892000+00:00,28.6,38.0,72.0,1006.5,0,290,1.5
1258,10022,2025-04-20 16:51:00.892000+00:00,28.6,37.6,73.0,1006.4,0,279,1.9
1258,10022,2025-04-20 16:52:00.895000+00:00,28.5,37.6,74.0,1006.4,0,284,1.5
1258,10022,2025-04-20 16:53:00.904000+00:00,28.5,37.4,74.0,1006.5,0,281,1.5
1258,10022,2025-04-20 16:54:00.893000+00:00,28.4,37.6,74.0,1006.6,0,268,1.3
1258,10022,2025-04-20 16:55:00.902000+00:00,28.4,37.9,74.0,1006.5,0,287,1.3
1258,10022,2025-04-20 16:56:00.903000+00:00,28.3,38.2,74.0,1006.5,0,285,1.1
1258,10022,2025-04-20 16:57:00.897000+00:00,28.4,37.9,74.0,1006.5,0,298,1.2
1258,10022,2025-04-20 16:58:00.897000+00:00,28.4,37.9,74.0,1006.6,0,277,1.0
1258,10022,2025-04-20 16:59:00.900000+00:00,28.4,37.9,73.0,1006.5,0,282,0.8
1258,10022,2025-04-20 17:00:00.898000+00:00,28.4,38.1,73.0,1006.5,0,290,1.1
1258,10022,2025-04-20 17:01:00.898000+00:00,28.4,38.1,72.0,1006.5,0,298,0.7
1258,10022,2025-04-20 17:02:00.894000+00:00,28.5,38.4,71.0,1006.5,0,266,0.7
1258,10022,2025-04-20 17:03:00.896000+00:00,28.5,38.4,71.0,1006.5,0,274,0.8
1258,10022,2025-04-20 17:04:00.902000+00:00,28.5,38.1,70.0,1006.6,0,269,0.9
1258,10022,2025-04-20 17:05:00.896000+00:00,28.5,38.2,70.0,1006.5,0,345,1.1
1258,10022,2025-04-20 17:06:00.910000+00:00,28.6,38.4,69.0,1006.6,0,318,0.8
1258,10022,2025-04-20 17:07:00.895000+00:00,28.6,38.4,69.0,1006.5,0,274,0.8
1258,10022,2025-04-20 17:08:00.897000+00:00,28.7,37.9,69.0,1006.6,0,0,0.6
1258,10022,2025-04-20 17:09:00.905000+00:00,28.7,38.1,68.0,1006.7,0,268,1.0
1258,10022,2025-04-20 17:10:00.896000+00:00,28.8,38.3,67.0,1006.7,0,300,1.2
1258,10022,2025-04-20 17:11:00.907000+00:00,28.8,38.6,67.0,1006.7,0,300,0.8
1258,10022,2025-04-20 17:12:00.920000+00:00,28.9,38.1,67.0,1006.6,0,330,1.0
1258,10022,2025-04-20 17:13:00.908000+00:00,28.9,38.1,67.0,1006.7,0,158,0.4
1258,10022,2025-04-20 17:14:00.899000+00:00,28.9,38.3,67.0,1006.7,0,0,1.2
1258,10022,2025-04-20 17:15:00.912000+00:00,28.9,38.3,67.0,1006.8,0,139,0.0
1258,10022,2025-04-20 17:16:00.912000+00:00,28.9,38.2,66.0,1006.7,0,213,1.5
1258,10022,2025-04-20 17:17:00.903000+00:00,29.0,38.2,66.0,1006.7,0,258,0.9
1258,10022,2025-04-20 17:18:00.903000+00:00,29.1,38.2,66.0,1006.7,0,258,0.9
1258,10022,2025-04-20 17:19:00.907000+00:00,29.1,38.1,65.0,1006.7,0,280,0.8
1258,10022,2025-04-20 17:20:00.915000+00:00,29.2,38.2,65.0,1006.8,0,265,1.3
1258,10022,2025-04-20 17:21:00.920000+00:00,29.2,38.0,66.0,1006.7,0,176,1.2
1258,10022,2025-04-20 17:22:00.905000+00:00,29.2,38.0,66.0,1006.8,0,280,1.1
1258,10022,2025-04-20 17:23:00.916000+00:00,29.3,38.0,66.0,1006.9,0,264,0.9
1258,10022,2025-04-20 17:24:00.915000+00:00,29.2,37.4,66.0,1006.8,0,251,1.0
1258,10022,2025-04-20 17:25:00.915000+00:00,29.3,37.3,65.0,1006.9,0,0,0.8
1258,10022,2025-04-20 17:26:00.915000+00:00,29.2,37.1,66.0,1007.0,0,149,0.4
1258,10022,2025-04-20 17:27:00.925000+00:00,29.2,37.1,66.0,1007.0,0,270,0.9
1258,10022,2025-04-20 17:28:00.912000+00:00,29.2,37.9,65.0,1006.9,0,260,0.9
1258,10022,2025-04-20 17:29:00.920000+00:00,29.2,37.3,65.0,1006.9,0,0,0.0
1258,10022,2025-04-20 17:30:00.923000+00:00,29.3,37.5,65.0,1006.9,0,280,0.4
1258,10022,2025-04-20 17:31:00.923000+00:00,29.2,37.7,65.0,1006.9,0,85,0.7
1258,10022,2025-04-20 17:32:00.925000+00:00,29.3,37.7,64.0,1006.9,0,271,0.7
1258,10022,2025-04-20 17:33:00.913000+00:00,29.3,37.7,64.0,1006.9,0,152,0.8
1258,10022,2025-04-20 17:34:00.915000+00:00,29.3,37.7,64.0,1006.9,0,152,0.8
1258,10022,2025-04-20 17:35:00.931000+00:00,29.4,37.3,64.0,1007.0,0,271,1.1
1258,10022,2025-04-20 17:36:00.926000+00:00,29.4,37.7,62.0,1006.9,0,229,0.9
1258,10022,2025-04-20 17:37:00.926000+00:00,29.4,37.7,63.0,1007.0,0,169,0.9
1258,10022,2025-04-20 17:38:00.923000+00:00,29.5,37.7,64.0,1007.0,0,0,0.5
1258,10022,2025-04-20 17:39:00.920000+00:00,29.5,38.2,63.0,1007.1,0,220,0.5
1258,10022,2025-04-20 17:40:00.930000+00:00,29.5,37.8,63.0,1007.0,0,156,0.5
1258,10022,2025-04-20 17:41:00.933000+00:00,29.5,37.9,58.0,1006.9,0,124,1.5
1258,10022,2025-04-20 17:42:00.932000+00:00,29.6,38.1,57.0,1007.1,0,148,0.6
1258,10022,2025-04-20 17:43:00.932000+00:00,29.6,38.1,56.0,1007.0,0,128,1.6
1258,10022,2025-04-20 17:44:00.946000+00:00,29.7,38.1,56.0,1007.1,0,96,0.9
1258,10022,2025-04-20 17:45:00.925000+00:00,29.8,37.6,55.0,1007.0,0,176,0.5
1258,10022,2025-04-20 17:46:00.927000+00:00,29.9,37.5,54.0,1007.1,0,110,1.0
1258,10022,2025-04-20 17:47:00.976000+00:00,29.9,37.6,54.0,1007.2,0,0,1.2
1258,10022,2025-04-20 17:48:00.945000+00:00,29.9,37.7,54.0,1007.1,0,65,0.6
1258,10022,2025-04-20 17:49:00.937000+00:00,29.9,37.7,54.0,1007.1,0,48,1.8
1258,10022,2025-04-20 17:50:00.927000+00:00,30.0,37.3,53.0,1007.2,0,171,1.6
1258,10022,2025-04-20 17:51:00.946000+00:00,30.0,37.2,53.0,1007.0,0,110,1.3
1258,10022,2025-04-20 17:52:00.939000+00:00,30.0,37.4,54.0,1007.1,0,148,1.5
1258,10022,2025-04-20 17:53:00.941000+00:00,30.0,37.4,53.0,1007.1,0,153,1.5
1258,10022,2025-04-20 17:54:00.946000+00:00,30.1,37.3,52.0,1007.1,0,182,0.4
1258,10022,2025-04-20 17:55:00.937000+00:00,30.1,37.1,52.0,1007.1,0,141,1.1
1258,10022,2025-04-20 17:56:00.945000+00:00,30.3,36.9,51.0,1007.1,0,178,1.2
1258,10022,2025-04-20 17:57:00.943000+00:00,30.3,36.7,52.0,1007.1,0,197,0.8
1258,10022,2025-04-20 17:58:00.939000+00:00,30.4,36.6,52.0,1007.1,0,0,0.8
1258,10022,2025-04-20 17:59:00.946000+00:00,30.5,36.6,51.0,1007.2,0,0,0.9
1258,10022,2025-04-20 18:00:00.947000+00:00,30.5,36.9,52.0,1007.1,0,239,0.3
1258,10022,2025-04-20 18:01:00.946000+00:00,30.7,37.0,51.0,1007.1,0,157,0.9
1258,10022,2025-04-20 18:02:00.947000+00:00,31.0,37.0,50.0,1007.1,0,178,1.2
1258,10022,2025-04-20 18:03:00.955000+00:00,31.1,37.0,49.0,1007.1,0,121,1.6
1258,10022,2025-04-20 18:04:00.944000+00:00,31.3,36.9,48.0,1007.2,0,150,1.0
1258,10022,2025-04-20 18:05:00.941000+00:00,31.4,36.7,48.0,1007.1,0,236,0.7
1258,10022,2025-04-20 18:06:00.941000+00:00,31.4,36.6,48.0,1007.2,0,163,1.1
1258,10022,2025-04-20 18:07:00.948000+00:00,31.5,36.6,48.0,1007.3,0,176,1.0
1258,10022,2025-04-20 18:08:00.955000+00:00,31.5,36.7,48.0,1007.2,0,265,1.3
1258,10022,2025-04-20 18:09:00.944000+00:00,31.5,36.5,48.0,1007.2,0,58,0.6
1258,10022,2025-04-20 18:10:00.949000+00:00,31.5,36.6,48.0,1007.3,0,132,0.7
1258,10022,2025-04-20 18:11:00.961000+00:00,31.6,36.7,48.0,1007.2,0,135,1.0
1258,10022,2025-04-20 18:12:00.946000+00:00,31.6,36.7,47.0,1007.3,0,337,1.5
1258,10022,2025-04-20 18:13:00.958000+00:00,31.6,36.4,47.0,1007.1,0,150,1.2
1258,10022,2025-04-20 18:14:00.957000+00:00,31.7,36.5,47.0,1007.2,0,161,1.3
1258,10022,2025-04-20 18:15:00.960000+00:00,31.6,36.5,47.0,1007.2,0,141,0.8
1258,10022,2025-04-20 18:16:00.970000+00:00,31.6,36.4,47.0,1007.2,0,121,1.6
1258,10022,2025-04-20 18:17:00.958000+00:00,31.6,36.3,47.0,1007.2,0,162,1.5
1258,10022,2025-04-20 18:18:00.961000+00:00,31.6,36.3,47.0,1007.2,0,78,1.3
1258,10022,2025-04-20 18:19:00.948000+00:00,31.6,36.3,47.0,1007.2,0,127,0.7
1258,10022,2025-04-20 18:20:00.960000+00:00,31.6,36.1,47.0,1007.3,0,183,0.7
1258,10022,2025-04-20 18:21:00.952000+00:00,31.6,36.2,48.0,1007.3,0,148,1.3
1258,10022,2025-04-20 18:22:00.997000+00:00,31.7,36.2,48.0,1007.2,0,35,0.8
1258,10022,2025-04-20 18:23:00.959000+00:00,31.6,36.2,48.0,1007.2,0,0,0.5
1258,10022,2025-04-20 18:24:00.960000+00:00,31.6,36.0,48.0,1007.3,0,0,0.3
1258,10022,2025-04-20 18:25:00.963000+00:00,31.6,35.9,48.0,1007.2,0,153,0.4
1258,10022,2025-04-20 18:26:00.961000+00:00,31.6,36.0,48.0,1007.2,0,267,1.1
1258,10022,2025-04-20 18:27:00.970000+00:00,31.6,36.2,48.0,1007.2,0,275,0.5
1258,10022,2025-04-20 18:28:01.027000+00:00,31.6,36.1,48.0,1007.3,0,301,1.3
1259,10023,2025-05-02 16:16:25.142000+00:00,27.1,37.2,50.0,1018.1,0,123,1.6
1259,10023,2025-05-02 16:17:25.137000+00:00,27.3,37.6,50.0,1018.0,0,122,2.4
1259,10023,2025-05-02 16:18:25.140000+00:00,27.3,37.4,49.0,1018.1,0,113,2.0
1259,10023,2025-05-02 16:19:25.137000+00:00,27.3,37.4,50.0,1018.0,0,100,2.9
1259,10023,2025-05-02 16:20:25.145000+00:00,27.3,37.1,51.0,1018.1,0,118,2.5
1259,10023,2025-05-02 16:21:25.476000+00:00,27.2,37.1,52.0,1018.0,0,116,3.0
1259,10023,2025-05-02 16:22:25.176000+00:00,27.2,37.8,52.0,1018.1,0,116,1.9
1259,10023,2025-05-02 16:23:25.177000+00:00,27.3,37.4,53.0,1018.1,0,115,3.1
1259,10023,2025-05-02 16:24:25.198000+00:00,27.2,37.3,53.0,1018.1,0,101,2.5
1259,10023,2025-05-02 16:25:25.216000+00:00,27.1,37.3,54.0,1018.1,0,105,1.7
1259,10023,2025-05-02 16:26:25.273000+00:00,27.1,38.2,54.0,1018.1,0,116,1.0
1259,10023,2025-05-02 16:27:26.324000+00:00,27.3,38.5,53.0,1018.1,0,105,1.8
1259,10023,2025-05-02 16:28:25.388000+00:00,27.5,38.6,50.0,1018.1,0,99,2.1
1259,10023,2025-05-02 16:29:25.210000+00:00,27.3,38.4,50.0,1018.1,0,107,1.9
1259,10023,2025-05-02 16:30:25.203000+00:00,27.3,38.4,51.0,1017.9,0,112,2.3
1259,10023,2025-05-02 16:31:26.057000+00:00,27.4,38.7,52.0,1017.9,0,112,1.6
1259,10023,2025-05-02 16:32:25.220000+00:00,27.3,38.6,52.0,1018.0,0,99,2.6
1259,10023,2025-05-02 16:33:25.222000+00:00,27.3,38.8,52.0,1017.9,0,108,1.9
1259,10023,2025-05-02 16:34:25.228000+00:00,27.4,38.7,52.0,1017.9,0,129,2.6
1259,10023,2025-05-02 16:35:25.300000+00:00,27.4,39.2,52.0,1018.0,0,0,0.7
1259,10023,2025-05-02 16:36:25.217000+00:00,27.5,39.3,51.0,1018.0,0,347,0.0
1259,10023,2025-05-02 16:37:25.245000+00:00,27.6,39.3,50.0,1018.0,0,65,1.2
1259,10023,2025-05-02 16:38:25.268000+00:00,27.6,38.7,50.0,1018.1,0,83,1.7
1259,10023,2025-05-02 16:39:26.016000+00:00,27.5,38.4,50.0,1018.1,0,99,1.9
1259,10023,2025-05-02 16:40:25.281000+00:00,27.5,38.3,51.0,1017.9,0,127,3.3
1259,10023,2025-05-02 16:41:25.289000+00:00,27.5,38.1,50.0,1017.9,0,116,3.2
1259,10023,2025-05-02 16:42:25.299000+00:00,27.5,38.1,50.0,1018.0,0,120,3.0
1259,10023,2025-05-02 16:43:26.271000+00:00,27.4,38.3,51.0,1018.0,0,100,3.2
1259,10023,2025-05-02 16:44:26.338000+00:00,27.5,38.8,51.0,1018.0,0,1,2.9
1259,10023,2025-05-02 16:45:25.345000+00:00,27.5,39.6,52.0,1017.9,0,51,1.6
1259,10023,2025-05-02 16:46:25.474000+00:00,27.4,40.2,52.0,1017.9,0,336,2.0
1259,10023,2025-05-02 16:47:25.513000+00:00,27.4,40.2,52.0,1017.9,0,0,1.4
1259,10023,2025-05-02 16:48:25.570000+00:00,27.5,39.8,52.0,1017.9,0,338,0.9
1259,10023,2025-05-02 16:49:26.110000+00:00,27.6,39.7,52.0,1017.9,0,343,1.4
1259,10023,2025-05-02 16:50:26.173000+00:00,27.7,39.9,52.0,1017.8,0,273,2.0
1259,10023,2025-05-02 16:51:25.394000+00:00,27.6,40.1,52.0,1017.8,0,328,1.2
1259,10023,2025-05-02 16:52:25.430000+00:00,27.6,39.7,52.0,1017.8,0,275,1.1
1259,10023,2025-05-02 16:53:25.445000+00:00,27.5,39.7,52.0,1017.7,0,163,0.6
1259,10023,2025-05-02 16:54:25.446000+00:00,27.5,40.2,52.0,1017.7,0,290,0.6
1259,10023,2025-05-02 16:55:25.996000+00:00,27.5,40.4,51.0,1017.7,0,272,0.4
1259,10023,2025-05-02 16:56:25.531000+00:00,27.6,40.4,51.0,1017.7,0,105,0.8
1259,10023,2025-05-02 16:57:25.595000+00:00,27.8,40.3,51.0,1017.7,0,86,1.5
1259,10023,2025-05-02 16:58:25.464000+00:00,27.9,40.3,50.0,1017.7,0,110,1.6
1259,10023,2025-05-02 16:59:25.469000+00:00,27.9,40.4,51.0,1017.7,0,78,1.2
1259,10023,2025-05-02 17:00:25.473000+00:00,27.9,40.2,51.0,1017.6,0,99,0.5
1259,10023,2025-05-02 17:01:26.298000+00:00,27.9,40.8,51.0,1017.6,0,297,0.8
1259,10023,2025-05-02 17:02:25.511000+00:00,27.9,40.8,50.0,1017.6,0,300,1.3
1259,10023,2025-05-02 17:03:25.535000+00:00,27.9,40.8,50.0,1017.6,0,277,1.2
1259,10023,2025-05-02 17:04:26.502000+00:00,27.9,41.2,50.0,1017.6,0,10,0.5
1259,10023,2025-05-02 17:05:25.518000+00:00,28.0,42.9,49.0,1017.5,0,332,0.0
1259,10023,2025-05-02 17:06:25.525000+00:00,28.2,43.5,49.0,1017.5,0,151,0.8
1259,10023,2025-05-02 17:07:25.713000+00:00,28.3,45.0,48.0,1017.4,0,77,1.6
1259,10023,2025-05-02 17:08:25.534000+00:00,28.5,45.0,46.0,1017.4,0,140,2.0
1259,10023,2025-05-02 17:09:26.311000+00:00,28.5,45.7,47.0,1017.4,0,132,0.8
1259,10023,2025-05-02 17:10:25.536000+00:00,28.6,46.1,46.0,1017.4,0,112,1.5
1259,10023,2025-05-02 17:11:25.553000+00:00,28.7,46.1,45.0,1017.4,0,101,2.4
1259,10023,2025-05-02 17:12:25.554000+00:00,28.8,44.7,46.0,1017.4,0,113,3.1
1259,10023,2025-05-02 17:13:25.570000+00:00,28.6,44.2,47.0,1017.3,0,91,2.2
1259,10023,2025-05-02 17:14:25.577000+00:00,28.4,43.2,48.0,1017.4,0,147,1.5
1259,10023,2025-05-02 17:15:25.551000+00:00,28.2,43.0,49.0,1017.3,0,117,2.7
1259,10023,2025-05-02 17:16:25.555000+00:00,28.3,42.7,49.0,1017.3,0,146,2.4
1259,10023,2025-05-02 17:17:26.254000+00:00,28.3,43.0,49.0,1017.2,0,158,1.9
1259,10023,2025-05-02 17:18:25.589000+00:00,28.3,43.8,49.0,1017.3,0,105,2.4
1259,10023,2025-05-02 17:19:25.600000+00:00,28.3,45.1,51.0,1017.3,0,322,3.0
1259,10023,2025-05-02 17:20:25.919000+00:00,28.4,46.2,51.0,1017.2,0,106,1.5
1259,10023,2025-05-02 17:21:25.651000+00:00,28.4,46.2,52.0,1017.2,0,107,2.8
1259,10023,2025-05-02 17:22:25.658000+00:00,28.5,46.2,52.0,1017.2,0,176,1.5
1259,10023,2025-05-02 17:23:26.079000+00:00,28.5,47.3,51.0,1017.1,0,0,0.4
1259,10023,2025-05-02 17:24:25.677000+00:00,28.6,48.4,49.0,1017.2,0,203,0.8
1259,10023,2025-05-02 17:25:25.695000+00:00,28.6,49.3,48.0,1017.2,0,175,0.5
1259,10023,2025-05-02 17:26:26.254000+00:00,28.8,49.1,47.0,1017.1,0,151,0.5
1259,10023,2025-05-02 17:27:25.680000+00:00,29.0,49.9,46.0,1017.2,0,154,0.7
1259,10023,2025-05-02 17:28:25.867000+00:00,29.0,49.9,45.0,1017.0,0,114,1.2
1259,10023,2025-05-02 17:29:25.723000+00:00,29.1,48.2,47.0,1017.1,0,114,4.2
1259,10023,2025-05-02 17:30:26.477000+00:00,28.9,47.5,49.0,1017.1,0,113,5.8
1259,10023,2025-05-02 17:31:25.731000+00:00,28.8,47.9,50.0,1017.1,0,111,4.5
1259,10023,2025-05-02 17:32:25.725000+00:00,28.5,48.1,50.0,1017.2,0,110,4.1
1259,10023,2025-05-02 17:33:25.740000+00:00,28.3,48.3,50.0,1017.1,0,136,2.6
1259,10024,2025-05-02 20:16:26.774000+00:00,28.5,49.8,47.0,1015.8,0,109,2.2
1259,10024,2025-05-02 20:17:26.792000+00:00,28.7,48.5,47.0,1015.9,0,124,3.2
1259,10024,2025-05-02 20:18:26.814000+00:00,28.7,49.4,47.0,1016.0,0,103,2.7
1259,10024,2025-05-02 20:19:26.837000+00:00,28.7,49.0,48.0,1015.9,0,137,2.6
1259,10024,2025-05-02 20:20:26.842000+00:00,28.8,49.2,48.0,1015.8,0,111,3.9
1259,10024,2025-05-02 20:21:26.827000+00:00,28.6,49.5,48.0,1015.9,0,126,2.6
1259,10024,2025-05-02 20:22:26.851000+00:00,28.5,50.0,48.0,1015.8,0,117,3.9
1259,10024,2025-05-02 20:23:26.849000+00:00,28.5,50.0,48.0,1015.8,0,131,3.5
1259,10024,2025-05-02 20:24:26.878000+00:00,28.5,48.9,48.0,1015.8,0,134,3.9
1259,10024,2025-05-02 20:25:26.879000+00:00,28.4,48.6,48.0,1015.8,0,135,2.7
1259,10024,2025-05-02 20:26:26.888000+00:00,28.4,48.3,48.0,1015.8,0,112,1.7
1259,10024,2025-05-02 20:27:26.921000+00:00,28.3,48.7,48.0,1015.9,0,112,3.4
1259,10024,2025-05-02 20:28:26.918000+00:00,28.4,48.8,47.0,1015.8,0,146,4.0
1259,10024,2025-05-02 20:29:26.962000+00:00,28.3,49.3,48.0,1015.8,0,123,2.8
1259,10024,2025-05-02 20:30:26.938000+00:00,28.3,49.1,46.0,1015.9,0,121,3.1
1259,10024,2025-05-02 20:31:26.959000+00:00,28.2,48.9,46.0,1016.0,0,79,2.3
1259,10024,2025-05-02 20:32:27.008000+00:00,28.3,49.0,47.0,1015.9,0,136,3.0
1259,10024,2025-05-02 20:33:27.130000+00:00,28.3,49.0,47.0,1015.8,0,117,3.8
1259,10024,2025-05-02 20:34:26.965000+00:00,28.4,48.8,47.0,1015.8,0,135,3.7
1259,10024,2025-05-02 20:35:26.988000+00:00,28.5,48.7,47.0,1015.9,0,131,3.2
1259,10024,2025-05-02 20:36:26.979000+00:00,28.5,48.7,47.0,1015.9,0,122,1.7
1259,10024,2025-05-02 20:37:27.029000+00:00,28.5,49.5,47.0,1015.8,0,85,1.5
1259,10024,2025-05-02 20:38:27.025000+00:00,28.5,49.6,46.0,1015.8,0,126,1.0
1259,10024,2025-05-02 20:39:27.002000+00:00,28.6,48.2,43.0,1015.8,0,138,3.6
1259,10024,2025-05-02 20:40:27.015000+00:00,28.3,45.3,45.0,1015.8,0,151,2.7
1259,10024,2025-05-02 20:41:27.025000+00:00,28.2,44.9,47.0,1015.9,0,58,2.1
1259,10024,2025-05-02 20:42:27.015000+00:00,28.2,45.0,48.0,1015.9,0,120,2.3
1259,10024,2025-05-02 20:43:27.021000+00:00,28.3,46.5,46.0,1015.9,0,100,1.6
1259,10024,2025-05-02 20:44:27.048000+00:00,28.4,46.8,47.0,1015.8,0,124,0.9
1259,10024,2025-05-02 20:45:27.033000+00:00,28.5,47.3,46.0,1015.8,0,149,2.1
1259,10024,2025-05-02 20:46:27.033000+00:00,28.4,47.3,47.0,1015.7,0,116,1.0
1259,10024,2025-05-02 20:47:27.062000+00:00,28.4,47.5,47.0,1015.8,0,110,0.5
1259,10024,2025-05-02 20:48:27.049000+00:00,28.4,47.8,47.0,1015.8,0,133,1.6
1259,10024,2025-05-02 20:49:27.079000+00:00,28.4,47.8,47.0,1015.7,0,154,3.0
1259,10024,2025-05-02 20:50:27.106000+00:00,28.5,47.9,47.0,1015.8,0,130,2.9
1259,10024,2025-05-02 20:51:27.139000+00:00,28.4,47.5,47.0,1015.7,0,121,2.1
1259,10024,2025-05-02 20:52:27.106000+00:00,28.3,47.4,48.0,1015.7,0,155,2.0
1259,10024,2025-05-02 20:53:27.111000+00:00,28.3,47.1,48.0,1015.8,0,129,1.0
1259,10024,2025-05-02 20:54:27.110000+00:00,28.5,45.3,47.0,1015.7,0,80,2.0
1259,10024,2025-05-02 20:55:27.144000+00:00,28.5,45.2,47.0,1015.7,0,93,1.5
1259,10024,2025-05-02 20:56:27.129000+00:00,28.4,45.9,46.0,1015.7,0,116,2.2
1259,10024,2025-05-02 20:57:27.156000+00:00,28.2,45.9,47.0,1015.7,0,106,2.8
1259,10024,2025-05-02 20:58:27.156000+00:00,28.1,46.0,47.0,1015.8,0,112,2.5
1259,10024,2025-05-02 20:59:27.195000+00:00,28.0,46.0,48.0,1015.7,0,120,3.1
1259,10024,2025-05-02 21:00:27.185000+00:00,28.0,45.8,48.0,1015.7,0,109,3.6
1259,10024,2025-05-02 21:01:27.196000+00:00,28.0,45.1,48.0,1015.8,0,109,2.7
1259,10024,2025-05-02 21:02:27.209000+00:00,28.1,44.5,49.0,1015.7,0,125,0.9
1259,10024,2025-05-02 21:03:27.207000+00:00,28.2,45.2,49.0,1015.8,0,161,2.4
1259,10024,2025-05-02 21:04:27.233000+00:00,28.3,45.8,48.0,1015.8,0,136,2.6
1259,10024,2025-05-02 21:05:27.246000+00:00,28.2,44.7,48.0,1015.8,0,186,2.0
1259,10024,2025-05-02 21:06:27.261000+00:00,28.0,44.5,49.0,1015.7,0,142,2.1
1259,10024,2025-05-02 21:07:27.257000+00:00,27.9,44.1,50.0,1015.8,0,36,1.7
1259,10024,2025-05-02 21:08:27.273000+00:00,27.9,43.8,49.0,1015.7,0,116,3.0
1259,10024,2025-05-02 21:09:27.263000+00:00,28.0,43.8,48.0,1015.8,0,137,2.8
1259,10024,2025-05-02 21:10:27.276000+00:00,27.9,43.8,48.0,1015.6,0,117,3.3
1259,10024,2025-05-02 21:11:27.281000+00:00,28.0,44.1,48.0,1015.7,0,121,4.2
1259,10024,2025-05-02 21:12:27.277000+00:00,28.0,44.1,48.0,1015.7,0,128,2.9
1259,10024,2025-05-02 21:13:27.291000+00:00,27.9,44.5,48.0,1015.8,0,117,2.5
1259,10024,2025-05-02 21:14:27.275000+00:00,27.9,44.4,47.0,1015.8,0,112,2.3
1259,10024,2025-05-02 21:15:27.305000+00:00,27.9,44.5,48.0,1015.8,0,105,2.0
1259,10024,2025-05-02 21:16:27.287000+00:00,27.9,44.7,49.0,1015.8,0,123,2.2
1259,10024,2025-05-02 21:17:27.308000+00:00,28.0,44.7,50.0,1015.8,0,104,2.2
1259,10024,2025-05-02 21:18:27.324000+00:00,28.1,44.6,50.0,1015.8,0,106,1.8
1259,10024,2025-05-02 21:19:27.331000+00:00,28.1,44.8,50.0,1015.8,0,141,2.3
1259,10024,2025-05-02 21:20:27.327000+00:00,28.1,45.7,51.0,1015.8,0,136,3.5
1259,10024,2025-05-02 21:21:27.328000+00:00,28.1,46.1,51.0,1015.8,0,114,2.5
1259,10024,2025-05-02 21:22:27.345000+00:00,28.0,45.8,50.0,1015.7,0,123,3.3
1259,10028,2025-05-03 15:17:34.225000+00:00,23.6,29.2,81.0,1016.1,1,325,1.3
1259,10028,2025-05-03 15:18:34.193000+00:00,23.4,29.3,82.0,1016.1,1,340,1.1
1259,10028,2025-05-03 15:19:34.203000+00:00,23.4,29.5,81.0,1016.1,1,292,1.0
1259,10028,2025-05-03 15:20:34.220000+00:00,23.5,29.8,82.0,1016.1,1,335,1.0
1259,10028,2025-05-03 15:21:34.208000+00:00,23.5,30.1,83.0,1016.2,0,323,0.8
1259,10028,2025-05-03 15:22:34.209000+00:00,23.5,30.2,83.0,1016.1,0,322,0.6
1259,10028,2025-05-03 15:23:34.222000+00:00,23.5,30.2,82.0,1016.1,0,355,0.7
1259,10028,2025-05-03 15:24:34.238000+00:00,23.7,30.2,83.0,1016.2,0,95,0.6
1259,10028,2025-05-03 15:25:34.229000+00:00,23.7,30.0,81.0,1016.2,0,120,1.0
1259,10028,2025-05-03 15:26:34.223000+00:00,23.7,30.0,82.0,1016.2,1,68,0.8
1259,10028,2025-05-03 15:27:34.236000+00:00,23.8,30.0,82.0,1016.2,1,46,0.5
1259,10028,2025-05-03 15:28:34.239000+00:00,23.8,30.0,82.0,1016.2,1,70,0.5
1259,10028,2025-05-03 15:29:34.260000+00:00,23.8,30.0,82.0,1016.2,1,0,0.3
1259,10028,2025-05-03 15:30:34.256000+00:00,23.8,30.1,83.0,1016.2,1,103,0.5
1259,10028,2025-05-03 15:31:34.273000+00:00,23.8,30.2,84.0,1016.3,1,113,1.4
1259,10028,2025-05-03 15:32:34.259000+00:00,23.7,30.4,85.0,1016.2,1,100,1.1
1259,10028,2025-05-03 15:33:34.274000+00:00,23.6,28.6,85.0,1016.2,1,97,1.9
1259,10028,2025-05-03 15:34:34.278000+00:00,23.4,28.2,85.0,1016.3,1,98,2.0
1259,10028,2025-05-03 15:35:34.288000+00:00,23.3,26.9,86.0,1016.3,1,109,2.5
1259,10028,2025-05-03 15:36:34.302000+00:00,23.3,26.9,86.0,1016.3,1,101,2.3
1259,10028,2025-05-03 15:37:34.323000+00:00,23.1,28.4,86.0,1016.3,1,106,2.1
1259,10028,2025-05-03 15:38:34.307000+00:00,23.0,28.4,85.0,1016.4,1,99,2.4
1259,10028,2025-05-03 15:39:34.318000+00:00,22.8,28.4,86.0,1016.3,1,88,1.5
1259,10028,2025-05-03 15:40:34.345000+00:00,22.9,28.6,86.0,1016.2,1,105,1.9
1259,10028,2025-05-03 15:41:34.391000+00:00,22.8,28.7,85.0,1016.3,1,104,2.4
1259,10028,2025-05-03 15:42:34.583000+00:00,22.8,29.0,86.0,1016.3,1,116,2.0
1259,10028,2025-05-03 15:43:34.380000+00:00,22.8,29.1,86.0,1016.2,0,105,1.9
1259,10028,2025-05-03 15:44:34.365000+00:00,22.9,29.1,86.0,1016.2,0,105,1.9
1259,10028,2025-05-03 15:45:34.384000+00:00,22.8,29.1,86.0,1016.2,0,105,1.9
1259,10028,2025-05-03 15:46:34.407000+00:00,22.9,29.3,85.0,1016.2,0,100,2.0
1259,10028,2025-05-03 15:47:34.385000+00:00,22.9,29.5,86.0,1016.3,0,116,1.5
1259,10028,2025-05-03 15:48:34.395000+00:00,23.0,29.8,86.0,1016.3,0,113,1.7
1259,10028,2025-05-03 15:49:34.401000+00:00,23.0,30.4,86.0,1016.3,0,88,1.4
1259,10028,2025-05-03 15:50:34.411000+00:00,23.0,30.4,85.0,1016.3,0,102,1.5
1259,10028,2025-05-03 15:51:34.395000+00:00,23.0,30.1,85.0,1016.4,0,114,1.2
1259,10028,2025-05-03 15:52:34.405000+00:00,23.0,30.4,84.0,1016.4,0,114,1.0
1259,10028,2025-05-03 15:53:34.386000+00:00,23.0,30.9,86.0,1016.3,0,89,1.5
1259,10028,2025-05-03 15:54:34.387000+00:00,23.1,30.7,84.0,1016.2,0,104,1.8
1259,10028,2025-05-03 15:55:34.397000+00:00,23.1,30.5,84.0,1016.2,0,96,2.1
1259,10028,2025-05-03 15:56:34.420000+00:00,23.2,30.3,83.0,1016.2,1,99,1.3
1259,10028,2025-05-03 15:57:34.398000+00:00,23.3,30.5,84.0,1016.2,1,100,1.3
1259,10028,2025-05-03 15:58:34.429000+00:00,23.4,30.9,85.0,1016.1,1,122,1.2
1259,10028,2025-05-03 15:59:34.443000+00:00,23.5,30.9,84.0,1016.1,1,109,1.8
1259,10028,2025-05-03 16:00:34.462000+00:00,23.5,30.6,84.0,1016.0,1,124,2.4
1259,10028,2025-05-03 16:01:34.459000+00:00,23.6,30.8,84.0,1016.0,1,106,2.3
1259,10028,2025-05-03 16:02:34.494000+00:00,23.6,31.2,85.0,1016.0,1,103,2.5
1259,10028,2025-05-03 16:03:34.485000+00:00,23.6,31.2,84.0,1016.0,0,118,2.6
1259,10028,2025-05-03 16:04:34.501000+00:00,23.6,31.1,82.0,1016.0,0,124,3.4
1259,10028,2025-05-03 16:05:34.494000+00:00,23.9,31.1,84.0,1016.0,0,108,1.8
1259,10028,2025-05-03 16:06:34.488000+00:00,23.9,31.5,83.0,1016.0,0,115,2.6
1259,10028,2025-05-03 16:07:34.495000+00:00,23.9,31.7,82.0,1016.0,0,120,2.8
1259,10028,2025-05-03 16:08:34.513000+00:00,24.0,32.1,82.0,1016.0,0,117,3.2
1259,10028,2025-05-03 16:09:34.510000+00:00,24.0,32.2,79.0,1016.0,0,130,2.0
1259,10028,2025-05-03 16:10:34.504000+00:00,24.2,32.1,79.0,1015.9,0,121,2.2
1259,10028,2025-05-03 16:11:34.510000+00:00,24.4,32.1,78.0,1016.0,0,113,3.1
1259,10028,2025-05-03 16:12:34.527000+00:00,24.5,31.7,76.0,1016.0,0,107,2.7
1259,10028,2025-05-03 16:13:34.524000+00:00,24.5,31.5,76.0,1015.8,0,116,3.4
1259,10028,2025-05-03 16:14:34.537000+00:00,24.6,31.0,74.0,1015.8,0,108,3.3
1259,10028,2025-05-03 16:15:34.535000+00:00,24.7,31.2,76.0,1015.8,0,124,2.2
1259,10028,2025-05-03 16:16:34.548000+00:00,24.8,31.2,75.0,1015.9,0,119,2.5
1259,10028,2025-05-03 16:17:34.535000+00:00,25.0,31.2,74.0,1015.9,0,117,2.2
1259,10028,2025-05-03 16:18:34.555000+00:00,25.1,31.2,76.0,1015.8,0,112,2.0
1259,10028,2025-05-03 16:19:34.565000+00:00,25.1,31.0,76.0,1015.9,0,92,2.2
1259,10028,2025-05-03 16:20:34.565000+00:00,25.2,31.0,76.0,1015.7,0,117,2.2
1259,10028,2025-05-03 16:21:34.575000+00:00,25.3,31.5,77.0,1015.7,0,119,2.4
1259,10028,2025-05-03 16:22:34.604000+00:00,25.3,31.5,76.0,1015.7,0,110,3.4
1259,10028,2025-05-03 16:23:34.602000+00:00,25.2,31.3,75.0,1015.7,0,121,3.6
1259,10028,2025-05-03 16:24:34.603000+00:00,25.3,31.4,76.0,1015.6,0,119,2.6
1259,10028,2025-05-03 16:25:34.599000+00:00,25.5,31.5,75.0,1015.6,0,119,3.3
1259,10028,2025-05-03 16:26:34.604000+00:00,25.5,31.7,76.0,1015.6,0,108,2.8
1259,10028,2025-05-03 16:27:34.617000+00:00,25.5,32.0,77.0,1015.7,0,113,2.8
1259,10028,2025-05-03 16:28:34.606000+00:00,25.7,32.1,76.0,1015.7,0,101,1.5
1259,10028,2025-05-03 16:29:34.645000+00:00,25.7,32.4,78.0,1015.6,0,109,2.3
1259,10028,2025-05-03 16:30:34.650000+00:00,25.8,32.4,76.0,1015.7,0,99,2.7
1259,10028,2025-05-03 16:31:34.641000+00:00,25.8,32.2,75.0,1015.7,0,102,1.4
1259,10028,2025-05-03 16:32:34.656000+00:00,25.8,32.1,77.0,1015.6,0,301,1.5
1259,10028,2025-05-03 16:33:34.679000+00:00,25.9,32.4,78.0,1015.7,0,61,1.0
1259,10028,2025-05-03 16:34:34.732000+00:00,26.0,32.4,79.0,1015.6,0,113,1.0
1259,10028,2025-05-03 16:35:34.712000+00:00,26.0,32.6,77.0,1015.7,0,34,1.0
1259,10028,2025-05-03 16:36:34.718000+00:00,26.0,32.6,79.0,1015.7,0,126,0.7
1259,10028,2025-05-03 16:37:34.731000+00:00,26.1,32.4,76.0,1015.7,0,109,2.0
1259,10028,2025-05-03 16:38:34.725000+00:00,26.2,31.9,76.0,1015.7,0,54,1.5
1259,10028,2025-05-03 16:39:34.734000+00:00,26.2,31.5,76.0,1015.7,0,107,1.0
1259,10028,2025-05-03 16:40:34.730000+00:00,26.1,31.5,77.0,1015.7,0,74,1.0
1259,10028,2025-05-03 16:41:34.734000+00:00,26.2,31.5,77.0,1015.6,0,259,0.6
1259,10028,2025-05-03 16:42:34.743000+00:00,26.2,31.7,75.0,1015.6,0,56,0.6
1259,10028,2025-05-03 16:43:34.735000+00:00,26.1,31.3,75.0,1015.4,0,348,1.1
1259,10028,2025-05-03 16:44:34.775000+00:00,26.2,31.3,76.0,1015.5,0,91,0.9
1259,10028,2025-05-03 16:45:34.762000+00:00,26.3,31.3,76.0,1015.5,0,354,0.8
1259,10028,2025-05-03 16:46:34.782000+00:00,26.4,31.4,76.0,1015.4,0,321,0.6
1259,10028,2025-05-03 16:47:34.776000+00:00,26.5,32.2,76.0,1015.4,0,307,1.0
1259,10028,2025-05-03 16:48:34.813000+00:00,26.6,32.3,76.0,1015.4,0,0,0.5
1259,10028,2025-05-03 16:49:34.808000+00:00,26.7,32.3,74.0,1015.5,0,334,0.6
1259,10028,2025-05-03 16:50:34.830000+00:00,26.7,31.5,75.0,1015.4,0,277,1.1
1259,10028,2025-05-03 16:51:34.824000+00:00,26.8,31.4,76.0,1015.3,0,295,0.9
1259,10028,2025-05-03 16:52:34.845000+00:00,26.7,31.4,75.0,1015.4,0,317,1.6
1259,10028,2025-05-03 16:53:34.860000+00:00,26.9,31.4,75.0,1015.4,0,315,1.2
1259,10028,2025-05-03 16:54:34.874000+00:00,26.8,31.3,75.0,1015.3,0,330,0.9
1259,10028,2025-05-03 16:55:34.926000+00:00,26.9,31.0,73.0,1015.3,0,320,1.0
1259,10028,2025-05-03 16:56:34.933000+00:00,26.8,30.5,73.0,1015.3,0,292,0.7
1259,10028,2025-05-03 16:57:34.968000+00:00,26.8,30.2,74.0,1015.3,0,236,1.1
1259,10028,2025-05-03 16:58:34.964000+00:00,26.8,30.2,73.0,1015.3,0,104,1.5
1259,10028,2025-05-03 16:59:34.969000+00:00,26.8,30.0,74.0,1015.3,0,310,1.4
1259,10028,2025-05-03 17:00:35.008000+00:00,26.7,30.0,74.0,1015.3,0,90,1.2
1259,10028,2025-05-03 17:01:35.002000+00:00,26.7,29.6,73.0,1015.3,0,149,0.7
1259,10028,2025-05-03 17:02:35.008000+00:00,26.6,29.3,73.0,1015.3,0,30,0.6
1259,10028,2025-05-03 17:03:35.018000+00:00,26.6,29.3,74.0,1015.2,0,59,0.8
1259,10028,2025-05-03 17:04:35.018000+00:00,26.6,29.5,73.0,1015.2,0,325,1.1
1259,10028,2025-05-03 17:05:35.052000+00:00,26.5,29.8,74.0,1015.2,0,317,1.0
1259,10028,2025-05-03 17:06:35.046000+00:00,26.6,30.0,73.0,1015.2,0,287,0.6
1259,10028,2025-05-03 17:07:35.035000+00:00,26.6,30.4,73.0,1015.3,0,278,1.3
1259,10028,2025-05-03 17:08:35.064000+00:00,26.7,30.3,72.0,1015.2,0,126,1.0
1259,10028,2025-05-03 17:09:35.058000+00:00,26.6,30.3,72.0,1015.1,0,105,1.5
1259,10028,2025-05-03 17:10:35.076000+00:00,26.7,30.2,72.0,1015.1,0,103,1.8
1259,10029,2025-05-03 20:01:36.308000+00:00,28.4,43.4,61.0,1013.7,0,105,2.1
1259,10029,2025-05-03 20:02:36.285000+00:00,28.5,43.4,61.0,1013.6,0,109,2.6
1259,10029,2025-05-03 20:03:36.299000+00:00,28.5,44.5,61.0,1013.7,0,110,2.7
1259,10029,2025-05-03 20:04:36.287000+00:00,28.5,45.3,62.0,1013.7,0,106,2.7
1259,10029,2025-05-03 20:05:36.280000+00:00,28.5,45.7,62.0,1013.6,0,104,2.3
1259,10029,2025-05-03 20:06:36.281000+00:00,28.5,45.7,61.0,1013.6,0,121,3.4
1259,10029,2025-05-03 20:07:36.282000+00:00,28.5,46.6,61.0,1013.5,0,119,3.0
1259,10029,2025-05-03 20:08:36.301000+00:00,28.6,46.8,60.0,1013.6,0,107,3.0
1259,10029,2025-05-03 20:09:36.290000+00:00,28.6,46.9,61.0,1013.6,0,103,2.9
1259,10029,2025-05-03 20:10:36.307000+00:00,28.7,46.9,60.0,1013.4,0,115,1.9
1259,10029,2025-05-03 20:11:36.307000+00:00,28.8,45.0,61.0,1013.5,0,117,4.7
1259,10029,2025-05-03 20:12:36.298000+00:00,28.8,44.7,62.0,1013.5,0,121,3.7
1259,10029,2025-05-03 20:13:36.304000+00:00,28.6,45.3,62.0,1013.5,0,117,3.5
1259,10029,2025-05-03 20:14:36.303000+00:00,28.6,44.0,63.0,1013.5,0,129,3.9
1259,10029,2025-05-03 20:15:36.293000+00:00,28.6,44.0,62.0,1013.5,0,113,3.1
1259,10029,2025-05-03 20:16:36.294000+00:00,28.6,44.5,62.0,1013.5,0,132,4.0
1259,10029,2025-05-03 20:17:36.319000+00:00,28.6,44.6,62.0,1013.5,0,133,2.9
1259,10029,2025-05-03 20:18:36.320000+00:00,28.6,45.0,61.0,1013.5,0,107,2.3
1259,10029,2025-05-03 20:19:36.349000+00:00,28.5,45.1,61.0,1013.6,0,120,3.8
1259,10029,2025-05-03 20:20:36.336000+00:00,28.5,45.0,61.0,1013.6,0,126,2.8
1259,10029,2025-05-03 20:21:36.346000+00:00,28.5,44.5,60.0,1013.6,0,59,2.1
1259,10029,2025-05-03 20:22:36.331000+00:00,28.5,43.2,60.0,1013.7,0,0,0.8
1259,10029,2025-05-03 20:23:36.352000+00:00,28.5,42.9,61.0,1013.6,0,76,1.9
1259,10029,2025-05-03 20:24:36.381000+00:00,28.5,41.1,62.0,1013.7,0,215,0.8
1259,10029,2025-05-03 20:25:36.400000+00:00,28.4,41.3,61.0,1013.6,0,119,1.4
1259,10029,2025-05-03 20:26:36.413000+00:00,28.3,41.8,61.0,1013.5,0,151,1.3
1259,10029,2025-05-03 20:27:36.414000+00:00,28.3,41.5,61.0,1013.6,0,84,1.0
1259,10029,2025-05-03 20:28:36.408000+00:00,28.3,40.8,61.0,1013.7,0,4,1.3
1259,10029,2025-05-03 20:29:36.419000+00:00,28.3,40.5,61.0,1013.6,0,326,1.2
1259,10029,2025-05-03 20:30:36.432000+00:00,28.2,40.2,60.0,1013.6,0,320,0.8
1259,10029,2025-05-03 20:31:36.442000+00:00,28.1,41.0,60.0,1013.6,0,245,1.2
1259,10029,2025-05-03 20:32:36.443000+00:00,28.1,40.8,60.0,1013.7,0,169,0.8
1259,10029,2025-05-03 20:33:36.460000+00:00,28.1,40.7,60.0,1013.6,0,343,0.8
1259,10029,2025-05-03 20:34:36.472000+00:00,28.1,40.4,60.0,1013.5,0,300,1.2
1259,10029,2025-05-03 20:35:36.482000+00:00,28.0,39.8,61.0,1013.6,0,332,0.9
1259,10029,2025-05-03 20:36:36.514000+00:00,28.0,40.4,61.0,1013.4,0,108,1.7
1259,10029,2025-05-03 20:37:36.509000+00:00,27.9,39.6,61.0,1013.4,0,111,2.5
1259,10029,2025-05-03 20:38:36.529000+00:00,27.8,39.0,63.0,1013.4,0,113,2.8
1259,10029,2025-05-03 20:39:36.526000+00:00,27.6,38.7,63.0,1013.4,0,105,4.3
1259,10029,2025-05-03 20:40:36.529000+00:00,27.6,38.9,65.0,1013.4,0,117,3.5
1259,10029,2025-05-03 20:41:36.582000+00:00,27.5,38.9,65.0,1013.3,0,120,3.3
1259,10029,2025-05-03 20:42:36.543000+00:00,27.5,39.1,64.0,1013.3,0,118,3.1
1259,10029,2025-05-03 20:43:36.539000+00:00,27.5,38.7,65.0,1013.4,0,116,3.1
1259,10029,2025-05-03 20:44:36.539000+00:00,27.5,38.7,65.0,1013.3,0,104,2.8
1259,10029,2025-05-03 20:45:36.532000+00:00,27.5,39.2,65.0,1013.5,0,43,2.0
1259,10029,2025-05-03 20:46:36.568000+00:00,27.5,39.6,65.0,1013.5,0,101,1.1
1259,10029,2025-05-03 20:47:36.589000+00:00,27.6,39.4,65.0,1013.4,0,0,2.0
1259,10029,2025-05-03 20:48:36.586000+00:00,27.6,38.7,65.0,1013.5,0,120,0.8
1259,10029,2025-05-03 20:49:36.576000+00:00,27.6,38.7,65.0,1013.5,0,71,2.3
1259,10029,2025-05-03 20:50:36.605000+00:00,27.6,39.0,65.0,1013.5,0,107,1.5
1259,10029,2025-05-03 20:51:36.612000+00:00,27.5,39.0,65.0,1013.5,0,112,3.4
1259,10029,2025-05-03 20:52:36.604000+00:00,27.5,38.6,65.0,1013.4,0,102,3.3
1259,10029,2025-05-03 20:53:36.627000+00:00,27.5,38.4,66.0,1013.5,0,117,3.4
1259,10029,2025-05-03 20:54:36.636000+00:00,27.4,38.3,66.0,1013.5,0,137,3.2
1259,10029,2025-05-03 20:55:36.621000+00:00,27.5,38.7,66.0,1013.6,0,109,2.9
1259,10029,2025-05-03 20:56:36.639000+00:00,27.5,38.8,65.0,1013.6,0,112,2.8
1259,10029,2025-05-03 20:57:36.604000+00:00,27.5,38.4,66.0,1013.6,0,110,2.4
1259,10029,2025-05-03 20:58:36.635000+00:00,27.5,38.6,65.0,1013.6,0,117,2.3
1259,10029,2025-05-03 20:59:36.629000+00:00,27.4,38.6,65.0,1013.5,0,101,1.8
1259,10029,2025-05-03 21:00:36.698000+00:00,27.4,38.7,65.0,1013.5,0,111,2.0
1259,10029,2025-05-03 21:01:36.628000+00:00,27.4,38.9,65.0,1013.4,0,115,2.6
1259,10029,2025-05-03 21:02:36.613000+00:00,27.4,38.9,65.0,1013.6,0,113,3.1
1259,10029,2025-05-03 21:03:36.690000+00:00,27.5,39.2,65.0,1013.5,0,111,3.7
1259,10029,2025-05-03 21:04:36.641000+00:00,27.5,39.4,65.0,1013.5,0,115,3.5
1259,10029,2025-05-03 21:05:36.632000+00:00,27.7,40.2,64.0,1013.4,0,113,3.4
1259,10029,2025-05-03 21:06:36.636000+00:00,27.7,40.2,65.0,1013.3,0,115,3.9
1259,10029,2025-05-03 21:07:36.633000+00:00,27.7,39.7,65.0,1013.4,0,109,2.9
1259,10029,2025-05-03 21:08:36.653000+00:00,27.8,39.7,64.0,1013.3,0,107,3.4
1259,10029,2025-05-03 21:09:36.643000+00:00,27.8,39.5,64.0,1013.3,0,113,3.1
1259,10029,2025-05-03 21:10:36.643000+00:00,27.8,39.2,64.0,1013.4,0,121,3.5
1259,10029,2025-05-03 21:11:36.662000+00:00,27.8,38.6,65.0,1013.3,0,120,3.2
1259,10029,2025-05-03 21:12:36.657000+00:00,27.8,38.3,65.0,1013.3,0,115,4.1
1259,10029,2025-05-03 21:13:36.659000+00:00,27.6,38.2,65.0,1013.3,0,118,3.0
1259,10029,2025-05-03 21:14:36.669000+00:00,27.5,38.7,65.0,1013.3,0,106,2.3
1259,10029,2025-05-03 21:15:36.686000+00:00,27.6,38.7,65.0,1013.3,0,98,2.7
1259,10029,2025-05-03 21:16:36.699000+00:00,27.5,38.6,65.0,1013.2,0,33,0.8
1259,10029,2025-05-03 21:17:36.721000+00:00,27.6,38.9,65.0,1013.3,0,72,2.2
1259,10029,2025-05-03 21:18:36.723000+00:00,27.6,38.7,65.0,1013.1,0,116,2.0
1259,10033,2025-05-04 19:06:44.804000+00:00,26.5,39.9,68.0,1012.0,0,34,0.8
1259,10033,2025-05-04 19:07:44.839000+00:00,26.5,40.6,67.0,1012.1,0,12,1.6
1259,10033,2025-05-04 19:08:44.869000+00:00,26.6,40.7,68.0,1012.2,0,343,1.9
1259,10033,2025-05-04 19:09:44.857000+00:00,26.7,41.7,68.0,1012.1,0,308,1.2
1259,10033,2025-05-04 19:10:44.860000+00:00,26.8,42.2,68.0,1012.3,0,313,1.4
1259,10033,2025-05-04 19:11:44.893000+00:00,26.9,42.1,69.0,1012.2,0,329,0.8
1259,10033,2025-05-04 19:12:44.903000+00:00,26.9,42.6,66.0,1012.3,0,283,1.6
1259,10033,2025-05-04 19:13:44.912000+00:00,27.0,43.2,67.0,1012.3,0,311,1.2
1259,10033,2025-05-04 19:14:44.912000+00:00,27.0,43.2,66.0,1012.2,0,309,2.0
1259,10033,2025-05-04 19:15:44.923000+00:00,27.1,43.1,66.0,1012.1,0,285,1.8
1259,10033,2025-05-04 19:16:44.942000+00:00,27.1,43.2,67.0,1012.1,0,328,1.0
1259,10033,2025-05-04 19:17:44.943000+00:00,27.2,42.7,65.0,1012.1,0,103,0.8
1259,10033,2025-05-04 19:18:44.943000+00:00,27.3,43.0,65.0,1012.1,0,108,1.3
1259,10033,2025-05-04 19:19:44.947000+00:00,27.4,43.0,65.0,1012.1,0,67,0.9
1259,10033,2025-05-04 19:20:44.962000+00:00,27.6,42.9,66.0,1012.2,0,80,0.8
1259,10033,2025-05-04 19:21:44.984000+00:00,27.8,44.1,65.0,1012.2,0,98,1.4
1259,10033,2025-05-04 19:22:44.979000+00:00,28.0,44.5,63.0,1012.4,0,66,1.5
1259,10033,2025-05-04 19:23:44.986000+00:00,27.9,44.5,63.0,1012.5,0,0,0.7
1259,10033,2025-05-04 19:24:44.984000+00:00,27.9,45.2,59.0,1012.5,0,89,0.4
1259,10033,2025-05-04 19:25:44.986000+00:00,27.8,44.6,60.0,1012.5,0,7,1.4
1259,10033,2025-05-04 19:26:45.008000+00:00,27.7,43.3,59.0,1012.6,0,3,1.4
1259,10033,2025-05-04 19:27:45.010000+00:00,27.6,42.8,59.0,1012.5,0,339,1.1
1259,10033,2025-05-04 19:28:45.039000+00:00,27.6,41.9,59.0,1012.5,0,43,0.8
1259,10033,2025-05-04 19:29:45.047000+00:00,27.5,43.2,59.0,1012.5,0,95,1.6
1259,10033,2025-05-04 19:30:45.047000+00:00,27.3,40.7,60.0,1012.5,0,64,2.4
1259,10033,2025-05-04 19:31:45.024000+00:00,27.2,39.8,61.0,1012.6,0,70,1.2
1259,10033,2025-05-04 19:32:45.041000+00:00,27.1,39.8,59.0,1012.5,0,65,1.7
1259,10033,2025-05-04 19:33:45.039000+00:00,27.0,40.8,62.0,1012.5,0,354,2.0
1259,10033,2025-05-04 19:34:45.064000+00:00,26.9,43.2,63.0,1012.6,0,121,1.3
1259,10033,2025-05-04 19:35:45.064000+00:00,26.9,43.9,63.0,1012.5,0,105,1.7
1259,10033,2025-05-04 19:36:45.077000+00:00,26.9,43.6,64.0,1012.6,0,120,2.0
1259,10033,2025-05-04 19:37:45.080000+00:00,27.0,43.6,63.0,1012.6,0,109,2.0
1259,10033,2025-05-04 19:38:45.115000+00:00,27.1,42.8,63.0,1012.7,0,95,2.4
1259,10033,2025-05-04 19:39:45.128000+00:00,27.1,42.6,63.0,1012.8,0,82,1.6
1259,10033,2025-05-04 19:40:45.128000+00:00,27.1,41.8,64.0,1012.7,0,0,0.9
1259,10033,2025-05-04 19:41:45.102000+00:00,27.1,41.8,64.0,1012.8,0,0,1.0
1259,10033,2025-05-04 19:42:45.129000+00:00,27.0,42.0,63.0,1012.8,0,358,0.7
1259,10033,2025-05-04 19:43:45.125000+00:00,26.9,41.7,63.0,1012.7,0,351,1.0
1259,10033,2025-05-04 19:44:45.136000+00:00,26.8,40.7,64.0,1012.7,0,349,2.3
1259,10033,2025-05-04 19:45:45.152000+00:00,26.7,40.3,65.0,1012.7,0,10,1.4
1259,10033,2025-05-04 19:46:45.170000+00:00,26.5,40.3,65.0,1012.8,0,99,0.5
1259,10033,2025-05-04 19:47:45.174000+00:00,26.5,40.3,66.0,1012.8,0,105,1.2
1259,10033,2025-05-04 19:48:45.160000+00:00,26.4,40.3,65.0,1012.7,0,337,0.5
1259,10033,2025-05-04 19:49:45.195000+00:00,26.4,40.3,65.0,1012.7,0,330,1.8
1259,10033,2025-05-04 19:50:45.195000+00:00,26.4,40.2,65.0,1012.7,0,2,1.8
1259,10033,2025-05-04 19:51:45.217000+00:00,26.3,40.2,65.0,1012.8,0,307,1.3
1259,10033,2025-05-04 19:52:45.217000+00:00,26.3,37.4,64.0,1012.7,0,324,1.2
1259,10033,2025-05-04 19:53:45.246000+00:00,26.2,37.4,63.0,1012.6,0,68,1.1
1259,10033,2025-05-04 19:54:45.256000+00:00,26.1,39.8,64.0,1012.6,0,104,1.3
1259,10033,2025-05-04 19:55:45.245000+00:00,26.1,39.8,64.0,1012.6,0,0,0.6
1259,10033,2025-05-04 19:56:45.258000+00:00,26.1,39.4,65.0,1012.5,0,161,0.7
1259,10033,2025-05-04 19:57:45.268000+00:00,26.1,40.0,65.0,1012.6,0,245,0.3
1259,10033,2025-05-04 19:58:45.288000+00:00,26.2,40.8,64.0,1012.6,0,310,0.4
1259,10033,2025-05-04 19:59:45.299000+00:00,26.3,40.9,64.0,1012.5,0,0,0.4
1259,10033,2025-05-04 20:00:45.299000+00:00,26.3,40.9,64.0,1012.5,0,15,0.6
1259,10033,2025-05-04 20:01:45.299000+00:00,26.3,39.8,65.0,1012.5,0,283,1.2
1259,10033,2025-05-04 20:02:45.301000+00:00,26.3,39.8,65.0,1012.5,0,283,1.2
1259,10033,2025-05-04 20:03:45.310000+00:00,26.3,39.7,65.0,1012.5,0,243,1.2
1259,10033,2025-05-04 20:04:45.321000+00:00,26.4,40.0,64.0,1012.4,0,147,1.3
1259,10033,2025-05-04 20:05:45.337000+00:00,26.4,40.3,64.0,1012.3,0,105,1.2
1259,10033,2025-05-04 20:06:45.342000+00:00,26.5,40.1,62.0,1012.4,0,89,1.2
1259,10033,2025-05-04 20:07:45.348000+00:00,26.7,39.8,63.0,1012.3,0,219,0.8
1259,10033,2025-05-04 20:08:45.351000+00:00,26.7,39.1,62.0,1012.3,0,10,0.7
1259,10033,2025-05-04 20:09:45.337000+00:00,26.6,39.0,63.0,1012.4,0,4,0.4
1259,10033,2025-05-04 20:10:45.361000+00:00,26.5,38.6,63.0,1012.5,0,10,1.4
1259,10033,2025-05-04 20:11:45.377000+00:00,26.4,38.5,64.0,1012.5,0,229,1.3
1259,10033,2025-05-04 20:12:45.377000+00:00,26.4,38.4,64.0,1012.5,0,0,0.0
1259,10033,2025-05-04 20:13:45.381000+00:00,26.5,38.5,65.0,1012.6,0,355,1.0
1259,10033,2025-05-04 20:14:45.386000+00:00,26.6,38.9,64.0,1012.5,0,346,0.8
1259,10033,2025-05-04 20:15:45.399000+00:00,26.6,38.9,63.0,1012.6,0,0,0.7
1259,10033,2025-05-04 20:16:45.401000+00:00,26.6,38.9,63.0,1012.5,0,189,0.9
1259,10033,2025-05-04 20:17:45.389000+00:00,26.7,38.9,62.0,1012.4,0,302,1.0
1259,10033,2025-05-04 20:18:45.385000+00:00,26.7,39.0,61.0,1012.6,0,40,1.0
1259,10033,2025-05-04 20:19:45.384000+00:00,26.7,38.9,62.0,1012.6,0,324,1.4
1259,10033,2025-05-04 20:20:45.390000+00:00,26.6,38.5,62.0,1012.6,0,338,1.3
1259,10033,2025-05-04 20:21:45.392000+00:00,26.6,38.5,62.0,1012.6,0,95,1.1
1259,10033,2025-05-04 20:22:45.381000+00:00,26.6,38.4,62.0,1012.5,0,356,1.1
1259,10033,2025-05-04 20:23:45.409000+00:00,26.8,38.2,62.0,1012.5,0,296,0.5
1259,10033,2025-05-04 20:24:45.407000+00:00,26.7,38.2,62.0,1012.5,0,28,1.4
1259,10033,2025-05-04 20:25:45.417000+00:00,26.6,38.1,62.0,1012.4,0,270,1.4
1259,10033,2025-05-04 20:26:45.463000+00:00,26.6,37.6,63.0,1012.4,0,235,0.8
1259,10033,2025-05-04 20:27:45.456000+00:00,26.5,37.6,63.0,1012.4,0,193,0.8
1259,10033,2025-05-04 20:28:45.462000+00:00,26.5,37.7,63.0,1012.3,0,282,0.6
1259,10033,2025-05-04 20:29:45.458000+00:00,26.6,37.7,62.0,1012.5,0,306,0.6
1259,10033,2025-05-04 20:30:45.448000+00:00,26.5,37.6,63.0,1012.4,0,332,0.7
1259,10033,2025-05-04 20:31:45.459000+00:00,26.7,37.6,63.0,1012.5,0,247,0.7
1259,10033,2025-05-04 20:32:45.447000+00:00,26.8,37.8,61.0,1012.5,0,283,0.6
1259,10033,2025-05-04 20:33:45.458000+00:00,26.8,38.0,61.0,1012.4,0,343,0.7
1259,10033,2025-05-04 20:34:45.465000+00:00,26.8,37.9,61.0,1012.5,0,291,0.8
1259,10033,2025-05-04 20:35:45.476000+00:00,26.6,37.6,61.0,1012.3,0,306,0.6
1259,10033,2025-05-04 20:36:45.501000+00:00,26.5,37.6,61.0,1012.3,0,318,0.9
1259,10033,2025-05-04 20:37:45.498000+00:00,26.6,37.8,61.0,1012.2,0,267,0.9
1259,10033,2025-05-04 20:38:45.491000+00:00,26.7,37.8,61.0,1012.1,0,266,0.7
1259,10033,2025-05-04 20:39:45.512000+00:00,26.8,37.8,60.0,1012.0,0,204,0.4
1259,10033,2025-05-04 20:40:45.510000+00:00,26.8,37.9,59.0,1012.0,0,159,0.0
1259,10033,2025-05-04 20:41:45.555000+00:00,26.8,37.7,59.0,1012.0,0,259,0.8
1259,10033,2025-05-04 20:42:45.564000+00:00,26.8,37.7,59.0,1011.9,0,250,0.8
1259,10033,2025-05-04 20:43:45.564000+00:00,26.8,37.5,60.0,1011.9,0,326,0.9
1259,10033,2025-05-04 20:44:45.581000+00:00,26.7,37.3,60.0,1011.9,0,336,0.8
1259,10033,2025-05-04 20:45:45.574000+00:00,26.6,37.2,60.0,1011.9,0,314,0.8
1259,10033,2025-05-04 20:46:45.594000+00:00,26.6,37.0,59.0,1011.8,0,323,1.3
1259,10033,2025-05-04 20:47:45.603000+00:00,26.6,36.9,59.0,1011.8,0,316,1.7
1259,10033,2025-05-04 20:48:45.625000+00:00,26.6,36.6,60.0,1012.0,0,293,1.4
1259,10033,2025-05-04 20:49:45.598000+00:00,26.6,36.4,61.0,1012.0,1,302,0.9
1259,10033,2025-05-04 20:50:45.620000+00:00,26.6,36.4,61.0,1011.9,1,315,1.0
1259,10033,2025-05-04 20:51:45.630000+00:00,26.5,36.4,60.0,1011.9,1,331,1.0
1259,10033,2025-05-04 20:52:45.627000+00:00,26.5,36.0,60.0,1012.2,0,324,1.1
1259,10033,2025-05-04 20:53:45.616000+00:00,26.5,36.0,60.0,1012.1,0,288,1.2
1259,10033,2025-05-04 20:54:45.616000+00:00,26.4,36.4,59.0,1012.2,1,335,0.7
1259,10033,2025-05-04 20:55:45.627000+00:00,26.4,35.8,60.0,1012.1,1,300,1.4
1259,10033,2025-05-04 20:56:45.621000+00:00,26.3,35.5,61.0,1012.3,0,300,1.1
1259,10033,2025-05-04 20:57:45.622000+00:00,26.2,36.1,61.0,1012.3,0,329,0.9
1259,10033,2025-05-04 20:58:45.633000+00:00,26.2,36.1,61.0,1012.3,0,311,0.9
1259,10033,2025-05-04 20:59:45.641000+00:00,26.1,35.9,61.0,1012.3,0,322,1.2
1259,10033,2025-05-04 21:00:45.621000+00:00,26.1,35.8,62.0,1012.3,0,309,1.1
1259,10033,2025-05-04 21:01:45.630000+00:00,26.1,35.5,63.0,1012.2,0,309,1.8
1259,10033,2025-05-04 21:02:45.619000+00:00,26.1,35.7,62.0,1012.2,0,306,1.5
1259,10033,2025-05-04 21:03:45.620000+00:00,26.1,36.0,62.0,1012.3,0,301,0.9
1259,10033,2025-05-04 21:04:45.642000+00:00,26.2,36.0,62.0,1012.3,0,301,0.9
1259,10033,2025-05-04 21:05:45.642000+00:00,26.2,35.7,63.0,1012.3,0,335,1.0
1259,10033,2025-05-04 21:06:45.639000+00:00,26.2,35.7,63.0,1012.3,0,309,1.0
1259,10033,2025-05-04 21:07:45.642000+00:00,26.2,35.5,63.0,1012.4,0,351,1.2
1259,10033,2025-05-04 21:08:45.646000+00:00,26.2,35.1,64.0,1012.3,0,307,0.9
1259,10033,2025-05-04 21:09:45.656000+00:00,26.1,34.9,64.0,1012.2,0,353,0.8
1259,10033,2025-05-04 21:10:45.663000+00:00,26.1,34.9,64.0,1012.2,0,345,0.0
1259,10033,2025-05-04 21:11:45.660000+00:00,26.0,35.2,65.0,1012.2,0,305,0.5
1259,10033,2025-05-04 21:12:45.660000+00:00,26.0,35.3,64.0,1012.1,0,318,0.9
1259,10033,2025-05-04 21:13:45.684000+00:00,26.0,35.6,64.0,1012.1,0,0,0.6
1259,10033,2025-05-04 21:14:45.697000+00:00,26.0,35.8,63.0,1012.1,0,211,0.0
1259,10033,2025-05-04 21:15:45.699000+00:00,26.0,35.7,64.0,1011.9,0,65,0.4
1259,10033,2025-05-04 21:16:45.684000+00:00,26.0,35.4,64.0,1011.7,0,5,0.8
1259,10033,2025-05-04 21:17:45.692000+00:00,26.1,35.3,64.0,1011.7,0,296,1.0
1259,10033,2025-05-04 21:18:45.694000+00:00,26.0,35.3,64.0,1011.6,0,313,1.1
1259,10033,2025-05-04 21:19:45.707000+00:00,26.0,35.3,64.0,1011.7,0,291,1.1
1259,10033,2025-05-04 21:20:45.699000+00:00,26.1,35.0,64.0,1011.6,0,276,1.3
1259,10033,2025-05-04 21:21:45.736000+00:00,26.0,35.0,65.0,1011.7,0,294,0.9
1259,10033,2025-05-04 21:22:45.727000+00:00,26.0,35.1,64.0,1011.7,0,317,0.5
1259,10033,2025-05-04 21:23:45.753000+00:00,26.0,35.0,64.0,1011.7,0,339,1.1
1259,10033,2025-05-04 21:24:45.737000+00:00,26.0,34.9,64.0,1011.8,0,341,0.7
1259,10033,2025-05-04 21:25:45.747000+00:00,25.9,34.9,64.0,1011.8,0,346,1.0
1259,10033,2025-05-04 21:26:45.766000+00:00,26.0,35.0,64.0,1011.9,0,321,0.9
1259,10033,2025-05-04 21:27:45.754000+00:00,26.0,34.8,64.0,1011.9,0,321,1.3
1259,10033,2025-05-04 21:28:45.776000+00:00,25.9,34.9,64.0,1011.9,0,0,1.1
1259,10033,2025-05-04 21:29:45.785000+00:00,25.9,34.9,64.0,1012.0,0,327,0.7
1259,10033,2025-05-04 21:30:45.802000+00:00,25.9,34.9,64.0,1011.9,0,318,0.8
1259,10033,2025-05-04 21:31:45.817000+00:00,26.0,34.9,64.0,1012.0,0,329,0.9
1259,10033,2025-05-04 21:32:45.819000+00:00,26.0,34.9,64.0,1012.0,0,324,1.4
1259,10033,2025-05-04 21:33:45.814000+00:00,26.0,34.9,65.0,1012.0,0,329,0.9
1259,10033,2025-05-04 21:34:45.829000+00:00,25.9,34.9,65.0,1011.9,0,336,1.1
1260,9980,2025-05-16 11:16:58.065000+00:00,19.0,40.9,32.0,1007.9,0,116,3.0
1260,9980,2025-05-16 11:17:58.063000+00:00,19.1,40.2,33.0,1008.0,0,105,2.6
1260,9980,2025-05-16 11:18:58.064000+00:00,19.0,38.2,34.0,1008.0,0,173,2.2
1260,9980,2025-05-16 11:19:58.076000+00:00,19.0,38.0,35.0,1008.0,0,93,2.2
1260,9980,2025-05-16 11:20:58.076000+00:00,18.8,38.7,36.0,1008.0,0,141,2.5
1260,9980,2025-05-16 11:21:58.093000+00:00,18.8,38.7,36.0,1007.9,0,139,4.5
1260,9980,2025-05-16 11:22:58.103000+00:00,18.6,37.5,37.0,1007.9,0,124,3.4
1260,9980,2025-05-16 11:23:58.109000+00:00,18.6,37.5,36.0,1008.0,0,130,4.3
1260,9980,2025-05-16 11:24:58.121000+00:00,18.7,37.6,35.0,1007.9,0,130,3.5
1260,9980,2025-05-16 11:25:58.124000+00:00,18.8,38.6,34.0,1008.0,0,138,2.6
1260,9980,2025-05-16 11:26:58.133000+00:00,18.8,39.0,34.0,1008.0,0,114,3.5
1260,9980,2025-05-16 11:27:58.145000+00:00,18.8,39.3,34.0,1008.0,0,127,2.5
1260,9980,2025-05-16 11:28:58.131000+00:00,18.8,39.5,32.0,1007.9,0,131,3.2
1260,9980,2025-05-16 11:29:58.144000+00:00,19.0,39.8,31.0,1008.0,0,137,3.2
1260,9980,2025-05-16 11:30:58.159000+00:00,19.0,40.1,33.0,1008.0,0,107,2.4
1260,9980,2025-05-16 11:31:58.145000+00:00,18.9,40.4,33.0,1008.0,0,111,2.7
1260,9980,2025-05-16 11:32:58.145000+00:00,18.8,40.5,33.0,1007.9,0,140,2.0
1260,9980,2025-05-16 11:33:58.142000+00:00,18.9,40.6,34.0,1007.9,0,150,2.9
1260,9980,2025-05-16 11:34:58.155000+00:00,19.0,40.5,32.0,1007.9,0,122,2.4
1260,9980,2025-05-16 11:35:58.153000+00:00,19.2,40.3,32.0,1008.0,0,126,3.3
1260,9980,2025-05-16 11:36:58.140000+00:00,19.2,39.8,32.0,1007.9,0,127,3.7
1260,9980,2025-05-16 11:37:58.142000+00:00,19.3,39.8,32.0,1007.9,0,127,3.7
1260,9980,2025-05-16 11:38:58.150000+00:00,19.2,40.0,32.0,1008.0,0,148,2.8
1260,9980,2025-05-16 11:39:58.141000+00:00,19.2,40.0,32.0,1007.9,0,163,1.9
1260,9980,2025-05-16 11:40:58.139000+00:00,19.3,40.1,34.0,1007.9,0,114,2.4
1260,9980,2025-05-16 11:41:58.149000+00:00,19.4,40.1,32.0,1007.9,0,122,3.3
1260,9980,2025-05-16 11:42:58.150000+00:00,19.6,40.0,32.0,1007.8,0,120,2.6
1260,9980,2025-05-16 11:43:58.179000+00:00,19.6,40.1,33.0,1007.9,0,128,3.1
1260,9980,2025-05-16 11:44:58.153000+00:00,19.6,40.2,33.0,1008.0,0,136,3.3
1260,9980,2025-05-16 11:45:58.157000+00:00,19.6,40.0,31.0,1007.9,0,118,3.2
1260,9980,2025-05-16 11:46:58.164000+00:00,19.5,39.9,30.0,1008.0,0,138,3.7
1260,9980,2025-05-16 11:47:58.167000+00:00,19.5,39.5,30.0,1008.0,0,109,4.1
1260,9980,2025-05-16 11:48:58.196000+00:00,19.4,39.5,30.0,1008.0,0,109,4.1
1260,9980,2025-05-16 11:49:58.197000+00:00,19.3,39.3,32.0,1008.0,0,121,4.3
1260,9980,2025-05-16 11:50:58.206000+00:00,19.3,39.3,32.0,1008.0,0,120,4.0
1260,9980,2025-05-16 11:51:58.195000+00:00,19.3,39.3,32.0,1008.0,0,120,4.0
1260,9980,2025-05-16 11:52:58.205000+00:00,19.3,39.2,33.0,1007.9,0,134,4.5
1260,9980,2025-05-16 11:53:58.202000+00:00,19.2,39.3,33.0,1007.9,0,141,4.3
1260,9980,2025-05-16 11:54:58.216000+00:00,19.2,39.3,33.0,1007.9,0,141,4.3
1260,9980,2025-05-16 11:55:58.255000+00:00,19.2,39.4,34.0,1008.0,0,133,4.6
1260,9980,2025-05-16 11:56:58.257000+00:00,19.3,39.4,33.0,1007.9,0,118,3.5
1260,9980,2025-05-16 11:57:58.254000+00:00,19.2,39.4,33.0,1007.9,0,118,3.5
1260,9980,2025-05-16 11:58:58.258000+00:00,19.2,39.5,34.0,1008.0,0,134,2.6
1260,9980,2025-05-16 11:59:58.259000+00:00,19.2,39.4,33.0,1007.9,0,138,2.3
1260,9980,2025-05-16 12:00:58.276000+00:00,19.2,39.5,34.0,1008.0,0,104,3.6
1260,9980,2025-05-16 12:01:58.282000+00:00,19.3,40.0,33.0,1008.0,0,153,2.8
1260,9980,2025-05-16 12:02:58.292000+00:00,19.4,40.0,32.0,1008.0,0,149,3.6
1260,9980,2025-05-16 12:03:58.289000+00:00,19.4,40.0,32.0,1008.0,0,149,3.6
1260,9980,2025-05-16 12:04:58.281000+00:00,19.4,39.5,33.0,1007.9,0,128,3.2
1260,9980,2025-05-16 12:05:58.280000+00:00,19.5,39.5,34.0,1007.9,0,125,2.5
1260,9980,2025-05-16 12:06:58.290000+00:00,19.4,39.5,34.0,1007.9,0,125,2.5
1260,9980,2025-05-16 12:07:58.290000+00:00,19.4,39.3,32.0,1007.8,0,108,3.8
1260,9980,2025-05-16 12:08:58.294000+00:00,19.5,39.1,32.0,1007.9,0,126,3.0
1260,9980,2025-05-16 12:09:58.298000+00:00,19.6,39.1,32.0,1007.9,0,126,3.0
1260,9980,2025-05-16 12:10:58.314000+00:00,19.6,38.8,33.0,1008.0,0,101,2.6
1260,9980,2025-05-16 12:11:58.298000+00:00,19.6,39.6,32.0,1008.0,0,128,2.7
1260,9980,2025-05-16 12:12:58.293000+00:00,19.5,39.6,32.0,1008.0,0,128,2.7
1260,9980,2025-05-16 12:13:58.302000+00:00,19.5,39.5,30.0,1008.0,0,124,3.4
1260,9980,2025-05-16 12:14:58.299000+00:00,19.4,39.4,31.0,1008.1,0,138,4.0
1260,9980,2025-05-16 12:15:58.322000+00:00,19.4,39.4,31.0,1008.1,0,138,4.0
1260,9980,2025-05-16 12:16:58.307000+00:00,19.5,39.1,31.0,1007.9,0,144,3.8
1260,9980,2025-05-16 12:17:58.357000+00:00,19.6,39.1,31.0,1008.0,0,128,2.3
1260,9980,2025-05-16 12:18:58.365000+00:00,19.7,39.1,31.0,1008.0,0,128,2.3
1260,9980,2025-05-16 12:19:58.377000+00:00,19.6,40.3,32.0,1008.0,0,125,2.2
1260,9980,2025-05-16 12:20:58.372000+00:00,19.8,40.3,31.0,1008.0,0,124,2.3
1260,9980,2025-05-16 12:21:58.378000+00:00,19.7,40.3,31.0,1008.0,0,124,2.3
1260,9980,2025-05-16 12:22:58.388000+00:00,19.6,39.8,32.0,1008.0,0,120,4.0
1260,9980,2025-05-16 12:23:58.392000+00:00,19.8,40.0,31.0,1008.0,0,130,3.5
1260,9980,2025-05-16 12:24:58.392000+00:00,19.8,40.0,31.0,1008.0,0,130,3.5
1260,9980,2025-05-16 12:25:58.396000+00:00,19.8,39.7,30.0,1008.0,0,118,3.1
1260,9980,2025-05-16 12:26:58.408000+00:00,19.6,39.5,31.0,1007.9,0,112,3.0
1260,9980,2025-05-16 12:27:58.435000+00:00,19.6,39.5,31.0,1008.0,0,147,3.4
1260,9980,2025-05-16 12:28:58.444000+00:00,19.5,39.5,32.0,1007.9,0,124,3.1
1260,9980,2025-05-16 12:29:58.433000+00:00,19.5,39.6,30.0,1008.1,0,126,4.2
1260,9980,2025-05-16 12:30:58.441000+00:00,19.6,39.5,30.0,1007.9,0,125,3.6
1260,9980,2025-05-16 12:31:58.439000+00:00,19.5,39.6,31.0,1007.9,0,130,3.4
1260,9981,2025-05-16 14:45:59.029000+00:00,19.7,37.9,33.0,1007.3,0,133,2.8
1260,9981,2025-05-16 14:46:59.030000+00:00,19.7,37.9,33.0,1007.3,0,141,3.2
1260,9981,2025-05-16 14:47:59.027000+00:00,19.6,37.9,32.0,1007.2,0,104,1.9
1260,9981,2025-05-16 14:48:59.032000+00:00,19.5,37.9,32.0,1007.2,0,132,1.9
1260,9981,2025-05-16 14:49:59.027000+00:00,19.5,37.8,32.0,1007.2,0,132,2.0
1260,9981,2025-05-16 14:50:59.032000+00:00,19.5,37.3,32.0,1007.2,0,141,2.4
1260,9981,2025-05-16 14:51:59.038000+00:00,19.5,37.3,33.0,1007.2,0,106,1.7
1260,9981,2025-05-16 14:52:59.038000+00:00,19.5,37.6,33.0,1007.2,0,125,1.9
1260,9981,2025-05-16 14:53:59.038000+00:00,19.5,37.8,34.0,1007.2,0,114,1.2
1260,9981,2025-05-16 14:54:59.040000+00:00,19.6,37.8,33.0,1007.2,0,115,1.5
1260,9981,2025-05-16 14:55:59.039000+00:00,19.7,37.9,34.0,1007.2,0,125,1.7
1260,9981,2025-05-16 14:56:59.040000+00:00,19.7,37.9,33.0,1007.2,0,130,2.4
1260,9981,2025-05-16 14:57:59.058000+00:00,19.7,37.6,32.0,1007.2,0,135,1.6
1260,9981,2025-05-16 14:58:59.060000+00:00,19.8,37.6,33.0,1007.2,0,136,2.9
1260,9981,2025-05-16 14:59:59.045000+00:00,19.9,37.6,32.0,1007.2,0,125,2.7
1260,9981,2025-05-16 15:00:59.052000+00:00,20.0,37.5,31.0,1007.3,0,131,2.8
1260,9981,2025-05-16 15:01:59.075000+00:00,20.1,37.5,31.0,1007.3,0,150,1.7
1260,9981,2025-05-16 15:02:59.076000+00:00,19.9,37.4,31.0,1007.2,0,145,1.7
1260,9981,2025-05-16 15:03:59.092000+00:00,19.8,37.3,32.0,1007.2,0,136,2.1
1260,9981,2025-05-16 15:04:59.092000+00:00,19.8,37.2,32.0,1007.1,0,128,2.5
1260,9981,2025-05-16 15:05:59.089000+00:00,19.9,36.5,31.0,1007.3,0,119,2.9
1260,9981,2025-05-16 15:06:59.092000+00:00,19.8,35.9,30.0,1007.3,0,115,1.6
1260,9981,2025-05-16 15:07:59.092000+00:00,19.7,35.9,31.0,1007.2,0,136,1.8
1260,9981,2025-05-16 15:08:59.090000+00:00,19.7,35.9,32.0,1007.2,0,128,2.6
1260,9981,2025-05-16 15:09:59.106000+00:00,19.5,35.9,32.0,1007.2,0,128,2.6
1260,9981,2025-05-16 15:10:59.106000+00:00,19.8,35.6,32.0,1007.2,0,118,2.8
1260,9981,2025-05-16 15:11:59.115000+00:00,19.9,35.4,31.0,1007.2,0,131,2.5
1260,9981,2025-05-16 15:12:59.125000+00:00,19.8,35.2,30.0,1007.2,0,128,3.2
1260,9981,2025-05-16 15:13:59.141000+00:00,19.8,35.0,30.0,1007.2,0,129,3.5
1260,9981,2025-05-16 15:14:59.141000+00:00,19.8,35.0,30.0,1007.3,0,135,3.2
1260,9981,2025-05-16 15:15:59.177000+00:00,19.8,34.8,31.0,1007.2,0,123,3.8
1260,9981,2025-05-16 15:16:59.154000+00:00,19.7,34.8,32.0,1007.3,0,137,2.5
1260,9981,2025-05-16 15:17:59.163000+00:00,19.7,34.8,32.0,1007.2,0,125,2.6
1260,9981,2025-05-16 15:18:59.179000+00:00,19.8,34.9,31.0,1007.2,0,126,2.0
1260,9981,2025-05-16 15:19:59.172000+00:00,19.6,35.0,30.0,1007.3,0,140,2.0
1260,9981,2025-05-16 15:20:59.172000+00:00,19.6,35.1,29.0,1007.3,0,129,2.9
1260,9981,2025-05-16 15:21:59.173000+00:00,19.5,35.1,30.0,1007.3,0,128,2.3
1260,9981,2025-05-16 15:22:59.173000+00:00,19.4,35.3,30.0,1007.3,0,144,2.5
1260,9981,2025-05-16 15:23:59.189000+00:00,19.4,35.5,31.0,1007.4,0,136,2.1
1260,9981,2025-05-16 15:24:59.189000+00:00,19.5,35.5,30.0,1007.3,0,105,2.2
1260,9981,2025-05-16 15:25:59.190000+00:00,19.5,35.3,31.0,1007.3,0,113,2.2
1260,9981,2025-05-16 15:26:59.190000+00:00,19.6,34.5,32.0,1007.3,0,119,2.1
1260,9981,2025-05-16 15:27:59.190000+00:00,19.7,34.4,32.0,1007.3,0,152,1.9
1260,9981,2025-05-16 15:28:59.190000+00:00,19.8,34.1,32.0,1007.3,0,124,1.8
1260,9981,2025-05-16 15:29:59.191000+00:00,19.8,34.3,33.0,1007.2,0,139,2.2
1260,9981,2025-05-16 15:30:59.175000+00:00,19.8,34.3,33.0,1007.2,0,128,3.3
1260,9981,2025-05-16 15:31:59.191000+00:00,19.7,34.1,32.0,1007.3,0,112,3.3
1260,9981,2025-05-16 15:32:59.192000+00:00,19.6,33.9,32.0,1007.2,0,107,2.3
1260,9981,2025-05-16 15:33:59.192000+00:00,19.8,33.9,33.0,1007.2,0,122,2.2
1260,9981,2025-05-16 15:34:59.196000+00:00,19.8,33.6,32.0,1007.3,0,150,3.2
1260,9981,2025-05-16 15:35:59.183000+00:00,19.8,33.7,32.0,1007.3,0,153,3.0
1260,9981,2025-05-16 15:36:59.195000+00:00,19.6,33.9,32.0,1007.3,0,122,2.4
1260,9981,2025-05-16 15:37:59.187000+00:00,19.5,34.0,32.0,1007.2,0,120,2.4
1260,9981,2025-05-16 15:38:59.195000+00:00,19.5,33.6,32.0,1007.3,0,122,2.1
1260,9981,2025-05-16 15:39:59.187000+00:00,19.6,33.9,32.0,1007.3,0,134,2.5
1260,9981,2025-05-16 15:40:59.191000+00:00,19.6,33.7,32.0,1007.2,0,122,2.4
1260,9981,2025-05-16 15:41:59.238000+00:00,19.6,33.7,32.0,1007.3,0,147,2.6
1260,9981,2025-05-16 15:42:59.192000+00:00,19.7,33.7,32.0,1007.2,0,127,2.5
1260,9981,2025-05-16 15:43:59.192000+00:00,19.7,33.9,31.0,1007.1,0,118,2.7
1260,9981,2025-05-16 15:44:59.197000+00:00,19.8,33.7,31.0,1007.1,0,134,2.0
1260,9981,2025-05-16 15:45:59.200000+00:00,19.8,33.4,31.0,1007.1,0,106,2.9
1260,9981,2025-05-16 15:46:59.202000+00:00,19.8,33.3,32.0,1007.2,0,114,2.5
1260,9981,2025-05-16 15:47:59.201000+00:00,19.8,33.2,31.0,1007.2,0,108,3.0
1260,9981,2025-05-16 15:48:59.209000+00:00,19.8,32.9,31.0,1007.1,0,114,3.2
1260,9981,2025-05-16 15:49:59.194000+00:00,19.8,32.9,31.0,1007.1,0,122,2.8
1260,9981,2025-05-16 15:50:59.194000+00:00,19.8,32.5,30.0,1007.2,0,132,3.5
1260,9981,2025-05-16 15:51:59.195000+00:00,19.7,32.4,30.0,1007.1,0,121,2.3
1260,9981,2025-05-16 15:52:59.200000+00:00,19.7,32.5,31.0,1007.1,0,122,1.9
1260,9981,2025-05-16 15:53:59.205000+00:00,19.6,32.4,31.0,1007.1,0,110,2.8
1260,9981,2025-05-16 15:54:59.205000+00:00,19.7,32.4,31.0,1007.2,0,130,1.8
1260,9981,2025-05-16 15:55:59.221000+00:00,19.7,32.3,30.0,1007.1,0,147,1.9
1260,9981,2025-05-16 15:56:59.206000+00:00,19.7,32.6,31.0,1007.2,0,125,0.8
1260,9981,2025-05-16 15:57:59.206000+00:00,19.6,32.6,32.0,1007.1,0,154,2.3
1260,9981,2025-05-16 15:58:59.207000+00:00,19.5,32.8,31.0,1007.1,0,141,2.2
1260,9981,2025-05-16 15:59:59.207000+00:00,19.5,32.8,32.0,1007.1,0,128,1.2
1260,9981,2025-05-16 16:00:59.207000+00:00,19.6,33.0,31.0,1007.1,0,114,1.4
1260,9981,2025-05-16 16:01:59.207000+00:00,19.5,32.8,32.0,1007.1,0,111,2.0
1260,9981,2025-05-16 16:02:59.208000+00:00,19.5,32.7,32.0,1007.1,0,124,1.8
1260,9981,2025-05-16 16:03:59.208000+00:00,19.4,32.7,31.0,1007.2,0,163,2.2
1260,9981,2025-05-16 16:04:59.208000+00:00,19.5,32.7,31.0,1007.1,0,126,1.4
1260,9981,2025-05-16 16:05:59.208000+00:00,19.6,33.0,31.0,1007.1,0,148,1.4
1260,9982,2025-05-17 10:18:03.478000+00:00,22.0,45.7,27.0,1009.3,0,0,1.4
1260,9982,2025-05-17 10:19:03.478000+00:00,21.9,45.9,26.0,1009.3,0,229,0.7
1260,9982,2025-05-17 10:20:03.485000+00:00,21.9,45.9,26.0,1009.3,0,184,0.6
1260,9982,2025-05-17 10:21:03.489000+00:00,21.9,45.9,26.0,1009.3,0,259,1.2
1260,9982,2025-05-17 10:22:03.492000+00:00,21.9,45.7,27.0,1009.2,0,345,0.8
1260,9982,2025-05-17 10:23:03.492000+00:00,21.9,45.7,27.0,1009.2,0,169,0.7
1260,9982,2025-05-17 10:24:03.493000+00:00,22.0,45.8,28.0,1009.2,0,115,1.0
1260,9982,2025-05-17 10:25:03.493000+00:00,21.9,45.8,28.0,1009.3,0,138,1.1
1260,9982,2025-05-17 10:26:03.496000+00:00,21.9,46.0,29.0,1009.3,0,161,1.4
1260,9982,2025-05-17 10:27:03.487000+00:00,22.0,46.0,29.0,1009.3,0,158,1.6
1260,9982,2025-05-17 10:28:03.503000+00:00,21.8,46.1,29.0,1009.3,0,149,1.0
1260,9982,2025-05-17 10:29:03.485000+00:00,21.7,45.9,30.0,1009.2,0,149,0.9
1260,9982,2025-05-17 10:30:03.491000+00:00,21.7,45.9,32.0,1009.3,0,136,1.0
1260,9982,2025-05-17 10:31:03.507000+00:00,21.6,45.8,33.0,1009.1,0,136,1.9
1260,9982,2025-05-17 10:32:03.492000+00:00,21.6,45.8,34.0,1009.2,0,153,2.2
1260,9982,2025-05-17 10:33:03.503000+00:00,21.5,46.1,33.0,1009.2,0,148,1.1
1260,9982,2025-05-17 10:34:03.495000+00:00,21.6,46.0,33.0,1009.2,0,156,1.5
1260,9982,2025-05-17 10:35:03.512000+00:00,21.7,46.1,33.0,1009.1,0,135,1.4
1260,9982,2025-05-17 10:36:03.540000+00:00,21.8,46.5,33.0,1009.2,0,107,1.5
1260,9982,2025-05-17 10:37:03.494000+00:00,21.7,46.5,32.0,1009.2,0,162,0.8
1260,9982,2025-05-17 10:38:03.494000+00:00,21.6,46.0,33.0,1009.1,0,132,1.6
1260,9982,2025-05-17 10:39:03.494000+00:00,21.5,46.0,33.0,1009.1,0,146,2.6
1260,9982,2025-05-17 10:40:03.496000+00:00,21.6,44.5,33.0,1009.1,0,119,2.0
1260,9982,2025-05-17 10:41:03.507000+00:00,21.6,43.0,32.0,1009.2,0,154,1.7
1260,9982,2025-05-17 10:42:03.508000+00:00,21.6,41.7,33.0,1009.1,0,140,1.4
1260,9982,2025-05-17 10:43:03.492000+00:00,21.5,43.3,33.0,1009.1,0,154,1.2
1260,9982,2025-05-17 10:44:03.508000+00:00,21.5,44.2,33.0,1009.1,0,131,2.1
1260,9982,2025-05-17 10:45:03.509000+00:00,21.5,44.4,32.0,1009.2,0,147,2.0
1260,9982,2025-05-17 10:46:03.509000+00:00,21.5,44.3,33.0,1008.9,0,139,2.4
1260,9982,2025-05-17 10:47:03.524000+00:00,21.6,44.3,31.0,1009.1,0,137,1.2
1260,9982,2025-05-17 10:48:03.514000+00:00,21.8,44.3,32.0,1009.1,0,138,2.1
1260,9982,2025-05-17 10:49:03.499000+00:00,21.8,44.9,31.0,1009.2,0,137,2.2
1260,9982,2025-05-17 10:50:03.548000+00:00,21.8,43.4,31.0,1009.1,0,134,2.2
1260,9982,2025-05-17 10:51:03.514000+00:00,21.9,41.8,30.0,1009.1,0,134,1.3
1260,9982,2025-05-17 10:52:03.505000+00:00,21.9,41.8,30.0,1009.1,0,134,1.3
1260,9982,2025-05-17 10:53:03.515000+00:00,21.9,39.6,32.0,1009.1,0,132,1.2
1260,9982,2025-05-17 10:54:03.512000+00:00,21.9,39.6,32.0,1009.1,0,119,2.0
1260,9982,2025-05-17 10:55:03.496000+00:00,21.9,39.7,31.0,1009.0,0,148,2.1
1260,9982,2025-05-17 10:56:03.512000+00:00,21.9,40.4,31.0,1009.1,0,154,1.7
1260,9982,2025-05-17 10:57:03.513000+00:00,22.0,41.5,31.0,1009.1,0,134,1.1
1260,9982,2025-05-17 10:58:03.507000+00:00,22.1,41.9,30.0,1009.1,0,217,1.1
1260,9982,2025-05-17 10:59:03.507000+00:00,22.2,42.3,30.0,1008.9,0,127,1.0
1260,9982,2025-05-17 11:00:03.507000+00:00,22.4,42.9,30.0,1009.0,0,167,2.0
1260,9982,2025-05-17 11:01:03.505000+00:00,22.4,43.5,30.0,1009.0,0,124,2.8
1260,9982,2025-05-17 11:02:03.505000+00:00,22.4,43.7,30.0,1009.0,0,139,1.9
1260,9982,2025-05-17 11:03:03.506000+00:00,22.5,44.0,30.0,1008.9,0,127,2.7
1260,9982,2025-05-17 11:04:03.506000+00:00,22.4,43.7,30.0,1009.0,0,119,2.1
1260,9982,2025-05-17 11:05:03.519000+00:00,22.4,42.8,29.0,1009.1,0,139,1.9
1260,9982,2025-05-17 11:06:03.523000+00:00,22.3,41.5,31.0,1009.0,0,166,2.6
1260,9982,2025-05-17 11:07:03.508000+00:00,22.2,41.8,31.0,1009.0,0,103,2.4
1260,9982,2025-05-17 11:08:03.524000+00:00,22.0,41.8,31.0,1009.0,0,126,1.7
1260,9982,2025-05-17 11:09:03.508000+00:00,22.0,40.5,31.0,1009.0,0,147,1.7
1260,9982,2025-05-17 11:10:03.527000+00:00,22.0,39.4,31.0,1009.0,0,128,1.4
1260,9982,2025-05-17 11:11:03.511000+00:00,22.0,39.2,30.0,1009.0,0,128,1.6
1260,9982,2025-05-17 11:12:03.533000+00:00,22.0,39.5,30.0,1009.0,0,184,1.6
1260,9982,2025-05-17 11:13:03.522000+00:00,22.0,39.5,30.0,1009.0,0,156,1.6
1260,9982,2025-05-17 11:14:03.512000+00:00,22.2,40.2,30.0,1008.9,0,130,1.6
1260,9982,2025-05-17 11:15:03.528000+00:00,22.3,40.2,30.0,1009.0,0,142,1.7
1260,9982,2025-05-17 11:16:03.520000+00:00,22.4,38.6,30.0,1008.9,0,148,1.6
1260,9982,2025-05-17 11:17:03.513000+00:00,22.2,38.1,30.0,1009.0,0,134,2.4
1260,9982,2025-05-17 11:18:03.529000+00:00,22.2,37.7,30.0,1009.1,0,126,1.8
1260,9982,2025-05-17 11:19:03.514000+00:00,22.1,37.0,30.0,1009.0,0,161,0.9
1260,9982,2025-05-17 11:20:03.521000+00:00,22.1,36.5,31.0,1009.0,0,146,0.9
1260,9982,2025-05-17 11:21:03.525000+00:00,22.1,36.5,31.0,1008.9,0,148,1.3
1260,9982,2025-05-17 11:22:03.526000+00:00,22.1,36.5,30.0,1008.9,0,144,1.2
1260,9982,2025-05-17 11:23:03.526000+00:00,22.1,38.0,30.0,1009.0,0,126,2.1
1260,9982,2025-05-17 11:24:03.531000+00:00,22.2,38.8,31.0,1008.9,0,144,2.7
1260,9982,2025-05-17 11:25:03.532000+00:00,22.4,38.8,30.0,1008.9,0,134,2.2
1260,9982,2025-05-17 11:26:03.539000+00:00,22.4,38.1,30.0,1009.0,0,143,2.3
1260,9982,2025-05-17 11:27:03.539000+00:00,22.3,37.9,30.0,1008.9,0,133,2.2
1260,9982,2025-05-17 11:28:03.555000+00:00,22.3,37.8,31.0,1008.9,0,125,2.1
1260,9982,2025-05-17 11:29:03.555000+00:00,22.2,38.0,30.0,1009.0,0,121,2.1
1260,9982,2025-05-17 11:30:03.567000+00:00,22.3,38.6,31.0,1008.9,0,134,1.7
1260,9982,2025-05-17 11:31:03.568000+00:00,22.3,40.0,31.0,1009.0,0,133,2.5
1260,9982,2025-05-17 11:32:03.584000+00:00,22.5,39.9,31.0,1008.9,0,129,2.1
1260,9982,2025-05-17 11:33:03.584000+00:00,22.5,38.8,31.0,1008.9,0,115,1.7
1260,9982,2025-05-17 11:34:03.584000+00:00,22.4,38.6,31.0,1008.9,0,180,1.2
1260,9982,2025-05-17 11:35:03.585000+00:00,22.2,38.0,31.0,1008.9,0,143,1.4
1260,9983,2025-05-17 13:47:04.135000+00:00,22.5,40.6,32.0,1008.7,0,293,3.0
1260,9983,2025-05-17 13:48:04.135000+00:00,22.5,40.7,31.0,1008.8,0,298,2.1
1260,9983,2025-05-17 13:49:04.135000+00:00,22.5,40.6,31.0,1008.6,0,268,1.9
1260,9983,2025-05-17 13:50:04.141000+00:00,22.5,41.0,31.0,1008.7,0,272,2.0
1260,9983,2025-05-17 13:51:04.124000+00:00,22.5,41.1,32.0,1008.6,0,253,1.8
1260,9983,2025-05-17 13:52:04.130000+00:00,22.5,41.6,31.0,1008.6,0,285,2.2
1260,9983,2025-05-17 13:53:04.130000+00:00,22.5,41.6,30.0,1008.5,0,295,2.7
1260,9983,2025-05-17 13:54:04.136000+00:00,22.6,41.4,29.0,1008.7,0,175,1.9
1260,9983,2025-05-17 13:55:04.142000+00:00,22.5,41.3,30.0,1008.6,0,288,1.8
1260,9983,2025-05-17 13:56:04.127000+00:00,22.4,41.1,31.0,1008.6,0,252,2.5
1260,9983,2025-05-17 13:57:04.127000+00:00,22.1,40.2,31.0,1008.6,0,286,1.9
1260,9983,2025-05-17 13:58:04.143000+00:00,22.1,40.2,31.0,1008.6,0,286,1.9
1260,9983,2025-05-17 13:59:04.144000+00:00,22.1,39.4,30.0,1008.7,0,274,2.3
1260,9983,2025-05-17 14:00:04.128000+00:00,22.2,39.4,31.0,1008.6,0,301,1.2
1260,9983,2025-05-17 14:01:04.144000+00:00,22.3,39.6,32.0,1008.6,0,302,0.8
1260,9983,2025-05-17 14:02:04.176000+00:00,22.4,40.5,32.0,1008.6,0,314,2.1
1260,9983,2025-05-17 14:03:04.177000+00:00,22.6,40.7,30.0,1008.7,0,303,3.6
1260,9983,2025-05-17 14:04:04.177000+00:00,22.7,40.7,31.0,1008.7,0,320,2.7
1260,9983,2025-05-17 14:05:04.177000+00:00,22.7,40.6,30.0,1008.6,0,281,1.7
1260,9983,2025-05-17 14:06:04.194000+00:00,22.7,40.7,30.0,1008.6,0,317,2.0
1260,9983,2025-05-17 14:07:04.182000+00:00,22.9,40.7,30.0,1008.6,0,312,0.9
1260,9983,2025-05-17 14:08:04.191000+00:00,22.8,41.1,30.0,1008.6,0,283,2.6
1260,9983,2025-05-17 14:09:04.198000+00:00,22.9,41.2,30.0,1008.7,0,292,3.4
1260,9983,2025-05-17 14:10:04.214000+00:00,22.9,41.2,30.0,1008.6,0,320,3.0
1260,9983,2025-05-17 14:11:04.214000+00:00,22.9,41.0,30.0,1008.7,0,297,2.7
1260,9983,2025-05-17 14:12:04.246000+00:00,22.7,40.0,32.0,1008.6,0,273,2.3
1260,9983,2025-05-17 14:13:04.246000+00:00,22.6,39.5,31.0,1008.6,0,283,2.8
1260,9983,2025-05-17 14:14:04.262000+00:00,22.3,38.7,30.0,1008.7,0,297,2.2
1260,9983,2025-05-17 14:15:04.263000+00:00,22.1,38.1,31.0,1008.6,0,287,1.1
1260,9983,2025-05-17 14:16:04.263000+00:00,22.1,37.6,30.0,1008.5,0,45,0.7
1260,9983,2025-05-17 14:17:04.263000+00:00,22.1,37.4,31.0,1008.6,0,268,0.4
1260,9983,2025-05-17 14:18:04.279000+00:00,22.0,37.3,31.0,1008.7,0,320,1.3
1260,9983,2025-05-17 14:19:04.280000+00:00,22.0,37.4,32.0,1008.6,0,302,2.0
1260,9983,2025-05-17 14:20:04.265000+00:00,22.1,38.1,33.0,1008.6,0,332,2.7
1260,9983,2025-05-17 14:21:04.281000+00:00,22.3,39.0,31.0,1008.7,0,298,2.3
1260,9983,2025-05-17 14:22:04.281000+00:00,22.5,39.2,31.0,1008.6,0,312,2.5
1260,9983,2025-05-17 14:23:04.282000+00:00,22.5,39.5,31.0,1008.6,0,330,3.0
1260,9983,2025-05-17 14:24:04.282000+00:00,22.6,39.8,32.0,1008.7,0,261,0.8
1260,9983,2025-05-17 14:25:04.282000+00:00,22.8,39.8,31.0,1008.6,0,82,1.2
1260,9983,2025-05-17 14:26:04.283000+00:00,22.9,39.0,31.0,1008.5,0,124,1.7
1260,9983,2025-05-17 14:27:04.283000+00:00,22.9,38.5,31.0,1008.7,0,105,2.3
1260,9983,2025-05-17 14:28:04.284000+00:00,22.9,38.2,31.0,1008.6,0,333,1.7
1260,9983,2025-05-17 14:29:04.284000+00:00,22.9,37.7,32.0,1008.6,0,255,1.1
1260,9983,2025-05-17 14:30:04.285000+00:00,22.9,37.0,32.0,1008.7,0,286,1.5
1260,9983,2025-05-17 14:31:04.285000+00:00,22.8,36.9,32.0,1008.7,0,285,3.6
1260,9983,2025-05-17 14:32:04.288000+00:00,22.8,36.3,33.0,1008.7,0,315,2.4
1260,9983,2025-05-17 14:33:04.288000+00:00,22.7,36.3,32.0,1008.7,0,164,2.1
1260,9983,2025-05-17 14:34:04.304000+00:00,22.6,36.4,33.0,1008.6,0,271,2.1
1260,9983,2025-05-17 14:35:04.320000+00:00,22.5,37.1,33.0,1008.7,0,295,1.4
1260,9983,2025-05-17 14:36:04.336000+00:00,22.6,38.2,32.0,1008.7,0,281,2.1
1260,9983,2025-05-17 14:37:04.322000+00:00,22.7,38.7,33.0,1008.6,0,266,1.7
1260,9983,2025-05-17 14:38:04.338000+00:00,22.7,39.2,33.0,1008.6,0,309,1.6
1260,9983,2025-05-17 14:39:04.338000+00:00,22.7,39.6,32.0,1008.6,0,193,2.2
1260,9983,2025-05-17 14:40:04.354000+00:00,22.8,39.7,33.0,1008.5,0,322,1.7
1260,9983,2025-05-17 14:41:04.357000+00:00,22.9,39.8,32.0,1008.6,0,334,2.0
1260,9983,2025-05-17 14:42:04.341000+00:00,22.9,39.8,32.0,1008.6,0,265,1.4
1260,9983,2025-05-17 14:43:04.357000+00:00,23.0,39.8,32.0,1008.6,0,301,1.8
1260,9983,2025-05-17 14:44:04.373000+00:00,23.0,39.8,32.0,1008.7,0,294,1.3
1260,9983,2025-05-17 14:45:04.389000+00:00,22.9,40.3,32.0,1008.5,0,285,1.9
1260,9983,2025-05-17 14:46:04.389000+00:00,22.9,40.3,31.0,1008.6,0,296,2.2
1260,9983,2025-05-17 14:47:04.405000+00:00,22.9,40.3,32.0,1008.6,0,314,2.5
1260,9983,2025-05-17 14:48:04.374000+00:00,22.9,40.4,30.0,1008.6,0,257,2.4
1260,9983,2025-05-17 14:49:04.384000+00:00,23.0,40.4,29.0,1008.6,0,323,1.8
1260,9983,2025-05-17 14:50:04.385000+00:00,23.0,40.5,30.0,1008.6,0,278,2.2
1260,9983,2025-05-17 14:51:04.385000+00:00,22.8,40.5,30.0,1008.6,0,276,2.2
1260,9983,2025-05-17 14:52:04.401000+00:00,22.8,40.5,30.0,1008.7,0,237,1.2
1260,9983,2025-05-17 14:53:04.423000+00:00,22.8,40.7,30.0,1008.6,0,236,1.2
1260,9983,2025-05-17 14:54:04.415000+00:00,22.8,40.7,31.0,1008.6,0,325,0.5
1260,9983,2025-05-17 14:55:04.433000+00:00,22.8,40.8,30.0,1008.7,0,306,1.5
1260,9983,2025-05-17 14:56:04.418000+00:00,22.9,40.7,30.0,1008.6,0,322,2.4
1260,9983,2025-05-17 14:57:04.434000+00:00,23.0,40.7,30.0,1008.6,0,310,2.3
1260,9983,2025-05-17 14:58:04.426000+00:00,23.0,40.7,30.0,1008.6,0,285,1.7
1260,9983,2025-05-17 14:59:04.438000+00:00,23.1,40.7,30.0,1008.5,0,301,2.6
1260,9983,2025-05-17 15:00:04.448000+00:00,23.1,40.6,30.0,1008.6,0,284,3.3
1260,9983,2025-05-17 15:01:04.426000+00:00,23.0,40.4,29.0,1008.7,0,287,2.6
1260,9983,2025-05-17 15:02:04.426000+00:00,23.0,40.1,30.0,1008.6,0,0,1.6
1260,9983,2025-05-17 15:03:04.442000+00:00,22.9,40.0,30.0,1008.6,0,170,0.7
1260,9983,2025-05-17 15:04:04.427000+00:00,22.9,39.3,30.0,1008.6,0,275,1.4
1260,9983,2025-05-17 15:05:04.427000+00:00,22.9,39.3,30.0,1008.6,0,267,1.4
1260,9983,2025-05-17 15:06:04.433000+00:00,23.0,39.5,30.0,1008.7,0,298,2.1
1260,9983,2025-05-17 15:07:04.433000+00:00,23.2,39.7,29.0,1008.6,0,296,2.0
1260,9983,2025-05-17 15:08:04.428000+00:00,23.3,39.5,29.0,1008.6,0,301,2.8
1260,9983,2025-05-17 15:09:04.439000+00:00,23.3,39.4,27.0,1008.6,0,318,2.6
1260,9983,2025-05-17 15:10:04.429000+00:00,23.3,39.4,28.0,1008.6,0,300,2.6
1260,9983,2025-05-17 15:11:04.442000+00:00,23.3,39.4,28.0,1008.6,0,300,3.1
1260,9983,2025-05-17 15:12:04.504000+00:00,23.2,39.4,28.0,1008.7,0,308,2.6
1260,9983,2025-05-17 15:13:04.441000+00:00,23.3,39.2,29.0,1008.6,0,316,1.2
1260,9983,2025-05-17 15:14:04.447000+00:00,23.3,39.0,28.0,1008.6,0,143,2.0
1260,9983,2025-05-17 15:15:04.447000+00:00,23.3,38.3,28.0,1008.6,0,145,0.9
1260,9983,2025-05-17 15:16:04.432000+00:00,23.2,38.3,28.0,1008.6,0,256,1.2
1260,9983,2025-05-17 15:17:04.447000+00:00,23.3,38.5,29.0,1008.5,0,317,1.8
1260,9983,2025-05-17 15:18:04.448000+00:00,23.3,38.5,29.0,1008.6,0,289,2.4
1260,9983,2025-05-17 15:19:04.432000+00:00,23.3,38.9,29.0,1008.6,0,302,2.6
1260,9983,2025-05-17 15:20:04.448000+00:00,23.2,39.0,29.0,1008.5,0,292,1.6
1260,9983,2025-05-17 15:21:04.464000+00:00,23.1,39.0,28.0,1008.6,0,306,1.9
1260,9983,2025-05-17 15:22:04.438000+00:00,23.1,39.0,29.0,1008.7,0,267,1.9
1260,9983,2025-05-17 15:23:04.454000+00:00,23.1,39.0,29.0,1008.6,0,296,2.0
1260,9983,2025-05-17 15:24:04.439000+00:00,23.0,38.8,28.0,1008.6,0,295,2.6
1260,9983,2025-05-17 15:25:04.454000+00:00,23.0,38.8,29.0,1008.6,0,267,1.3
1260,9983,2025-05-17 15:26:04.439000+00:00,22.9,38.8,29.0,1008.5,0,251,1.8
1260,9983,2025-05-17 15:27:04.455000+00:00,23.0,38.4,30.0,1008.6,0,283,1.4
1260,9983,2025-05-17 15:28:04.456000+00:00,23.1,38.1,29.0,1008.7,0,249,1.6
1260,9983,2025-05-17 15:29:04.456000+00:00,23.2,38.3,30.0,1008.6,0,260,2.9
1260,9983,2025-05-17 15:30:04.456000+00:00,23.2,38.2,30.0,1008.6,0,281,1.9
1260,9983,2025-05-17 15:31:04.457000+00:00,23.1,38.3,30.0,1008.6,0,332,1.1
1260,9983,2025-05-17 15:32:04.441000+00:00,23.1,38.2,30.0,1008.5,0,299,1.7
1260,9983,2025-05-17 15:33:04.457000+00:00,23.0,38.0,30.0,1008.6,0,349,2.5
1260,9983,2025-05-17 15:34:04.458000+00:00,22.9,38.0,31.0,1008.7,0,322,2.3
1260,9983,2025-05-17 15:35:04.458000+00:00,22.9,37.9,30.0,1008.7,0,288,1.8
1260,9983,2025-05-17 15:36:04.458000+00:00,23.0,37.5,30.0,1008.6,0,290,0.5
1260,9987,2025-05-18 12:08:08.577000+00:00,23.8,45.1,40.0,1010.2,0,292,3.4
1260,9987,2025-05-18 12:09:08.575000+00:00,23.7,45.0,39.0,1010.2,0,285,3.4
1260,9987,2025-05-18 12:10:08.568000+00:00,23.5,44.6,39.0,1010.1,0,297,3.5
1260,9987,2025-05-18 12:11:08.578000+00:00,23.4,45.0,39.0,1010.2,0,311,3.4
1260,9987,2025-05-18 12:12:08.579000+00:00,23.5,44.7,39.0,1010.2,0,291,4.0
1260,9987,2025-05-18 12:13:08.578000+00:00,23.5,44.7,38.0,1010.2,0,328,3.0
1260,9987,2025-05-18 12:14:08.573000+00:00,23.6,44.6,39.0,1010.1,0,314,2.3
1260,9987,2025-05-18 12:15:08.562000+00:00,23.6,45.5,39.0,1010.1,0,296,3.5
1260,9987,2025-05-18 12:16:08.571000+00:00,23.6,45.6,39.0,1010.2,0,283,3.8
1260,9987,2025-05-18 12:17:08.590000+00:00,23.8,45.2,38.0,1010.2,0,342,3.4
1260,9987,2025-05-18 12:18:08.575000+00:00,23.8,45.0,38.0,1010.1,0,287,3.1
1260,9987,2025-05-18 12:19:08.582000+00:00,23.7,45.0,38.0,1010.2,0,271,3.1
1260,9987,2025-05-18 12:20:08.582000+00:00,23.8,45.0,37.0,1010.2,0,305,3.5
1260,9987,2025-05-18 12:21:08.589000+00:00,23.8,45.0,37.0,1010.2,0,309,2.7
1260,9987,2025-05-18 12:22:08.603000+00:00,23.8,45.1,38.0,1010.1,0,287,2.8
1260,9987,2025-05-18 12:23:08.605000+00:00,23.9,45.1,39.0,1010.1,0,283,2.8
1260,9987,2025-05-18 12:24:08.578000+00:00,23.9,45.5,39.0,1010.0,0,292,3.0
1260,9987,2025-05-18 12:25:08.588000+00:00,23.9,45.6,38.0,1010.1,0,327,3.6
1260,9987,2025-05-18 12:26:08.606000+00:00,24.0,45.5,37.0,1010.1,0,298,4.5
1260,9987,2025-05-18 12:27:08.623000+00:00,24.0,45.2,37.0,1010.1,0,276,3.2
1260,9987,2025-05-18 12:28:08.637000+00:00,24.0,45.3,38.0,1010.1,0,287,2.4
1260,9987,2025-05-18 12:29:08.623000+00:00,24.0,45.6,38.0,1010.1,0,329,2.9
1260,9987,2025-05-18 12:30:08.642000+00:00,24.0,45.9,38.0,1010.1,0,284,3.2
1260,9987,2025-05-18 12:31:08.635000+00:00,24.1,45.9,38.0,1010.0,0,317,2.2
1260,9987,2025-05-18 12:32:08.653000+00:00,24.2,45.8,37.0,1010.2,0,310,3.2
1260,9987,2025-05-18 12:33:08.644000+00:00,24.2,45.7,37.0,1009.9,0,326,3.5
1260,9987,2025-05-18 12:34:08.670000+00:00,24.0,44.6,38.0,1010.1,0,288,3.4
1260,9987,2025-05-18 12:35:08.680000+00:00,23.9,44.6,37.0,1010.0,0,270,3.1
1260,9987,2025-05-18 12:36:08.681000+00:00,23.8,45.2,37.0,1010.1,0,256,3.0
1260,9987,2025-05-18 12:37:08.693000+00:00,23.6,45.2,39.0,1010.0,0,288,3.0
1260,9987,2025-05-18 12:38:08.687000+00:00,23.6,45.8,39.0,1009.9,0,267,2.6
1260,9987,2025-05-18 12:39:08.687000+00:00,23.5,45.8,39.0,1010.0,0,268,2.9
1260,9987,2025-05-18 12:40:08.690000+00:00,23.6,45.9,38.0,1010.0,0,312,3.6
1260,9987,2025-05-18 12:41:08.685000+00:00,23.8,45.5,37.0,1010.0,0,314,3.9
1260,9987,2025-05-18 12:42:08.713000+00:00,23.9,45.3,37.0,1010.1,0,288,3.3
1260,9987,2025-05-18 12:43:08.765000+00:00,23.9,45.0,39.0,1010.0,0,356,2.7
1260,9987,2025-05-18 12:44:08.721000+00:00,23.8,45.6,39.0,1010.2,0,264,3.7
1260,9987,2025-05-18 12:45:08.722000+00:00,23.8,45.9,39.0,1010.0,0,288,3.2
1260,9987,2025-05-18 12:46:08.722000+00:00,23.9,45.6,38.0,1010.0,0,320,4.1
1260,9987,2025-05-18 12:47:08.723000+00:00,24.0,45.0,38.0,1010.1,0,295,5.0
1260,9987,2025-05-18 12:48:08.714000+00:00,24.0,45.4,39.0,1010.2,0,313,3.5
1260,9987,2025-05-18 12:49:08.719000+00:00,24.0,45.4,39.0,1009.9,0,296,3.1
1260,9987,2025-05-18 12:50:08.747000+00:00,24.0,45.4,39.0,1010.1,0,291,3.4
1260,9987,2025-05-18 12:51:08.760000+00:00,23.9,45.3,40.0,1010.1,0,293,2.6
1260,9987,2025-05-18 12:52:08.754000+00:00,23.7,45.1,40.0,1010.0,0,291,3.8
1260,9987,2025-05-18 12:53:08.773000+00:00,23.8,45.2,39.0,1010.1,0,296,3.9
1260,9987,2025-05-18 12:54:08.768000+00:00,23.8,45.2,38.0,1010.0,0,288,3.5
1260,9987,2025-05-18 12:55:08.778000+00:00,23.9,44.8,37.0,1010.1,0,274,4.7
1260,9987,2025-05-18 12:56:08.771000+00:00,23.9,45.0,39.0,1009.9,0,279,1.4
1260,9987,2025-05-18 12:57:08.799000+00:00,23.9,45.1,39.0,1010.0,0,296,2.8
1260,9987,2025-05-18 12:58:08.800000+00:00,23.8,45.4,39.0,1009.8,0,298,3.8
1260,9987,2025-05-18 12:59:08.798000+00:00,24.0,45.3,39.0,1009.9,0,267,3.9
1260,9987,2025-05-18 13:00:08.821000+00:00,24.1,45.1,39.0,1009.9,0,307,2.2
1260,9987,2025-05-18 13:01:08.842000+00:00,24.1,45.1,39.0,1009.8,0,281,3.7
1260,9987,2025-05-18 13:02:08.839000+00:00,24.0,45.4,38.0,1010.1,0,278,4.4
1260,9987,2025-05-18 13:03:08.850000+00:00,24.0,44.8,39.0,1009.9,0,286,4.7
1260,9987,2025-05-18 13:04:08.867000+00:00,24.0,45.0,39.0,1009.9,0,298,3.4
1260,9987,2025-05-18 13:05:08.884000+00:00,24.0,45.2,39.0,1010.0,0,266,3.5
1260,9987,2025-05-18 13:06:08.867000+00:00,24.1,45.3,39.0,1010.0,0,296,3.8
1260,9987,2025-05-18 13:07:08.870000+00:00,24.0,45.4,39.0,1009.9,0,280,2.6
1260,9987,2025-05-18 13:08:08.855000+00:00,24.1,44.8,38.0,1009.9,0,286,4.1
1260,9987,2025-05-18 13:09:08.868000+00:00,24.0,44.7,38.0,1010.0,0,241,4.6
1260,9987,2025-05-18 13:10:08.871000+00:00,23.9,43.4,38.0,1010.0,0,286,3.0
1260,9987,2025-05-18 13:11:08.898000+00:00,23.9,43.4,40.0,1010.0,0,279,1.5
1260,9987,2025-05-18 13:12:08.885000+00:00,23.8,43.5,40.0,1009.9,0,277,2.4
1260,9987,2025-05-18 13:13:08.864000+00:00,23.9,43.2,39.0,1009.8,0,317,4.3
1260,9987,2025-05-18 13:14:08.867000+00:00,24.0,43.1,39.0,1010.1,0,284,3.3
1260,9987,2025-05-18 13:15:08.896000+00:00,24.1,43.2,39.0,1009.8,0,309,3.6
1260,9987,2025-05-18 13:16:08.877000+00:00,24.0,43.2,40.0,1009.8,0,120,3.0
1260,9987,2025-05-18 13:17:08.875000+00:00,24.0,43.2,38.0,1009.8,0,251,2.2
1260,9987,2025-05-18 13:18:08.865000+00:00,24.2,42.7,39.0,1009.7,0,297,3.1
1260,9987,2025-05-18 13:19:08.904000+00:00,24.2,42.9,39.0,1009.7,0,297,4.1
1260,9987,2025-05-18 13:20:08.970000+00:00,24.1,42.9,38.0,1010.0,0,315,4.6
1260,9987,2025-05-18 13:21:08.951000+00:00,24.1,42.7,38.0,1009.9,0,286,3.9
1260,9987,2025-05-18 13:22:08.918000+00:00,24.1,42.5,39.0,1009.8,0,342,3.7
1260,9987,2025-05-18 13:23:08.977000+00:00,24.1,42.7,39.0,1009.7,0,302,2.6
1260,9987,2025-05-18 13:24:08.928000+00:00,24.0,42.8,39.0,1009.8,0,305,2.5
1260,9987,2025-05-18 13:25:08.932000+00:00,24.0,42.5,39.0,1009.6,0,300,3.1
1260,9987,2025-05-18 13:26:08.949000+00:00,24.2,42.5,39.0,1009.8,0,353,3.1
1260,9987,2025-05-18 13:27:08.942000+00:00,24.1,42.5,39.0,1009.8,0,235,3.5
1260,9987,2025-05-18 13:28:08.949000+00:00,24.3,42.3,39.0,1009.9,0,290,1.6
1260,9987,2025-05-18 13:29:08.984000+00:00,24.3,41.7,39.0,1009.9,0,284,4.8
1260,9987,2025-05-18 13:30:08.959000+00:00,24.1,41.7,39.0,1009.9,0,243,3.2
1260,9987,2025-05-18 13:31:08.979000+00:00,24.0,41.7,40.0,1010.0,0,314,3.2
1260,9987,2025-05-18 13:32:09.024000+00:00,23.9,41.6,40.0,1009.8,0,329,2.9
1260,9987,2025-05-18 13:33:08.969000+00:00,23.9,41.8,40.0,1009.9,0,265,2.1
1260,9987,2025-05-18 13:34:08.976000+00:00,23.8,41.7,38.0,1009.9,0,285,2.7
1260,9987,2025-05-18 13:35:08.971000+00:00,23.8,41.7,40.0,1009.8,0,268,3.3
1260,9987,2025-05-18 13:36:08.982000+00:00,23.8,41.6,40.0,1009.7,0,288,1.8
1260,9987,2025-05-18 13:37:08.990000+00:00,23.8,41.8,39.0,1009.6,0,328,2.5
1260,9987,2025-05-18 13:38:08.984000+00:00,24.0,41.4,38.0,1009.7,0,132,2.7
1260,9987,2025-05-18 13:39:09.015000+00:00,24.2,41.5,40.0,1009.6,0,63,2.5
1260,9987,2025-05-18 13:40:09.011000+00:00,24.1,41.8,38.0,1009.6,0,344,2.6
1260,9987,2025-05-18 13:41:09.021000+00:00,24.0,41.8,39.0,1009.7,0,318,1.4
1260,9987,2025-05-18 13:42:09.028000+00:00,24.2,41.8,37.0,1009.6,0,289,2.9
1260,9987,2025-05-18 13:43:09.032000+00:00,24.3,41.7,38.0,1009.6,0,286,2.4
1260,9987,2025-05-18 13:44:09.042000+00:00,24.2,40.9,37.0,1009.7,0,276,3.0
1260,9987,2025-05-18 13:45:09.004000+00:00,24.3,40.9,37.0,1009.7,0,294,3.8
1260,9987,2025-05-18 13:46:09.013000+00:00,24.2,41.3,37.0,1009.6,0,288,3.4
1260,9987,2025-05-18 13:47:09.018000+00:00,24.0,41.6,38.0,1009.7,0,282,3.8
1260,9987,2025-05-18 13:48:09.025000+00:00,24.0,41.9,38.0,1009.8,0,292,2.0
1260,9987,2025-05-18 13:49:09.018000+00:00,23.9,41.9,38.0,1009.7,0,216,3.2
1260,9987,2025-05-18 13:50:09.019000+00:00,24.0,41.6,37.0,1009.7,0,328,2.8
1260,9987,2025-05-18 13:51:09.032000+00:00,24.2,41.4,38.0,1009.6,0,286,3.9
1260,9987,2025-05-18 13:52:09.018000+00:00,24.2,41.3,38.0,1009.6,0,286,4.2
1260,9987,2025-05-18 13:53:09.020000+00:00,24.1,41.2,38.0,1009.7,0,90,3.0
1260,9987,2025-05-18 13:54:09.022000+00:00,24.1,40.9,39.0,1009.7,0,244,3.5
1260,9987,2025-05-18 13:55:09.024000+00:00,24.1,39.9,39.0,1009.7,0,322,3.0
1260,9987,2025-05-18 13:56:09.017000+00:00,24.0,38.9,39.0,1009.7,0,288,2.1
1260,9987,2025-05-18 13:57:09.022000+00:00,23.9,38.6,39.0,1009.7,0,123,3.1
1260,9987,2025-05-18 13:58:09.047000+00:00,23.9,39.3,39.0,1009.5,0,331,2.4
1260,9987,2025-05-18 13:59:09.036000+00:00,23.7,39.8,38.0,1009.3,0,318,2.9
1260,9987,2025-05-18 14:00:09.038000+00:00,23.8,39.3,38.0,1009.6,0,272,3.9
1260,9987,2025-05-18 14:01:09.022000+00:00,24.0,38.7,38.0,1009.5,0,300,3.1
1260,9987,2025-05-18 14:02:09.037000+00:00,24.0,38.7,38.0,1009.6,0,292,3.4
1260,9987,2025-05-18 14:03:09.046000+00:00,24.0,39.4,38.0,1009.5,0,296,1.9
1260,9987,2025-05-18 14:04:09.053000+00:00,24.0,39.7,38.0,1009.6,0,251,2.5
1260,9987,2025-05-18 14:05:09.038000+00:00,24.1,39.7,38.0,1009.6,0,228,3.1
1260,9987,2025-05-18 14:06:09.041000+00:00,24.1,40.1,38.0,1009.5,0,291,2.9
1260,9987,2025-05-18 14:07:09.035000+00:00,24.1,40.1,37.0,1009.6,0,288,2.6
1260,9987,2025-05-18 14:08:09.039000+00:00,24.1,39.4,38.0,1009.7,0,291,4.1
1260,9987,2025-05-18 14:09:09.036000+00:00,24.0,39.5,38.0,1009.5,0,284,3.2
1260,9987,2025-05-18 14:10:09.040000+00:00,24.0,39.6,38.0,1009.5,0,323,3.5
1260,9987,2025-05-18 14:11:09.027000+00:00,24.0,40.1,37.0,1009.4,0,283,3.3
1260,9987,2025-05-18 14:12:09.042000+00:00,24.0,40.1,38.0,1009.4,0,332,2.6
1260,9987,2025-05-18 14:13:09.029000+00:00,24.2,40.5,38.0,1009.4,0,289,3.3
1260,9987,2025-05-18 14:14:09.030000+00:00,24.3,40.5,38.0,1009.5,0,315,3.2
1260,9987,2025-05-18 14:15:09.040000+00:00,24.3,40.2,37.0,1009.5,0,238,3.8
1260,9987,2025-05-18 14:16:09.028000+00:00,24.3,40.1,38.0,1009.5,0,294,3.3
1260,9987,2025-05-18 14:17:09.034000+00:00,24.3,39.7,37.0,1009.6,0,305,4.1
1260,9987,2025-05-18 14:18:09.053000+00:00,24.3,39.7,38.0,1009.3,0,302,4.4
1260,9987,2025-05-18 14:19:09.066000+00:00,24.3,39.6,38.0,1009.5,0,313,4.7
1260,9987,2025-05-18 14:20:09.077000+00:00,24.2,39.6,38.0,1009.6,0,287,4.7
1260,9987,2025-05-18 14:21:09.080000+00:00,24.1,39.6,38.0,1009.3,0,296,4.9
1260,9987,2025-05-18 14:22:09.114000+00:00,24.0,39.7,38.0,1009.5,0,284,3.2
1260,9987,2025-05-18 14:23:09.112000+00:00,24.0,39.7,39.0,1009.4,0,273,3.0
1260,9987,2025-05-18 14:24:09.153000+00:00,24.1,39.9,38.0,1009.3,0,329,3.3
1260,9987,2025-05-18 14:25:09.150000+00:00,24.0,39.9,37.0,1009.5,0,308,4.0
1260,9987,2025-05-18 14:26:09.174000+00:00,24.0,39.7,37.0,1009.3,0,324,3.7
1260,9987,2025-05-18 14:27:09.160000+00:00,24.0,39.3,37.0,1009.4,0,287,3.1
1260,9987,2025-05-18 14:28:09.161000+00:00,24.0,39.3,36.0,1009.5,0,282,3.9
1260,9987,2025-05-18 14:29:09.173000+00:00,24.0,39.5,38.0,1009.4,0,282,3.8
1260,9987,2025-05-18 14:30:09.171000+00:00,24.0,39.5,38.0,1009.3,0,336,2.0
1260,9987,2025-05-18 14:31:09.169000+00:00,23.9,39.4,37.0,1009.3,0,298,3.9
1260,9987,2025-05-18 14:32:09.170000+00:00,24.0,39.4,37.0,1009.3,0,310,3.3
1260,9987,2025-05-18 14:33:09.172000+00:00,23.9,39.0,37.0,1009.4,0,297,3.3
1260,9987,2025-05-18 14:34:09.173000+00:00,23.9,38.9,37.0,1009.5,0,328,2.9
1260,9987,2025-05-18 14:35:09.185000+00:00,23.8,38.6,37.0,1009.3,0,301,1.7
1260,9987,2025-05-18 14:36:09.182000+00:00,23.6,38.7,38.0,1009.2,0,276,3.9
1260,9987,2025-05-18 14:37:09.176000+00:00,23.7,38.7,38.0,1009.3,0,0,3.2
1261,9972,2025-05-23 11:15:08.148000+00:00,22.3,42.0,40.0,1010.5,0,178,0.6
1261,9972,2025-05-23 11:16:08.148000+00:00,22.3,41.5,39.0,1010.5,0,198,0.5
1261,9972,2025-05-23 11:17:08.164000+00:00,22.3,40.6,39.0,1010.6,0,190,0.8
1261,9972,2025-05-23 11:18:08.154000+00:00,22.2,40.3,40.0,1010.7,0,210,1.1
1261,9972,2025-05-23 11:19:08.170000+00:00,22.1,40.2,41.0,1010.7,0,337,0.6
1261,9972,2025-05-23 11:20:08.202000+00:00,22.0,39.9,41.0,1010.6,0,347,0.8
1261,9972,2025-05-23 11:21:08.202000+00:00,22.0,39.5,41.0,1010.7,0,320,0.9
1261,9972,2025-05-23 11:22:08.218000+00:00,22.1,39.6,41.0,1010.6,0,328,1.3
1261,9972,2025-05-23 11:23:08.226000+00:00,22.1,39.5,41.0,1010.7,0,319,1.3
1261,9972,2025-05-23 11:24:08.239000+00:00,22.0,39.5,42.0,1010.7,0,204,1.1
1261,9972,2025-05-23 11:25:08.252000+00:00,21.9,38.8,42.0,1010.7,0,336,0.6
1261,9972,2025-05-23 11:26:08.238000+00:00,21.9,38.8,43.0,1010.7,0,345,1.6
1261,9972,2025-05-23 11:27:08.243000+00:00,21.8,39.7,43.0,1010.7,0,353,1.3
1261,9972,2025-05-23 11:28:08.243000+00:00,21.7,40.4,43.0,1010.7,0,4,1.2
1261,9972,2025-05-23 11:29:08.259000+00:00,21.7,40.4,41.0,1010.8,0,305,1.1
1261,9972,2025-05-23 11:30:08.260000+00:00,21.7,39.8,40.0,1010.7,0,193,0.3
1261,9972,2025-05-23 11:31:08.276000+00:00,21.8,39.8,40.0,1010.7,0,183,0.7
1261,9972,2025-05-23 11:32:08.292000+00:00,21.6,39.2,40.0,1010.8,0,355,1.0
1261,9972,2025-05-23 11:33:08.277000+00:00,21.6,37.6,41.0,1010.8,0,191,1.0
1261,9972,2025-05-23 11:34:08.293000+00:00,21.5,38.4,43.0,1010.8,0,77,1.2
1261,9972,2025-05-23 11:35:08.309000+00:00,21.5,37.9,43.0,1010.9,0,178,0.8
1261,9972,2025-05-23 11:36:08.322000+00:00,21.4,37.8,43.0,1010.7,0,0,1.0
1261,9972,2025-05-23 11:37:08.338000+00:00,21.5,37.6,42.0,1010.8,0,9,0.5
1261,9972,2025-05-23 11:38:08.329000+00:00,21.5,37.1,42.0,1010.8,0,183,0.4
1261,9972,2025-05-23 11:39:08.345000+00:00,21.5,37.0,44.0,1010.8,0,247,0.6
1261,9972,2025-05-23 11:40:08.362000+00:00,21.6,37.1,43.0,1010.8,0,293,0.0
1261,9972,2025-05-23 11:41:08.346000+00:00,21.6,36.7,43.0,1010.8,0,302,0.7
1261,9972,2025-05-23 11:42:08.362000+00:00,21.4,37.1,41.0,1010.8,0,76,0.8
1261,9972,2025-05-23 11:43:08.348000+00:00,21.3,37.1,42.0,1010.8,0,68,0.7
1261,9972,2025-05-23 11:44:08.354000+00:00,21.2,36.9,43.0,1010.8,0,259,0.5
1261,9972,2025-05-23 11:45:08.354000+00:00,21.1,36.6,43.0,1010.8,0,36,0.5
1261,9972,2025-05-23 11:46:08.355000+00:00,21.1,36.7,43.0,1010.8,0,324,0.4
1261,9972,2025-05-23 11:47:08.355000+00:00,21.3,38.4,43.0,1010.8,0,212,0.7
1261,9972,2025-05-23 11:48:08.363000+00:00,21.5,39.1,41.0,1010.8,0,319,1.1
1261,9972,2025-05-23 11:49:08.369000+00:00,21.5,39.5,40.0,1010.8,0,217,0.7
1261,9972,2025-05-23 11:50:08.369000+00:00,21.7,39.1,41.0,1010.8,0,208,0.6
1261,9972,2025-05-23 11:51:08.385000+00:00,21.7,38.6,39.0,1010.9,0,0,0.5
1261,9972,2025-05-23 11:52:08.386000+00:00,21.9,38.1,40.0,1010.8,0,23,0.3
1261,9972,2025-05-23 11:53:08.381000+00:00,21.9,37.9,40.0,1010.8,0,188,0.6
1261,9972,2025-05-23 11:54:08.382000+00:00,21.6,37.3,41.0,1010.8,0,77,0.8
1261,9972,2025-05-23 11:55:08.398000+00:00,21.5,37.5,41.0,1010.8,0,90,0.8
1261,9972,2025-05-23 11:56:08.383000+00:00,21.6,36.8,42.0,1010.8,0,236,0.8
1261,9972,2025-05-23 11:57:08.395000+00:00,21.6,36.8,43.0,1010.9,0,312,0.5
1261,9972,2025-05-23 11:58:08.426000+00:00,21.5,36.6,43.0,1010.8,0,6,0.9
1261,9972,2025-05-23 11:59:08.395000+00:00,21.3,36.6,44.0,1010.8,0,19,0.7
1261,9972,2025-05-23 12:00:08.396000+00:00,21.2,36.4,45.0,1010.9,0,235,0.9
1261,9972,2025-05-23 12:01:08.397000+00:00,21.1,36.8,44.0,1010.8,0,0,0.4
1261,9972,2025-05-23 12:02:08.413000+00:00,21.1,36.8,43.0,1010.8,0,233,0.5
1261,9972,2025-05-23 12:03:08.446000+00:00,21.0,36.9,43.0,1010.8,0,25,0.4
1261,9972,2025-05-23 12:04:08.423000+00:00,21.1,36.4,44.0,1010.8,0,333,0.4
1261,9972,2025-05-23 12:05:08.435000+00:00,21.1,35.5,43.0,1010.8,0,308,1.0
1261,9972,2025-05-23 12:06:08.436000+00:00,21.1,35.5,45.0,1010.8,0,0,0.5
1261,9972,2025-05-23 12:07:08.452000+00:00,21.0,35.9,45.0,1010.9,0,0,1.0
1261,9972,2025-05-23 12:08:08.452000+00:00,20.8,36.1,46.0,1010.8,0,282,0.6
1261,9972,2025-05-23 12:09:08.452000+00:00,20.8,36.2,45.0,1010.8,0,324,0.8
1261,9972,2025-05-23 12:10:08.453000+00:00,20.9,36.5,44.0,1010.8,0,0,2.0
1261,9972,2025-05-23 12:11:08.469000+00:00,20.9,36.5,45.0,1010.8,0,300,0.7
1261,9972,2025-05-23 12:12:08.503000+00:00,20.8,37.6,45.0,1010.8,0,0,0.6
1261,9972,2025-05-23 12:13:08.494000+00:00,20.9,38.0,45.0,1010.8,0,173,0.5
1261,9972,2025-05-23 12:14:08.510000+00:00,21.0,38.0,44.0,1010.9,0,177,0.5
1261,9972,2025-05-23 12:15:08.510000+00:00,21.0,37.8,44.0,1010.8,0,196,1.0
1261,9972,2025-05-23 12:16:08.526000+00:00,21.1,37.4,44.0,1010.9,0,188,1.1
1261,9972,2025-05-23 12:17:08.527000+00:00,21.1,38.0,45.0,1010.9,0,269,0.8
1261,9972,2025-05-23 12:18:08.528000+00:00,21.2,37.0,44.0,1010.8,0,193,0.6
1261,9972,2025-05-23 12:19:08.539000+00:00,21.2,37.0,45.0,1010.9,0,0,0.8
1261,9972,2025-05-23 12:20:08.555000+00:00,21.0,37.7,45.0,1010.8,0,29,0.5
1261,9972,2025-05-23 12:21:08.555000+00:00,21.1,38.2,44.0,1010.9,0,0,1.1
1261,9972,2025-05-23 12:22:08.556000+00:00,21.1,38.9,44.0,1010.9,0,337,0.6
1261,9972,2025-05-23 12:23:08.572000+00:00,21.2,39.9,44.0,1010.9,0,0,0.4
1261,9972,2025-05-23 12:24:08.588000+00:00,21.2,40.7,44.0,1010.9,0,198,0.6
1261,9972,2025-05-23 12:25:08.588000+00:00,21.2,40.8,42.0,1010.9,0,273,1.2
1261,9972,2025-05-23 12:26:08.589000+00:00,21.4,40.4,43.0,1010.8,0,336,0.5
1261,9972,2025-05-23 12:27:08.605000+00:00,21.5,40.8,44.0,1010.9,0,235,1.0
1261,9972,2025-05-23 12:28:08.590000+00:00,21.5,41.1,43.0,1010.9,0,167,0.7
1261,9972,2025-05-23 12:29:08.590000+00:00,21.5,41.2,43.0,1011.0,0,235,0.7
1261,9972,2025-05-23 12:30:08.596000+00:00,21.5,41.3,43.0,1010.9,0,164,1.1
1261,9972,2025-05-23 12:31:08.595000+00:00,21.4,39.3,43.0,1010.9,0,171,0.8
1261,9972,2025-05-23 12:32:08.597000+00:00,21.5,39.2,43.0,1010.9,0,312,0.5
1261,9972,2025-05-23 12:33:08.604000+00:00,21.4,39.1,44.0,1010.9,0,339,0.5
1261,9972,2025-05-23 12:34:08.620000+00:00,21.4,39.1,44.0,1010.9,0,312,0.7
1261,9972,2025-05-23 12:35:08.652000+00:00,21.5,39.3,43.0,1010.9,0,330,0.9
1261,9972,2025-05-23 12:36:08.661000+00:00,21.7,39.3,43.0,1010.9,0,325,1.8
1261,9973,2025-05-23 14:46:09.141000+00:00,23.3,41.9,34.0,1011.1,0,352,0.6
1261,9973,2025-05-23 14:47:09.155000+00:00,23.3,42.1,34.0,1011.1,0,341,0.8
1261,9973,2025-05-23 14:48:09.178000+00:00,23.1,42.0,35.0,1011.1,0,0,0.0
1261,9973,2025-05-23 14:49:09.183000+00:00,23.1,41.9,36.0,1011.0,0,289,0.3
1261,9973,2025-05-23 14:50:09.196000+00:00,23.2,41.8,36.0,1011.1,0,337,1.7
1261,9973,2025-05-23 14:51:09.222000+00:00,23.2,41.8,34.0,1011.1,0,0,2.0
1261,9973,2025-05-23 14:52:09.203000+00:00,23.4,41.5,34.0,1011.1,0,198,0.4
1261,9973,2025-05-23 14:53:09.228000+00:00,23.4,41.4,36.0,1011.0,0,205,0.4
1261,9973,2025-05-23 14:54:09.247000+00:00,23.2,41.9,37.0,1011.1,0,0,0.9
1261,9973,2025-05-23 14:55:09.254000+00:00,23.2,41.5,35.0,1011.1,0,335,0.7
1261,9973,2025-05-23 14:56:09.241000+00:00,23.4,41.1,35.0,1011.1,0,339,1.6
1261,9973,2025-05-23 14:57:09.256000+00:00,23.4,41.2,35.0,1011.1,0,343,1.5
1261,9973,2025-05-23 14:58:09.244000+00:00,23.3,41.2,35.0,1011.2,0,358,1.4
1261,9973,2025-05-23 14:59:09.244000+00:00,23.2,41.4,34.0,1011.1,0,326,0.6
1261,9973,2025-05-23 15:00:09.255000+00:00,23.3,41.2,34.0,1011.0,0,338,0.8
1261,9973,2025-05-23 15:01:09.262000+00:00,23.3,41.4,34.0,1011.0,0,309,1.0
1261,9973,2025-05-23 15:02:09.253000+00:00,23.5,41.3,32.0,1011.0,0,304,0.9
1261,9973,2025-05-23 15:03:09.256000+00:00,23.5,40.9,34.0,1011.0,0,280,0.6
1261,9973,2025-05-23 15:04:09.269000+00:00,23.3,41.2,35.0,1011.1,0,165,1.5
1261,9973,2025-05-23 15:05:09.262000+00:00,23.3,41.2,37.0,1011.1,0,190,1.2
1261,9973,2025-05-23 15:06:09.273000+00:00,23.2,41.2,36.0,1011.1,0,183,1.5
1261,9973,2025-05-23 15:07:09.279000+00:00,23.3,40.8,35.0,1011.1,0,0,0.8
1261,9973,2025-05-23 15:08:09.280000+00:00,23.3,40.0,35.0,1011.1,0,176,0.7
1261,9973,2025-05-23 15:09:09.305000+00:00,23.4,39.7,34.0,1011.0,0,341,1.0
1261,9973,2025-05-23 15:10:09.296000+00:00,23.5,38.8,33.0,1011.1,0,39,2.1
1261,9973,2025-05-23 15:11:09.301000+00:00,23.4,39.0,35.0,1011.1,0,330,0.8
1261,9973,2025-05-23 15:12:09.297000+00:00,23.2,39.4,34.0,1011.1,0,352,1.2
1261,9973,2025-05-23 15:13:09.297000+00:00,23.1,38.8,36.0,1011.1,0,335,1.5
1261,9973,2025-05-23 15:14:09.282000+00:00,23.0,38.1,36.0,1011.0,0,0,0.9
1261,9973,2025-05-23 15:15:09.301000+00:00,22.9,38.1,36.0,1011.1,0,328,0.7
1261,9973,2025-05-23 15:16:09.285000+00:00,22.9,38.5,36.0,1011.0,0,0,0.9
1261,9973,2025-05-23 15:17:09.282000+00:00,23.0,38.1,36.0,1011.0,0,130,0.8
1261,9973,2025-05-23 15:18:09.282000+00:00,23.0,38.5,36.0,1011.0,0,188,0.9
1261,9973,2025-05-23 15:19:09.301000+00:00,23.2,39.1,36.0,1011.0,0,185,1.7
1261,9973,2025-05-23 15:20:09.292000+00:00,23.3,39.1,36.0,1011.0,0,270,0.7
1261,9973,2025-05-23 15:21:09.303000+00:00,23.4,39.1,36.0,1011.1,0,232,0.7
1261,9973,2025-05-23 15:22:09.288000+00:00,23.2,38.9,36.0,1011.2,0,0,0.6
1261,9973,2025-05-23 15:23:09.306000+00:00,23.0,38.1,36.0,1011.1,0,0,0.5
1261,9973,2025-05-23 15:24:09.290000+00:00,22.9,37.4,38.0,1011.1,0,329,0.6
1261,9973,2025-05-23 15:25:09.286000+00:00,22.7,37.5,38.0,1011.2,0,342,1.6
1261,9973,2025-05-23 15:26:09.293000+00:00,22.6,37.5,37.0,1011.2,0,322,1.3
1261,9973,2025-05-23 15:27:09.305000+00:00,22.6,37.3,38.0,1011.2,0,166,0.7
1261,9973,2025-05-23 15:28:09.302000+00:00,22.6,37.3,39.0,1011.2,0,183,1.8
1261,9973,2025-05-23 15:29:09.305000+00:00,22.7,37.7,40.0,1011.1,0,173,1.4
1261,9973,2025-05-23 15:30:09.293000+00:00,22.7,37.7,40.0,1011.1,0,187,1.2
1261,9973,2025-05-23 15:31:09.306000+00:00,22.8,37.7,39.0,1011.1,0,176,2.0
1261,9973,2025-05-23 15:32:09.312000+00:00,22.7,37.9,39.0,1011.3,0,0,1.3
1261,9973,2025-05-23 15:33:09.296000+00:00,22.7,37.9,38.0,1011.2,0,155,0.9
1261,9973,2025-05-23 15:34:09.310000+00:00,22.6,38.6,40.0,1011.1,0,189,0.8
1261,9973,2025-05-23 15:35:09.310000+00:00,22.7,38.6,39.0,1011.2,0,95,1.2
1261,9973,2025-05-23 15:36:09.308000+00:00,22.7,37.7,41.0,1011.1,0,187,0.8
1261,9973,2025-05-23 15:37:09.308000+00:00,22.6,37.7,42.0,1011.1,0,190,1.4
1261,9973,2025-05-23 15:38:09.300000+00:00,22.7,37.7,40.0,1011.1,0,178,1.1
1261,9973,2025-05-23 15:39:09.311000+00:00,22.7,37.1,40.0,1011.1,0,219,1.0
1261,9973,2025-05-23 15:40:09.309000+00:00,22.8,36.8,39.0,1011.3,0,157,1.1
1261,9973,2025-05-23 15:41:09.308000+00:00,22.7,36.3,40.0,1011.1,0,172,1.1
1261,9973,2025-05-23 15:42:09.316000+00:00,22.6,36.3,40.0,1011.1,0,175,1.5
1261,9973,2025-05-23 15:43:09.310000+00:00,22.6,35.5,41.0,1011.1,0,172,1.2
1261,9973,2025-05-23 15:44:09.301000+00:00,22.7,35.5,42.0,1011.1,0,0,0.6
1261,9973,2025-05-23 15:45:09.311000+00:00,22.5,35.9,40.0,1011.1,0,0,0.0
1261,9973,2025-05-23 15:46:09.311000+00:00,22.4,36.0,39.0,1011.0,0,191,0.7
1261,9973,2025-05-23 15:47:09.317000+00:00,22.3,35.4,38.0,1011.1,0,178,0.9
1261,9973,2025-05-23 15:48:09.340000+00:00,22.3,35.4,42.0,1011.1,0,189,1.1
1261,9973,2025-05-23 15:49:09.318000+00:00,22.4,35.4,43.0,1011.0,0,200,0.8
1261,9973,2025-05-23 15:50:09.318000+00:00,22.3,35.7,43.0,1011.1,0,316,1.0
1261,9973,2025-05-23 15:51:09.319000+00:00,22.3,35.9,42.0,1011.1,0,108,0.7
1261,9973,2025-05-23 15:52:09.320000+00:00,22.5,36.2,41.0,1011.0,0,0,0.4
1261,9973,2025-05-23 15:53:09.313000+00:00,22.6,36.5,42.0,1010.9,0,118,0.6
1261,9973,2025-05-23 15:54:09.323000+00:00,22.7,36.5,39.0,1011.1,0,0,0.9
1261,9973,2025-05-23 15:55:09.323000+00:00,22.8,36.0,41.0,1011.1,0,338,0.5
1261,9973,2025-05-23 15:56:09.330000+00:00,22.8,34.9,43.0,1011.0,0,149,0.3
1261,9973,2025-05-23 15:57:09.336000+00:00,22.6,34.9,43.0,1011.1,0,233,0.7
1261,9973,2025-05-23 15:58:09.318000+00:00,22.5,34.6,42.0,1011.0,0,192,0.9
1261,9973,2025-05-23 15:59:09.327000+00:00,22.5,34.6,43.0,1011.0,0,197,1.0
1261,9973,2025-05-23 16:00:09.330000+00:00,22.4,34.8,42.0,1011.0,0,175,1.5
1261,9973,2025-05-23 16:01:09.328000+00:00,22.4,34.8,43.0,1011.0,0,160,1.4
1261,9973,2025-05-23 16:02:09.316000+00:00,22.5,34.6,44.0,1011.0,0,95,1.3
1261,9973,2025-05-23 16:03:09.321000+00:00,22.5,33.6,46.0,1011.2,0,154,0.9
1261,9973,2025-05-23 16:04:09.334000+00:00,22.3,33.4,46.0,1011.1,0,239,0.8
1261,9973,2025-05-23 16:05:09.333000+00:00,22.0,33.1,47.0,1011.2,0,335,0.5
1261,9974,2025-05-24 10:18:13.235000+00:00,21.5,37.9,55.0,1015.9,0,327,1.7
1261,9974,2025-05-24 10:19:13.236000+00:00,21.4,38.3,55.0,1015.9,0,333,1.4
1261,9974,2025-05-24 10:20:13.257000+00:00,21.4,38.6,55.0,1015.9,0,337,1.6
1261,9974,2025-05-24 10:21:13.243000+00:00,21.3,38.6,54.0,1015.9,0,331,1.3
1261,9974,2025-05-24 10:22:13.253000+00:00,21.4,38.4,54.0,1015.9,0,325,1.4
1261,9974,2025-05-24 10:23:13.268000+00:00,21.4,38.4,55.0,1015.9,0,337,1.5
1261,9974,2025-05-24 10:24:13.274000+00:00,21.3,38.4,55.0,1016.0,0,330,1.9
1261,9974,2025-05-24 10:25:13.291000+00:00,21.3,38.6,56.0,1015.9,0,330,1.9
1261,9974,2025-05-24 10:26:13.292000+00:00,21.3,38.5,57.0,1015.8,0,331,1.6
1261,9974,2025-05-24 10:27:13.272000+00:00,21.3,38.3,57.0,1015.9,0,330,1.6
1261,9974,2025-05-24 10:28:13.291000+00:00,21.2,39.0,56.0,1015.9,0,320,1.6
1261,9974,2025-05-24 10:29:13.298000+00:00,21.3,39.0,56.0,1015.9,0,321,1.3
1261,9974,2025-05-24 10:30:13.298000+00:00,21.3,39.0,56.0,1015.9,0,337,2.1
1261,9974,2025-05-24 10:31:13.316000+00:00,21.3,39.0,57.0,1015.9,0,331,1.9
1261,9974,2025-05-24 10:32:13.318000+00:00,21.3,39.1,57.0,1015.9,0,333,1.7
1261,9974,2025-05-24 10:33:13.324000+00:00,21.2,39.2,57.0,1015.9,0,330,1.7
1261,9974,2025-05-24 10:34:13.356000+00:00,21.2,39.7,57.0,1015.8,0,340,1.8
1261,9974,2025-05-24 10:35:13.341000+00:00,21.1,39.8,56.0,1015.8,0,343,1.5
1261,9974,2025-05-24 10:36:13.331000+00:00,21.1,39.8,56.0,1015.8,0,307,1.3
1261,9974,2025-05-24 10:37:13.363000+00:00,21.2,39.7,56.0,1015.9,0,320,1.0
1261,9974,2025-05-24 10:38:13.369000+00:00,21.2,38.9,56.0,1015.9,0,343,1.2
1261,9974,2025-05-24 10:39:13.362000+00:00,21.1,37.7,55.0,1015.9,0,280,1.1
1261,9974,2025-05-24 10:40:13.373000+00:00,21.0,37.7,55.0,1015.8,0,317,1.0
1261,9974,2025-05-24 10:41:13.380000+00:00,20.9,38.8,55.0,1015.9,0,0,0.9
1261,9974,2025-05-24 10:42:13.389000+00:00,20.9,39.1,54.0,1015.8,0,241,0.4
1261,9974,2025-05-24 10:43:13.384000+00:00,21.0,39.3,54.0,1015.9,0,261,0.6
1261,9974,2025-05-24 10:44:13.387000+00:00,21.0,40.2,53.0,1015.8,0,211,0.6
1261,9974,2025-05-24 10:45:13.378000+00:00,21.1,40.2,51.0,1015.9,0,221,0.9
1261,9974,2025-05-24 10:46:13.372000+00:00,21.1,40.2,51.0,1015.8,0,0,0.7
1261,9974,2025-05-24 10:47:13.396000+00:00,21.2,40.6,51.0,1015.9,0,278,0.5
1261,9974,2025-05-24 10:48:13.386000+00:00,21.2,40.0,51.0,1015.9,0,195,0.8
1261,9974,2025-05-24 10:49:13.382000+00:00,21.3,40.0,51.0,1015.8,0,256,0.9
1261,9974,2025-05-24 10:50:13.395000+00:00,21.3,39.8,52.0,1015.7,0,187,0.9
1261,9974,2025-05-24 10:51:13.391000+00:00,21.3,39.9,51.0,1015.7,0,215,0.8
1261,9974,2025-05-24 10:52:13.380000+00:00,21.4,39.8,51.0,1015.7,0,201,0.9
1261,9974,2025-05-24 10:53:13.387000+00:00,21.5,39.8,51.0,1015.7,0,168,0.7
1261,9974,2025-05-24 10:54:13.383000+00:00,21.5,39.8,50.0,1015.8,0,235,0.8
1261,9974,2025-05-24 10:55:13.386000+00:00,21.5,40.3,51.0,1015.7,0,0,0.7
1261,9974,2025-05-24 10:56:13.388000+00:00,21.4,40.3,50.0,1015.6,0,181,0.7
1261,9974,2025-05-24 10:57:13.402000+00:00,21.5,40.5,50.0,1015.7,0,346,0.4
1261,9974,2025-05-24 10:58:13.387000+00:00,21.5,40.5,50.0,1015.7,0,207,0.5
1261,9974,2025-05-24 10:59:13.396000+00:00,21.5,40.6,49.0,1015.7,0,0,0.9
1261,9974,2025-05-24 11:00:13.394000+00:00,21.6,40.9,49.0,1015.7,0,210,0.8
1261,9974,2025-05-24 11:01:13.403000+00:00,21.5,40.5,49.0,1015.7,0,281,0.5
1261,9974,2025-05-24 11:02:13.384000+00:00,21.4,40.6,49.0,1015.7,0,197,0.9
1261,9974,2025-05-24 11:03:13.447000+00:00,21.4,40.7,49.0,1015.7,0,194,0.7
1261,9974,2025-05-24 11:04:13.412000+00:00,21.5,40.7,50.0,1015.6,0,228,0.9
1261,9974,2025-05-24 11:05:13.466000+00:00,21.5,39.9,51.0,1015.6,0,275,0.7
1261,9974,2025-05-24 11:06:13.450000+00:00,21.5,39.9,52.0,1015.7,0,265,0.7
1261,9974,2025-05-24 11:07:13.454000+00:00,21.4,40.0,52.0,1015.6,0,302,1.0
1261,9974,2025-05-24 11:08:13.477000+00:00,21.2,40.7,53.0,1015.7,0,326,1.3
1261,9974,2025-05-24 11:09:13.499000+00:00,21.0,41.1,52.0,1015.7,0,332,0.8
1261,9974,2025-05-24 11:10:13.512000+00:00,21.0,41.0,53.0,1015.6,0,313,0.7
1261,9974,2025-05-24 11:11:13.515000+00:00,21.1,40.6,53.0,1015.6,0,0,0.5
1261,9974,2025-05-24 11:12:13.515000+00:00,21.1,41.7,52.0,1015.7,0,176,0.5
1261,9974,2025-05-24 11:13:13.531000+00:00,21.3,41.7,51.0,1015.7,0,253,0.8
1261,9974,2025-05-24 11:14:13.525000+00:00,21.4,41.8,50.0,1015.6,0,278,0.7
1261,9974,2025-05-24 11:15:13.526000+00:00,21.5,42.7,49.0,1015.6,0,12,0.4
1261,9974,2025-05-24 11:16:13.592000+00:00,21.7,42.7,48.0,1015.5,0,259,0.8
1261,9974,2025-05-24 11:17:13.542000+00:00,21.8,42.1,49.0,1015.6,0,318,1.0
1261,9974,2025-05-24 11:18:13.527000+00:00,21.5,41.3,50.0,1015.6,0,209,0.8
1261,9974,2025-05-24 11:19:13.532000+00:00,21.5,41.3,50.0,1015.5,0,151,0.9
1261,9974,2025-05-24 11:20:13.523000+00:00,21.5,42.7,49.0,1015.6,0,194,0.8
1261,9974,2025-05-24 11:21:13.537000+00:00,21.6,42.8,48.0,1015.6,0,172,0.6
1261,9974,2025-05-24 11:22:13.533000+00:00,21.6,42.8,48.0,1015.5,0,264,0.7
1261,9974,2025-05-24 11:23:13.522000+00:00,21.8,42.8,46.0,1015.5,0,330,0.0
1261,9974,2025-05-24 11:24:13.534000+00:00,22.0,42.6,47.0,1015.6,0,289,0.6
1261,9974,2025-05-24 11:25:13.535000+00:00,22.0,42.5,47.0,1015.5,0,202,0.5
1261,9974,2025-05-24 11:26:13.535000+00:00,22.0,42.3,48.0,1015.5,0,0,0.7
1261,9974,2025-05-24 11:27:13.542000+00:00,22.0,42.3,48.0,1015.6,0,261,0.6
1261,9974,2025-05-24 11:28:13.537000+00:00,21.9,42.1,49.0,1015.6,0,312,0.8
1261,9974,2025-05-24 11:29:13.536000+00:00,21.7,42.3,49.0,1015.4,0,300,1.0
1261,9974,2025-05-24 11:30:13.534000+00:00,21.7,42.8,49.0,1015.6,0,330,1.3
1261,9975,2025-05-24 13:45:14.082000+00:00,21.3,41.9,57.0,1015.2,0,289,1.3
1261,9975,2025-05-24 13:46:14.105000+00:00,21.4,41.8,57.0,1015.2,0,181,0.4
1261,9975,2025-05-24 13:47:14.105000+00:00,21.1,41.3,59.0,1015.2,0,148,0.7
1261,9975,2025-05-24 13:48:14.121000+00:00,21.0,41.3,60.0,1015.1,0,28,0.8
1261,9975,2025-05-24 13:49:14.106000+00:00,21.1,41.8,59.0,1015.1,0,338,0.7
1261,9975,2025-05-24 13:50:14.122000+00:00,21.2,41.8,58.0,1015.2,0,175,0.8
1261,9975,2025-05-24 13:51:14.154000+00:00,21.2,41.8,58.0,1015.0,0,347,1.5
1261,9975,2025-05-24 13:52:14.154000+00:00,21.3,42.0,57.0,1015.1,0,0,0.6
1261,9975,2025-05-24 13:53:14.151000+00:00,21.2,42.0,57.0,1015.0,0,211,1.1
1261,9975,2025-05-24 13:54:14.156000+00:00,21.0,40.5,60.0,1015.1,0,265,1.8
1261,9975,2025-05-24 13:55:14.134000+00:00,21.0,40.6,62.0,1015.0,0,283,0.5
1261,9975,2025-05-24 13:56:14.150000+00:00,21.0,40.6,61.0,1015.1,0,176,0.6
1261,9975,2025-05-24 13:57:14.151000+00:00,21.0,40.9,61.0,1015.0,0,189,1.4
1261,9975,2025-05-24 13:58:14.167000+00:00,21.0,40.8,62.0,1015.1,0,314,0.7
1261,9975,2025-05-24 13:59:14.152000+00:00,21.0,41.1,62.0,1015.1,0,281,0.6
1261,9975,2025-05-24 14:00:14.137000+00:00,21.0,41.3,60.0,1015.0,0,318,0.3
1261,9975,2025-05-24 14:01:14.153000+00:00,21.1,41.1,58.0,1015.1,0,148,0.5
1261,9975,2025-05-24 14:02:14.153000+00:00,21.0,41.1,59.0,1015.1,0,328,1.0
1261,9975,2025-05-24 14:03:14.161000+00:00,20.9,40.6,60.0,1015.0,0,187,0.7
1261,9975,2025-05-24 14:04:14.155000+00:00,21.0,41.1,59.0,1015.1,0,0,0.4
1261,9975,2025-05-24 14:05:14.140000+00:00,21.1,41.1,59.0,1015.1,0,300,0.8
1261,9975,2025-05-24 14:06:14.156000+00:00,21.2,41.7,59.0,1015.1,0,199,0.8
1261,9975,2025-05-24 14:07:14.154000+00:00,21.4,41.7,57.0,1015.1,0,220,0.9
1261,9975,2025-05-24 14:08:14.148000+00:00,21.6,41.8,58.0,1015.1,0,213,1.3
1261,9975,2025-05-24 14:09:14.156000+00:00,21.5,41.7,58.0,1015.1,0,228,0.7
1261,9975,2025-05-24 14:10:14.149000+00:00,21.5,41.4,58.0,1015.1,0,291,0.8
1261,9975,2025-05-24 14:11:14.165000+00:00,21.5,41.4,57.0,1015.1,0,337,1.1
1261,9975,2025-05-24 14:12:14.150000+00:00,21.5,41.5,58.0,1015.1,0,182,0.8
1261,9975,2025-05-24 14:13:14.150000+00:00,21.4,41.2,56.0,1015.2,0,320,0.9
1261,9975,2025-05-24 14:14:14.167000+00:00,21.4,41.3,58.0,1015.2,0,193,0.7
1261,9975,2025-05-24 14:15:14.152000+00:00,21.3,41.4,58.0,1015.1,0,183,1.8
1261,9975,2025-05-24 14:16:14.153000+00:00,21.3,41.5,58.0,1015.1,0,0,0.7
1261,9975,2025-05-24 14:17:14.153000+00:00,21.5,41.2,59.0,1015.1,0,182,0.7
1261,9975,2025-05-24 14:18:14.185000+00:00,21.5,41.2,59.0,1015.0,0,198,2.0
1261,9975,2025-05-24 14:19:14.170000+00:00,21.6,41.1,59.0,1014.9,0,188,1.0
1261,9975,2025-05-24 14:20:14.170000+00:00,21.7,41.1,58.0,1014.9,0,257,0.7
1261,9975,2025-05-24 14:21:14.202000+00:00,21.5,39.4,60.0,1015.0,0,299,0.9
1261,9975,2025-05-24 14:22:14.211000+00:00,21.3,39.4,62.0,1015.0,0,33,0.6
1261,9975,2025-05-24 14:23:14.206000+00:00,21.2,40.0,61.0,1015.0,0,24,0.6
1261,9975,2025-05-24 14:24:14.256000+00:00,21.3,40.5,59.0,1015.0,0,337,0.8
1261,9975,2025-05-24 14:25:14.220000+00:00,21.2,40.5,60.0,1015.0,0,304,1.5
1261,9975,2025-05-24 14:26:14.237000+00:00,21.3,40.1,61.0,1014.9,0,243,0.8
1261,9975,2025-05-24 14:27:14.222000+00:00,21.2,40.1,61.0,1014.9,0,311,0.0
1261,9975,2025-05-24 14:28:14.238000+00:00,21.0,40.3,61.0,1015.0,0,343,1.0
1261,9975,2025-05-24 14:29:14.270000+00:00,21.0,39.9,61.0,1014.9,0,0,0.5
1261,9975,2025-05-24 14:30:14.255000+00:00,21.1,40.5,60.0,1014.9,0,304,0.7
1261,9975,2025-05-24 14:31:14.271000+00:00,21.1,40.7,60.0,1014.9,0,343,0.7
1261,9975,2025-05-24 14:32:14.288000+00:00,21.1,40.8,59.0,1014.8,0,224,1.0
1261,9975,2025-05-24 14:33:14.288000+00:00,21.2,40.9,58.0,1014.9,0,251,0.8
1261,9975,2025-05-24 14:34:14.289000+00:00,21.2,41.3,57.0,1014.9,0,181,0.7
1261,9975,2025-05-24 14:35:14.289000+00:00,21.2,40.7,59.0,1014.9,0,145,1.1
1261,9975,2025-05-24 14:36:14.290000+00:00,21.2,40.6,58.0,1014.9,0,331,0.4
1261,9975,2025-05-24 14:37:14.290000+00:00,21.1,40.9,59.0,1014.9,0,314,1.0
1261,9975,2025-05-24 14:38:14.306000+00:00,21.1,40.1,57.0,1014.8,0,183,1.1
1261,9975,2025-05-24 14:39:14.291000+00:00,21.1,40.1,57.0,1014.8,0,344,0.6
1261,9975,2025-05-24 14:40:14.307000+00:00,21.1,40.1,57.0,1014.9,0,296,1.1
1261,9975,2025-05-24 14:41:14.292000+00:00,21.2,40.4,57.0,1014.9,0,338,1.0
1261,9975,2025-05-24 14:42:14.307000+00:00,21.2,39.7,58.0,1014.7,0,339,1.9
1261,9975,2025-05-24 14:43:14.292000+00:00,21.0,39.4,59.0,1014.8,0,344,1.3
1261,9975,2025-05-24 14:44:14.307000+00:00,20.9,38.7,60.0,1014.8,0,343,1.5
1261,9975,2025-05-24 14:45:14.308000+00:00,20.8,38.9,61.0,1014.7,0,313,1.9
1261,9975,2025-05-24 14:46:14.308000+00:00,20.8,39.4,60.0,1014.8,0,180,1.9
1261,9975,2025-05-24 14:47:14.308000+00:00,20.7,39.6,61.0,1014.7,0,183,0.7
1261,9975,2025-05-24 14:48:14.309000+00:00,20.8,39.9,60.0,1014.8,0,0,1.0
1261,9975,2025-05-24 14:49:14.309000+00:00,20.9,40.1,61.0,1014.9,0,179,0.4
1261,9975,2025-05-24 14:50:14.309000+00:00,21.1,39.6,60.0,1014.7,0,178,1.0
1261,9975,2025-05-24 14:51:14.310000+00:00,21.0,39.6,61.0,1014.8,0,204,1.8
1261,9975,2025-05-24 14:52:14.299000+00:00,21.1,40.2,60.0,1014.8,0,321,0.6
1261,9975,2025-05-24 14:53:14.327000+00:00,21.1,40.5,59.0,1014.7,0,0,0.8
1261,9975,2025-05-24 14:54:14.309000+00:00,21.1,39.9,60.0,1014.8,0,108,0.4
1261,9975,2025-05-24 14:55:14.331000+00:00,21.1,39.9,61.0,1014.6,0,178,0.8
1261,9975,2025-05-24 14:56:14.316000+00:00,21.2,40.0,60.0,1014.8,0,135,1.0
1261,9975,2025-05-24 14:57:14.301000+00:00,21.1,40.0,60.0,1014.7,0,211,1.1
1261,9975,2025-05-24 14:58:14.301000+00:00,21.2,40.3,58.0,1014.8,0,263,1.0
1261,9975,2025-05-24 14:59:14.302000+00:00,21.3,40.3,58.0,1014.7,0,325,0.7
1261,9975,2025-05-24 15:00:14.302000+00:00,21.1,40.0,58.0,1014.8,0,288,1.2
1261,9975,2025-05-24 15:01:14.319000+00:00,20.9,39.1,59.0,1014.8,0,281,1.0
1261,9975,2025-05-24 15:02:14.303000+00:00,20.9,38.6,59.0,1014.8,0,317,0.6
1261,9975,2025-05-24 15:03:14.304000+00:00,20.9,39.1,60.0,1014.8,0,0,1.1
1261,9975,2025-05-24 15:04:14.320000+00:00,20.9,39.2,60.0,1014.9,0,271,0.8
1261,9975,2025-05-24 15:05:14.320000+00:00,21.0,39.2,60.0,1014.9,0,0,0.4
1261,9975,2025-05-24 15:06:14.315000+00:00,21.0,38.9,60.0,1014.9,0,58,0.0
1261,9975,2025-05-24 15:07:14.316000+00:00,21.0,38.9,61.0,1014.8,0,314,0.4
1261,9975,2025-05-24 15:08:14.321000+00:00,21.1,39.8,61.0,1014.8,0,191,0.7
1261,9975,2025-05-24 15:09:14.317000+00:00,21.3,39.8,60.0,1014.8,0,194,1.3
1261,9975,2025-05-24 15:10:14.317000+00:00,21.3,39.8,59.0,1014.7,0,158,1.2
1261,9975,2025-05-24 15:11:14.318000+00:00,21.1,38.8,59.0,1014.7,0,125,1.6
1261,9975,2025-05-24 15:12:14.325000+00:00,21.0,37.2,62.0,1014.7,0,0,0.7
1261,9975,2025-05-24 15:13:14.325000+00:00,20.9,37.2,63.0,1014.7,0,0,0.5
1261,9975,2025-05-24 15:14:14.341000+00:00,20.8,37.3,62.0,1014.7,0,29,0.5
1261,9975,2025-05-24 15:15:14.326000+00:00,20.8,37.5,63.0,1014.8,0,0,0.5
1261,9975,2025-05-24 15:16:14.326000+00:00,20.9,37.5,64.0,1014.8,0,190,0.0
1261,9975,2025-05-24 15:17:14.327000+00:00,21.0,37.8,62.0,1014.7,0,179,0.7
1261,9979,2025-05-25 12:07:18.971000+00:00,21.5,42.6,55.0,1017.3,0,298,1.0
1261,9979,2025-05-25 12:08:18.969000+00:00,21.6,43.6,54.0,1017.3,0,176,0.7
1261,9979,2025-05-25 12:09:19+00:00,21.6,43.5,54.0,1017.3,0,180,2.2
1261,9979,2025-05-25 12:10:19+00:00,21.4,43.3,55.0,1017.2,0,0,1.2
1261,9979,2025-05-25 12:11:19.017000+00:00,21.3,43.2,55.0,1017.1,0,341,0.4
1261,9979,2025-05-25 12:12:19.027000+00:00,21.4,43.0,55.0,1017.2,0,319,1.1
1261,9979,2025-05-25 12:13:19.024000+00:00,21.5,43.0,54.0,1017.2,0,327,1.6
1261,9979,2025-05-25 12:14:19.033000+00:00,21.5,43.0,56.0,1017.1,0,330,2.2
1261,9979,2025-05-25 12:15:19.028000+00:00,21.6,43.0,56.0,1017.2,0,334,1.1
1261,9979,2025-05-25 12:16:19.064000+00:00,21.8,44.1,53.0,1017.0,0,331,1.1
1261,9979,2025-05-25 12:17:19.072000+00:00,21.8,44.1,51.0,1017.1,0,315,0.9
1261,9979,2025-05-25 12:18:19.072000+00:00,21.6,43.5,53.0,1017.1,0,332,1.4
1261,9979,2025-05-25 12:19:19.088000+00:00,21.5,43.2,54.0,1017.1,0,345,1.3
1261,9979,2025-05-25 12:20:19.077000+00:00,21.5,42.7,55.0,1017.0,0,333,1.0
1261,9979,2025-05-25 12:21:19.075000+00:00,21.5,43.2,56.0,1017.1,0,302,1.8
1261,9979,2025-05-25 12:22:19.067000+00:00,21.6,44.2,55.0,1017.1,0,330,1.2
1261,9979,2025-05-25 12:23:19.073000+00:00,21.6,44.4,55.0,1017.0,0,337,1.4
1261,9979,2025-05-25 12:24:19.084000+00:00,21.8,44.5,54.0,1017.0,0,323,1.5
1261,9979,2025-05-25 12:25:19.078000+00:00,21.9,44.5,54.0,1017.0,0,242,1.3
1261,9979,2025-05-25 12:26:19.067000+00:00,21.7,44.1,54.0,1017.0,0,0,0.9
1261,9979,2025-05-25 12:27:19.073000+00:00,21.7,43.7,55.0,1017.0,0,327,0.6
1261,9979,2025-05-25 12:28:19.082000+00:00,21.9,44.1,54.0,1016.9,0,335,0.6
1261,9979,2025-05-25 12:29:19.092000+00:00,21.8,44.2,54.0,1017.0,0,327,1.7
1261,9979,2025-05-25 12:30:19.111000+00:00,21.8,43.9,54.0,1016.9,0,305,1.5
1261,9979,2025-05-25 12:31:19.114000+00:00,21.8,43.9,55.0,1017.0,0,325,0.8
1261,9979,2025-05-25 12:32:19.117000+00:00,22.1,43.9,52.0,1017.0,0,216,0.9
1261,9979,2025-05-25 12:33:19.114000+00:00,22.1,44.5,52.0,1017.1,0,2,0.8
1261,9979,2025-05-25 12:34:19.115000+00:00,22.0,44.5,53.0,1017.1,0,321,0.9
1261,9979,2025-05-25 12:35:19.104000+00:00,21.9,43.5,54.0,1017.0,0,325,0.9
1261,9979,2025-05-25 12:36:19.105000+00:00,22.0,43.5,54.0,1017.1,0,328,0.7
1261,9979,2025-05-25 12:37:19.117000+00:00,21.8,43.7,54.0,1017.0,0,252,1.1
1261,9979,2025-05-25 12:38:19.129000+00:00,21.7,43.7,54.0,1017.0,0,302,1.3
1261,9979,2025-05-25 12:39:19.112000+00:00,21.5,43.4,56.0,1017.0,0,0,1.0
1261,9979,2025-05-25 12:40:19.124000+00:00,21.5,42.7,56.0,1017.0,0,221,0.7
1261,9979,2025-05-25 12:41:19.121000+00:00,21.4,43.0,56.0,1017.0,0,332,0.3
1261,9979,2025-05-25 12:42:19.115000+00:00,21.4,43.3,55.0,1017.0,0,335,1.1
1261,9979,2025-05-25 12:43:19.125000+00:00,21.5,43.3,53.0,1017.1,0,328,0.4
1261,9979,2025-05-25 12:44:19.118000+00:00,21.6,42.9,53.0,1017.0,0,335,1.5
1261,9979,2025-05-25 12:45:19.118000+00:00,21.7,42.2,53.0,1017.1,0,338,0.9
1261,9979,2025-05-25 12:46:19.125000+00:00,21.8,42.1,53.0,1017.1,0,240,1.3
1261,9979,2025-05-25 12:47:19.116000+00:00,21.8,42.6,53.0,1017.1,0,145,0.5
1261,9979,2025-05-25 12:48:19.127000+00:00,21.9,43.3,52.0,1017.0,0,0,0.8
1261,9979,2025-05-25 12:49:19.125000+00:00,22.1,44.0,51.0,1016.9,0,330,1.0
1261,9979,2025-05-25 12:50:19.133000+00:00,22.1,44.8,49.0,1016.9,0,328,0.9
1261,9979,2025-05-25 12:51:19.125000+00:00,22.0,44.8,50.0,1016.9,0,230,0.7
1261,9979,2025-05-25 12:52:19.126000+00:00,22.1,44.4,50.0,1017.0,0,191,0.5
1261,9979,2025-05-25 12:53:19.124000+00:00,22.1,44.4,49.0,1017.0,0,192,0.7
1261,9979,2025-05-25 12:54:19.140000+00:00,22.1,44.1,50.0,1016.9,0,222,0.6
1261,9979,2025-05-25 12:55:19.141000+00:00,22.0,44.1,50.0,1017.1,0,189,0.4
1261,9979,2025-05-25 12:56:19.135000+00:00,21.9,43.7,51.0,1017.0,0,335,1.4
1261,9979,2025-05-25 12:57:19.129000+00:00,21.9,43.5,52.0,1016.9,0,355,1.0
1261,9979,2025-05-25 12:58:19.130000+00:00,21.9,44.5,51.0,1016.9,0,339,1.7
1261,9979,2025-05-25 12:59:19.149000+00:00,21.9,44.7,51.0,1016.9,0,330,1.8
1261,9979,2025-05-25 13:00:19.130000+00:00,21.9,44.6,51.0,1016.9,0,329,1.5
1261,9979,2025-05-25 13:01:19.131000+00:00,21.9,44.6,51.0,1016.9,0,295,1.8
1261,9979,2025-05-25 13:02:19.147000+00:00,21.9,45.0,51.0,1016.9,0,318,1.1
1261,9979,2025-05-25 13:03:19.132000+00:00,22.0,45.2,51.0,1016.8,0,345,0.8
1261,9979,2025-05-25 13:04:19.138000+00:00,22.0,43.9,51.0,1016.9,0,44,1.2
1261,9979,2025-05-25 13:05:19.148000+00:00,21.9,42.7,53.0,1016.9,0,331,0.9
1261,9979,2025-05-25 13:06:19.139000+00:00,21.7,42.7,53.0,1016.9,0,205,0.9
1261,9979,2025-05-25 13:07:19.155000+00:00,21.8,43.2,52.0,1016.9,0,346,1.6
1261,9979,2025-05-25 13:08:19.203000+00:00,21.9,43.2,51.0,1016.9,0,0,1.0
1261,9979,2025-05-25 13:09:19.215000+00:00,22.0,42.7,53.0,1016.9,0,190,0.8
1261,9979,2025-05-25 13:10:19.275000+00:00,22.0,41.3,55.0,1016.9,0,318,0.5
1261,9979,2025-05-25 13:11:19.251000+00:00,21.9,42.0,54.0,1016.8,0,171,0.9
1261,9979,2025-05-25 13:12:19.282000+00:00,21.9,42.2,54.0,1016.9,0,294,1.1
1261,9979,2025-05-25 13:13:19.267000+00:00,22.0,43.1,54.0,1016.9,0,341,1.0
1261,9979,2025-05-25 13:14:19.278000+00:00,22.1,44.1,52.0,1016.9,0,317,0.8
1261,9979,2025-05-25 13:15:19.283000+00:00,22.3,44.2,51.0,1016.9,0,16,1.3
1261,9979,2025-05-25 13:16:19.305000+00:00,22.4,44.6,50.0,1017.0,0,0,1.1
1261,9979,2025-05-25 13:17:19.290000+00:00,22.5,44.7,48.0,1017.0,0,331,1.3
1261,9979,2025-05-25 13:18:19.299000+00:00,22.6,45.0,49.0,1017.0,0,162,1.1
1261,9979,2025-05-25 13:19:19.331000+00:00,22.6,43.7,50.0,1016.9,0,29,1.5
1261,9979,2025-05-25 13:20:19.310000+00:00,22.5,43.7,52.0,1016.9,0,0,0.4
1261,9979,2025-05-25 13:21:19.366000+00:00,22.3,44.0,52.0,1017.0,0,265,0.9
1261,9979,2025-05-25 13:22:19.348000+00:00,22.4,44.0,53.0,1017.0,0,149,0.8
1261,9979,2025-05-25 13:23:19.333000+00:00,22.4,44.0,53.0,1016.9,0,0,0.6
1261,9979,2025-05-25 13:24:19.348000+00:00,22.5,44.3,51.0,1016.9,0,327,0.8
1261,9979,2025-05-25 13:25:19.361000+00:00,22.5,45.2,50.0,1016.9,0,173,1.2
1261,9979,2025-05-25 13:26:19.375000+00:00,22.6,45.2,48.0,1016.7,0,189,0.5
1261,9979,2025-05-25 13:27:19.369000+00:00,22.7,44.9,49.0,1016.9,0,238,0.6
1261,9979,2025-05-25 13:28:19.372000+00:00,22.8,44.5,49.0,1016.9,0,163,1.2
1261,9979,2025-05-25 13:29:19.388000+00:00,22.8,44.5,50.0,1016.9,0,177,1.6
1261,9979,2025-05-25 13:30:19.371000+00:00,22.6,44.0,51.0,1016.8,0,157,0.8
1261,9979,2025-05-25 13:31:19.386000+00:00,22.5,44.0,51.0,1016.8,0,349,0.8
1261,9979,2025-05-25 13:32:19.370000+00:00,22.4,44.0,52.0,1016.9,0,259,0.5
1261,9979,2025-05-25 13:33:19.371000+00:00,22.4,43.8,51.0,1016.9,0,295,0.6
1261,9979,2025-05-25 13:34:19.384000+00:00,22.5,43.1,52.0,1016.8,0,192,0.8
1261,9979,2025-05-25 13:35:19.393000+00:00,22.3,43.2,53.0,1016.9,0,193,0.6
1261,9979,2025-05-25 13:36:19.393000+00:00,22.4,43.8,53.0,1016.9,0,86,1.4
1261,9979,2025-05-25 13:37:19.383000+00:00,22.4,43.8,54.0,1016.8,0,169,0.7
1261,9979,2025-05-25 13:38:19.401000+00:00,22.3,43.6,53.0,1016.8,0,0,0.6
1261,9979,2025-05-25 13:39:19.418000+00:00,22.4,43.6,52.0,1016.8,0,165,0.9
1261,9979,2025-05-25 13:40:19.419000+00:00,22.4,43.7,52.0,1016.8,0,335,1.0
1261,9979,2025-05-25 13:41:19.403000+00:00,22.4,43.6,53.0,1016.9,0,196,1.3
1261,9979,2025-05-25 13:42:19.417000+00:00,22.5,43.3,54.0,1016.8,0,51,1.1
1261,9979,2025-05-25 13:43:19.417000+00:00,22.5,43.7,55.0,1016.8,0,117,0.8
1261,9979,2025-05-25 13:44:19.433000+00:00,22.4,43.7,54.0,1016.8,0,181,1.0
1261,9979,2025-05-25 13:45:19.434000+00:00,22.5,43.7,54.0,1016.8,0,353,0.8
1261,9979,2025-05-25 13:46:19.443000+00:00,22.7,43.6,53.0,1016.9,0,185,1.1
1261,9979,2025-05-25 13:47:19.434000+00:00,22.6,43.2,54.0,1016.8,0,169,1.5
1261,9979,2025-05-25 13:48:19.440000+00:00,22.5,43.1,53.0,1016.7,0,0,0.8
1261,9979,2025-05-25 13:49:19.456000+00:00,22.6,43.2,54.0,1016.8,0,141,0.9
1261,9979,2025-05-25 13:50:19.490000+00:00,22.5,43.6,55.0,1016.7,0,289,0.0
1261,9979,2025-05-25 13:51:19.490000+00:00,22.5,43.7,55.0,1016.6,0,75,0.8
1261,9979,2025-05-25 13:52:19.493000+00:00,22.5,43.7,54.0,1016.6,0,183,0.6
1261,9979,2025-05-25 13:53:19.509000+00:00,22.6,43.5,53.0,1016.7,0,202,0.7
1261,9979,2025-05-25 13:54:19.509000+00:00,22.8,43.2,52.0,1016.7,0,197,0.7
1261,9979,2025-05-25 13:55:19.521000+00:00,22.7,43.2,54.0,1016.7,0,203,0.6
1261,9979,2025-05-25 13:56:19.515000+00:00,22.8,43.4,54.0,1016.6,0,260,0.9
1261,9979,2025-05-25 13:57:19.526000+00:00,22.9,43.5,52.0,1016.7,0,0,0.7
1261,9979,2025-05-25 13:58:19.542000+00:00,22.9,43.7,51.0,1016.7,0,0,0.5
1261,9979,2025-05-25 13:59:19.548000+00:00,22.6,42.9,54.0,1016.6,0,345,0.8
1261,9979,2025-05-25 14:00:19.539000+00:00,22.5,42.7,55.0,1016.6,0,194,0.5
1261,9979,2025-05-25 14:01:19.563000+00:00,22.5,43.0,54.0,1016.5,0,180,0.9
1261,9979,2025-05-25 14:02:19.555000+00:00,22.5,43.4,54.0,1016.6,0,304,0.8
1261,9979,2025-05-25 14:03:19.561000+00:00,22.5,43.2,55.0,1016.7,0,170,0.7
1261,9979,2025-05-25 14:04:19.572000+00:00,22.5,43.2,53.0,1016.5,0,34,0.5
1261,9979,2025-05-25 14:05:19.595000+00:00,22.5,42.4,55.0,1016.7,0,181,0.9
1261,9979,2025-05-25 14:06:19.591000+00:00,22.5,42.4,56.0,1016.7,0,178,0.9
1261,9979,2025-05-25 14:07:19.607000+00:00,22.5,42.3,56.0,1016.7,0,146,1.1
1261,9979,2025-05-25 14:08:19.607000+00:00,22.5,42.2,56.0,1016.6,0,151,1.7
1261,9979,2025-05-25 14:09:19.623000+00:00,22.6,42.2,55.0,1016.5,0,197,1.1
1261,9979,2025-05-25 14:10:19.617000+00:00,22.5,42.2,55.0,1016.5,0,296,0.9
1261,9979,2025-05-25 14:11:19.640000+00:00,22.4,42.1,55.0,1016.5,0,70,0.8
1261,9979,2025-05-25 14:12:19.638000+00:00,22.5,42.2,55.0,1016.5,0,239,0.8
1261,9979,2025-05-25 14:13:19.665000+00:00,22.4,42.2,54.0,1016.6,0,331,1.0
1261,9979,2025-05-25 14:14:19.651000+00:00,22.5,42.2,54.0,1016.5,0,245,1.1
1261,9979,2025-05-25 14:15:19.663000+00:00,22.5,42.9,53.0,1016.5,0,225,0.7
1261,9979,2025-05-25 14:16:19.659000+00:00,22.6,42.9,53.0,1016.4,0,195,0.7
1261,9979,2025-05-25 14:17:19.682000+00:00,22.6,43.9,53.0,1016.5,0,348,1.3
1261,9979,2025-05-25 14:18:19.686000+00:00,22.7,43.9,51.0,1016.5,0,196,0.8
1261,9979,2025-05-25 14:19:19.700000+00:00,22.8,43.9,50.0,1016.5,0,4,1.1
1261,9979,2025-05-25 14:20:19.687000+00:00,22.6,42.2,52.0,1016.5,0,0,1.0
1261,9979,2025-05-25 14:21:19.703000+00:00,22.5,42.2,52.0,1016.4,0,0,0.6
1261,9979,2025-05-25 14:22:19.681000+00:00,22.5,42.5,52.0,1016.4,0,324,0.0
1261,9979,2025-05-25 14:23:19.694000+00:00,22.5,42.5,52.0,1016.4,0,201,1.0
1261,9979,2025-05-25 14:24:19.689000+00:00,22.6,43.0,51.0,1016.3,0,147,0.4
1261,9979,2025-05-25 14:25:19.690000+00:00,22.7,43.0,50.0,1016.4,0,179,0.8
1261,9979,2025-05-25 14:26:19.713000+00:00,22.8,42.8,49.0,1016.4,0,65,1.0
1261,9979,2025-05-25 14:27:19.708000+00:00,22.8,42.8,48.0,1016.5,0,197,1.0
1261,9979,2025-05-25 14:28:19.703000+00:00,22.7,43.1,48.0,1016.4,0,0,1.0
1261,9979,2025-05-25 14:29:19.718000+00:00,22.6,42.7,48.0,1016.4,0,314,0.8
1261,9979,2025-05-25 14:30:19.699000+00:00,22.5,42.7,49.0,1016.3,0,0,0.9
1261,9979,2025-05-25 14:31:19.709000+00:00,22.5,41.7,50.0,1016.5,0,195,0.4
1261,9979,2025-05-25 14:32:19.703000+00:00,22.4,41.3,51.0,1016.3,0,0,1.5
1261,9979,2025-05-25 14:33:19.711000+00:00,22.4,41.8,51.0,1016.4,0,0,0.4
1261,9979,2025-05-25 14:34:19.711000+00:00,22.5,42.6,51.0,1016.2,0,0,0.8
1261,9979,2025-05-25 14:35:19.706000+00:00,22.5,42.2,50.0,1016.3,0,198,0.6
1261,9979,2025-05-25 14:36:19.721000+00:00,22.5,42.3,51.0,1016.3,0,182,1.9
1261,9979,2025-05-25 14:37:19.711000+00:00,22.6,42.7,50.0,1016.3,0,185,1.4
1261,9979,2025-05-25 14:38:19.708000+00:00,22.5,42.0,50.0,1016.3,0,151,1.2
1261,9979,2025-05-25 14:39:19.705000+00:00,22.3,41.8,51.0,1016.3,0,242,1.6
1261,9979,2025-05-25 14:40:19.717000+00:00,22.3,41.6,51.0,1016.3,0,169,1.5
1261,9979,2025-05-25 14:41:19.718000+00:00,22.2,41.3,52.0,1016.2,0,203,1.5
1261,9979,2025-05-25 14:42:19.722000+00:00,22.3,41.3,51.0,1016.2,0,185,0.9
1261,9979,2025-05-25 14:43:19.722000+00:00,22.4,41.9,50.0,1016.2,0,195,1.5
1261,9979,2025-05-25 14:44:19.722000+00:00,22.4,41.7,50.0,1016.2,0,264,1.0
1261,9979,2025-05-25 14:45:19.707000+00:00,22.4,41.4,51.0,1016.2,0,192,1.5
1261,9979,2025-05-25 14:46:19.712000+00:00,22.5,41.6,50.0,1016.2,0,159,0.8
1262,9964,2025-05-30 11:17:11.011000+00:00,30.2,46.7,36.0,1006.2,0,190,1.2
1262,9964,2025-05-30 11:18:11.018000+00:00,30.1,46.9,36.0,1006.2,0,199,1.4
1262,9964,2025-05-30 11:19:11.037000+00:00,30.1,46.8,36.0,1006.2,0,172,1.0
1262,9964,2025-05-30 11:20:11.042000+00:00,30.0,47.1,38.0,1006.2,0,196,0.8
1262,9964,2025-05-30 11:21:11.049000+00:00,30.0,47.4,36.0,1006.2,0,207,1.5
1262,9964,2025-05-30 11:22:11.049000+00:00,30.0,47.5,36.0,1006.2,0,301,1.7
1262,9964,2025-05-30 11:23:11.041000+00:00,30.1,47.5,37.0,1006.2,0,282,0.9
1262,9964,2025-05-30 11:24:11.036000+00:00,30.1,47.5,36.0,1006.1,0,222,0.9
1262,9964,2025-05-30 11:25:11.044000+00:00,30.1,47.8,36.0,1006.3,0,219,1.0
1262,9964,2025-05-30 11:26:11.040000+00:00,30.1,47.7,36.0,1006.2,0,184,1.7
1262,9964,2025-05-30 11:27:11.036000+00:00,30.2,47.5,35.0,1006.2,0,234,2.2
1262,9964,2025-05-30 11:28:11.041000+00:00,30.1,47.5,37.0,1006.2,0,208,1.2
1262,9964,2025-05-30 11:29:11.039000+00:00,30.1,47.6,37.0,1006.3,0,204,1.3
1262,9964,2025-05-30 11:30:11.037000+00:00,30.1,47.8,36.0,1006.2,0,246,1.4
1262,9964,2025-05-30 11:31:11.047000+00:00,30.1,47.9,38.0,1006.3,0,198,2.1
1262,9964,2025-05-30 11:32:11.042000+00:00,30.1,47.9,36.0,1006.2,0,225,1.0
1262,9964,2025-05-30 11:33:11.041000+00:00,30.2,47.9,36.0,1006.3,0,203,1.7
1262,9964,2025-05-30 11:34:11.040000+00:00,30.1,47.9,35.0,1006.2,0,224,1.6
1262,9964,2025-05-30 11:35:11.048000+00:00,30.2,47.9,36.0,1006.1,0,0,1.1
1262,9964,2025-05-30 11:36:11.042000+00:00,30.3,48.0,36.0,1006.1,0,200,1.0
1262,9964,2025-05-30 11:37:11.047000+00:00,30.3,48.3,35.0,1006.2,0,183,1.2
1262,9964,2025-05-30 11:38:11.055000+00:00,30.2,48.6,35.0,1006.2,0,292,1.3
1262,9964,2025-05-30 11:39:11.048000+00:00,30.2,48.7,35.0,1006.2,0,319,1.1
1262,9964,2025-05-30 11:40:11.048000+00:00,30.3,48.5,36.0,1006.2,0,354,0.9
1262,9964,2025-05-30 11:41:11.055000+00:00,30.2,48.3,35.0,1006.2,0,54,0.9
1262,9964,2025-05-30 11:42:11.046000+00:00,30.3,48.4,37.0,1006.2,0,192,0.6
1262,9964,2025-05-30 11:43:11.051000+00:00,30.4,48.8,36.0,1006.2,0,208,1.1
1262,9964,2025-05-30 11:44:11.052000+00:00,30.4,48.6,35.0,1006.3,0,176,1.7
1262,9964,2025-05-30 11:45:11.048000+00:00,30.4,48.6,35.0,1006.2,0,223,1.6
1262,9964,2025-05-30 11:46:11.052000+00:00,30.5,48.8,34.0,1006.2,0,199,1.4
1262,9964,2025-05-30 11:47:11.051000+00:00,30.5,48.8,35.0,1006.2,0,260,1.7
1262,9964,2025-05-30 11:48:11.059000+00:00,30.5,48.5,35.0,1006.2,0,196,1.0
1262,9964,2025-05-30 11:49:11.052000+00:00,30.5,48.5,35.0,1006.2,0,182,1.1
1262,9964,2025-05-30 11:50:11.067000+00:00,30.4,49.0,35.0,1006.2,0,159,0.9
1262,9964,2025-05-30 11:51:11.053000+00:00,30.4,49.0,36.0,1006.2,0,211,1.3
1262,9964,2025-05-30 11:52:11.054000+00:00,30.3,49.0,34.0,1006.2,0,210,1.2
1262,9964,2025-05-30 11:53:11.059000+00:00,30.4,48.8,34.0,1006.2,0,170,1.3
1262,9964,2025-05-30 11:54:11.059000+00:00,30.4,48.8,35.0,1006.2,0,212,1.5
1262,9964,2025-05-30 11:55:11.059000+00:00,30.3,48.7,34.0,1006.0,0,169,1.8
1262,9964,2025-05-30 11:56:11.061000+00:00,30.4,48.3,35.0,1006.2,0,205,1.7
1262,9964,2025-05-30 11:57:11.060000+00:00,30.4,48.7,34.0,1006.1,0,107,1.7
1262,9964,2025-05-30 11:58:11.064000+00:00,30.4,48.8,35.0,1006.2,0,226,0.8
1262,9964,2025-05-30 11:59:11.061000+00:00,30.3,48.8,34.0,1006.1,0,175,1.5
1262,9964,2025-05-30 12:00:11.062000+00:00,30.3,48.8,34.0,1006.1,0,206,2.0
1262,9964,2025-05-30 12:01:11.065000+00:00,30.2,48.9,33.0,1006.1,0,221,1.9
1262,9964,2025-05-30 12:02:11.060000+00:00,30.3,49.4,32.0,1006.1,0,209,1.6
1262,9964,2025-05-30 12:03:11.064000+00:00,30.2,49.1,34.0,1006.2,0,204,2.2
1262,9964,2025-05-30 12:04:11.075000+00:00,30.2,49.0,35.0,1006.2,0,207,1.2
1262,9964,2025-05-30 12:05:11.064000+00:00,30.1,49.1,35.0,1006.2,0,198,1.1
1262,9964,2025-05-30 12:06:11.067000+00:00,30.1,49.1,35.0,1006.1,0,206,1.4
1262,9964,2025-05-30 12:07:11.069000+00:00,30.2,49.1,34.0,1006.0,0,201,1.3
1262,9964,2025-05-30 12:08:11.065000+00:00,30.2,48.8,34.0,1006.1,0,187,1.4
1262,9964,2025-05-30 12:09:11.068000+00:00,30.4,48.9,35.0,1006.1,0,209,1.6
1262,9964,2025-05-30 12:10:11.069000+00:00,30.3,48.8,33.0,1006.2,0,212,2.1
1262,9964,2025-05-30 12:11:11.072000+00:00,30.3,48.7,33.0,1006.1,0,206,1.2
1262,9964,2025-05-30 12:12:11.071000+00:00,30.1,49.0,33.0,1006.2,0,202,1.4
1262,9964,2025-05-30 12:13:11.073000+00:00,30.1,49.1,33.0,1006.0,0,199,1.2
1262,9964,2025-05-30 12:14:11.074000+00:00,30.2,49.8,34.0,1006.1,0,203,1.5
1262,9964,2025-05-30 12:15:11.073000+00:00,30.3,49.9,33.0,1006.1,0,190,1.6
1262,9964,2025-05-30 12:16:11.075000+00:00,30.4,49.9,32.0,1006.1,0,166,1.5
1262,9964,2025-05-30 12:17:11.076000+00:00,30.5,49.9,31.0,1006.1,0,191,1.5
1262,9964,2025-05-30 12:18:11.076000+00:00,30.6,50.0,32.0,1006.1,0,125,0.9
1262,9964,2025-05-30 12:19:11.090000+00:00,30.7,50.1,32.0,1006.1,0,321,1.3
1262,9964,2025-05-30 12:20:11.090000+00:00,30.6,50.1,32.0,1005.9,0,209,1.4
1262,9964,2025-05-30 12:21:11.095000+00:00,30.7,50.2,32.0,1006.0,0,108,1.2
1262,9964,2025-05-30 12:22:11.098000+00:00,30.8,50.2,33.0,1005.9,0,189,1.1
1262,9964,2025-05-30 12:23:11.097000+00:00,30.8,50.1,32.0,1006.0,0,18,0.7
1262,9964,2025-05-30 12:24:11.114000+00:00,30.6,50.1,31.0,1005.9,0,269,1.7
1262,9964,2025-05-30 12:25:11.118000+00:00,30.8,49.8,30.0,1006.0,0,51,1.2
1262,9964,2025-05-30 12:26:11.125000+00:00,30.8,49.8,30.0,1005.9,0,226,0.7
1262,9964,2025-05-30 12:27:11.128000+00:00,30.9,50.2,29.0,1006.0,0,20,0.7
1262,9964,2025-05-30 12:28:11.130000+00:00,31.0,50.2,30.0,1006.0,0,25,1.8
1262,9964,2025-05-30 12:29:11.136000+00:00,31.0,49.6,29.0,1005.9,0,33,2.2
1262,9964,2025-05-30 12:30:11.131000+00:00,30.9,49.6,30.0,1006.0,0,22,2.1
1262,9964,2025-05-30 12:31:11.134000+00:00,30.8,49.7,30.0,1005.9,0,34,2.4
1262,9964,2025-05-30 12:32:11.163000+00:00,30.9,49.6,30.0,1005.9,0,32,2.0
1262,9964,2025-05-30 12:33:11.152000+00:00,30.8,49.6,31.0,1005.7,0,34,2.8
1262,9964,2025-05-30 12:34:11.180000+00:00,30.8,49.2,32.0,1005.9,0,201,1.8
1262,9964,2025-05-30 12:35:11.196000+00:00,30.7,49.2,31.0,1005.8,0,338,1.2
1262,9964,2025-05-30 12:36:11.214000+00:00,30.7,49.6,30.0,1005.9,0,0,1.6
1262,9965,2025-05-30 14:45:11.424000+00:00,31.0,48.0,28.0,1005.2,0,199,2.5
1262,9965,2025-05-30 14:46:11.443000+00:00,31.0,47.8,29.0,1005.2,0,240,1.5
1262,9965,2025-05-30 14:47:11.428000+00:00,31.1,47.8,29.0,1005.2,0,261,1.5
1262,9965,2025-05-30 14:48:11.453000+00:00,31.0,48.2,30.0,1005.1,0,210,1.3
1262,9965,2025-05-30 14:49:11.438000+00:00,31.0,48.2,30.0,1005.1,0,205,1.6
1262,9965,2025-05-30 14:50:11.433000+00:00,31.1,47.7,29.0,1005.2,0,179,1.9
1262,9965,2025-05-30 14:51:11.438000+00:00,31.1,47.7,29.0,1005.1,0,216,1.9
1262,9965,2025-05-30 14:52:11.443000+00:00,31.2,47.8,29.0,1005.1,0,213,0.8
1262,9965,2025-05-30 14:53:11.436000+00:00,31.1,48.1,29.0,1005.2,0,281,0.7
1262,9965,2025-05-30 14:54:11.433000+00:00,31.0,48.1,29.0,1005.1,0,254,1.6
1262,9965,2025-05-30 14:55:11.435000+00:00,31.0,47.8,29.0,1005.2,0,272,1.3
1262,9965,2025-05-30 14:56:11.433000+00:00,30.9,47.6,31.0,1005.2,0,30,1.3
1262,9965,2025-05-30 14:57:11.444000+00:00,30.8,47.6,31.0,1005.1,0,202,1.0
1262,9965,2025-05-30 14:58:11.440000+00:00,30.8,47.4,32.0,1005.2,0,185,1.9
1262,9965,2025-05-30 14:59:11.448000+00:00,30.7,47.4,33.0,1005.1,0,181,1.5
1262,9965,2025-05-30 15:00:11.438000+00:00,30.6,47.3,32.0,1005.2,0,276,1.4
1262,9965,2025-05-30 15:01:11.492000+00:00,30.5,47.5,34.0,1005.1,0,182,0.9
1262,9965,2025-05-30 15:02:11.431000+00:00,30.5,47.5,34.0,1005.0,0,164,0.8
1262,9965,2025-05-30 15:03:11.447000+00:00,30.6,47.5,34.0,1005.2,0,216,0.7
1262,9965,2025-05-30 15:04:11.449000+00:00,30.6,47.6,33.0,1005.1,0,293,1.1
1262,9965,2025-05-30 15:05:11.477000+00:00,30.5,47.6,33.0,1005.0,0,65,1.4
1262,9965,2025-05-30 15:06:11.461000+00:00,30.5,47.3,33.0,1005.1,0,69,1.6
1262,9965,2025-05-30 15:07:11.484000+00:00,30.4,47.0,33.0,1005.0,0,30,2.4
1262,9965,2025-05-30 15:08:11.495000+00:00,30.4,47.0,34.0,1005.1,0,0,1.5
1262,9965,2025-05-30 15:09:11.499000+00:00,30.3,47.1,34.0,1005.0,0,215,1.1
1262,9965,2025-05-30 15:10:11.492000+00:00,30.4,47.1,33.0,1005.2,0,19,1.1
1262,9965,2025-05-30 15:11:11.511000+00:00,30.5,47.1,34.0,1005.1,0,36,2.0
1262,9965,2025-05-30 15:12:11.522000+00:00,30.5,47.0,34.0,1005.0,0,23,1.9
1262,9965,2025-05-30 15:13:11.511000+00:00,30.5,47.0,33.0,1005.1,0,333,2.1
1262,9965,2025-05-30 15:14:11.533000+00:00,30.4,46.8,33.0,1005.1,0,24,1.5
1262,9965,2025-05-30 15:15:11.552000+00:00,30.5,47.4,33.0,1005.1,0,273,0.9
1262,9965,2025-05-30 15:16:11.552000+00:00,30.5,47.4,33.0,1005.0,0,271,1.3
1262,9965,2025-05-30 15:17:11.543000+00:00,30.4,47.0,33.0,1005.0,0,38,1.3
1262,9965,2025-05-30 15:18:11.541000+00:00,30.3,46.9,34.0,1005.1,0,188,0.8
1262,9965,2025-05-30 15:19:11.561000+00:00,30.4,47.1,34.0,1005.1,0,201,1.1
1262,9965,2025-05-30 15:20:11.550000+00:00,30.4,46.7,33.0,1005.1,0,171,2.1
1262,9965,2025-05-30 15:21:11.548000+00:00,30.4,46.5,34.0,1005.0,0,0,1.1
1262,9965,2025-05-30 15:22:11.551000+00:00,30.4,46.5,34.0,1005.0,0,176,0.8
1262,9965,2025-05-30 15:23:11.560000+00:00,30.5,46.1,34.0,1005.0,0,220,1.4
1262,9965,2025-05-30 15:24:11.574000+00:00,30.5,46.4,34.0,1005.0,0,0,1.1
1262,9965,2025-05-30 15:25:11.593000+00:00,30.5,46.4,34.0,1005.0,0,190,0.9
1262,9965,2025-05-30 15:26:11.592000+00:00,30.3,46.1,34.0,1005.0,0,172,1.6
1262,9965,2025-05-30 15:27:11.584000+00:00,30.3,46.0,34.0,1005.0,0,238,0.7
1262,9965,2025-05-30 15:28:11.594000+00:00,30.0,46.1,35.0,1005.0,0,134,1.3
1262,9965,2025-05-30 15:29:11.588000+00:00,30.0,46.0,35.0,1005.1,0,355,1.1
1262,9965,2025-05-30 15:30:11.595000+00:00,30.0,46.0,35.0,1005.0,0,294,1.0
1262,9965,2025-05-30 15:31:11.602000+00:00,30.0,46.1,34.0,1005.1,0,20,1.4
1262,9965,2025-05-30 15:32:11.593000+00:00,30.0,45.8,35.0,1005.0,0,320,1.6
1262,9965,2025-05-30 15:33:11.586000+00:00,29.9,45.5,35.0,1005.0,0,333,1.6
1262,9965,2025-05-30 15:34:11.605000+00:00,29.8,45.7,35.0,1005.0,0,343,0.7
1262,9965,2025-05-30 15:35:11.599000+00:00,29.9,45.6,35.0,1005.0,0,13,1.1
1262,9965,2025-05-30 15:36:11.585000+00:00,29.9,45.3,36.0,1005.0,0,326,1.2
1262,9965,2025-05-30 15:37:11.589000+00:00,30.0,45.4,36.0,1005.0,0,0,1.2
1262,9965,2025-05-30 15:38:11.613000+00:00,30.0,45.3,36.0,1005.0,0,64,1.2
1262,9965,2025-05-30 15:39:11.625000+00:00,29.9,45.3,36.0,1005.0,0,306,2.1
1262,9965,2025-05-30 15:40:11.596000+00:00,29.8,45.3,37.0,1005.0,0,20,1.6
1262,9965,2025-05-30 15:41:11.603000+00:00,29.8,44.8,37.0,1005.0,0,168,1.9
1262,9965,2025-05-30 15:42:11.607000+00:00,29.7,44.7,37.0,1005.0,0,354,1.7
1262,9965,2025-05-30 15:43:11.618000+00:00,29.6,44.4,37.0,1005.0,0,79,2.3
1262,9965,2025-05-30 15:44:11.624000+00:00,29.6,44.3,38.0,1004.9,0,1,1.6
1262,9965,2025-05-30 15:45:11.625000+00:00,29.6,44.3,38.0,1005.1,0,49,1.4
1262,9965,2025-05-30 15:46:11.638000+00:00,29.5,44.4,38.0,1004.9,0,5,2.0
1262,9965,2025-05-30 15:47:11.626000+00:00,29.6,44.2,38.0,1005.0,0,70,1.6
1262,9965,2025-05-30 15:48:11.662000+00:00,29.6,44.2,38.0,1005.0,0,30,2.4
1262,9965,2025-05-30 15:49:11.654000+00:00,29.6,44.2,38.0,1004.9,0,76,1.2
1262,9965,2025-05-30 15:50:11.651000+00:00,29.6,43.8,37.0,1005.0,0,334,2.4
1262,9965,2025-05-30 15:51:11.657000+00:00,29.7,43.8,38.0,1004.9,0,349,1.5
1262,9965,2025-05-30 15:52:11.660000+00:00,29.5,43.8,38.0,1004.9,0,21,1.5
1262,9965,2025-05-30 15:53:11.675000+00:00,29.5,43.7,38.0,1004.9,0,61,1.5
1262,9965,2025-05-30 15:54:11.659000+00:00,29.4,43.7,39.0,1004.9,0,52,1.7
1262,9965,2025-05-30 15:55:11.713000+00:00,29.4,43.5,38.0,1004.9,0,44,2.2
1262,9965,2025-05-30 15:56:11.671000+00:00,29.4,43.0,39.0,1004.9,0,64,1.8
1262,9965,2025-05-30 15:57:11.663000+00:00,29.4,43.0,39.0,1004.8,0,353,1.6
1262,9965,2025-05-30 15:58:11.673000+00:00,29.4,43.0,38.0,1004.9,0,28,2.3
1262,9965,2025-05-30 15:59:11.685000+00:00,29.4,42.6,39.0,1004.8,0,25,2.2
1262,9965,2025-05-30 16:00:11.704000+00:00,29.3,42.5,39.0,1004.9,0,25,2.2
1262,9965,2025-05-30 16:01:11.702000+00:00,29.1,42.6,39.0,1004.6,0,354,2.1
1262,9965,2025-05-30 16:02:11.709000+00:00,29.0,42.4,40.0,1004.9,0,16,1.2
1262,9965,2025-05-30 16:03:11.716000+00:00,28.9,41.9,40.0,1004.8,0,354,1.4
1262,9965,2025-05-30 16:04:11.718000+00:00,28.8,41.6,41.0,1004.8,0,43,1.5
1262,9965,2025-05-30 16:05:11.736000+00:00,28.8,41.6,41.0,1004.8,0,0,1.8
1262,9965,2025-05-30 16:06:11.736000+00:00,28.7,41.6,41.0,1004.9,0,286,1.5
1262,9966,2025-05-31 10:53:23.314000+00:00,29.8,46.4,38.0,1006.1,0,44,0.6
1262,9966,2025-05-31 10:54:16.664000+00:00,29.8,46.4,37.0,1006.1,0,82,1.8
1262,9966,2025-05-31 10:55:16.680000+00:00,29.8,46.3,37.0,1006.2,0,65,1.5
1262,9966,2025-05-31 10:56:16.679000+00:00,29.8,46.2,37.0,1006.1,0,57,1.8
1262,9966,2025-05-31 10:57:16.699000+00:00,29.6,45.9,37.0,1006.2,0,36,2.0
1262,9966,2025-05-31 10:58:16.698000+00:00,29.7,46.1,38.0,1006.2,0,78,1.0
1262,9966,2025-05-31 10:59:16.716000+00:00,29.8,46.8,37.0,1006.2,0,22,1.4
1262,9966,2025-05-31 11:00:16.715000+00:00,30.0,46.8,36.0,1006.2,0,46,1.2
1262,9966,2025-05-31 11:01:16.716000+00:00,30.0,46.6,36.0,1006.2,0,23,1.2
1262,9966,2025-05-31 11:02:16.716000+00:00,30.1,46.6,35.0,1006.2,0,45,1.1
1262,9966,2025-05-31 11:03:16.728000+00:00,30.2,47.3,35.0,1006.1,0,14,1.8
1262,9966,2025-05-31 11:04:16.716000+00:00,30.2,46.8,35.0,1006.1,0,74,1.3
1262,9966,2025-05-31 11:05:16.726000+00:00,30.0,46.8,35.0,1006.2,0,284,0.9
1262,9966,2025-05-31 11:06:16.839000+00:00,30.0,46.8,35.0,1006.2,0,189,0.6
1262,9966,2025-05-31 11:07:16.720000+00:00,30.3,47.2,34.0,1006.1,0,55,1.0
1262,9966,2025-05-31 11:08:16.726000+00:00,30.3,46.9,34.0,1006.1,0,45,1.6
1262,9966,2025-05-31 11:09:16.723000+00:00,30.1,46.8,34.0,1006.2,0,57,1.2
1262,9966,2025-05-31 11:10:16.736000+00:00,30.0,46.8,34.0,1006.1,0,0,2.2
1262,9966,2025-05-31 11:11:16.719000+00:00,30.0,46.8,35.0,1006.1,0,0,1.0
1262,9966,2025-05-31 11:12:16.726000+00:00,30.0,46.8,35.0,1006.0,0,270,0.5
1262,9966,2025-05-31 11:13:16.731000+00:00,30.0,47.0,36.0,1006.0,0,249,0.9
1262,9966,2025-05-31 11:14:16.732000+00:00,30.0,47.3,35.0,1006.2,0,209,1.7
1262,9966,2025-05-31 11:15:16.717000+00:00,30.0,47.3,34.0,1006.0,0,230,0.8
1262,9966,2025-05-31 11:16:16.730000+00:00,30.1,47.0,34.0,1005.9,0,0,0.9
1262,9966,2025-05-31 11:17:16.725000+00:00,30.0,47.1,34.0,1006.1,0,166,0.9
1262,9966,2025-05-31 11:18:16.730000+00:00,30.0,47.0,34.0,1006.1,0,74,1.2
1262,9966,2025-05-31 11:19:16.728000+00:00,29.8,47.0,34.0,1006.0,0,207,0.9
1262,9966,2025-05-31 11:20:16.730000+00:00,29.9,47.2,35.0,1006.0,0,0,1.6
1262,9966,2025-05-31 11:21:16.728000+00:00,30.0,47.2,34.0,1006.0,0,296,0.9
1262,9966,2025-05-31 11:22:16.732000+00:00,30.1,47.1,33.0,1006.0,0,332,0.7
1262,9966,2025-05-31 11:23:16.740000+00:00,30.1,47.1,33.0,1006.0,0,7,1.7
1262,9966,2025-05-31 11:24:16.730000+00:00,30.1,47.1,33.0,1006.0,0,254,1.1
1262,9966,2025-05-31 11:25:16.738000+00:00,30.0,47.0,32.0,1005.9,0,182,2.4
1262,9966,2025-05-31 11:26:16.736000+00:00,29.9,47.1,33.0,1006.0,0,209,1.6
1262,9966,2025-05-31 11:27:16.733000+00:00,29.7,46.9,33.0,1006.0,0,227,1.6
1262,9966,2025-05-31 11:28:16.913000+00:00,29.6,46.8,33.0,1006.0,0,183,1.0
1262,9966,2025-05-31 11:29:16.732000+00:00,29.5,46.9,33.0,1006.1,0,255,1.7
1262,9966,2025-05-31 11:30:16.736000+00:00,29.6,47.0,33.0,1006.1,0,208,1.1
1262,9966,2025-05-31 11:31:16.736000+00:00,29.8,47.6,32.0,1006.0,0,257,1.0
1262,9966,2025-05-31 11:32:16.738000+00:00,30.0,47.6,33.0,1006.0,0,289,1.1
1262,9966,2025-05-31 11:33:16.746000+00:00,30.0,47.7,32.0,1006.0,0,312,1.6
1262,9966,2025-05-31 11:34:16.738000+00:00,29.9,47.7,32.0,1005.9,0,152,1.1
1262,9966,2025-05-31 11:35:16.746000+00:00,29.7,47.4,33.0,1006.0,0,199,1.6
1262,9966,2025-05-31 11:36:16.746000+00:00,29.8,47.1,32.0,1006.1,0,199,1.4
1262,9967,2025-05-31 13:47:17.180000+00:00,29.5,48.8,33.0,1005.5,0,221,2.0
1262,9967,2025-05-31 13:48:17.183000+00:00,29.5,48.5,33.0,1005.5,0,208,2.3
1262,9967,2025-05-31 13:49:17.182000+00:00,29.5,48.4,33.0,1005.4,0,194,2.9
1262,9967,2025-05-31 13:50:17.188000+00:00,29.4,48.4,34.0,1005.4,0,195,2.2
1262,9967,2025-05-31 13:51:17.185000+00:00,29.3,48.4,34.0,1005.5,0,200,1.6
1262,9967,2025-05-31 13:52:17.201000+00:00,29.3,48.7,35.0,1005.5,0,172,1.5
1262,9967,2025-05-31 13:53:17.217000+00:00,29.3,48.4,34.0,1005.4,0,193,1.9
1262,9967,2025-05-31 13:54:17.225000+00:00,29.3,48.0,34.0,1005.4,0,202,1.9
1262,9967,2025-05-31 13:55:17.219000+00:00,29.4,47.7,34.0,1005.4,0,204,2.3
1262,9967,2025-05-31 13:56:17.221000+00:00,29.4,47.8,34.0,1005.5,0,208,1.7
1262,9967,2025-05-31 13:57:17.222000+00:00,29.3,48.1,34.0,1005.5,0,167,1.5
1262,9967,2025-05-31 13:58:17.229000+00:00,29.3,48.2,34.0,1005.5,0,223,1.4
1262,9967,2025-05-31 13:59:17.222000+00:00,29.1,48.2,34.0,1005.5,0,237,1.8
1262,9967,2025-05-31 14:00:17.253000+00:00,29.1,48.2,34.0,1005.6,0,209,1.4
1262,9967,2025-05-31 14:01:17.223000+00:00,29.1,48.2,34.0,1005.6,0,177,2.0
1262,9967,2025-05-31 14:02:17.227000+00:00,29.3,48.2,34.0,1005.6,0,200,2.2
1262,9967,2025-05-31 14:03:17.245000+00:00,29.2,48.2,34.0,1005.7,0,200,2.1
1262,9967,2025-05-31 14:04:17.226000+00:00,29.2,48.1,34.0,1005.6,0,219,1.9
1262,9967,2025-05-31 14:05:17.227000+00:00,29.2,48.1,35.0,1005.7,0,172,1.6
1262,9967,2025-05-31 14:06:17.231000+00:00,29.4,48.3,34.0,1005.6,0,182,1.1
1262,9967,2025-05-31 14:07:17.227000+00:00,29.4,47.8,34.0,1005.6,0,193,2.1
1262,9967,2025-05-31 14:08:17.227000+00:00,29.4,48.0,35.0,1005.7,0,197,1.7
1262,9967,2025-05-31 14:09:17.231000+00:00,29.1,47.9,35.0,1005.6,0,339,1.2
1262,9967,2025-05-31 14:10:17.231000+00:00,29.0,47.9,35.0,1005.7,0,0,0.7
1262,9967,2025-05-31 14:11:17.234000+00:00,29.1,47.8,34.0,1005.6,0,211,0.8
1262,9967,2025-05-31 14:12:17.236000+00:00,29.1,48.2,34.0,1005.5,0,218,1.9
1262,9967,2025-05-31 14:13:17.231000+00:00,29.3,48.2,34.0,1005.7,0,172,1.4
1262,9967,2025-05-31 14:14:17.233000+00:00,29.4,48.3,34.0,1005.6,0,197,0.8
1262,9967,2025-05-31 14:15:17.224000+00:00,29.5,48.3,34.0,1005.6,0,173,1.9
1262,9967,2025-05-31 14:16:17.232000+00:00,29.4,48.1,34.0,1005.5,0,200,1.7
1262,9967,2025-05-31 14:17:17.249000+00:00,29.3,48.5,34.0,1005.6,0,84,1.9
1262,9967,2025-05-31 14:18:17.237000+00:00,29.4,48.1,33.0,1005.5,0,89,1.5
1262,9967,2025-05-31 14:19:17.242000+00:00,29.5,48.1,33.0,1005.4,0,39,1.5
1262,9967,2025-05-31 14:20:17.236000+00:00,29.3,48.0,33.0,1005.5,0,79,2.1
1262,9967,2025-05-31 14:21:17.255000+00:00,29.3,47.9,33.0,1005.5,0,273,1.9
1262,9967,2025-05-31 14:22:17.256000+00:00,29.3,47.9,34.0,1005.5,0,202,1.7
1262,9967,2025-05-31 14:23:17.236000+00:00,29.4,47.8,35.0,1005.5,0,272,1.0
1262,9967,2025-05-31 14:24:17.240000+00:00,29.5,47.5,35.0,1005.5,0,264,1.6
1262,9967,2025-05-31 14:25:17.240000+00:00,29.3,47.5,36.0,1005.5,0,214,2.1
1262,9967,2025-05-31 14:26:17.239000+00:00,29.1,47.5,36.0,1005.3,0,201,1.5
1262,9967,2025-05-31 14:27:17.246000+00:00,29.1,47.7,36.0,1005.5,0,199,1.9
1262,9967,2025-05-31 14:28:17.244000+00:00,29.1,46.8,36.0,1005.5,0,168,1.9
1262,9967,2025-05-31 14:29:17.240000+00:00,29.2,46.8,37.0,1005.3,0,227,2.1
1262,9967,2025-05-31 14:30:17.245000+00:00,29.0,47.2,37.0,1005.5,0,178,1.2
1262,9967,2025-05-31 14:31:17.250000+00:00,28.9,47.8,37.0,1005.4,0,183,1.2
1262,9967,2025-05-31 14:32:17.262000+00:00,29.0,48.0,38.0,1005.3,0,219,1.1
1262,9967,2025-05-31 14:33:17.274000+00:00,29.1,47.8,37.0,1005.5,0,195,1.1
1262,9967,2025-05-31 14:34:17.276000+00:00,29.1,48.0,39.0,1005.4,0,169,1.1
1262,9967,2025-05-31 14:35:17.297000+00:00,29.2,47.8,37.0,1005.4,0,188,1.2
1262,9967,2025-05-31 14:36:17.293000+00:00,29.3,48.0,37.0,1005.4,0,198,1.2
1262,9967,2025-05-31 14:37:17.305000+00:00,29.4,48.0,38.0,1005.3,0,175,1.8
1262,9967,2025-05-31 14:38:17.326000+00:00,29.3,47.6,38.0,1005.4,0,154,1.7
1262,9967,2025-05-31 14:39:17.347000+00:00,29.3,47.0,39.0,1005.4,0,233,0.8
1262,9967,2025-05-31 14:40:17.345000+00:00,29.3,47.0,40.0,1005.4,0,208,2.0
1262,9967,2025-05-31 14:41:17.347000+00:00,29.3,47.1,40.0,1005.4,0,210,1.5
1262,9967,2025-05-31 14:42:17.348000+00:00,29.3,47.0,40.0,1005.5,0,196,1.1
1262,9967,2025-05-31 14:43:17.347000+00:00,29.1,46.5,41.0,1005.5,0,168,1.8
1262,9967,2025-05-31 14:44:17.349000+00:00,29.0,46.1,40.0,1005.4,0,228,1.8
1262,9967,2025-05-31 14:45:17.341000+00:00,29.0,47.1,41.0,1005.4,0,0,1.7
1262,9967,2025-05-31 14:46:17.373000+00:00,29.1,47.7,41.0,1005.4,0,233,0.6
1262,9967,2025-05-31 14:47:17.373000+00:00,29.2,47.7,40.0,1005.4,0,205,1.1
1262,9967,2025-05-31 14:48:17.400000+00:00,29.2,47.6,41.0,1005.5,0,193,2.3
1262,9967,2025-05-31 14:49:17.382000+00:00,29.3,45.1,41.0,1005.6,0,193,1.6
1262,9967,2025-05-31 14:50:17.386000+00:00,29.3,44.5,41.0,1005.5,0,188,1.7
1262,9967,2025-05-31 14:51:17.384000+00:00,29.0,44.1,42.0,1005.5,0,198,1.3
1262,9967,2025-05-31 14:52:17.390000+00:00,28.9,43.9,43.0,1005.4,0,205,2.1
1262,9967,2025-05-31 14:53:17.385000+00:00,28.8,43.6,42.0,1005.4,0,216,1.4
1262,9967,2025-05-31 14:54:17.388000+00:00,28.6,43.2,42.0,1005.5,0,200,1.2
1262,9967,2025-05-31 14:55:17.382000+00:00,28.6,42.6,43.0,1005.5,0,223,1.2
1262,9967,2025-05-31 14:56:17.395000+00:00,28.5,42.3,43.0,1005.4,0,212,1.4
1262,9967,2025-05-31 14:57:17.398000+00:00,28.5,42.0,43.0,1005.5,0,176,2.1
1262,9967,2025-05-31 14:58:17.401000+00:00,28.5,41.9,43.0,1005.4,0,173,1.8
1262,9967,2025-05-31 14:59:17.397000+00:00,28.5,41.3,43.0,1005.4,0,198,1.7
1262,9967,2025-05-31 15:00:17.390000+00:00,28.4,41.1,44.0,1005.4,0,169,1.9
1262,9967,2025-05-31 15:01:17.384000+00:00,28.4,41.1,44.0,1005.3,0,206,1.6
1262,9967,2025-05-31 15:02:17.395000+00:00,28.3,41.1,44.0,1005.3,0,236,1.7
1262,9967,2025-05-31 15:03:17.396000+00:00,28.2,41.1,44.0,1005.4,0,218,1.2
1262,9971,2025-06-01 12:04:21.972000+00:00,29.9,48.2,49.0,1003.5,0,224,2.3
1262,9971,2025-06-01 12:05:21.970000+00:00,30.0,48.4,49.0,1003.6,0,221,1.1
1262,9971,2025-06-01 12:06:21.971000+00:00,30.0,48.6,49.0,1003.5,0,291,1.6
1262,9971,2025-06-01 12:07:21.959000+00:00,30.0,48.8,49.0,1003.5,0,217,1.1
1262,9971,2025-06-01 12:08:21.998000+00:00,30.0,48.8,49.0,1003.4,0,6,1.1
1262,9971,2025-06-01 12:09:21.977000+00:00,30.0,48.1,50.0,1003.4,0,34,1.1
1262,9971,2025-06-01 12:10:21.999000+00:00,30.0,49.2,50.0,1003.4,0,345,1.1
1262,9971,2025-06-01 12:11:22.002000+00:00,29.7,49.2,49.0,1003.4,0,345,1.4
1262,9971,2025-06-01 12:12:22.007000+00:00,29.6,49.0,49.0,1003.4,0,324,1.3
1262,9971,2025-06-01 12:13:22.001000+00:00,29.6,48.9,49.0,1003.5,0,212,1.8
1262,9971,2025-06-01 12:14:22.014000+00:00,29.6,48.5,49.0,1003.3,0,166,1.2
1262,9971,2025-06-01 12:15:22.021000+00:00,29.5,48.5,50.0,1003.4,0,191,1.9
1262,9971,2025-06-01 12:16:22.018000+00:00,29.6,49.1,49.0,1003.5,0,234,1.8
1262,9971,2025-06-01 12:17:22.025000+00:00,29.5,48.7,49.0,1003.4,0,217,1.6
1262,9971,2025-06-01 12:18:22.057000+00:00,29.5,49.4,49.0,1003.4,0,187,1.2
1262,9971,2025-06-01 12:19:22.050000+00:00,29.5,49.4,49.0,1003.4,0,205,0.8
1262,9971,2025-06-01 12:20:22.068000+00:00,29.6,49.4,48.0,1003.4,0,163,1.4
1262,9971,2025-06-01 12:21:22.072000+00:00,29.6,48.6,48.0,1003.4,0,166,1.3
1262,9971,2025-06-01 12:22:22.094000+00:00,29.5,48.3,48.0,1003.3,0,302,1.6
1262,9971,2025-06-01 12:23:22.092000+00:00,29.4,48.3,49.0,1003.3,0,306,1.5
1262,9971,2025-06-01 12:24:22.096000+00:00,29.3,48.7,49.0,1003.3,0,1,1.1
1262,9971,2025-06-01 12:25:22.106000+00:00,29.3,49.4,49.0,1003.3,0,0,1.1
1262,9971,2025-06-01 12:26:22.091000+00:00,29.2,49.4,49.0,1003.3,0,311,0.8
1262,9971,2025-06-01 12:27:22.087000+00:00,29.3,49.6,48.0,1003.3,0,188,1.3
1262,9971,2025-06-01 12:28:22.088000+00:00,29.3,48.9,48.0,1003.4,0,236,1.5
1262,9971,2025-06-01 12:29:22.096000+00:00,29.4,49.4,48.0,1003.1,0,163,0.9
1262,9971,2025-06-01 12:30:22.091000+00:00,29.5,49.4,48.0,1003.3,0,310,1.1
1262,9971,2025-06-01 12:31:22.096000+00:00,29.5,49.7,48.0,1003.3,0,35,1.3
1262,9971,2025-06-01 12:32:22.087000+00:00,29.5,49.2,49.0,1003.3,0,242,1.1
1262,9971,2025-06-01 12:33:22.097000+00:00,29.5,49.3,49.0,1003.1,0,238,1.4
1262,9971,2025-06-01 12:34:22.094000+00:00,29.6,49.3,49.0,1003.1,0,199,2.5
1262,9971,2025-06-01 12:35:22.120000+00:00,29.4,49.2,50.0,1003.3,0,170,1.8
1262,9971,2025-06-01 12:36:22.105000+00:00,29.2,48.8,51.0,1003.2,0,203,1.7
1262,9971,2025-06-01 12:37:22.100000+00:00,29.2,49.1,52.0,1003.2,0,265,0.7
1262,9971,2025-06-01 12:38:22.114000+00:00,29.1,50.3,51.0,1003.3,0,32,1.4
1262,9971,2025-06-01 12:39:22.116000+00:00,29.3,50.4,50.0,1003.1,0,265,1.5
1262,9971,2025-06-01 12:40:22.095000+00:00,29.3,50.3,51.0,1003.1,0,35,1.1
1262,9971,2025-06-01 12:41:22.115000+00:00,29.4,50.1,50.0,1003.2,0,6,1.9
1262,9971,2025-06-01 12:42:22.116000+00:00,29.4,48.8,51.0,1003.1,0,291,1.1
1262,9971,2025-06-01 12:43:22.102000+00:00,29.3,48.8,52.0,1003.0,0,83,2.8
1262,9971,2025-06-01 12:44:22.108000+00:00,29.3,49.4,52.0,1003.1,0,316,1.4
1262,9971,2025-06-01 12:45:22.118000+00:00,29.1,49.4,51.0,1003.1,0,200,1.5
1262,9971,2025-06-01 12:46:22.117000+00:00,29.1,49.6,51.0,1003.0,0,266,1.4
1262,9971,2025-06-01 12:47:22.119000+00:00,29.1,49.1,51.0,1003.1,0,216,1.3
1262,9971,2025-06-01 12:48:22.108000+00:00,29.1,49.4,51.0,1003.1,0,145,1.7
1262,9971,2025-06-01 12:49:22.107000+00:00,29.2,49.5,51.0,1003.0,0,177,1.3
1262,9971,2025-06-01 12:50:22.122000+00:00,29.4,49.5,50.0,1003.0,0,164,2.2
1262,9971,2025-06-01 12:51:22.121000+00:00,29.5,49.5,51.0,1003.0,0,243,0.9
1262,9971,2025-06-01 12:52:22.118000+00:00,29.5,49.7,50.0,1003.1,0,207,1.3
1262,9971,2025-06-01 12:53:22.133000+00:00,29.4,50.2,50.0,1003.0,0,249,1.4
1262,9971,2025-06-01 12:54:22.115000+00:00,29.5,49.7,50.0,1003.0,0,180,1.2
1262,9971,2025-06-01 12:55:22.118000+00:00,29.6,50.3,50.0,1003.0,0,195,1.5
1262,9971,2025-06-01 12:56:22.132000+00:00,29.6,50.3,50.0,1003.0,0,61,1.1
1262,9971,2025-06-01 12:57:22.131000+00:00,29.6,50.3,50.0,1003.1,0,320,1.5
1262,9971,2025-06-01 12:58:22.140000+00:00,29.6,50.4,50.0,1002.9,0,0,0.9
1262,9971,2025-06-01 12:59:22.174000+00:00,29.6,50.4,50.0,1003.0,0,258,1.1
1262,9971,2025-06-01 13:00:22.171000+00:00,29.6,49.7,49.0,1003.0,0,193,1.0
1262,9971,2025-06-01 13:01:22.172000+00:00,29.8,49.4,50.0,1003.0,0,191,1.1
1262,9971,2025-06-01 13:02:22.180000+00:00,29.7,49.4,50.0,1002.9,0,349,1.0
1262,9971,2025-06-01 13:03:22.191000+00:00,29.6,49.5,51.0,1002.9,0,275,2.0
1262,9971,2025-06-01 13:04:22.245000+00:00,29.5,49.4,51.0,1003.1,0,351,1.0
1262,9971,2025-06-01 13:05:22.175000+00:00,29.6,49.4,51.0,1003.0,0,261,1.2
1262,9971,2025-06-01 13:06:22.166000+00:00,29.5,49.0,52.0,1002.8,0,48,1.1
1262,9971,2025-06-01 13:07:22.227000+00:00,29.4,49.4,53.0,1002.9,0,275,2.6
1262,9971,2025-06-01 13:08:22.228000+00:00,29.4,49.4,54.0,1002.8,0,276,1.8
1262,9971,2025-06-01 13:09:22.179000+00:00,29.3,49.9,53.0,1002.9,0,345,1.8
1262,9971,2025-06-01 13:10:22.246000+00:00,29.3,48.9,52.0,1002.8,0,310,1.8
1262,9971,2025-06-01 13:11:22.163000+00:00,29.2,48.2,53.0,1002.9,0,29,2.0
1262,9971,2025-06-01 13:12:22.176000+00:00,29.1,49.1,54.0,1002.8,0,79,1.5
1262,9971,2025-06-01 13:13:22.237000+00:00,29.0,49.4,54.0,1002.8,0,34,1.9
1262,9971,2025-06-01 13:14:22.233000+00:00,28.9,49.4,54.0,1002.9,0,353,2.8
1262,9971,2025-06-01 13:15:22.242000+00:00,28.9,49.1,56.0,1002.7,0,298,2.5
1262,9971,2025-06-01 13:16:22.239000+00:00,28.9,49.1,56.0,1002.8,0,3,2.0
1262,9971,2025-06-01 13:17:22.231000+00:00,29.0,49.1,55.0,1002.8,0,75,2.5
1262,9971,2025-06-01 13:18:22.225000+00:00,29.0,49.1,55.0,1002.8,0,251,1.1
1262,9971,2025-06-01 13:19:22.246000+00:00,29.1,49.6,55.0,1002.6,0,51,3.5
1262,9971,2025-06-01 13:20:22.244000+00:00,29.3,49.6,55.0,1002.8,0,58,2.1
1262,9971,2025-06-01 13:21:22.268000+00:00,29.3,49.0,55.0,1002.8,0,323,2.7
1262,9971,2025-06-01 13:22:22.257000+00:00,29.2,49.0,56.0,1002.8,0,0,1.9
1262,9971,2025-06-01 13:23:22.256000+00:00,29.2,49.1,55.0,1002.7,0,61,2.1
1262,9971,2025-06-01 13:24:22.263000+00:00,29.3,49.1,55.0,1002.7,0,305,2.2
1262,9971,2025-06-01 13:25:22.272000+00:00,29.3,49.2,56.0,1002.7,0,113,1.4
1262,9971,2025-06-01 13:26:22.259000+00:00,29.4,49.4,56.0,1002.7,0,22,1.2
1262,9971,2025-06-01 13:27:22.267000+00:00,29.3,48.7,55.0,1002.6,0,57,1.9
1262,9971,2025-06-01 13:28:22.276000+00:00,29.3,48.4,55.0,1002.8,0,41,2.5
1262,9971,2025-06-01 13:29:22.266000+00:00,29.2,47.2,56.0,1002.6,0,339,2.3
1262,9971,2025-06-01 13:30:22.285000+00:00,29.1,47.0,57.0,1002.5,0,44,1.8
1262,9971,2025-06-01 13:31:22.285000+00:00,29.0,47.0,57.0,1002.6,0,0,1.2
1262,9971,2025-06-01 13:32:22.367000+00:00,29.0,47.4,57.0,1002.7,0,3,1.5
1262,9971,2025-06-01 13:33:22.323000+00:00,28.8,47.5,56.0,1002.7,0,39,1.1
1262,9971,2025-06-01 13:34:22.334000+00:00,28.7,47.9,56.0,1002.7,0,15,1.2
1262,9971,2025-06-01 13:35:22.359000+00:00,28.8,47.9,56.0,1002.5,0,183,1.3
1262,9971,2025-06-01 13:36:22.360000+00:00,28.9,48.6,56.0,1002.6,0,258,0.7
1262,9971,2025-06-01 13:37:22.375000+00:00,29.0,49.2,56.0,1002.7,0,63,1.5
1262,9971,2025-06-01 13:38:22.365000+00:00,29.0,48.7,55.0,1002.6,0,270,1.3
1262,9971,2025-06-01 13:39:22.384000+00:00,29.1,48.5,57.0,1002.7,0,55,1.4
1262,9971,2025-06-01 13:40:22.396000+00:00,29.1,48.7,57.0,1002.5,0,11,2.7
1262,9971,2025-06-01 13:41:22.380000+00:00,29.1,48.3,57.0,1002.5,0,69,2.5
1262,9971,2025-06-01 13:42:22.403000+00:00,29.1,47.9,57.0,1002.6,0,60,1.8
1262,9971,2025-06-01 13:43:22.404000+00:00,29.0,47.9,58.0,1002.5,0,61,1.9
1262,9971,2025-06-01 13:44:22.408000+00:00,29.0,47.9,58.0,1002.4,0,46,1.4
1262,9971,2025-06-01 13:45:22.410000+00:00,28.9,47.9,58.0,1002.5,0,52,2.5
1262,9971,2025-06-01 13:46:22.399000+00:00,28.9,47.7,59.0,1002.4,0,51,2.6
1262,9971,2025-06-01 13:47:22.401000+00:00,29.0,48.0,59.0,1002.5,0,41,2.4
1262,9971,2025-06-01 13:48:22.404000+00:00,29.0,48.6,59.0,1002.5,0,36,2.5
1262,9971,2025-06-01 13:49:22.405000+00:00,28.9,48.1,58.0,1002.5,0,36,2.1
1262,9971,2025-06-01 13:50:22.416000+00:00,28.7,47.7,59.0,1002.4,0,64,2.2
1262,9971,2025-06-01 13:51:22.400000+00:00,28.6,49.0,58.0,1002.4,0,14,2.1
1262,9971,2025-06-01 13:52:22.457000+00:00,28.6,47.6,59.0,1002.4,0,0,1.4
1262,9971,2025-06-01 13:53:22.405000+00:00,28.6,47.1,59.0,1002.3,0,352,1.7
1262,9971,2025-06-01 13:54:22.408000+00:00,28.5,46.9,59.0,1002.3,0,0,1.3
1262,9971,2025-06-01 13:55:22.421000+00:00,28.3,47.1,60.0,1002.3,0,64,2.3
1262,9971,2025-06-01 13:56:22.406000+00:00,28.1,46.7,60.0,1002.4,0,33,2.5
1262,9971,2025-06-01 13:57:22.407000+00:00,28.2,47.0,60.0,1002.4,0,345,2.8
1262,9971,2025-06-01 13:58:22.425000+00:00,28.3,47.5,60.0,1002.3,0,86,1.3
1262,9971,2025-06-01 13:59:22.409000+00:00,28.3,47.0,60.0,1002.4,0,61,2.2
1262,9971,2025-06-01 14:00:22.401000+00:00,28.2,46.9,60.0,1002.2,0,24,2.8
1262,9971,2025-06-01 14:01:22.401000+00:00,28.3,46.9,61.0,1002.2,0,35,2.6
1262,9971,2025-06-01 14:02:22.419000+00:00,28.3,46.8,61.0,1002.3,0,29,2.5
1262,9971,2025-06-01 14:03:22.425000+00:00,28.4,46.8,61.0,1002.3,0,2,2.0
1262,9971,2025-06-01 14:04:22.431000+00:00,28.4,47.4,61.0,1002.3,0,60,2.0
1262,9971,2025-06-01 14:05:22.414000+00:00,28.4,47.5,62.0,1002.3,0,268,1.3
1262,9971,2025-06-01 14:06:22.422000+00:00,28.3,47.5,61.0,1002.4,0,35,1.5
1262,9971,2025-06-01 14:07:22.460000+00:00,28.2,48.0,61.0,1002.3,0,62,1.3
1262,9971,2025-06-01 14:08:22.464000+00:00,28.2,48.2,61.0,1002.4,0,59,1.1
1262,9971,2025-06-01 14:09:22.467000+00:00,28.3,48.5,61.0,1002.4,0,77,2.1
1262,9971,2025-06-01 14:10:22.461000+00:00,28.3,48.0,60.0,1002.3,0,75,1.5
1262,9971,2025-06-01 14:11:22.476000+00:00,28.5,48.5,59.0,1002.4,0,31,2.5
1262,9971,2025-06-01 14:12:22.472000+00:00,28.6,48.5,60.0,1002.3,0,252,1.8
1262,9971,2025-06-01 14:13:22.478000+00:00,28.6,47.5,60.0,1002.3,0,49,1.4
1262,9971,2025-06-01 14:14:22.492000+00:00,28.6,47.5,59.0,1002.4,0,343,2.2
1262,9971,2025-06-01 14:15:22.479000+00:00,28.6,47.0,60.0,1002.3,0,52,2.2
1262,9971,2025-06-01 14:16:22.471000+00:00,28.6,47.7,60.0,1002.4,0,15,2.1
1262,9971,2025-06-01 14:17:22.474000+00:00,28.6,47.7,60.0,1002.3,0,59,1.5
1262,9971,2025-06-01 14:18:22.481000+00:00,28.7,47.9,60.0,1002.4,0,76,1.6
1262,9971,2025-06-01 14:19:22.468000+00:00,28.7,47.9,60.0,1002.3,0,65,2.4
1262,9971,2025-06-01 14:20:22.490000+00:00,28.7,47.6,60.0,1002.4,0,161,1.1
1262,9971,2025-06-01 14:21:22.472000+00:00,28.7,47.4,59.0,1002.3,0,277,1.4
1262,9971,2025-06-01 14:22:22.482000+00:00,28.7,47.5,60.0,1002.3,0,222,1.8
1262,9971,2025-06-01 14:23:22.476000+00:00,28.8,47.6,60.0,1002.3,0,178,0.9
1262,9971,2025-06-01 14:24:22.484000+00:00,28.9,48.1,60.0,1002.4,0,338,0.6
1262,9971,2025-06-01 14:25:22.512000+00:00,28.9,47.8,59.0,1002.3,0,147,0.8
1262,9971,2025-06-01 14:26:22.527000+00:00,28.8,48.9,60.0,1002.3,0,82,0.8
1262,9971,2025-06-01 14:27:22.551000+00:00,28.9,48.9,58.0,1002.2,0,75,1.9
1262,9971,2025-06-01 14:28:22.552000+00:00,28.9,47.5,59.0,1002.3,0,50,1.3
1262,9971,2025-06-01 14:29:22.563000+00:00,28.9,47.5,59.0,1002.3,0,17,2.3
1262,9971,2025-06-01 14:30:22.564000+00:00,29.0,46.5,59.0,1002.2,0,5,2.0
1262,9971,2025-06-01 14:31:22.573000+00:00,29.0,46.5,60.0,1002.3,0,192,1.4
1262,9971,2025-06-01 14:32:22.574000+00:00,29.0,47.3,60.0,1002.2,0,221,1.5
1262,9971,2025-06-01 14:33:22.592000+00:00,29.0,46.9,60.0,1002.2,0,235,1.6
1262,9971,2025-06-01 14:34:22.597000+00:00,29.2,47.4,60.0,1002.3,0,20,1.3
1262,9971,2025-06-01 14:35:22.607000+00:00,29.3,46.9,61.0,1002.2,0,75,1.1
1262,9971,2025-06-01 14:36:22.611000+00:00,29.5,47.5,59.0,1002.0,0,127,0.8
1262,9971,2025-06-01 14:37:22.624000+00:00,29.6,47.6,59.0,1002.1,0,36,1.0
1262,9971,2025-06-01 14:38:22.625000+00:00,29.5,47.4,58.0,1002.1,0,72,1.4
1263,9956,2025-06-13 17:16:29.364000+00:00,16.1,41.4,44.0,1021.1,0,193,2.0
1263,9956,2025-06-13 17:17:29.398000+00:00,16.1,41.4,44.0,1021.1,0,193,2.0
1263,9956,2025-06-13 17:18:29.393000+00:00,16.1,41.4,43.0,1021.0,0,190,1.2
1263,9956,2025-06-13 17:19:29.393000+00:00,16.0,41.4,44.0,1021.1,0,202,2.6
1263,9956,2025-06-13 17:20:29.381000+00:00,16.0,41.4,45.0,1021.1,0,201,3.0
1263,9956,2025-06-13 17:21:29.381000+00:00,16.0,41.2,44.0,1021.1,0,199,2.5
1263,9956,2025-06-13 17:22:29.397000+00:00,16.0,40.6,44.0,1021.1,0,210,3.0
1263,9956,2025-06-13 17:23:29.429000+00:00,16.1,40.8,43.0,1021.1,0,184,2.4
1263,9956,2025-06-13 17:24:29.429000+00:00,16.2,40.8,44.0,1021.1,0,193,2.7
1263,9956,2025-06-13 17:25:29.427000+00:00,16.4,40.0,43.0,1021.0,0,195,2.3
1263,9956,2025-06-13 17:26:29.452000+00:00,16.5,40.0,45.0,1021.1,0,218,2.1
1263,9956,2025-06-13 17:27:29.437000+00:00,16.4,40.3,45.0,1021.1,0,240,1.8
1263,9956,2025-06-13 17:28:29.428000+00:00,16.3,41.0,44.0,1021.0,0,191,1.7
1263,9956,2025-06-13 17:29:29.444000+00:00,16.3,41.2,46.0,1021.1,0,199,2.5
1263,9956,2025-06-13 17:30:29.460000+00:00,16.3,41.6,44.0,1021.0,0,203,2.8
1263,9956,2025-06-13 17:31:29.461000+00:00,16.4,41.6,44.0,1020.9,0,190,3.1
1263,9956,2025-06-13 17:32:29.445000+00:00,16.3,41.6,44.0,1021.0,0,192,2.9
1263,9956,2025-06-13 17:33:29.461000+00:00,16.2,41.7,45.0,1021.0,0,204,2.6
1263,9956,2025-06-13 17:34:29.478000+00:00,16.2,41.7,46.0,1021.0,0,186,3.2
1263,9956,2025-06-13 17:35:29.463000+00:00,16.3,42.0,47.0,1021.0,0,188,2.4
1263,9956,2025-06-13 17:36:29.463000+00:00,16.5,42.2,45.0,1021.0,0,204,2.0
1263,9956,2025-06-13 17:37:29.466000+00:00,16.6,42.2,45.0,1021.1,0,194,3.0
1263,9956,2025-06-13 17:38:29.467000+00:00,16.6,42.2,45.0,1021.0,0,179,1.2
1263,9956,2025-06-13 17:39:29.461000+00:00,16.7,42.3,42.0,1021.0,0,202,2.0
1263,9956,2025-06-13 17:40:29.462000+00:00,16.7,42.4,44.0,1020.9,0,184,2.0
1263,9956,2025-06-13 17:41:29.462000+00:00,16.7,42.4,43.0,1021.0,0,213,1.9
1263,9956,2025-06-13 17:42:29.469000+00:00,16.8,42.4,44.0,1020.9,0,204,2.3
1263,9956,2025-06-13 17:43:29.476000+00:00,16.8,42.5,45.0,1020.9,0,190,1.4
1263,9956,2025-06-13 17:44:29.476000+00:00,16.8,42.6,44.0,1021.0,0,174,0.9
1263,9956,2025-06-13 17:45:29.476000+00:00,16.8,42.7,41.0,1020.9,0,189,1.5
1263,9956,2025-06-13 17:46:29.477000+00:00,16.7,42.5,44.0,1020.9,0,218,2.6
1263,9956,2025-06-13 17:47:29.477000+00:00,16.8,42.6,43.0,1020.9,0,188,1.4
1263,9956,2025-06-13 17:48:29.478000+00:00,16.7,42.9,43.0,1020.9,0,221,2.4
1263,9956,2025-06-13 17:49:29.478000+00:00,16.6,42.8,42.0,1020.9,0,204,3.1
1263,9956,2025-06-13 17:50:29.463000+00:00,16.6,42.6,44.0,1020.9,0,204,2.6
1263,9956,2025-06-13 17:51:29.479000+00:00,16.7,42.5,44.0,1020.9,0,216,2.8
1263,9956,2025-06-13 17:52:29.473000+00:00,16.6,42.6,44.0,1020.9,0,208,2.8
1263,9956,2025-06-13 17:53:29.474000+00:00,16.5,42.7,45.0,1020.9,0,211,2.8
1263,9956,2025-06-13 17:54:29.474000+00:00,16.5,42.7,46.0,1020.8,0,191,2.8
1263,9956,2025-06-13 17:55:29.475000+00:00,16.5,43.0,45.0,1020.9,0,202,2.7
1263,9956,2025-06-13 17:56:29.466000+00:00,16.6,43.0,46.0,1020.9,0,192,1.6
1263,9956,2025-06-13 17:57:29.498000+00:00,16.6,43.2,43.0,1020.9,0,249,1.8
1263,9956,2025-06-13 17:58:29.483000+00:00,16.7,43.2,44.0,1021.0,0,173,1.1
1263,9956,2025-06-13 17:59:29.483000+00:00,16.7,43.0,43.0,1020.8,0,168,1.6
1263,9956,2025-06-13 18:00:29.484000+00:00,16.8,43.3,44.0,1020.9,0,165,0.9
1263,9956,2025-06-13 18:01:29.484000+00:00,17.0,43.3,44.0,1020.9,0,223,2.0
1263,9956,2025-06-13 18:02:29.485000+00:00,17.0,43.3,43.0,1020.9,0,210,2.0
1263,9956,2025-06-13 18:03:29.485000+00:00,17.0,43.3,43.0,1020.8,0,251,2.0
1263,9956,2025-06-13 18:04:29.485000+00:00,17.1,43.1,44.0,1020.8,0,45,1.0
1263,9956,2025-06-13 18:05:29.470000+00:00,17.1,43.0,43.0,1020.9,0,181,2.0
1263,9956,2025-06-13 18:06:29.486000+00:00,17.0,43.1,42.0,1020.8,0,203,2.6
1263,9956,2025-06-13 18:07:29.484000+00:00,16.9,42.9,43.0,1020.7,0,197,2.4
1263,9956,2025-06-13 18:08:29.484000+00:00,16.9,42.9,44.0,1020.9,0,203,2.2
1263,9956,2025-06-13 18:09:29.485000+00:00,16.9,43.2,43.0,1020.8,0,197,3.0
1263,9956,2025-06-13 18:10:29.485000+00:00,16.9,43.2,43.0,1020.8,0,208,3.1
1263,9956,2025-06-13 18:11:29.501000+00:00,16.9,43.1,45.0,1020.9,0,224,2.1
1263,9956,2025-06-13 18:12:29.501000+00:00,16.9,43.2,44.0,1020.9,0,244,1.8
1263,9956,2025-06-13 18:13:29.486000+00:00,16.9,43.4,43.0,1020.9,0,208,2.4
1263,9956,2025-06-13 18:14:29.487000+00:00,17.1,43.5,44.0,1020.9,0,240,1.9
1263,9956,2025-06-13 18:15:29.487000+00:00,17.1,43.5,43.0,1020.8,0,228,2.4
1263,9956,2025-06-13 18:16:29.488000+00:00,16.9,43.5,43.0,1020.8,0,205,2.5
1263,9956,2025-06-13 18:17:29.504000+00:00,16.8,43.3,43.0,1020.8,0,236,2.7
1263,9956,2025-06-13 18:18:29.489000+00:00,16.7,43.2,43.0,1020.8,0,209,2.1
1263,9956,2025-06-13 18:19:29.489000+00:00,16.7,43.3,45.0,1020.7,0,192,2.0
1263,9956,2025-06-13 18:20:29.521000+00:00,16.8,43.2,44.0,1020.8,0,207,2.4
1263,9956,2025-06-13 18:21:29.490000+00:00,16.8,43.4,44.0,1020.7,0,214,3.2
1263,9956,2025-06-13 18:22:29.490000+00:00,16.7,43.4,45.0,1020.8,0,208,2.9
1263,9956,2025-06-13 18:23:29.491000+00:00,16.8,43.4,45.0,1020.8,0,207,2.3
1263,9956,2025-06-13 18:24:29.491000+00:00,16.8,43.5,45.0,1020.8,0,227,2.4
1263,9956,2025-06-13 18:25:29.492000+00:00,16.8,43.6,44.0,1020.7,0,200,2.6
1263,9956,2025-06-13 18:26:29.492000+00:00,16.6,43.6,45.0,1020.7,0,199,2.0
1263,9956,2025-06-13 18:27:29.492000+00:00,16.8,43.8,43.0,1020.6,0,178,1.8
1263,9956,2025-06-13 18:28:29.493000+00:00,16.9,44.0,44.0,1020.7,0,179,2.1
1263,9956,2025-06-13 18:29:29.499000+00:00,17.0,44.0,42.0,1020.7,0,194,1.4
1263,9956,2025-06-13 18:30:29.516000+00:00,16.9,43.8,43.0,1020.6,0,213,2.6
1263,9956,2025-06-13 18:31:29.501000+00:00,17.0,43.8,43.0,1020.7,0,201,2.0
1263,9956,2025-06-13 18:32:29.508000+00:00,17.0,44.0,43.0,1020.6,0,196,1.8
1263,9956,2025-06-13 18:33:29.508000+00:00,17.1,44.0,42.0,1020.7,0,189,1.9
1263,9956,2025-06-13 18:34:29.515000+00:00,17.2,44.0,42.0,1020.8,0,188,2.8
1263,9956,2025-06-13 18:35:29.506000+00:00,17.2,44.1,44.0,1020.8,0,190,2.7
1263,9957,2025-06-13 20:45:29.956000+00:00,18.7,41.3,38.0,1020.1,0,236,2.0
1263,9957,2025-06-13 20:46:29.973000+00:00,18.8,41.3,38.0,1020.0,0,203,1.1
1263,9957,2025-06-13 20:47:29.957000+00:00,18.8,41.4,36.0,1020.1,0,176,1.5
1263,9957,2025-06-13 20:48:29.958000+00:00,18.8,41.3,37.0,1020.0,0,260,1.2
1263,9957,2025-06-13 20:49:29.958000+00:00,18.7,41.2,38.0,1020.0,0,0,0.6
1263,9957,2025-06-13 20:50:29.974000+00:00,18.8,41.4,39.0,1020.0,0,0,0.4
1263,9957,2025-06-13 20:51:29.975000+00:00,18.9,41.6,37.0,1020.0,0,8,0.8
1263,9957,2025-06-13 20:52:29.975000+00:00,18.8,41.6,35.0,1020.0,0,77,0.6
1263,9957,2025-06-13 20:53:29.979000+00:00,18.9,41.1,37.0,1020.0,0,0,0.0
1263,9957,2025-06-13 20:54:29.980000+00:00,19.0,41.2,35.0,1020.0,0,246,0.0
1263,9957,2025-06-13 20:55:29.980000+00:00,18.9,40.9,37.0,1019.9,0,284,0.5
1263,9957,2025-06-13 20:56:29.980000+00:00,19.0,40.9,37.0,1019.9,0,147,0.3
1263,9957,2025-06-13 20:57:29.981000+00:00,19.1,41.1,36.0,1020.0,0,205,1.8
1263,9957,2025-06-13 20:58:29.981000+00:00,19.1,40.9,36.0,1020.0,0,195,1.4
1263,9957,2025-06-13 20:59:29.982000+00:00,19.0,40.8,36.0,1020.0,0,215,0.7
1263,9957,2025-06-13 21:00:29.982000+00:00,19.0,41.0,36.0,1020.0,0,174,0.6
1263,9957,2025-06-13 21:01:29.998000+00:00,19.0,41.0,37.0,1020.1,0,216,0.9
1263,9957,2025-06-13 21:02:29.999000+00:00,19.0,40.9,37.0,1020.1,0,202,0.9
1263,9957,2025-06-13 21:03:30.030000+00:00,19.0,40.9,36.0,1019.9,0,0,0.8
1263,9957,2025-06-13 21:04:30.047000+00:00,19.3,40.8,38.0,1019.9,0,258,0.3
1263,9957,2025-06-13 21:05:30.041000+00:00,19.5,40.5,37.0,1019.9,0,9,0.8
1263,9957,2025-06-13 21:06:30.025000+00:00,19.4,40.0,37.0,1019.7,0,82,0.6
1263,9957,2025-06-13 21:07:30.042000+00:00,19.2,39.7,39.0,1019.7,0,299,1.0
1263,9957,2025-06-13 21:08:30.042000+00:00,19.1,39.6,38.0,1019.7,0,178,0.6
1263,9957,2025-06-13 21:09:30.042000+00:00,19.1,39.4,39.0,1019.7,0,303,0.4
1263,9957,2025-06-13 21:10:30.033000+00:00,19.0,39.0,38.0,1019.7,0,6,0.8
1263,9957,2025-06-13 21:11:30.034000+00:00,19.0,38.9,38.0,1019.7,0,112,0.8
1263,9957,2025-06-13 21:12:30.034000+00:00,19.0,38.9,39.0,1019.6,0,74,0.8
1263,9957,2025-06-13 21:13:30.035000+00:00,19.0,38.9,40.0,1019.6,0,90,1.3
1263,9957,2025-06-13 21:14:30.051000+00:00,19.0,38.8,38.0,1019.6,0,99,1.1
1263,9957,2025-06-13 21:15:30.051000+00:00,19.0,38.5,38.0,1019.6,0,65,1.2
1263,9957,2025-06-13 21:16:30.067000+00:00,18.9,38.5,37.0,1019.6,0,0,1.1
1263,9957,2025-06-13 21:17:30.083000+00:00,18.9,38.5,38.0,1019.7,0,36,0.9
1263,9957,2025-06-13 21:18:30.115000+00:00,18.8,38.4,38.0,1019.6,0,7,1.4
1263,9957,2025-06-13 21:19:30.100000+00:00,18.8,38.1,37.0,1019.7,0,341,1.1
1263,9957,2025-06-13 21:20:30.085000+00:00,18.8,38.0,37.0,1019.6,0,42,0.9
1263,9957,2025-06-13 21:21:30.086000+00:00,18.9,38.1,38.0,1019.7,0,3,1.5
1263,9957,2025-06-13 21:22:30.102000+00:00,19.0,38.1,37.0,1019.7,0,53,1.2
1263,9957,2025-06-13 21:23:30.121000+00:00,19.0,38.1,38.0,1019.7,0,104,0.8
1263,9957,2025-06-13 21:24:30.122000+00:00,19.0,38.1,38.0,1019.7,0,194,1.0
1263,9957,2025-06-13 21:25:30.122000+00:00,19.0,38.1,39.0,1019.7,0,166,0.5
1263,9957,2025-06-13 21:26:30.123000+00:00,19.0,38.3,39.0,1019.7,0,159,0.9
1263,9957,2025-06-13 21:27:30.123000+00:00,19.0,38.0,40.0,1019.9,0,0,0.7
1263,9957,2025-06-13 21:28:30.124000+00:00,19.0,38.0,39.0,1019.8,0,47,0.7
1263,9957,2025-06-13 21:29:30.140000+00:00,19.0,38.0,40.0,1019.8,0,184,0.9
1263,9957,2025-06-13 21:30:30.140000+00:00,19.2,38.0,39.0,1019.8,0,211,0.9
1263,9957,2025-06-13 21:31:30.141000+00:00,19.4,37.9,38.0,1019.9,0,160,0.6
1263,9957,2025-06-13 21:32:30.141000+00:00,19.3,38.1,39.0,1019.8,0,0,0.6
1263,9957,2025-06-13 21:33:30.126000+00:00,19.3,37.6,38.0,1019.7,0,327,1.1
1263,9957,2025-06-13 21:34:30.123000+00:00,19.3,37.6,40.0,1019.7,0,192,0.7
1263,9957,2025-06-13 21:35:30.144000+00:00,19.4,37.6,38.0,1019.7,0,208,0.5
1263,9957,2025-06-13 21:36:30.129000+00:00,19.4,37.5,38.0,1019.7,0,177,1.1
1263,9957,2025-06-13 21:37:30.145000+00:00,19.4,37.7,38.0,1019.7,0,0,0.9
1263,9957,2025-06-13 21:38:30.130000+00:00,19.5,37.7,38.0,1019.7,0,327,0.7
1263,9957,2025-06-13 21:39:30.128000+00:00,19.5,37.7,38.0,1019.8,0,241,0.7
1263,9957,2025-06-13 21:40:30.128000+00:00,19.5,37.4,37.0,1019.7,0,235,0.6
1263,9957,2025-06-13 21:41:30.144000+00:00,19.4,37.4,38.0,1019.7,0,238,0.6
1263,9957,2025-06-13 21:42:30.145000+00:00,19.2,37.2,39.0,1019.8,0,0,0.6
1263,9957,2025-06-13 21:43:30.139000+00:00,19.0,37.2,38.0,1019.8,0,196,0.9
1263,9957,2025-06-13 21:44:30.144000+00:00,19.0,37.5,37.0,1019.8,0,240,1.2
1263,9957,2025-06-13 21:45:30.146000+00:00,19.0,37.5,37.0,1019.7,0,201,1.8
1263,9957,2025-06-13 21:46:30.131000+00:00,19.1,37.0,38.0,1019.8,0,211,2.0
1263,9957,2025-06-13 21:47:30.147000+00:00,19.0,37.0,38.0,1019.7,0,299,2.2
1263,9957,2025-06-13 21:48:30.132000+00:00,18.9,36.7,37.0,1019.7,0,189,1.2
1263,9957,2025-06-13 21:49:30.148000+00:00,19.0,36.7,39.0,1019.8,0,306,1.1
1263,9957,2025-06-13 21:50:30.145000+00:00,19.1,36.6,40.0,1019.7,0,351,1.3
1263,9957,2025-06-13 21:51:30.149000+00:00,19.1,36.6,42.0,1019.7,0,11,1.0
1263,9957,2025-06-13 21:52:30.149000+00:00,19.2,36.6,41.0,1019.7,0,347,0.7
1263,9957,2025-06-13 21:53:30.149000+00:00,19.3,36.6,41.0,1019.7,0,344,1.1
1263,9957,2025-06-13 21:54:30.150000+00:00,19.3,36.5,39.0,1019.7,0,307,1.1
1263,9957,2025-06-13 21:55:30.151000+00:00,19.4,36.5,38.0,1019.7,0,175,0.8
1263,9957,2025-06-13 21:56:30.136000+00:00,19.3,36.4,39.0,1019.7,0,272,1.8
1263,9957,2025-06-13 21:57:30.152000+00:00,19.2,36.4,38.0,1019.8,0,326,1.0
1263,9957,2025-06-13 21:58:30.152000+00:00,19.2,36.4,37.0,1019.7,0,15,1.0
1263,9957,2025-06-13 21:59:30.147000+00:00,19.3,36.4,40.0,1019.8,0,3,1.2
1263,9957,2025-06-13 22:00:30.147000+00:00,19.2,36.2,41.0,1019.7,0,14,1.3
1263,9957,2025-06-13 22:01:30.148000+00:00,19.1,36.2,38.0,1019.8,0,3,1.2
1263,9957,2025-06-13 22:02:30.151000+00:00,19.1,36.0,37.0,1019.8,0,33,1.2
1263,9957,2025-06-13 22:03:30.152000+00:00,19.1,36.0,36.0,1019.9,0,356,1.1
1263,9957,2025-06-13 22:04:30.152000+00:00,19.0,35.8,38.0,1019.8,0,2,1.1
1263,9958,2025-06-14 16:16:34.662000+00:00,19.9,42.7,32.0,1020.5,0,346,1.0
1263,9958,2025-06-14 16:17:34.741000+00:00,19.8,42.7,33.0,1020.4,0,15,1.3
1263,9958,2025-06-14 16:18:34.804000+00:00,19.8,42.7,33.0,1020.5,0,351,1.1
1263,9958,2025-06-14 16:19:34.242000+00:00,19.8,42.9,34.0,1020.4,0,331,1.2
1263,9958,2025-06-14 16:20:34.258000+00:00,19.9,42.9,34.0,1020.4,0,4,1.6
1263,9958,2025-06-14 16:21:34.274000+00:00,19.9,43.5,34.0,1020.4,0,24,2.2
1263,9958,2025-06-14 16:22:34.271000+00:00,19.9,43.5,34.0,1020.2,0,9,2.6
1263,9958,2025-06-14 16:23:34.271000+00:00,19.8,43.5,35.0,1020.3,0,1,2.4
1263,9958,2025-06-14 16:24:34.288000+00:00,19.9,43.3,34.0,1020.4,0,354,2.7
1263,9958,2025-06-14 16:25:34.304000+00:00,19.9,43.3,36.0,1020.3,0,354,2.0
1263,9958,2025-06-14 16:26:34.304000+00:00,20.0,43.5,35.0,1020.3,0,353,2.1
1263,9958,2025-06-14 16:27:34.320000+00:00,20.1,43.8,34.0,1020.2,0,5,1.6
1263,9958,2025-06-14 16:28:34.321000+00:00,20.0,43.9,33.0,1020.3,0,349,1.8
1263,9958,2025-06-14 16:29:34.321000+00:00,20.1,43.8,35.0,1020.3,0,348,2.0
1263,9958,2025-06-14 16:30:34.322000+00:00,20.0,43.7,35.0,1020.2,0,286,1.3
1263,9958,2025-06-14 16:31:34.322000+00:00,20.0,44.1,35.0,1020.3,0,260,0.8
1263,9958,2025-06-14 16:32:34.322000+00:00,20.0,44.6,36.0,1020.2,0,358,1.1
1263,9958,2025-06-14 16:33:34.314000+00:00,20.0,44.6,34.0,1020.3,0,353,1.6
1263,9958,2025-06-14 16:34:34.314000+00:00,20.0,44.8,34.0,1020.2,0,282,1.6
1263,9958,2025-06-14 16:35:34.346000+00:00,20.1,44.8,34.0,1020.1,0,242,1.0
1263,9958,2025-06-14 16:36:34.344000+00:00,20.2,45.4,33.0,1020.2,0,225,1.4
1263,9958,2025-06-14 16:37:34.328000+00:00,20.3,45.4,33.0,1020.2,0,235,1.6
1263,9958,2025-06-14 16:38:34.345000+00:00,20.5,45.4,33.0,1020.2,0,199,1.3
1263,9958,2025-06-14 16:39:34.330000+00:00,20.6,45.7,33.0,1020.2,0,226,0.8
1263,9958,2025-06-14 16:40:34.330000+00:00,20.6,45.8,32.0,1020.2,0,259,1.1
1263,9958,2025-06-14 16:41:34.331000+00:00,20.5,45.8,31.0,1020.2,0,118,0.9
1263,9958,2025-06-14 16:42:34.325000+00:00,20.5,45.7,31.0,1020.1,0,258,1.1
1263,9958,2025-06-14 16:43:34.341000+00:00,20.6,46.1,31.0,1020.3,0,164,1.2
1263,9958,2025-06-14 16:44:34.341000+00:00,20.7,46.1,32.0,1020.1,0,0,1.3
1263,9958,2025-06-14 16:45:34.342000+00:00,20.7,45.9,31.0,1020.1,0,304,2.0
1263,9958,2025-06-14 16:46:34.342000+00:00,20.6,45.7,31.0,1020.2,0,352,1.4
1263,9958,2025-06-14 16:47:34.358000+00:00,20.5,45.7,32.0,1020.1,0,353,2.0
1263,9958,2025-06-14 16:48:34.374000+00:00,20.3,45.6,32.0,1020.1,0,341,2.6
1263,9958,2025-06-14 16:49:34.375000+00:00,20.1,45.6,32.0,1020.1,0,359,2.2
1263,9958,2025-06-14 16:50:34.360000+00:00,20.2,45.7,33.0,1020.1,0,351,2.2
1263,9958,2025-06-14 16:51:34.366000+00:00,20.3,45.7,33.0,1020.1,0,4,1.5
1263,9958,2025-06-14 16:52:34.380000+00:00,20.5,45.8,33.0,1020.1,0,357,2.0
1263,9958,2025-06-14 16:53:34.396000+00:00,20.5,44.8,33.0,1020.1,0,35,2.0
1263,9958,2025-06-14 16:54:34.396000+00:00,20.7,44.8,32.0,1020.0,0,38,2.2
1263,9958,2025-06-14 16:55:34.444000+00:00,20.7,44.9,32.0,1020.2,0,43,2.5
1263,9958,2025-06-14 16:56:34.447000+00:00,20.6,44.9,32.0,1020.0,0,30,2.3
1263,9958,2025-06-14 16:57:34.444000+00:00,20.6,44.8,33.0,1020.0,0,1,2.2
1263,9958,2025-06-14 16:58:34.429000+00:00,20.5,44.8,33.0,1020.1,0,33,2.1
1263,9958,2025-06-14 16:59:34.430000+00:00,20.5,43.6,34.0,1020.1,0,19,2.0
1263,9958,2025-06-14 17:00:34.446000+00:00,20.5,42.2,34.0,1019.9,0,6,2.7
1263,9958,2025-06-14 17:01:34.446000+00:00,20.4,42.2,33.0,1020.1,0,339,3.4
1263,9958,2025-06-14 17:02:34.431000+00:00,20.3,42.9,34.0,1020.1,0,8,2.1
1263,9958,2025-06-14 17:03:34.447000+00:00,20.6,44.1,34.0,1020.1,0,39,2.0
1263,9958,2025-06-14 17:04:34.463000+00:00,20.5,44.5,33.0,1020.1,0,28,2.6
1263,9958,2025-06-14 17:05:34.479000+00:00,20.5,44.7,33.0,1020.1,0,11,2.0
1263,9958,2025-06-14 17:06:34.474000+00:00,20.6,44.7,33.0,1020.0,0,37,1.8
1263,9958,2025-06-14 17:07:34.480000+00:00,20.6,44.9,33.0,1020.1,0,10,1.7
1263,9958,2025-06-14 17:08:34.481000+00:00,20.5,45.0,32.0,1020.2,0,47,1.7
1263,9958,2025-06-14 17:09:34.481000+00:00,20.5,45.0,33.0,1020.2,0,26,1.5
1263,9958,2025-06-14 17:10:34.466000+00:00,20.6,45.4,32.0,1020.1,0,37,1.7
1263,9958,2025-06-14 17:11:34.474000+00:00,20.6,45.5,33.0,1020.1,0,35,2.3
1263,9958,2025-06-14 17:12:34.474000+00:00,20.7,45.6,33.0,1020.2,0,51,2.0
1263,9958,2025-06-14 17:13:34.475000+00:00,20.7,45.6,34.0,1020.2,0,1,2.2
1263,9958,2025-06-14 17:14:34.475000+00:00,20.6,45.5,33.0,1020.2,0,21,2.3
1263,9958,2025-06-14 17:15:34.476000+00:00,20.5,45.5,32.0,1020.0,0,18,2.3
1263,9958,2025-06-14 17:16:34.476000+00:00,20.6,45.6,33.0,1020.1,0,343,2.3
1263,9958,2025-06-14 17:17:34.483000+00:00,20.7,45.8,33.0,1020.2,0,25,2.0
1263,9958,2025-06-14 17:18:34.486000+00:00,20.7,45.8,33.0,1020.0,0,332,1.8
1263,9958,2025-06-14 17:19:34.477000+00:00,20.6,45.7,31.0,1020.1,0,3,2.0
1263,9958,2025-06-14 17:20:34.478000+00:00,20.6,45.7,32.0,1020.0,0,2,2.8
1263,9958,2025-06-14 17:21:34.494000+00:00,20.6,45.8,31.0,1020.1,0,4,2.0
1263,9958,2025-06-14 17:22:34.478000+00:00,20.7,45.8,31.0,1020.0,0,14,2.5
1263,9958,2025-06-14 17:23:34.485000+00:00,20.6,45.8,32.0,1020.0,0,1,2.8
1263,9958,2025-06-14 17:24:34.486000+00:00,20.5,45.7,32.0,1020.1,0,356,2.9
1263,9958,2025-06-14 17:25:34.486000+00:00,20.5,45.6,32.0,1020.1,0,18,2.4
1263,9958,2025-06-14 17:26:34.487000+00:00,20.5,45.6,32.0,1020.0,0,19,1.8
1263,9958,2025-06-14 17:27:34.503000+00:00,20.5,45.7,33.0,1020.0,0,17,1.6
1263,9958,2025-06-14 17:28:34.497000+00:00,20.6,45.9,32.0,1020.1,0,11,1.3
1263,9958,2025-06-14 17:29:34.485000+00:00,20.6,46.1,32.0,1020.1,0,32,2.7
1263,9958,2025-06-14 17:30:34.486000+00:00,20.6,46.1,31.0,1020.1,0,32,2.1
1263,9958,2025-06-14 17:31:34.486000+00:00,20.8,46.0,31.0,1020.0,0,34,2.1
1263,9958,2025-06-14 17:32:34.502000+00:00,20.8,46.0,31.0,1020.0,0,3,2.4
1263,9958,2025-06-14 17:33:34.500000+00:00,20.9,46.0,34.0,1020.0,0,17,2.5
1263,9958,2025-06-14 17:34:34.494000+00:00,20.8,46.0,32.0,1020.0,0,18,2.3
1263,9958,2025-06-14 17:35:34.494000+00:00,20.6,46.2,31.0,1020.0,0,31,2.2
1263,9959,2025-06-14 19:46:35.008000+00:00,21.2,45.4,29.0,1019.0,0,356,3.1
1263,9959,2025-06-14 19:47:35.024000+00:00,21.3,45.2,31.0,1019.2,0,27,1.6
1263,9959,2025-06-14 19:48:35.040000+00:00,21.2,45.0,31.0,1019.1,0,32,2.7
1263,9959,2025-06-14 19:49:35.056000+00:00,21.2,45.0,32.0,1019.3,0,13,2.4
1263,9959,2025-06-14 19:50:35.072000+00:00,21.2,45.0,30.0,1019.1,0,31,3.1
1263,9959,2025-06-14 19:51:35.073000+00:00,21.1,45.0,31.0,1019.2,0,22,2.8
1263,9959,2025-06-14 19:52:35.092000+00:00,21.1,44.7,31.0,1019.2,0,25,3.0
1263,9959,2025-06-14 19:53:35.093000+00:00,21.1,44.7,32.0,1019.0,0,30,2.5
1263,9959,2025-06-14 19:54:35.077000+00:00,21.2,44.7,31.0,1019.2,0,36,2.8
1263,9959,2025-06-14 19:55:35.101000+00:00,21.2,44.6,34.0,1019.1,0,42,2.4
1263,9959,2025-06-14 19:56:35.110000+00:00,21.2,44.5,32.0,1019.1,0,24,2.8
1263,9959,2025-06-14 19:57:35.095000+00:00,21.3,44.5,32.0,1019.1,0,29,2.1
1263,9959,2025-06-14 19:58:35.095000+00:00,21.4,44.5,32.0,1019.1,0,31,2.6
1263,9959,2025-06-14 19:59:35.096000+00:00,21.4,44.3,31.0,1019.2,0,34,2.5
1263,9959,2025-06-14 20:00:35.112000+00:00,21.3,44.2,32.0,1019.1,0,34,2.7
1263,9959,2025-06-14 20:01:35.112000+00:00,21.2,44.0,32.0,1019.0,0,21,3.0
1263,9959,2025-06-14 20:02:35.103000+00:00,21.3,44.2,32.0,1019.1,0,37,2.3
1263,9959,2025-06-14 20:03:35.104000+00:00,21.3,44.3,30.0,1019.1,0,22,2.6
1263,9959,2025-06-14 20:04:35.116000+00:00,21.4,43.8,30.0,1019.1,0,29,2.9
1263,9959,2025-06-14 20:05:35.107000+00:00,21.3,43.8,31.0,1019.0,0,6,3.0
1263,9959,2025-06-14 20:06:35.124000+00:00,21.3,43.6,33.0,1019.0,0,16,2.6
1263,9959,2025-06-14 20:07:35.140000+00:00,21.2,43.9,33.0,1019.0,0,22,1.9
1263,9959,2025-06-14 20:08:35.156000+00:00,21.1,43.9,32.0,1019.0,0,29,2.3
1263,9959,2025-06-14 20:09:35.150000+00:00,21.1,43.9,31.0,1019.1,0,21,2.3
1263,9959,2025-06-14 20:10:35.160000+00:00,21.1,43.9,31.0,1019.0,0,37,2.9
1263,9959,2025-06-14 20:11:35.179000+00:00,21.2,43.3,30.0,1019.0,0,23,2.9
1263,9959,2025-06-14 20:12:35.179000+00:00,21.3,43.4,31.0,1018.9,0,17,3.2
1263,9959,2025-06-14 20:13:35.180000+00:00,21.2,43.8,32.0,1019.0,0,30,2.6
1263,9959,2025-06-14 20:14:35.209000+00:00,21.1,43.2,32.0,1018.9,0,36,3.1
1263,9959,2025-06-14 20:15:35.225000+00:00,21.3,43.2,33.0,1019.1,0,26,3.1
1263,9959,2025-06-14 20:16:35.225000+00:00,21.3,43.3,32.0,1019.0,0,19,2.8
1263,9959,2025-06-14 20:17:35.242000+00:00,21.3,43.2,33.0,1019.0,0,34,2.6
1263,9959,2025-06-14 20:18:35.258000+00:00,21.3,43.4,30.0,1018.9,0,20,2.4
1263,9959,2025-06-14 20:19:35.267000+00:00,21.4,43.5,30.0,1019.0,0,25,1.7
1263,9959,2025-06-14 20:20:35.283000+00:00,21.5,43.6,30.0,1018.9,0,39,2.2
1263,9959,2025-06-14 20:21:35.284000+00:00,21.4,43.5,30.0,1018.9,0,1,1.9
1263,9959,2025-06-14 20:22:35.300000+00:00,21.4,43.4,30.0,1018.9,0,19,2.6
1263,9959,2025-06-14 20:23:35.316000+00:00,21.3,43.4,31.0,1018.8,0,35,2.4
1263,9959,2025-06-14 20:24:35.316000+00:00,21.4,43.3,31.0,1018.9,0,41,2.1
1263,9959,2025-06-14 20:25:35.301000+00:00,21.4,43.1,30.0,1018.9,0,17,2.1
1263,9959,2025-06-14 20:26:35.321000+00:00,21.4,43.1,31.0,1018.9,0,28,1.9
1263,9959,2025-06-14 20:27:35.337000+00:00,21.5,43.2,32.0,1018.8,0,34,1.6
1263,9959,2025-06-14 20:28:35.368000+00:00,21.5,43.3,30.0,1018.9,0,32,2.2
1263,9959,2025-06-14 20:29:35.369000+00:00,21.4,43.3,31.0,1018.7,0,35,2.5
1263,9959,2025-06-14 20:30:35.372000+00:00,21.4,43.1,32.0,1018.8,0,28,2.7
1263,9959,2025-06-14 20:31:35.373000+00:00,21.3,43.1,30.0,1018.9,0,8,2.4
1263,9959,2025-06-14 20:32:35.374000+00:00,21.3,43.1,31.0,1018.8,0,29,1.3
1263,9959,2025-06-14 20:33:35.388000+00:00,21.3,43.1,32.0,1018.8,0,15,1.8
1263,9959,2025-06-14 20:34:35.377000+00:00,21.3,43.1,31.0,1018.8,0,29,2.7
1263,9959,2025-06-14 20:35:35.393000+00:00,21.3,42.9,30.0,1018.9,0,35,2.0
1263,9959,2025-06-14 20:36:35.394000+00:00,21.3,42.9,32.0,1018.8,0,44,2.5
1263,9959,2025-06-14 20:37:35.379000+00:00,21.3,42.9,29.0,1018.9,0,29,2.0
1263,9959,2025-06-14 20:38:35.379000+00:00,21.4,42.9,28.0,1018.9,0,13,2.0
1263,9959,2025-06-14 20:39:35.380000+00:00,21.3,42.9,29.0,1019.0,0,357,2.0
1263,9959,2025-06-14 20:40:35.380000+00:00,21.4,42.9,29.0,1018.9,0,13,1.6
1263,9959,2025-06-14 20:41:35.384000+00:00,21.5,42.6,30.0,1019.0,0,24,2.0
1263,9959,2025-06-14 20:42:35.385000+00:00,21.5,42.5,30.0,1019.0,0,14,2.0
1263,9959,2025-06-14 20:43:35.385000+00:00,21.4,42.4,31.0,1018.9,0,18,1.8
1263,9959,2025-06-14 20:44:35.386000+00:00,21.4,42.4,31.0,1018.9,0,34,2.1
1263,9959,2025-06-14 20:45:35.386000+00:00,21.3,42.3,32.0,1018.9,0,36,2.0
1263,9959,2025-06-14 20:46:35.403000+00:00,21.3,42.3,31.0,1019.0,0,31,1.9
1263,9959,2025-06-14 20:47:35.403000+00:00,21.3,42.4,33.0,1019.0,0,16,1.2
1263,9959,2025-06-14 20:48:35.435000+00:00,21.3,42.4,32.0,1018.9,0,61,1.7
1263,9959,2025-06-14 20:49:35.432000+00:00,21.3,42.6,29.0,1019.0,0,345,1.6
1263,9959,2025-06-14 20:50:35.448000+00:00,21.3,42.7,29.0,1019.0,0,9,1.8
1263,9959,2025-06-14 20:51:35.480000+00:00,21.2,42.7,28.0,1018.9,0,353,1.2
1263,9959,2025-06-14 20:52:35.512000+00:00,21.2,42.5,27.0,1018.9,0,18,1.4
1263,9959,2025-06-14 20:53:35.478000+00:00,21.2,42.5,28.0,1019.0,0,55,0.9
1263,9959,2025-06-14 20:54:35.497000+00:00,21.3,42.6,28.0,1019.0,0,8,1.2
1263,9959,2025-06-14 20:55:35.482000+00:00,21.4,42.5,29.0,1018.9,0,29,2.5
1263,9959,2025-06-14 20:56:35.482000+00:00,21.4,42.3,30.0,1019.0,0,20,2.6
1263,9959,2025-06-14 20:57:35.483000+00:00,21.4,41.9,30.0,1018.9,0,22,2.2
1263,9959,2025-06-14 20:58:35.468000+00:00,21.3,41.9,31.0,1018.8,0,20,2.5
1263,9959,2025-06-14 20:59:35.491000+00:00,21.3,41.6,30.0,1018.8,0,26,3.3
1263,9959,2025-06-14 21:00:35.484000+00:00,21.3,41.6,30.0,1018.8,0,33,3.1
1263,9959,2025-06-14 21:01:35.532000+00:00,21.3,41.5,30.0,1018.9,0,27,3.0
1263,9959,2025-06-14 21:02:35.516000+00:00,21.4,41.3,30.0,1018.9,0,4,3.0
1263,9959,2025-06-14 21:03:35.501000+00:00,21.4,41.1,31.0,1018.8,0,8,2.5
1263,9959,2025-06-14 21:04:35.533000+00:00,21.4,41.1,31.0,1018.9,0,4,1.8
1263,9959,2025-06-14 21:05:35.518000+00:00,21.2,41.3,31.0,1018.8,0,23,1.9
1263,9959,2025-06-14 21:06:35.518000+00:00,21.2,41.3,30.0,1018.9,0,353,2.2
1263,9959,2025-06-14 21:07:35.519000+00:00,21.3,41.3,30.0,1018.9,0,353,2.2
1263,9959,2025-06-14 21:08:35.535000+00:00,21.3,41.5,30.0,1018.9,0,13,1.7
1263,9959,2025-06-14 21:09:35.520000+00:00,21.2,41.5,30.0,1018.8,0,358,0.8
1263,9959,2025-06-14 21:10:35.517000+00:00,21.3,41.8,29.0,1018.9,0,18,1.4
1263,9963,2025-06-15 17:05:39.507000+00:00,23.0,47.1,28.0,1019.1,0,53,1.3
1263,9963,2025-06-15 17:06:39.508000+00:00,23.0,47.0,28.0,1019.1,0,153,0.7
1263,9963,2025-06-15 17:07:39.508000+00:00,23.0,47.0,28.0,1019.1,0,153,0.7
1263,9963,2025-06-15 17:08:39.509000+00:00,23.0,47.3,27.0,1019.0,0,3,0.8
1263,9963,2025-06-15 17:09:39.509000+00:00,23.1,47.0,28.0,1019.1,0,345,1.0
1263,9963,2025-06-15 17:10:39.510000+00:00,23.1,47.3,28.0,1019.0,0,326,1.2
1263,9963,2025-06-15 17:11:39.526000+00:00,23.1,47.3,30.0,1018.9,0,7,0.5
1263,9963,2025-06-15 17:12:39.526000+00:00,23.3,47.1,29.0,1019.0,0,8,0.8
1263,9963,2025-06-15 17:13:39.527000+00:00,23.3,48.0,26.0,1019.0,0,12,1.1
1263,9963,2025-06-15 17:14:39.543000+00:00,23.4,48.0,26.0,1019.0,0,40,1.2
1263,9963,2025-06-15 17:15:39.575000+00:00,23.4,47.9,26.0,1018.9,0,43,1.2
1263,9963,2025-06-15 17:16:39.585000+00:00,23.3,47.9,26.0,1018.9,0,27,1.2
1263,9963,2025-06-15 17:17:39.591000+00:00,23.3,48.3,25.0,1018.9,0,28,1.5
1263,9963,2025-06-15 17:18:39.607000+00:00,23.3,48.1,25.0,1019.0,0,357,1.1
1263,9963,2025-06-15 17:19:39.611000+00:00,23.3,48.0,25.0,1018.9,0,11,1.5
1263,9963,2025-06-15 17:20:39.627000+00:00,23.2,47.8,26.0,1019.0,0,62,0.4
1263,9963,2025-06-15 17:21:39.612000+00:00,23.2,47.9,25.0,1019.0,0,39,0.7
1263,9963,2025-06-15 17:22:39.628000+00:00,23.1,48.0,25.0,1019.0,0,291,0.6
1263,9963,2025-06-15 17:23:39.609000+00:00,23.2,48.0,26.0,1019.1,0,340,0.7
1263,9963,2025-06-15 17:24:39.625000+00:00,23.1,48.4,26.0,1019.0,0,354,1.0
1263,9963,2025-06-15 17:25:39.641000+00:00,23.1,48.0,28.0,1019.1,0,34,1.2
1263,9963,2025-06-15 17:26:39.657000+00:00,23.1,47.5,32.0,1019.0,0,329,0.5
1263,9963,2025-06-15 17:27:39.646000+00:00,23.3,47.5,30.0,1019.0,0,305,0.6
1263,9963,2025-06-15 17:28:39.662000+00:00,23.3,48.2,32.0,1019.0,0,127,0.0
1263,9963,2025-06-15 17:29:39.678000+00:00,23.2,47.9,30.0,1019.0,0,0,0.0
1263,9963,2025-06-15 17:30:39.647000+00:00,23.3,48.0,30.0,1019.1,0,248,0.3
1263,9963,2025-06-15 17:31:39.647000+00:00,23.3,47.9,29.0,1019.1,0,198,0.8
1263,9963,2025-06-15 17:32:39.669000+00:00,23.3,47.9,29.0,1019.0,0,211,1.1
1263,9963,2025-06-15 17:33:39.655000+00:00,23.3,47.9,30.0,1019.0,0,190,1.1
1263,9963,2025-06-15 17:34:39.655000+00:00,23.1,48.0,30.0,1019.1,0,177,1.4
1263,9963,2025-06-15 17:35:39.656000+00:00,23.1,48.0,31.0,1019.0,0,173,2.0
1263,9963,2025-06-15 17:36:39.656000+00:00,22.8,48.2,31.0,1019.1,0,149,0.7
1263,9963,2025-06-15 17:37:39.657000+00:00,22.8,48.2,31.0,1019.1,0,276,1.2
1263,9963,2025-06-15 17:38:39.655000+00:00,22.8,48.1,32.0,1019.2,0,202,1.0
1263,9963,2025-06-15 17:39:39.664000+00:00,22.9,48.4,34.0,1019.0,0,175,1.5
1263,9963,2025-06-15 17:40:39.664000+00:00,22.8,48.4,33.0,1019.1,0,175,1.9
1263,9963,2025-06-15 17:41:39.649000+00:00,22.8,48.7,34.0,1019.0,0,180,1.8
1263,9963,2025-06-15 17:42:39.649000+00:00,22.8,49.0,31.0,1019.1,0,157,2.2
1263,9963,2025-06-15 17:43:39.666000+00:00,22.8,49.1,33.0,1019.0,0,172,1.6
1263,9963,2025-06-15 17:44:39.651000+00:00,22.8,49.3,33.0,1019.0,0,160,0.6
1263,9963,2025-06-15 17:45:39.651000+00:00,23.0,49.3,33.0,1019.0,0,147,1.0
1263,9963,2025-06-15 17:46:39.664000+00:00,23.0,48.9,32.0,1018.9,0,19,0.8
1263,9963,2025-06-15 17:47:39.665000+00:00,23.0,48.7,31.0,1019.0,0,334,0.8
1263,9963,2025-06-15 17:48:39.665000+00:00,23.0,48.7,31.0,1019.0,0,344,0.7
1263,9963,2025-06-15 17:49:39.666000+00:00,23.1,48.7,30.0,1019.1,0,104,0.4
1263,9963,2025-06-15 17:50:39.666000+00:00,23.2,48.7,31.0,1019.0,0,353,0.6
1263,9963,2025-06-15 17:51:39.667000+00:00,23.0,48.9,31.0,1019.0,0,140,0.6
1263,9963,2025-06-15 17:52:39.683000+00:00,23.0,49.3,30.0,1019.0,0,192,0.7
1263,9963,2025-06-15 17:53:39.668000+00:00,23.0,49.3,29.0,1018.9,0,169,1.4
1263,9963,2025-06-15 17:54:39.668000+00:00,23.0,50.0,28.0,1019.0,0,194,1.8
1263,9963,2025-06-15 17:55:39.669000+00:00,23.0,49.5,28.0,1019.0,0,133,1.0
1263,9963,2025-06-15 17:56:39.669000+00:00,23.0,49.5,29.0,1019.0,0,175,1.0
1263,9963,2025-06-15 17:57:39.685000+00:00,23.0,49.4,29.0,1019.0,0,174,1.2
1263,9963,2025-06-15 17:58:39.676000+00:00,23.0,49.8,29.0,1019.0,0,238,1.4
1263,9963,2025-06-15 17:59:39.676000+00:00,23.1,49.9,29.0,1019.1,0,211,1.3
1263,9963,2025-06-15 18:00:39.661000+00:00,23.4,49.7,29.0,1019.1,0,333,1.0
1263,9963,2025-06-15 18:01:39.683000+00:00,23.4,49.6,29.0,1019.0,0,344,1.0
1263,9963,2025-06-15 18:02:39.682000+00:00,23.3,49.6,30.0,1018.9,0,18,0.6
1263,9963,2025-06-15 18:03:39.682000+00:00,23.3,49.7,30.0,1019.1,0,2,0.7
1263,9963,2025-06-15 18:04:39.667000+00:00,23.4,50.0,30.0,1019.1,0,104,0.5
1263,9963,2025-06-15 18:05:39.667000+00:00,23.6,50.1,29.0,1018.9,0,3,1.0
1263,9963,2025-06-15 18:06:39.668000+00:00,23.6,50.2,29.0,1019.0,0,353,0.9
1263,9963,2025-06-15 18:07:39.681000+00:00,23.6,50.2,29.0,1019.1,0,343,1.6
1263,9963,2025-06-15 18:08:39.681000+00:00,23.7,50.3,28.0,1019.1,0,158,1.4
1263,9963,2025-06-15 18:09:39.682000+00:00,23.9,50.1,28.0,1019.1,0,103,0.8
1263,9963,2025-06-15 18:10:39.682000+00:00,24.0,50.0,27.0,1019.1,0,29,0.8
1263,9963,2025-06-15 18:11:39.683000+00:00,24.0,49.9,27.0,1019.0,0,19,1.3
1263,9963,2025-06-15 18:12:39.683000+00:00,23.9,49.9,26.0,1019.0,0,354,2.2
1263,9963,2025-06-15 18:13:39.684000+00:00,23.8,49.9,26.0,1019.0,0,4,2.9
1263,9963,2025-06-15 18:14:39.684000+00:00,23.6,49.9,26.0,1019.0,0,4,2.9
1263,9963,2025-06-15 18:15:39.685000+00:00,23.8,50.4,26.0,1019.0,0,263,1.1
1263,9963,2025-06-15 18:16:39.676000+00:00,23.8,50.3,27.0,1019.1,0,202,1.5
1263,9963,2025-06-15 18:17:39.676000+00:00,23.7,50.2,26.0,1019.1,0,262,2.0
1263,9963,2025-06-15 18:18:39.685000+00:00,23.8,50.1,27.0,1019.0,0,253,1.6
1263,9963,2025-06-15 18:19:39.693000+00:00,23.8,50.1,26.0,1019.0,0,159,1.6
1263,9963,2025-06-15 18:20:39.678000+00:00,23.7,50.1,26.0,1019.1,0,239,1.9
1263,9963,2025-06-15 18:21:39.694000+00:00,23.8,50.0,29.0,1019.0,0,292,0.9
1263,9963,2025-06-15 18:22:39.682000+00:00,23.8,50.0,29.0,1019.0,0,124,0.9
1263,9963,2025-06-15 18:23:39.682000+00:00,23.9,49.8,27.0,1019.1,0,106,1.1
1263,9963,2025-06-15 18:24:39.698000+00:00,23.8,49.8,27.0,1019.1,0,106,1.1
1263,9963,2025-06-15 18:25:39.683000+00:00,23.7,50.0,29.0,1019.0,0,326,1.9
1263,9963,2025-06-15 18:26:39.684000+00:00,23.8,50.2,28.0,1019.0,0,32,0.8
1263,9963,2025-06-15 18:27:39.684000+00:00,23.8,49.9,27.0,1019.0,0,31,1.3
1263,9963,2025-06-15 18:28:39.685000+00:00,23.8,49.7,28.0,1019.0,0,324,1.1
1263,9963,2025-06-15 18:29:39.702000+00:00,23.9,49.7,27.0,1019.0,0,0,0.5
1263,9963,2025-06-15 18:30:39.720000+00:00,24.0,49.4,29.0,1018.9,0,151,0.8
1263,9963,2025-06-15 18:31:39.699000+00:00,24.0,49.4,29.0,1018.9,0,151,0.8
1263,9963,2025-06-15 18:32:39.699000+00:00,24.0,49.4,28.0,1018.9,0,0,1.1
1263,9963,2025-06-15 18:33:39.700000+00:00,23.9,49.6,30.0,1018.9,0,0,1.1
1263,9963,2025-06-15 18:34:39.697000+00:00,24.0,49.6,29.0,1019.1,0,166,0.9
1263,9963,2025-06-15 18:35:39.695000+00:00,24.1,49.7,30.0,1019.1,0,230,2.0
1263,9963,2025-06-15 18:36:39.695000+00:00,24.1,49.9,29.0,1019.0,0,10,0.7
1263,9963,2025-06-15 18:37:39.696000+00:00,24.3,49.8,29.0,1019.0,0,27,0.7
1263,9963,2025-06-15 18:38:39.705000+00:00,24.3,49.9,29.0,1018.9,0,197,0.8
1263,9963,2025-06-15 18:39:39.709000+00:00,24.4,50.0,28.0,1018.9,0,123,0.8
1263,9963,2025-06-15 18:40:39.728000+00:00,24.4,49.8,29.0,1019.1,0,327,0.7
1263,9963,2025-06-15 18:41:39.745000+00:00,24.5,49.6,29.0,1018.9,0,335,0.8
1263,9963,2025-06-15 18:42:39.749000+00:00,24.5,49.7,29.0,1018.9,0,149,1.1
1263,9963,2025-06-15 18:43:39.761000+00:00,24.5,49.8,29.0,1018.9,0,357,0.7
1263,9963,2025-06-15 18:44:39.762000+00:00,24.6,49.7,28.0,1019.0,0,252,0.8
1263,9963,2025-06-15 18:45:39.793000+00:00,24.6,49.7,28.0,1018.9,0,0,0.6
1263,9963,2025-06-15 18:46:39.787000+00:00,24.6,49.8,28.0,1019.0,0,159,0.5
1263,9963,2025-06-15 18:47:39.803000+00:00,24.6,49.8,29.0,1018.9,0,143,1.1
1263,9963,2025-06-15 18:48:39.795000+00:00,24.5,50.1,28.0,1018.9,0,180,0.9
1263,9963,2025-06-15 18:49:39.795000+00:00,24.5,49.9,28.0,1018.9,0,0,0.9
1263,9963,2025-06-15 18:50:39.811000+00:00,24.6,49.9,27.0,1018.9,0,314,0.8
1263,9963,2025-06-15 18:51:39.827000+00:00,24.7,49.8,28.0,1018.9,0,167,0.7
1263,9963,2025-06-15 18:52:39.843000+00:00,24.7,49.9,27.0,1018.9,0,163,1.5
1263,9963,2025-06-15 18:53:39.828000+00:00,24.7,50.0,28.0,1018.8,0,160,1.4
1263,9963,2025-06-15 18:54:39.841000+00:00,24.6,50.3,28.0,1018.9,0,140,2.0
1263,9963,2025-06-15 18:55:39.842000+00:00,24.6,50.3,28.0,1018.9,0,207,1.4
1263,9963,2025-06-15 18:56:39.858000+00:00,24.6,49.9,28.0,1018.8,0,183,1.2
1263,9963,2025-06-15 18:57:39.874000+00:00,24.8,49.9,27.0,1018.9,0,284,1.6
1263,9963,2025-06-15 18:58:39.875000+00:00,25.1,50.2,28.0,1018.9,0,188,1.1
1263,9963,2025-06-15 18:59:39.862000+00:00,25.2,49.8,27.0,1018.9,0,338,0.8
1263,9963,2025-06-15 19:00:39.894000+00:00,25.2,49.8,29.0,1018.9,0,168,1.0
1263,9963,2025-06-15 19:01:39.891000+00:00,25.1,49.6,30.0,1018.9,0,353,1.5
1263,9963,2025-06-15 19:02:39.883000+00:00,25.0,49.9,28.0,1018.9,0,0,0.7
1263,9963,2025-06-15 19:03:39.883000+00:00,24.9,49.9,27.0,1019.0,0,44,0.9
1263,9963,2025-06-15 19:04:39.884000+00:00,25.0,49.9,27.0,1018.8,0,178,0.9
1263,9963,2025-06-15 19:05:39.900000+00:00,25.0,50.0,27.0,1018.8,0,64,1.0
1263,9963,2025-06-15 19:06:39.884000+00:00,25.1,50.0,28.0,1018.8,0,61,0.9
1263,9963,2025-06-15 19:07:39.901000+00:00,25.1,49.8,28.0,1018.9,0,359,1.0
1263,9963,2025-06-15 19:08:39.904000+00:00,25.1,49.8,28.0,1018.8,0,337,0.8
1263,9963,2025-06-15 19:09:39.920000+00:00,25.1,49.3,27.0,1018.8,0,176,1.1
1263,9963,2025-06-15 19:10:39.952000+00:00,25.1,49.3,29.0,1018.8,0,0,0.9
1263,9963,2025-06-15 19:11:39.937000+00:00,25.2,49.9,29.0,1018.8,0,336,0.6
1263,9963,2025-06-15 19:12:39.937000+00:00,25.3,49.6,27.0,1018.8,0,162,1.1
1263,9963,2025-06-15 19:13:39.953000+00:00,25.4,49.7,29.0,1018.8,0,215,1.1
1263,9963,2025-06-15 19:14:39.954000+00:00,25.6,49.7,27.0,1018.8,0,91,0.5
1263,9963,2025-06-15 19:15:39.970000+00:00,25.6,49.8,27.0,1018.8,0,4,0.5
1263,9963,2025-06-15 19:16:39.980000+00:00,25.5,49.2,26.0,1018.7,0,343,0.9
1263,9963,2025-06-15 19:17:39.980000+00:00,25.4,49.2,26.0,1018.9,0,0,0.7
1263,9963,2025-06-15 19:18:39.981000+00:00,25.2,49.4,27.0,1018.8,0,338,1.1
1263,9963,2025-06-15 19:19:39.982000+00:00,25.1,49.4,27.0,1018.8,0,216,0.6
1263,9963,2025-06-15 19:20:39.982000+00:00,25.0,49.5,27.0,1018.8,0,321,1.1
1263,9963,2025-06-15 19:21:39.983000+00:00,24.9,49.5,27.0,1018.7,0,4,1.3
1263,9963,2025-06-15 19:22:39.983000+00:00,25.0,49.5,27.0,1018.8,0,197,0.8
1263,9963,2025-06-15 19:23:39.984000+00:00,25.1,49.6,26.0,1018.8,0,139,1.0
1263,9963,2025-06-15 19:24:39.984000+00:00,25.1,49.6,27.0,1018.9,0,168,0.8
1263,9963,2025-06-15 19:25:39.985000+00:00,25.1,49.7,27.0,1018.8,0,161,1.0
1263,9963,2025-06-15 19:26:39.988000+00:00,25.1,49.4,27.0,1018.8,0,6,0.8
1263,9963,2025-06-15 19:27:39.982000+00:00,25.2,49.7,27.0,1018.9,0,174,0.7
1263,9963,2025-06-15 19:28:39.982000+00:00,25.3,49.5,27.0,1018.8,0,143,0.9
1263,9963,2025-06-15 19:29:39.992000+00:00,25.1,49.5,27.0,1018.9,0,17,0.6
1263,9963,2025-06-15 19:30:39.996000+00:00,25.1,49.3,27.0,1018.8,0,175,0.6
1263,9963,2025-06-15 19:31:40.025000+00:00,25.2,49.6,26.0,1018.8,0,196,0.8
1263,9963,2025-06-15 19:32:40.010000+00:00,25.4,49.6,25.0,1018.8,0,187,0.6
1263,9963,2025-06-15 19:33:40.010000+00:00,25.3,49.5,25.0,1018.7,0,155,0.6
1263,9963,2025-06-15 19:34:40.010000+00:00,25.1,49.4,26.0,1018.8,0,230,0.4
1263,9963,2025-06-15 19:35:40.027000+00:00,25.1,49.5,26.0,1018.7,0,179,1.0
1263,9963,2025-06-15 19:36:40.027000+00:00,24.8,49.6,25.0,1018.9,0,187,1.7
1263,9963,2025-06-15 19:37:40.058000+00:00,24.7,49.4,27.0,1018.8,0,245,2.0
1263,9963,2025-06-15 19:38:40.073000+00:00,24.6,49.4,26.0,1018.8,1,212,1.5
1263,9963,2025-06-15 19:39:40.075000+00:00,24.5,49.3,26.0,1018.8,0,190,0.9
1263,9963,2025-06-15 19:40:40.091000+00:00,24.5,49.3,26.0,1018.8,0,0,0.8
1263,9963,2025-06-15 19:41:40.108000+00:00,24.6,49.4,26.0,1018.6,0,51,0.4
1263,9963,2025-06-15 19:42:40.096000+00:00,24.6,49.4,25.0,1018.7,0,179,0.7
1263,9963,2025-06-15 19:43:40.112000+00:00,24.5,49.3,25.0,1018.6,0,225,1.1
1263,9963,2025-06-15 19:44:40.128000+00:00,24.5,49.3,25.0,1018.6,0,225,1.1
1263,9963,2025-06-15 19:45:40.129000+00:00,24.5,49.3,25.0,1018.6,0,225,1.1
1263,9963,2025-06-15 19:46:40.129000+00:00,24.5,49.3,25.0,1018.6,0,225,1.1
1263,9963,2025-06-15 19:47:40.135000+00:00,24.5,49.3,25.0,1018.6,0,225,1.1
1263,9963,2025-06-15 19:48:40.127000+00:00,24.5,49.3,25.0,1018.6,0,225,1.1
1263,9963,2025-06-15 19:49:40.128000+00:00,24.5,49.3,25.0,1018.6,0,225,1.1
1263,9963,2025-06-15 19:50:40.144000+00:00,24.5,49.3,25.0,1018.6,0,225,1.1
1263,9963,2025-06-15 19:51:40.129000+00:00,24.5,49.3,25.0,1018.6,0,225,1.1
1264,9948,2025-06-27 11:16:09.524000+00:00,23.2,37.2,55.0,944.2,0,62,1.7
1264,9948,2025-06-27 11:17:09.536000+00:00,23.1,37.1,55.0,944.2,0,48,1.4
1264,9948,2025-06-27 11:18:09.530000+00:00,23.3,36.9,55.0,944.1,0,24,2.3
1264,9948,2025-06-27 11:19:09.537000+00:00,23.3,36.8,55.0,944.1,0,53,2.6
1264,9948,2025-06-27 11:20:09.550000+00:00,23.4,37.0,56.0,944.2,0,70,1.3
1264,9948,2025-06-27 11:21:09.568000+00:00,23.6,38.6,55.0,944.2,0,32,1.6
1264,9948,2025-06-27 11:22:09.569000+00:00,23.7,39.5,54.0,944.2,0,7,1.9
1264,9948,2025-06-27 11:23:09.581000+00:00,23.7,40.3,54.0,944.2,0,61,1.3
1264,9948,2025-06-27 11:24:09.578000+00:00,23.9,40.8,54.0,944.2,0,48,1.6
1264,9948,2025-06-27 11:25:09.597000+00:00,23.9,41.2,53.0,944.2,0,84,1.5
1264,9948,2025-06-27 11:26:09.626000+00:00,23.9,40.9,54.0,944.2,0,57,1.1
1264,9948,2025-06-27 11:27:09.617000+00:00,23.8,40.7,54.0,944.2,0,0,0.8
1264,9948,2025-06-27 11:28:09.623000+00:00,23.8,41.4,54.0,944.2,0,44,0.5
1264,9948,2025-06-27 11:29:09.642000+00:00,24.0,42.0,53.0,944.1,0,31,0.7
1264,9948,2025-06-27 11:30:09.651000+00:00,24.0,42.6,52.0,944.2,0,48,1.1
1264,9948,2025-06-27 11:31:09.664000+00:00,24.2,42.6,52.0,944.1,0,52,2.9
1264,9948,2025-06-27 11:32:09.662000+00:00,24.1,42.6,53.0,944.2,0,43,2.1
1264,9948,2025-06-27 11:33:09.674000+00:00,24.1,42.4,53.0,944.1,0,67,1.3
1264,9948,2025-06-27 11:34:09.663000+00:00,23.9,43.0,54.0,944.0,0,65,2.2
1264,9948,2025-06-27 11:35:09.666000+00:00,23.9,42.9,52.0,944.0,0,75,3.7
1264,9948,2025-06-27 11:36:09.673000+00:00,23.9,43.3,52.0,944.1,0,68,2.9
1264,9948,2025-06-27 11:37:09.666000+00:00,23.8,42.8,52.0,944.1,0,63,2.9
1264,9948,2025-06-27 11:38:09.676000+00:00,23.8,42.8,52.0,944.2,0,37,2.7
1264,9948,2025-06-27 11:39:09.698000+00:00,24.0,43.4,52.0,944.1,0,41,2.0
1264,9948,2025-06-27 11:40:09.701000+00:00,24.0,43.1,50.0,944.0,0,52,2.2
1264,9948,2025-06-27 11:41:09.726000+00:00,24.0,41.4,51.0,944.1,0,35,1.5
1264,9948,2025-06-27 11:42:09.720000+00:00,23.9,41.5,50.0,944.1,0,33,2.2
1264,9948,2025-06-27 11:43:09.725000+00:00,23.9,41.5,50.0,944.1,0,23,1.8
1264,9948,2025-06-27 11:44:09.732000+00:00,23.9,42.1,52.0,944.1,0,328,2.2
1264,9948,2025-06-27 11:45:09.732000+00:00,23.9,42.2,53.0,944.1,0,49,1.6
1264,9948,2025-06-27 11:46:09.748000+00:00,24.0,42.2,52.0,944.1,0,79,1.6
1264,9948,2025-06-27 11:47:09.807000+00:00,24.1,42.0,53.0,944.0,0,0,2.0
1264,9948,2025-06-27 11:48:09.781000+00:00,24.1,41.7,53.0,944.0,0,59,1.0
1264,9948,2025-06-27 11:49:09.785000+00:00,24.2,41.1,51.0,944.0,0,50,1.6
1264,9948,2025-06-27 11:50:09.807000+00:00,24.3,40.9,51.0,944.1,0,60,1.1
1264,9948,2025-06-27 11:51:09.817000+00:00,24.3,40.7,50.0,944.1,0,31,1.8
1264,9948,2025-06-27 11:52:09.817000+00:00,24.2,41.0,50.0,944.1,0,73,1.3
1264,9948,2025-06-27 11:53:09.821000+00:00,24.3,40.9,51.0,944.1,0,349,1.5
1264,9948,2025-06-27 11:54:09.835000+00:00,24.3,40.0,51.0,944.3,0,320,1.3
1264,9948,2025-06-27 11:55:09.844000+00:00,24.3,39.2,51.0,944.2,0,358,1.0
1264,9948,2025-06-27 11:56:09.859000+00:00,24.1,38.6,52.0,944.2,0,335,0.7
1264,9948,2025-06-27 11:57:09.863000+00:00,24.1,38.6,52.0,944.3,0,302,0.8
1264,9948,2025-06-27 11:58:09.866000+00:00,24.0,38.5,53.0,944.1,0,214,1.2
1264,9948,2025-06-27 11:59:09.869000+00:00,24.0,38.8,53.0,944.1,0,272,0.9
1264,9948,2025-06-27 12:00:09.863000+00:00,24.0,38.8,52.0,944.1,0,144,0.5
1264,9948,2025-06-27 12:01:09.867000+00:00,24.1,38.7,52.0,944.2,0,351,0.8
1264,9948,2025-06-27 12:02:09.885000+00:00,24.0,38.7,52.0,944.2,0,282,0.6
1264,9948,2025-06-27 12:03:09.899000+00:00,24.1,38.7,52.0,944.2,0,261,1.0
1264,9948,2025-06-27 12:04:09.893000+00:00,24.2,38.2,52.0,944.1,0,152,0.5
1264,9948,2025-06-27 12:05:09.921000+00:00,24.1,38.5,52.0,944.1,0,4,0.4
1264,9948,2025-06-27 12:06:09.922000+00:00,24.1,38.9,52.0,944.1,0,81,1.1
1264,9948,2025-06-27 12:07:09.938000+00:00,24.1,38.7,50.0,944.1,0,279,1.1
1264,9948,2025-06-27 12:08:09.924000+00:00,24.1,38.4,50.0,944.1,0,297,0.6
1264,9948,2025-06-27 12:09:09.947000+00:00,24.2,37.9,49.0,944.1,0,139,0.7
1264,9948,2025-06-27 12:10:09.959000+00:00,24.2,37.6,51.0,944.1,0,30,1.1
1264,9948,2025-06-27 12:11:09.956000+00:00,24.1,37.6,51.0,944.1,0,61,0.7
1264,9948,2025-06-27 12:12:09.953000+00:00,24.1,37.6,51.0,944.1,0,56,1.3
1264,9948,2025-06-27 12:13:09.956000+00:00,24.1,37.3,50.0,944.1,0,26,1.2
1264,9948,2025-06-27 12:14:09.953000+00:00,24.2,37.1,50.0,944.1,0,79,0.8
1264,9948,2025-06-27 12:15:09.954000+00:00,24.2,36.7,50.0,944.1,0,95,1.0
1264,9948,2025-06-27 12:16:09.956000+00:00,24.1,36.8,51.0,944.0,0,157,0.8
1264,9948,2025-06-27 12:17:09.952000+00:00,24.1,36.8,50.0,944.0,0,214,0.0
1264,9948,2025-06-27 12:18:09.944000+00:00,24.0,36.9,51.0,944.1,0,153,0.7
1264,9948,2025-06-27 12:19:09.957000+00:00,24.0,36.9,50.0,944.1,0,33,0.0
1264,9948,2025-06-27 12:20:09.949000+00:00,24.0,36.7,50.0,944.2,0,24,0.8
1264,9948,2025-06-27 12:21:09.968000+00:00,24.1,36.4,50.0,944.1,0,9,1.2
1264,9948,2025-06-27 12:22:09.964000+00:00,24.0,36.4,50.0,944.0,0,87,0.9
1264,9948,2025-06-27 12:23:09.955000+00:00,24.0,36.0,50.0,944.0,0,69,1.2
1264,9948,2025-06-27 12:24:09.987000+00:00,24.0,36.0,50.0,944.1,0,72,1.9
1264,9948,2025-06-27 12:25:10.007000+00:00,24.0,36.0,50.0,944.1,0,0,0.8
1264,9948,2025-06-27 12:26:10.028000+00:00,23.9,35.7,50.0,944.1,0,80,0.7
1264,9948,2025-06-27 12:27:10.016000+00:00,23.9,35.9,51.0,944.0,0,80,1.3
1264,9948,2025-06-27 12:28:10.022000+00:00,23.9,37.2,50.0,944.0,0,45,1.5
1264,9948,2025-06-27 12:29:10.040000+00:00,24.1,37.2,50.0,944.1,0,304,0.9
1264,9948,2025-06-27 12:30:10.058000+00:00,24.2,37.5,50.0,944.2,0,64,0.9
1264,9948,2025-06-27 12:31:10.071000+00:00,24.3,38.0,51.0,944.1,0,342,1.0
1264,9948,2025-06-27 12:32:10.071000+00:00,24.5,38.1,50.0,944.1,0,84,1.2
1264,9948,2025-06-27 12:33:10.080000+00:00,24.5,38.0,50.0,944.0,0,86,1.2
1264,9948,2025-06-27 12:34:10.105000+00:00,24.6,38.0,49.0,944.0,0,276,0.5
1264,9948,2025-06-27 12:35:10.095000+00:00,24.5,37.1,50.0,944.0,0,327,0.8
1264,9949,2025-06-27 14:47:10.447000+00:00,26.3,39.5,35.0,943.8,0,233,1.6
1264,9949,2025-06-27 14:48:10.444000+00:00,26.3,39.4,34.0,943.7,0,220,2.6
1264,9949,2025-06-27 14:49:10.439000+00:00,26.3,39.2,35.0,943.8,0,188,2.9
1264,9949,2025-06-27 14:50:10.451000+00:00,26.2,38.4,36.0,943.8,0,238,1.8
1264,9949,2025-06-27 14:51:10.451000+00:00,26.0,38.2,36.0,943.8,0,229,2.8
1264,9949,2025-06-27 14:52:10.436000+00:00,25.8,38.1,36.0,943.8,0,253,2.5
1264,9949,2025-06-27 14:53:10.461000+00:00,25.7,38.0,36.0,943.8,0,214,2.2
1264,9949,2025-06-27 14:54:10.480000+00:00,25.6,38.0,37.0,943.7,0,187,1.4
1264,9949,2025-06-27 14:55:10.489000+00:00,25.6,38.3,37.0,943.7,0,239,1.2
1264,9949,2025-06-27 14:56:10.489000+00:00,25.6,38.2,36.0,943.7,0,225,1.7
1264,9949,2025-06-27 14:57:10.495000+00:00,25.6,38.1,37.0,943.6,0,292,1.3
1264,9949,2025-06-27 14:58:10.530000+00:00,25.6,38.1,37.0,943.6,0,218,1.0
1264,9949,2025-06-27 14:59:10.542000+00:00,25.6,37.8,37.0,943.6,0,257,0.7
1264,9949,2025-06-27 15:00:10.556000+00:00,25.6,37.6,37.0,943.6,0,192,0.6
1264,9949,2025-06-27 15:01:10.557000+00:00,25.6,37.6,37.0,943.6,0,188,1.1
1264,9949,2025-06-27 15:02:10.543000+00:00,25.6,37.8,37.0,943.6,0,224,1.4
1264,9949,2025-06-27 15:03:10.578000+00:00,25.6,37.7,36.0,943.5,0,246,1.5
1264,9949,2025-06-27 15:04:10.575000+00:00,25.6,37.6,37.0,943.6,0,4,1.2
1264,9949,2025-06-27 15:05:10.591000+00:00,25.7,37.6,37.0,943.6,0,200,1.0
1264,9949,2025-06-27 15:06:10.576000+00:00,25.7,37.6,36.0,943.6,0,133,1.0
1264,9949,2025-06-27 15:07:10.576000+00:00,25.6,37.1,37.0,943.6,0,271,0.9
1264,9949,2025-06-27 15:08:10.586000+00:00,25.6,37.2,37.0,943.5,0,207,0.6
1264,9949,2025-06-27 15:09:10.577000+00:00,25.5,37.3,36.0,943.5,0,29,0.7
1264,9949,2025-06-27 15:10:10.593000+00:00,25.6,37.3,36.0,943.5,0,73,2.1
1264,9949,2025-06-27 15:11:10.579000+00:00,25.6,36.7,36.0,943.5,0,80,2.1
1264,9949,2025-06-27 15:12:10.596000+00:00,25.6,36.7,37.0,943.6,0,46,1.1
1264,9949,2025-06-27 15:13:10.583000+00:00,25.6,37.2,36.0,943.5,0,85,1.2
1264,9949,2025-06-27 15:14:10.590000+00:00,25.7,37.3,36.0,943.5,0,9,0.9
1264,9949,2025-06-27 15:15:10.609000+00:00,25.8,37.3,37.0,943.6,0,196,0.7
1264,9949,2025-06-27 15:16:10.622000+00:00,25.9,37.2,36.0,943.4,0,286,1.0
1264,9949,2025-06-27 15:17:10.648000+00:00,25.8,36.9,36.0,943.5,0,132,1.4
1264,9949,2025-06-27 15:18:10.654000+00:00,25.8,36.8,36.0,943.5,0,84,0.6
1264,9949,2025-06-27 15:19:10.661000+00:00,25.6,36.8,37.0,943.4,0,124,1.0
1264,9949,2025-06-27 15:20:10.671000+00:00,25.5,36.8,37.0,943.6,0,44,0.7
1264,9949,2025-06-27 15:21:10.683000+00:00,25.5,36.6,37.0,943.6,0,281,0.9
1264,9949,2025-06-27 15:22:10.682000+00:00,25.5,36.6,37.0,943.6,0,239,1.1
1264,9949,2025-06-27 15:23:10.688000+00:00,25.5,36.5,37.0,943.6,0,47,1.2
1264,9949,2025-06-27 15:24:10.696000+00:00,25.5,36.5,37.0,943.6,0,127,0.8
1264,9949,2025-06-27 15:25:10.713000+00:00,25.5,36.5,37.0,943.5,0,211,1.1
1264,9949,2025-06-27 15:26:10.710000+00:00,25.5,36.5,38.0,943.6,0,211,0.7
1264,9949,2025-06-27 15:27:10.729000+00:00,25.4,36.1,38.0,943.5,0,232,1.1
1264,9949,2025-06-27 15:28:10.726000+00:00,25.4,36.1,39.0,943.5,0,172,0.8
1264,9949,2025-06-27 15:29:10.732000+00:00,25.3,36.1,39.0,943.5,0,353,0.9
1264,9949,2025-06-27 15:30:10.717000+00:00,25.3,36.0,39.0,943.6,0,229,1.4
1264,9949,2025-06-27 15:31:10.731000+00:00,25.4,36.0,39.0,943.5,0,226,1.4
1264,9949,2025-06-27 15:32:10.743000+00:00,25.4,35.9,39.0,943.6,0,209,1.0
1264,9949,2025-06-27 15:33:10.746000+00:00,25.4,36.0,38.0,943.6,0,199,1.3
1264,9949,2025-06-27 15:34:10.720000+00:00,25.3,36.0,38.0,943.6,0,217,1.7
1264,9949,2025-06-27 15:35:10.733000+00:00,25.4,36.0,38.0,943.6,0,235,1.8
1264,9949,2025-06-27 15:36:10.718000+00:00,25.4,35.9,38.0,943.5,0,43,1.0
1264,9949,2025-06-27 15:37:10.727000+00:00,25.5,35.8,39.0,943.6,0,93,0.9
1264,9949,2025-06-27 15:38:10.738000+00:00,25.5,35.8,38.0,943.5,0,103,0.9
1264,9949,2025-06-27 15:39:10.731000+00:00,25.5,35.8,38.0,943.6,0,201,0.8
1264,9949,2025-06-27 15:40:10.729000+00:00,25.4,35.7,38.0,943.5,0,205,1.0
1264,9949,2025-06-27 15:41:10.738000+00:00,25.4,35.1,39.0,943.5,0,285,0.8
1264,9949,2025-06-27 15:42:10.730000+00:00,25.3,35.1,40.0,943.5,0,82,0.6
1264,9949,2025-06-27 15:43:10.735000+00:00,25.2,35.1,41.0,943.4,0,260,0.7
1264,9949,2025-06-27 15:44:10.742000+00:00,25.2,35.5,41.0,943.5,0,0,0.4
1264,9949,2025-06-27 15:45:10.736000+00:00,25.2,35.5,40.0,943.4,0,37,0.8
1264,9949,2025-06-27 15:46:10.745000+00:00,25.3,35.4,40.0,943.4,0,215,0.3
1264,9949,2025-06-27 15:47:10.725000+00:00,25.3,35.4,39.0,943.4,0,264,1.2
1264,9949,2025-06-27 15:48:10.737000+00:00,25.3,35.1,40.0,943.4,0,250,0.9
1264,9949,2025-06-27 15:49:10.743000+00:00,25.3,35.2,40.0,943.5,0,73,1.1
1264,9949,2025-06-27 15:50:10.743000+00:00,25.2,35.3,40.0,943.4,0,359,0.8
1264,9949,2025-06-27 15:51:10.741000+00:00,25.2,35.3,39.0,943.4,0,297,1.3
1264,9949,2025-06-27 15:52:10.731000+00:00,25.3,35.1,39.0,943.4,0,0,0.4
1264,9949,2025-06-27 15:53:10.745000+00:00,25.3,34.8,40.0,943.4,0,43,0.6
1264,9949,2025-06-27 15:54:10.759000+00:00,25.2,34.4,41.0,943.3,0,0,1.2
1264,9949,2025-06-27 15:55:10.758000+00:00,25.1,34.4,41.0,943.3,0,29,0.7
1264,9949,2025-06-27 15:56:10.758000+00:00,25.2,34.3,41.0,943.4,0,356,0.9
1264,9949,2025-06-27 15:57:10.790000+00:00,25.1,34.3,41.0,943.4,0,295,0.9
1264,9949,2025-06-27 15:58:10.793000+00:00,25.1,34.1,41.0,943.3,0,220,1.1
1264,9949,2025-06-27 15:59:10.786000+00:00,25.0,33.9,41.0,943.5,0,262,2.7
1264,9949,2025-06-27 16:00:10.787000+00:00,25.0,33.8,41.0,943.3,0,253,2.3
1264,9949,2025-06-27 16:01:10.797000+00:00,24.9,33.8,42.0,943.4,0,15,1.0
1264,9949,2025-06-27 16:02:10.795000+00:00,24.8,34.2,42.0,943.4,0,48,0.9
1264,9949,2025-06-27 16:03:10.808000+00:00,24.8,34.1,41.0,943.4,0,224,0.8
1264,9949,2025-06-27 16:04:10.799000+00:00,24.9,33.8,42.0,943.4,0,252,1.1
1264,9949,2025-06-27 16:05:10.807000+00:00,24.9,33.8,42.0,943.5,0,181,1.2
1264,9950,2025-06-28 10:17:15.306000+00:00,23.5,32.5,50.0,947.0,0,235,0.7
1264,9950,2025-06-28 10:18:15.279000+00:00,23.6,32.5,50.0,947.0,0,230,0.9
1264,9950,2025-06-28 10:19:15.301000+00:00,23.6,32.5,49.0,947.0,0,236,1.2
1264,9950,2025-06-28 10:20:15.305000+00:00,23.6,32.4,49.0,947.1,0,272,1.0
1264,9950,2025-06-28 10:21:15.321000+00:00,23.8,32.5,49.0,947.0,0,0,0.0
1264,9950,2025-06-28 10:22:15.322000+00:00,23.8,32.4,48.0,947.0,0,0,0.0
1264,9950,2025-06-28 10:23:15.297000+00:00,23.8,32.4,49.0,946.9,0,110,0.0
1264,9950,2025-06-28 10:24:15.319000+00:00,23.8,32.5,49.0,946.9,0,325,0.0
1264,9950,2025-06-28 10:25:15.308000+00:00,23.8,32.6,48.0,946.9,0,201,0.7
1264,9950,2025-06-28 10:26:15.344000+00:00,23.8,32.6,48.0,946.9,0,292,0.6
1264,9950,2025-06-28 10:27:15.323000+00:00,23.9,32.8,48.0,946.9,0,222,0.9
1264,9950,2025-06-28 10:28:15.325000+00:00,24.0,32.7,48.0,946.9,0,269,1.2
1264,9950,2025-06-28 10:29:15.326000+00:00,24.0,32.6,48.0,946.9,0,208,1.0
1264,9950,2025-06-28 10:30:15.311000+00:00,24.0,32.5,48.0,946.9,0,337,0.4
1264,9950,2025-06-28 10:31:15.325000+00:00,23.9,32.3,48.0,946.9,0,0,0.4
1264,9950,2025-06-28 10:32:15.313000+00:00,23.9,32.3,48.0,946.9,0,256,0.7
1264,9950,2025-06-28 10:33:15.314000+00:00,23.9,32.4,49.0,946.9,0,264,0.8
1264,9950,2025-06-28 10:34:15.324000+00:00,23.9,33.3,48.0,946.9,0,314,0.5
1264,9950,2025-06-28 10:35:15.326000+00:00,24.0,33.6,48.0,946.8,0,242,0.0
1264,9950,2025-06-28 10:36:15.335000+00:00,24.1,33.6,47.0,946.8,0,279,0.6
1264,9950,2025-06-28 10:37:15.334000+00:00,24.2,33.5,48.0,946.7,0,202,0.6
1264,9950,2025-06-28 10:38:15.328000+00:00,24.2,33.5,48.0,946.8,0,236,0.9
1264,9950,2025-06-28 10:39:15.332000+00:00,24.1,33.3,49.0,946.8,0,241,1.4
1264,9950,2025-06-28 10:40:15.337000+00:00,24.1,33.0,48.0,946.9,0,253,1.3
1264,9950,2025-06-28 10:41:15.350000+00:00,24.0,32.8,49.0,946.8,0,221,1.1
1264,9950,2025-06-28 10:42:15.333000+00:00,24.0,33.1,49.0,946.7,0,219,0.6
1264,9950,2025-06-28 10:43:15.338000+00:00,24.1,34.1,49.0,946.7,0,104,0.5
1264,9950,2025-06-28 10:44:15.327000+00:00,24.2,34.6,49.0,946.7,0,321,0.4
1264,9950,2025-06-28 10:45:15.335000+00:00,24.4,35.1,50.0,946.7,0,278,0.6
1264,9950,2025-06-28 10:46:15.356000+00:00,24.5,36.3,50.0,946.7,0,222,1.0
1264,9950,2025-06-28 10:47:15.328000+00:00,24.6,36.9,48.0,946.8,0,267,1.2
1264,9950,2025-06-28 10:48:15.348000+00:00,24.6,37.0,49.0,946.8,0,261,0.4
1264,9950,2025-06-28 10:49:15.334000+00:00,24.7,37.4,49.0,946.7,0,263,1.1
1264,9950,2025-06-28 10:50:15.333000+00:00,24.8,36.8,48.0,946.8,0,201,1.5
1264,9950,2025-06-28 10:51:15.335000+00:00,24.9,36.8,49.0,946.7,0,136,1.2
1264,9950,2025-06-28 10:52:15.332000+00:00,24.8,37.3,49.0,946.7,0,102,0.7
1264,9950,2025-06-28 10:53:15.338000+00:00,24.8,37.4,49.0,946.7,0,191,0.7
1264,9950,2025-06-28 10:54:15.337000+00:00,24.7,38.0,48.0,946.8,0,139,1.2
1264,9950,2025-06-28 10:55:15.336000+00:00,24.8,37.6,47.0,946.8,0,106,0.4
1264,9950,2025-06-28 10:56:15.342000+00:00,24.8,36.5,47.0,946.7,0,84,0.6
1264,9950,2025-06-28 10:57:15.349000+00:00,24.8,36.4,47.0,946.8,0,247,1.5
1264,9950,2025-06-28 10:58:15.375000+00:00,24.8,35.9,48.0,946.7,0,228,2.1
1264,9950,2025-06-28 10:59:15.349000+00:00,24.7,35.4,48.0,946.7,0,261,1.5
1264,9950,2025-06-28 11:00:15.348000+00:00,24.6,35.2,49.0,946.8,0,222,1.3
1264,9950,2025-06-28 11:01:15.340000+00:00,24.6,34.9,49.0,946.7,0,219,1.7
1264,9950,2025-06-28 11:02:15.359000+00:00,24.5,34.6,50.0,946.7,0,224,1.7
1264,9950,2025-06-28 11:03:15.352000+00:00,24.3,34.6,50.0,946.7,0,176,1.3
1264,9950,2025-06-28 11:04:15.351000+00:00,24.3,36.5,50.0,946.7,0,222,0.6
1264,9950,2025-06-28 11:05:15.352000+00:00,24.5,37.3,49.0,946.7,0,180,0.8
1264,9950,2025-06-28 11:06:15.350000+00:00,24.5,37.3,49.0,946.7,0,0,0.5
1264,9950,2025-06-28 11:07:15.347000+00:00,24.5,37.6,49.0,946.7,0,93,0.7
1264,9950,2025-06-28 11:08:15.351000+00:00,24.5,37.6,49.0,946.6,0,38,1.1
1264,9950,2025-06-28 11:09:15.352000+00:00,24.5,38.1,48.0,946.6,0,93,0.7
1264,9950,2025-06-28 11:10:15.357000+00:00,24.5,38.1,48.0,946.5,0,98,1.1
1264,9950,2025-06-28 11:11:15.348000+00:00,24.5,38.3,47.0,946.6,0,134,1.0
1264,9950,2025-06-28 11:12:15.348000+00:00,24.6,39.2,46.0,946.6,0,0,0.5
1264,9950,2025-06-28 11:13:15.396000+00:00,24.8,39.2,46.0,946.5,0,304,0.4
1264,9950,2025-06-28 11:14:15.357000+00:00,24.9,38.9,46.0,946.6,0,324,0.5
1264,9950,2025-06-28 11:15:15.346000+00:00,24.8,38.4,47.0,946.6,0,339,0.5
1264,9950,2025-06-28 11:16:15.346000+00:00,24.8,38.9,47.0,946.5,0,261,0.5
1264,9950,2025-06-28 11:17:15.351000+00:00,24.9,39.5,45.0,946.5,0,228,0.9
1264,9950,2025-06-28 11:18:15.361000+00:00,25.0,39.7,44.0,946.5,0,302,0.7
1264,9950,2025-06-28 11:19:15.355000+00:00,25.0,39.6,44.0,946.5,0,284,0.8
1264,9950,2025-06-28 11:20:15.346000+00:00,25.1,38.5,45.0,946.5,0,213,0.7
1264,9950,2025-06-28 11:21:15.356000+00:00,25.0,38.5,46.0,946.5,0,0,0.8
1264,9950,2025-06-28 11:22:15.374000+00:00,25.1,38.7,45.0,946.5,0,261,0.5
1264,9950,2025-06-28 11:23:15.370000+00:00,25.2,39.6,45.0,946.5,0,233,0.9
1264,9950,2025-06-28 11:24:15.367000+00:00,25.3,39.9,44.0,946.6,0,221,1.4
1264,9950,2025-06-28 11:25:15.358000+00:00,25.4,40.0,44.0,946.6,0,110,1.1
1264,9950,2025-06-28 11:26:15.371000+00:00,25.3,39.0,44.0,946.5,0,322,0.8
1264,9950,2025-06-28 11:27:15.369000+00:00,25.3,38.9,44.0,946.5,0,42,0.4
1264,9950,2025-06-28 11:28:15.369000+00:00,25.3,40.1,44.0,946.4,0,67,0.9
1264,9950,2025-06-28 11:29:15.370000+00:00,25.4,40.4,44.0,946.5,0,32,1.3
1264,9950,2025-06-28 11:30:15.364000+00:00,25.5,40.7,44.0,946.4,0,57,1.3
1264,9950,2025-06-28 11:31:15.366000+00:00,25.6,40.8,44.0,946.5,0,0,0.4
1264,9950,2025-06-28 11:32:15.386000+00:00,25.8,41.3,45.0,946.4,0,80,0.7
1264,9950,2025-06-28 11:33:15.362000+00:00,26.0,42.2,43.0,946.4,0,0,1.6
1264,9950,2025-06-28 11:34:15.364000+00:00,26.0,42.0,43.0,946.4,0,293,1.1
1264,9950,2025-06-28 11:35:15.362000+00:00,26.1,41.9,44.0,946.3,0,0,0.6
1264,9951,2025-06-28 13:48:15.851000+00:00,27.0,45.1,37.0,945.4,0,243,0.9
1264,9951,2025-06-28 13:49:15.853000+00:00,27.0,45.7,36.0,945.4,0,199,0.9
1264,9951,2025-06-28 13:50:15.846000+00:00,27.1,45.9,36.0,945.3,0,11,0.9
1264,9951,2025-06-28 13:51:15.846000+00:00,27.1,46.4,36.0,945.3,0,161,0.8
1264,9951,2025-06-28 13:52:15.846000+00:00,27.1,46.9,36.0,945.3,0,286,0.8
1264,9951,2025-06-28 13:53:15.839000+00:00,27.2,47.2,36.0,945.3,0,217,0.8
1264,9951,2025-06-28 13:54:15.852000+00:00,27.3,47.0,34.0,945.3,0,219,3.4
1264,9951,2025-06-28 13:55:15.853000+00:00,27.3,47.3,35.0,945.3,0,238,2.3
1264,9951,2025-06-28 13:56:15.844000+00:00,27.3,47.4,34.0,945.3,0,259,1.9
1264,9951,2025-06-28 13:57:15.852000+00:00,27.4,47.3,34.0,945.3,0,245,1.1
1264,9951,2025-06-28 13:58:15.859000+00:00,27.4,46.8,34.0,945.3,0,243,1.1
1264,9951,2025-06-28 13:59:15.857000+00:00,27.6,47.3,35.0,945.3,0,202,2.0
1264,9951,2025-06-28 14:00:15.839000+00:00,27.6,47.5,35.0,945.4,0,223,1.2
1264,9951,2025-06-28 14:01:15.854000+00:00,27.5,48.0,35.0,945.3,0,48,1.3
1264,9951,2025-06-28 14:02:15.861000+00:00,27.5,48.0,34.0,945.3,0,73,0.7
1264,9951,2025-06-28 14:03:15.853000+00:00,27.5,48.0,34.0,945.3,0,65,1.3
1264,9951,2025-06-28 14:04:15.866000+00:00,27.5,48.0,34.0,945.2,0,141,1.4
1264,9951,2025-06-28 14:05:15.864000+00:00,27.5,47.8,34.0,945.3,0,65,1.7
1264,9951,2025-06-28 14:06:15.855000+00:00,27.6,47.8,35.0,945.3,0,259,1.1
1264,9951,2025-06-28 14:07:15.849000+00:00,27.5,47.9,34.0,945.4,0,211,1.6
1264,9951,2025-06-28 14:08:15.849000+00:00,27.6,48.1,34.0,945.3,0,153,1.1
1264,9951,2025-06-28 14:09:15.861000+00:00,27.5,48.4,34.0,945.2,0,253,1.1
1264,9951,2025-06-28 14:10:15.858000+00:00,27.5,48.5,34.0,945.4,0,195,0.6
1264,9951,2025-06-28 14:11:15.863000+00:00,27.5,48.5,33.0,945.3,0,0,2.3
1264,9951,2025-06-28 14:12:15.880000+00:00,27.6,48.4,33.0,945.2,0,84,0.8
1264,9951,2025-06-28 14:13:15.856000+00:00,27.7,48.1,33.0,945.2,0,31,1.3
1264,9951,2025-06-28 14:14:15.868000+00:00,27.8,48.3,33.0,945.3,0,253,1.0
1264,9951,2025-06-28 14:15:15.870000+00:00,27.8,48.3,32.0,945.3,0,192,1.2
1264,9951,2025-06-28 14:16:15.879000+00:00,27.9,48.3,33.0,945.3,0,147,1.1
1264,9951,2025-06-28 14:17:15.864000+00:00,27.9,48.4,33.0,945.3,0,22,1.3
1264,9951,2025-06-28 14:18:15.871000+00:00,27.8,47.8,33.0,945.3,0,94,1.5
1264,9951,2025-06-28 14:19:15.866000+00:00,27.7,47.8,34.0,945.3,0,226,1.6
1264,9951,2025-06-28 14:20:15.862000+00:00,27.6,47.8,34.0,945.3,0,251,0.8
1264,9951,2025-06-28 14:21:15.872000+00:00,27.5,47.2,34.0,945.4,0,222,1.2
1264,9951,2025-06-28 14:22:15.861000+00:00,27.5,47.2,34.0,945.3,0,0,1.2
1264,9951,2025-06-28 14:23:15.865000+00:00,27.6,47.3,34.0,945.4,0,270,1.2
1264,9951,2025-06-28 14:24:15.927000+00:00,27.6,47.2,33.0,945.2,0,82,1.0
1264,9951,2025-06-28 14:25:15.862000+00:00,27.8,47.5,34.0,945.3,0,216,1.2
1264,9951,2025-06-28 14:26:15.867000+00:00,27.8,47.5,34.0,945.3,0,237,1.4
1264,9951,2025-06-28 14:27:15.876000+00:00,27.9,47.5,34.0,945.2,0,236,1.3
1264,9951,2025-06-28 14:28:15.879000+00:00,27.9,47.9,34.0,945.3,0,220,1.5
1264,9951,2025-06-28 14:29:15.882000+00:00,27.9,48.1,33.0,945.3,0,169,1.8
1264,9951,2025-06-28 14:30:15.876000+00:00,27.9,47.4,34.0,945.3,0,142,1.3
1264,9951,2025-06-28 14:31:15.876000+00:00,28.0,47.1,34.0,945.3,0,208,1.3
1264,9951,2025-06-28 14:32:15.881000+00:00,28.0,47.2,34.0,945.4,0,241,1.7
1264,9951,2025-06-28 14:33:15.881000+00:00,28.0,47.2,34.0,945.4,0,166,2.5
1264,9951,2025-06-28 14:34:15.884000+00:00,28.2,47.2,33.0,945.3,0,67,1.4
1264,9951,2025-06-28 14:35:15.876000+00:00,28.1,46.8,34.0,945.3,0,245,1.7
1264,9951,2025-06-28 14:36:15.877000+00:00,28.1,47.2,34.0,945.4,0,240,1.4
1264,9951,2025-06-28 14:37:15.873000+00:00,28.1,47.7,33.0,945.3,0,209,0.9
1264,9951,2025-06-28 14:38:15.878000+00:00,28.0,47.6,33.0,945.4,0,213,2.0
1264,9951,2025-06-28 14:39:15.879000+00:00,28.0,46.8,32.0,945.4,0,246,2.1
1264,9951,2025-06-28 14:40:15.889000+00:00,27.9,46.9,33.0,945.4,0,210,2.4
1264,9951,2025-06-28 14:41:15.899000+00:00,27.8,46.9,34.0,945.4,0,246,1.2
1264,9951,2025-06-28 14:42:15.885000+00:00,27.7,46.9,34.0,945.5,0,202,1.1
1264,9951,2025-06-28 14:43:15.884000+00:00,27.8,46.8,34.0,945.4,0,27,1.1
1264,9951,2025-06-28 14:44:15.885000+00:00,27.8,46.8,34.0,945.4,0,140,1.3
1264,9951,2025-06-28 14:45:15.885000+00:00,27.9,47.1,34.0,945.4,0,147,1.1
1264,9951,2025-06-28 14:46:15.885000+00:00,28.0,47.5,34.0,945.4,0,214,1.2
1264,9951,2025-06-28 14:47:15.880000+00:00,28.0,47.4,34.0,945.4,0,239,1.6
1264,9951,2025-06-28 14:48:15.890000+00:00,28.1,47.4,34.0,945.4,0,0,1.3
1264,9951,2025-06-28 14:49:15.904000+00:00,28.2,47.4,33.0,945.4,0,235,1.7
1264,9951,2025-06-28 14:50:15.885000+00:00,28.2,47.4,33.0,945.3,0,240,1.7
1264,9951,2025-06-28 14:51:15.979000+00:00,28.0,47.0,34.0,945.4,0,245,1.1
1264,9951,2025-06-28 14:52:15.887000+00:00,28.0,47.1,33.0,945.3,0,293,1.4
1264,9951,2025-06-28 14:53:15.903000+00:00,28.0,47.1,34.0,945.3,0,128,1.0
1264,9951,2025-06-28 14:54:15.888000+00:00,27.9,47.1,33.0,945.3,0,233,0.6
1264,9951,2025-06-28 14:55:15.902000+00:00,28.1,47.0,33.0,945.3,0,285,1.0
1264,9951,2025-06-28 14:56:15.896000+00:00,28.1,47.0,33.0,945.3,0,220,1.2
1264,9951,2025-06-28 14:57:15.891000+00:00,28.0,46.8,34.0,945.3,0,0,2.4
1264,9951,2025-06-28 14:58:15.906000+00:00,28.0,46.6,34.0,945.3,0,37,0.8
1264,9951,2025-06-28 14:59:15.905000+00:00,28.0,46.5,35.0,945.3,0,30,1.1
1264,9951,2025-06-28 15:00:15.888000+00:00,28.1,47.4,34.0,945.3,0,308,0.9
1264,9951,2025-06-28 15:01:15.908000+00:00,28.1,47.3,33.0,945.3,0,222,1.5
1264,9951,2025-06-28 15:02:15.906000+00:00,28.1,47.2,33.0,945.3,0,232,1.7
1264,9951,2025-06-28 15:03:15.904000+00:00,28.1,46.8,33.0,945.4,0,211,1.5
1264,9951,2025-06-28 15:04:15.920000+00:00,28.1,46.8,33.0,945.3,0,235,1.6
1264,9951,2025-06-28 15:05:15.908000+00:00,28.0,46.8,34.0,945.4,0,164,1.0
1264,9951,2025-06-28 15:06:15.907000+00:00,28.0,47.1,34.0,945.3,0,176,1.4
1264,9951,2025-06-28 15:07:15.904000+00:00,28.0,46.6,33.0,945.4,0,174,0.9
1264,9951,2025-06-28 15:08:15.909000+00:00,28.1,46.6,34.0,945.4,0,200,1.4
1264,9951,2025-06-28 15:09:15.909000+00:00,28.1,46.6,32.0,945.4,0,211,1.9
1264,9951,2025-06-28 15:10:15.912000+00:00,28.1,45.7,34.0,945.4,0,224,2.4
1264,9951,2025-06-28 15:11:15.899000+00:00,27.9,45.7,34.0,945.5,0,292,2.2
1264,9951,2025-06-28 15:12:15.913000+00:00,27.8,45.6,35.0,945.4,0,219,1.1
1264,9951,2025-06-28 15:13:15.911000+00:00,27.8,45.9,34.0,945.4,0,219,1.5
1264,9951,2025-06-28 15:14:15.910000+00:00,27.8,45.5,34.0,945.4,0,218,2.0
1264,9951,2025-06-28 15:15:15.910000+00:00,27.7,45.4,35.0,945.3,0,232,2.4
1264,9955,2025-06-29 12:07:21.340000+00:00,29.6,51.3,34.0,944.0,0,31,1.9
1264,9955,2025-06-29 12:08:21.342000+00:00,29.5,51.9,34.0,944.0,0,25,1.5
1264,9955,2025-06-29 12:09:21.337000+00:00,29.4,51.9,32.0,944.0,0,358,2.4
1264,9955,2025-06-29 12:10:21.346000+00:00,29.4,50.4,34.0,944.0,0,141,1.2
1264,9955,2025-06-29 12:11:21.358000+00:00,29.3,49.2,34.0,943.9,0,182,0.4
1264,9955,2025-06-29 12:12:21.340000+00:00,29.3,48.7,34.0,944.0,0,0,0.7
1264,9955,2025-06-29 12:13:21.339000+00:00,29.3,48.7,34.0,944.0,0,227,0.0
1264,9955,2025-06-29 12:14:21.343000+00:00,29.5,49.9,34.0,944.1,0,271,0.4
1264,9955,2025-06-29 12:15:21.338000+00:00,29.6,50.7,33.0,944.1,0,57,0.9
1264,9955,2025-06-29 12:16:21.340000+00:00,29.7,50.4,33.0,944.1,0,174,0.7
1264,9955,2025-06-29 12:17:21.347000+00:00,29.7,50.6,33.0,944.0,0,283,0.7
1264,9955,2025-06-29 12:18:21.363000+00:00,29.9,51.2,33.0,944.1,0,326,0.7
1264,9955,2025-06-29 12:19:21.341000+00:00,30.0,51.2,33.0,944.0,0,6,1.3
1264,9955,2025-06-29 12:20:21.344000+00:00,30.0,50.6,33.0,944.0,0,278,0.9
1264,9955,2025-06-29 12:21:21.347000+00:00,30.0,49.4,34.0,944.0,0,242,2.4
1264,9955,2025-06-29 12:22:21.350000+00:00,29.9,49.4,34.0,944.0,0,192,2.2
1264,9955,2025-06-29 12:23:21.346000+00:00,29.8,49.3,34.0,944.1,0,74,1.2
1264,9955,2025-06-29 12:24:21.355000+00:00,29.6,48.3,34.0,944.0,0,63,2.5
1264,9955,2025-06-29 12:25:21.352000+00:00,29.5,47.8,34.0,944.0,0,72,2.1
1264,9955,2025-06-29 12:26:21.354000+00:00,29.3,47.4,34.0,944.2,0,74,1.9
1264,9955,2025-06-29 12:27:21.346000+00:00,29.1,46.8,34.0,944.1,0,73,1.6
1264,9955,2025-06-29 12:28:21.345000+00:00,29.1,46.1,35.0,944.0,0,40,1.1
1264,9955,2025-06-29 12:29:21.354000+00:00,29.1,48.1,35.0,944.0,0,48,1.4
1264,9955,2025-06-29 12:30:21.376000+00:00,29.2,49.1,34.0,944.0,0,63,1.0
1264,9955,2025-06-29 12:31:21.354000+00:00,29.3,49.1,33.0,944.0,0,66,1.1
1264,9955,2025-06-29 12:32:21.367000+00:00,29.5,48.6,32.0,943.9,0,88,1.9
1264,9955,2025-06-29 12:33:21.368000+00:00,29.5,49.2,33.0,943.9,0,67,1.4
1264,9955,2025-06-29 12:34:21.392000+00:00,29.3,48.5,34.0,944.0,0,97,1.2
1264,9955,2025-06-29 12:35:21.409000+00:00,29.4,48.1,34.0,944.0,0,73,0.5
1264,9955,2025-06-29 12:36:21.408000+00:00,29.4,48.2,34.0,944.0,0,208,1.8
1264,9955,2025-06-29 12:37:21.416000+00:00,29.4,48.7,34.0,944.0,0,62,0.8
1264,9955,2025-06-29 12:38:21.429000+00:00,29.4,49.4,33.0,944.0,0,172,0.5
1264,9955,2025-06-29 12:39:21.430000+00:00,29.6,49.4,33.0,944.0,0,53,0.4
1264,9955,2025-06-29 12:40:21.441000+00:00,29.9,49.5,34.0,943.9,0,123,0.9
1264,9955,2025-06-29 12:41:21.457000+00:00,29.9,49.7,33.0,944.0,0,46,0.9
1264,9955,2025-06-29 12:42:21.456000+00:00,29.9,50.0,33.0,943.8,0,21,1.0
1264,9955,2025-06-29 12:43:21.465000+00:00,29.9,50.5,33.0,943.8,0,14,0.9
1264,9955,2025-06-29 12:44:21.498000+00:00,30.0,51.0,32.0,943.8,0,64,0.9
1264,9955,2025-06-29 12:45:21.492000+00:00,30.1,50.6,31.0,943.8,0,103,1.4
1264,9955,2025-06-29 12:46:21.490000+00:00,30.1,49.9,32.0,943.8,0,257,0.7
1264,9955,2025-06-29 12:47:21.488000+00:00,30.0,49.5,33.0,943.7,0,203,0.6
1264,9955,2025-06-29 12:48:21.496000+00:00,30.0,50.5,33.0,943.8,0,56,0.4
1264,9955,2025-06-29 12:49:21.487000+00:00,30.1,50.5,32.0,943.8,0,39,1.3
1264,9955,2025-06-29 12:50:21.503000+00:00,30.2,50.3,32.0,943.8,0,21,0.9
1264,9955,2025-06-29 12:51:21.497000+00:00,30.3,49.2,33.0,943.7,0,35,1.0
1264,9955,2025-06-29 12:52:21.490000+00:00,30.4,49.2,33.0,943.8,0,303,0.5
1264,9955,2025-06-29 12:53:21.490000+00:00,30.4,50.1,33.0,943.7,0,251,1.3
1264,9955,2025-06-29 12:54:21.497000+00:00,30.2,50.2,33.0,943.7,0,256,2.5
1264,9955,2025-06-29 12:55:21.505000+00:00,30.0,49.7,32.0,943.7,0,188,1.9
1264,9955,2025-06-29 12:56:21.516000+00:00,30.0,49.7,33.0,943.7,0,214,1.1
1264,9955,2025-06-29 12:57:21.514000+00:00,30.0,50.2,33.0,943.6,0,299,0.9
1264,9955,2025-06-29 12:58:21.514000+00:00,30.1,50.4,33.0,943.7,0,265,1.0
1264,9955,2025-06-29 12:59:21.536000+00:00,30.1,50.5,33.0,943.6,0,255,1.4
1264,9955,2025-06-29 13:00:21.540000+00:00,30.2,50.4,33.0,943.6,0,233,1.1
1264,9955,2025-06-29 13:01:21.570000+00:00,30.2,50.4,33.0,943.6,0,241,1.0
1264,9955,2025-06-29 13:02:21.566000+00:00,30.2,50.4,33.0,943.5,0,276,1.6
1264,9955,2025-06-29 13:03:21.566000+00:00,30.1,50.7,33.0,943.6,0,275,1.3
1264,9955,2025-06-29 13:04:21.574000+00:00,30.3,50.8,32.0,943.6,0,9,0.5
1264,9955,2025-06-29 13:05:21.592000+00:00,30.3,50.7,32.0,943.5,0,38,1.0
1264,9955,2025-06-29 13:06:21.598000+00:00,30.3,50.1,32.0,943.5,0,26,1.4
1264,9955,2025-06-29 13:07:21.612000+00:00,30.3,50.3,33.0,943.5,0,90,1.0
1264,9955,2025-06-29 13:08:21.614000+00:00,30.1,50.4,32.0,943.5,0,59,0.9
1264,9955,2025-06-29 13:09:21.625000+00:00,30.3,50.8,31.0,943.4,0,51,2.3
1264,9955,2025-06-29 13:10:21.613000+00:00,30.3,50.8,31.0,943.5,0,64,3.0
1264,9955,2025-06-29 13:11:21.624000+00:00,30.4,49.8,31.0,943.5,0,19,2.4
1264,9955,2025-06-29 13:12:21.640000+00:00,30.4,49.7,32.0,943.4,0,95,1.7
1264,9955,2025-06-29 13:13:21.643000+00:00,30.3,50.5,33.0,943.5,0,189,0.9
1264,9955,2025-06-29 13:14:21.634000+00:00,30.3,50.5,32.0,943.5,0,35,1.0
1264,9955,2025-06-29 13:15:21.636000+00:00,30.3,50.8,32.0,943.4,0,102,0.6
1264,9955,2025-06-29 13:16:21.657000+00:00,30.5,50.3,32.0,943.4,0,25,1.2
1264,9955,2025-06-29 13:17:21.663000+00:00,30.4,48.7,31.0,943.5,0,0,1.1
1264,9955,2025-06-29 13:18:21.652000+00:00,30.2,47.8,33.0,943.4,0,207,0.9
1264,9955,2025-06-29 13:19:21.657000+00:00,30.2,48.6,33.0,943.4,0,216,0.9
1264,9955,2025-06-29 13:20:21.669000+00:00,30.4,49.7,32.0,943.4,0,0,1.0
1264,9955,2025-06-29 13:21:21.683000+00:00,30.4,49.3,31.0,943.3,0,57,0.8
1264,9955,2025-06-29 13:22:21.680000+00:00,30.6,49.2,32.0,943.4,0,336,1.5
1264,9955,2025-06-29 13:23:21.761000+00:00,30.7,49.6,32.0,943.3,0,68,0.8
1264,9955,2025-06-29 13:24:21.698000+00:00,30.7,49.8,32.0,943.4,0,74,1.4
1264,9955,2025-06-29 13:25:21.694000+00:00,30.8,49.8,32.0,943.3,0,43,0.6
1264,9955,2025-06-29 13:26:21.712000+00:00,30.7,49.7,32.0,943.2,0,40,1.4
1264,9955,2025-06-29 13:27:21.712000+00:00,30.6,50.3,32.0,943.3,0,61,1.9
1264,9955,2025-06-29 13:28:21.734000+00:00,30.6,50.4,32.0,943.2,0,59,2.1
1264,9955,2025-06-29 13:29:21.730000+00:00,30.6,50.3,32.0,943.3,0,40,2.2
1264,9955,2025-06-29 13:30:21.722000+00:00,30.7,50.3,31.0,943.2,0,66,3.1
1264,9955,2025-06-29 13:31:21.747000+00:00,30.8,49.9,31.0,943.3,0,58,3.7
1264,9955,2025-06-29 13:32:21.754000+00:00,30.6,49.2,31.0,943.2,0,45,2.4
1264,9955,2025-06-29 13:33:21.758000+00:00,30.6,49.1,32.0,943.4,0,65,2.1
1264,9955,2025-06-29 13:34:21.772000+00:00,30.5,49.2,31.0,943.2,0,82,2.1
1264,9955,2025-06-29 13:35:21.796000+00:00,30.4,49.9,32.0,943.3,0,67,2.7
1264,9955,2025-06-29 13:36:21.785000+00:00,30.4,49.5,31.0,943.2,0,72,3.1
1264,9955,2025-06-29 13:37:21.783000+00:00,30.4,49.5,32.0,943.3,0,63,2.1
1264,9955,2025-06-29 13:38:21.786000+00:00,30.5,49.5,31.0,943.2,0,50,2.6
1264,9955,2025-06-29 13:39:21.784000+00:00,30.5,49.6,31.0,943.1,0,43,1.9
1264,9955,2025-06-29 13:40:21.786000+00:00,30.6,49.7,30.0,943.1,0,49,1.9
1264,9955,2025-06-29 13:41:21.798000+00:00,30.6,49.4,31.0,943.1,0,79,2.5
1264,9955,2025-06-29 13:42:21.785000+00:00,30.6,49.4,32.0,943.1,0,61,2.2
1264,9955,2025-06-29 13:43:21.788000+00:00,30.6,49.0,31.0,943.1,0,34,1.8
1264,9955,2025-06-29 13:44:21.786000+00:00,30.5,49.0,31.0,943.2,0,50,1.0
1264,9955,2025-06-29 13:45:21.789000+00:00,30.6,49.3,31.0,943.2,0,63,1.6
1264,9955,2025-06-29 13:46:21.796000+00:00,30.7,49.3,31.0,943.2,0,47,1.9
1264,9955,2025-06-29 13:47:21.780000+00:00,30.6,49.3,31.0,943.1,0,50,1.8
1264,9955,2025-06-29 13:48:21.786000+00:00,30.6,49.6,31.0,943.0,0,23,1.9
1264,9955,2025-06-29 13:49:21.781000+00:00,30.6,49.6,30.0,943.1,0,55,2.4
1264,9955,2025-06-29 13:50:21.786000+00:00,30.5,49.1,31.0,943.2,0,67,1.3
1264,9955,2025-06-29 13:51:21.794000+00:00,30.5,49.1,31.0,943.1,0,72,1.9
1264,9955,2025-06-29 13:52:21.788000+00:00,30.6,48.8,31.0,943.1,0,88,2.4
1264,9955,2025-06-29 13:53:21.796000+00:00,30.6,49.7,31.0,943.0,0,63,1.5
1264,9955,2025-06-29 13:54:21.796000+00:00,30.6,49.4,31.0,943.1,0,66,3.2
1264,9955,2025-06-29 13:55:21.790000+00:00,30.6,48.8,31.0,943.2,0,44,2.5
1264,9955,2025-06-29 13:56:21.790000+00:00,30.5,48.8,31.0,943.0,0,65,2.0
1264,9955,2025-06-29 13:57:21.809000+00:00,30.5,48.7,31.0,943.0,0,54,2.8
1264,9955,2025-06-29 13:58:21.796000+00:00,30.6,48.7,32.0,943.0,0,53,2.2
1264,9955,2025-06-29 13:59:21.790000+00:00,30.6,48.8,32.0,943.1,0,40,2.2
1264,9955,2025-06-29 14:00:21.797000+00:00,30.5,48.5,31.0,943.0,0,20,2.0
1264,9955,2025-06-29 14:01:21.804000+00:00,30.4,48.5,32.0,943.1,0,65,1.6
1264,9955,2025-06-29 14:02:21.806000+00:00,30.5,48.4,32.0,943.0,0,24,1.7
1264,9955,2025-06-29 14:03:21.794000+00:00,30.5,48.4,31.0,942.9,0,353,1.2
1264,9955,2025-06-29 14:04:21.794000+00:00,30.4,48.1,31.0,943.0,0,271,0.0
1264,9955,2025-06-29 14:05:21.794000+00:00,30.4,48.3,32.0,942.9,0,15,1.1
1264,9955,2025-06-29 14:06:21.792000+00:00,30.5,48.7,31.0,943.1,0,359,0.8
1264,9955,2025-06-29 14:07:21.807000+00:00,30.8,49.3,31.0,942.9,0,35,0.7
1264,9955,2025-06-29 14:08:21.817000+00:00,30.9,48.6,30.0,943.0,0,43,3.3
1264,9955,2025-06-29 14:09:21.808000+00:00,30.9,48.4,31.0,943.0,0,5,2.7
1264,9955,2025-06-29 14:10:21.802000+00:00,30.8,48.4,32.0,943.0,0,68,1.1
1264,9955,2025-06-29 14:11:21.808000+00:00,30.8,48.7,32.0,942.8,0,72,1.4
1264,9955,2025-06-29 14:12:21.809000+00:00,31.0,49.3,31.0,942.9,0,43,1.2
1264,9955,2025-06-29 14:13:21.809000+00:00,31.1,49.1,31.0,942.9,0,28,2.1
1264,9955,2025-06-29 14:14:21.810000+00:00,31.2,49.1,30.0,942.9,0,51,2.8
1264,9955,2025-06-29 14:15:21.820000+00:00,31.2,48.9,30.0,942.9,0,54,2.5
1264,9955,2025-06-29 14:16:21.821000+00:00,31.3,48.0,31.0,942.8,0,57,1.8
1264,9955,2025-06-29 14:17:21.829000+00:00,31.3,48.2,32.0,942.9,0,55,0.8
1264,9955,2025-06-29 14:18:21.809000+00:00,31.1,48.9,31.0,942.9,0,72,1.4
1264,9955,2025-06-29 14:19:21.811000+00:00,31.1,48.9,31.0,942.7,0,48,3.2
1264,9955,2025-06-29 14:20:21.817000+00:00,31.1,48.7,31.0,942.7,0,46,2.0
1264,9955,2025-06-29 14:21:21.822000+00:00,31.1,48.7,31.0,942.8,0,60,2.8
1264,9955,2025-06-29 14:22:21.807000+00:00,31.1,48.7,31.0,942.9,0,49,2.5
1264,9955,2025-06-29 14:23:21.822000+00:00,31.1,48.4,31.0,942.8,0,72,3.1
1264,9955,2025-06-29 14:24:21.812000+00:00,31.0,48.4,31.0,942.7,0,41,2.2
1264,9955,2025-06-29 14:25:21.811000+00:00,31.0,48.6,31.0,942.6,0,66,1.9
1264,9955,2025-06-29 14:26:21.825000+00:00,30.9,48.5,31.0,942.8,0,55,2.5
1264,9955,2025-06-29 14:27:21.824000+00:00,30.9,48.2,30.0,942.8,0,40,2.9
1264,9955,2025-06-29 14:28:21.818000+00:00,30.9,47.5,31.0,942.7,0,82,1.7
1264,9955,2025-06-29 14:29:21.825000+00:00,30.7,48.2,31.0,942.7,0,39,1.5
1264,9955,2025-06-29 14:30:21.814000+00:00,30.7,48.6,31.0,942.7,0,60,2.3
1264,9955,2025-06-29 14:31:21.826000+00:00,30.9,48.6,30.0,942.7,0,69,2.0
1264,9955,2025-06-29 14:32:21.817000+00:00,31.0,48.6,30.0,942.7,0,65,2.1
1264,9955,2025-06-29 14:33:21.826000+00:00,31.1,48.3,30.0,942.7,0,72,1.9
1264,9955,2025-06-29 14:34:21.825000+00:00,31.2,48.2,30.0,942.6,0,72,2.8
1264,9955,2025-06-29 14:35:21.819000+00:00,31.3,48.0,30.0,942.7,0,42,2.2
1264,9955,2025-06-29 14:36:21.825000+00:00,31.3,47.5,30.0,942.7,0,28,2.4
1264,9955,2025-06-29 14:37:21.816000+00:00,31.0,47.5,32.0,942.6,0,68,1.6
1264,9955,2025-06-29 14:38:21.829000+00:00,30.8,47.3,32.0,942.6,0,49,2.8
1264,9955,2025-06-29 14:39:21.841000+00:00,30.7,45.9,31.0,942.7,0,19,1.5
1264,9955,2025-06-29 14:40:21.830000+00:00,30.7,45.9,32.0,942.6,0,44,0.9
1264,9955,2025-06-29 14:41:21.820000+00:00,30.6,46.3,32.0,942.7,0,60,1.3
1264,9955,2025-06-29 14:42:21.833000+00:00,30.6,47.6,32.0,942.5,0,41,1.9
1264,9955,2025-06-29 14:43:21.842000+00:00,30.7,47.8,31.0,942.5,0,41,2.0
1264,9955,2025-06-29 14:44:21.827000+00:00,30.7,46.9,30.0,942.6,0,47,3.0
1264,9955,2025-06-29 14:45:21.829000+00:00,30.7,45.8,30.0,942.6,0,34,2.2
1264,9955,2025-06-29 14:46:21.842000+00:00,30.8,45.7,31.0,942.6,0,3,1.8
1264,9955,2025-06-29 14:47:21.837000+00:00,30.8,46.1,32.0,942.6,0,39,0.8
1277,9940,2025-07-04 11:16:00.325000+00:00,21.7,36.7,46.0,1008.5,0,218,1.9
1277,9940,2025-07-04 11:17:00.338000+00:00,21.7,37.0,46.0,1008.7,0,227,2.4
1277,9940,2025-07-04 11:18:00.353000+00:00,21.8,37.0,45.0,1008.7,0,248,3.0
1277,9940,2025-07-04 11:19:00.353000+00:00,21.8,37.1,45.0,1008.5,0,210,3.2
1277,9940,2025-07-04 11:20:00.512000+00:00,21.8,37.5,45.0,1008.5,0,245,2.6
1277,9940,2025-07-04 11:21:00.351000+00:00,21.9,37.5,45.0,1008.5,0,242,2.7
1277,9940,2025-07-04 11:22:00.363000+00:00,21.9,37.8,44.0,1008.5,0,230,3.0
1277,9940,2025-07-04 11:23:00.354000+00:00,22.1,37.8,43.0,1008.5,0,225,4.1
1277,9940,2025-07-04 11:24:00.346000+00:00,22.1,37.6,43.0,1008.5,0,200,5.2
1277,9940,2025-07-04 11:25:00.357000+00:00,22.2,37.6,44.0,1008.6,0,211,4.1
1277,9940,2025-07-04 11:26:00.357000+00:00,22.0,37.5,44.0,1008.5,0,193,3.8
1277,9940,2025-07-04 11:27:00.365000+00:00,21.9,37.4,44.0,1008.4,0,199,3.6
1277,9940,2025-07-04 11:28:00.378000+00:00,21.8,37.4,44.0,1008.4,0,231,4.2
1277,9940,2025-07-04 11:29:00.378000+00:00,21.9,37.7,44.0,1008.4,0,264,4.0
1277,9940,2025-07-04 11:30:00.381000+00:00,21.9,38.1,44.0,1008.3,0,194,1.8
1277,9940,2025-07-04 11:31:00.376000+00:00,22.0,38.3,43.0,1008.3,0,235,2.2
1277,9940,2025-07-04 11:32:00.400000+00:00,22.0,38.4,43.0,1008.4,0,199,4.4
1277,9940,2025-07-04 11:33:00.399000+00:00,22.0,38.4,42.0,1008.3,0,210,3.1
1277,9940,2025-07-04 11:34:00.397000+00:00,22.1,38.3,42.0,1008.3,0,226,4.5
1277,9940,2025-07-04 11:35:00.403000+00:00,22.1,37.9,43.0,1008.3,0,221,3.9
1277,9940,2025-07-04 11:36:00.399000+00:00,22.0,38.4,45.0,1008.2,0,246,3.5
1277,9940,2025-07-04 11:37:00.401000+00:00,22.0,38.4,45.0,1008.2,0,210,3.9
1277,9940,2025-07-04 11:38:00.401000+00:00,22.1,38.6,46.0,1008.3,0,196,3.5
1277,9940,2025-07-04 11:39:00.401000+00:00,22.2,38.7,46.0,1008.2,0,223,4.6
1277,9940,2025-07-04 11:40:00.398000+00:00,22.2,38.7,46.0,1008.2,0,180,3.1
1277,9940,2025-07-04 11:41:00.402000+00:00,22.3,38.8,46.0,1008.2,0,222,2.7
1277,9940,2025-07-04 11:42:00.407000+00:00,22.3,38.9,45.0,1008.2,0,211,3.4
1277,9940,2025-07-04 11:43:00.403000+00:00,22.1,38.9,45.0,1008.1,0,203,2.1
1277,9940,2025-07-04 11:44:00.403000+00:00,22.1,38.9,46.0,1008.1,0,191,3.0
1277,9940,2025-07-04 11:45:00.403000+00:00,22.1,38.9,44.0,1008.1,0,208,4.1
1277,9940,2025-07-04 11:46:00.403000+00:00,22.3,38.9,45.0,1008.1,0,208,3.7
1277,9940,2025-07-04 11:47:00.389000+00:00,22.3,39.0,46.0,1008.0,0,179,4.1
1277,9940,2025-07-04 11:48:00.443000+00:00,22.2,39.1,47.0,1008.2,0,200,5.1
1277,9940,2025-07-04 11:49:00.404000+00:00,22.2,38.8,47.0,1008.1,0,211,4.7
1277,9940,2025-07-04 11:50:00.404000+00:00,22.3,38.8,47.0,1008.2,0,214,4.5
1277,9940,2025-07-04 11:51:00.424000+00:00,22.3,38.8,46.0,1008.1,0,211,3.9
1277,9940,2025-07-04 11:52:00.405000+00:00,22.4,39.2,46.0,1008.1,0,196,3.3
1277,9940,2025-07-04 11:53:00.405000+00:00,22.4,39.2,46.0,1008.1,0,171,3.5
1277,9940,2025-07-04 11:54:00.411000+00:00,22.5,39.1,46.0,1008.1,0,251,3.0
1277,9940,2025-07-04 11:55:00.406000+00:00,22.6,39.6,45.0,1008.2,0,233,3.6
1277,9940,2025-07-04 11:56:00.412000+00:00,22.6,39.7,44.0,1008.1,0,223,3.2
1277,9940,2025-07-04 11:57:00.406000+00:00,22.5,39.7,43.0,1008.1,0,198,2.4
1277,9940,2025-07-04 11:58:00.422000+00:00,22.6,39.7,44.0,1008.2,0,247,3.3
1277,9940,2025-07-04 11:59:00.409000+00:00,22.6,39.4,43.0,1008.0,0,208,2.1
1277,9940,2025-07-04 12:00:00.412000+00:00,22.6,39.9,44.0,1008.0,0,228,2.6
1277,9940,2025-07-04 12:01:00.408000+00:00,22.6,40.1,44.0,1008.0,0,200,2.7
1277,9940,2025-07-04 12:02:00.409000+00:00,22.6,39.9,43.0,1008.0,0,229,3.9
1277,9940,2025-07-04 12:03:00.427000+00:00,22.6,40.2,43.0,1007.9,0,216,2.8
1277,9940,2025-07-04 12:04:00.424000+00:00,22.7,40.2,43.0,1007.8,0,205,3.7
1277,9940,2025-07-04 12:05:00.438000+00:00,22.8,40.3,43.0,1007.8,0,253,3.5
1277,9940,2025-07-04 12:06:00.435000+00:00,22.8,40.3,43.0,1008.0,0,256,3.4
1277,9940,2025-07-04 12:07:00.449000+00:00,22.8,40.9,40.0,1007.8,0,202,3.0
1277,9940,2025-07-04 12:08:00.482000+00:00,22.9,40.9,39.0,1007.9,0,212,4.0
1277,9940,2025-07-04 12:09:00.491000+00:00,23.1,40.3,40.0,1007.9,0,249,4.1
1277,9940,2025-07-04 12:10:00.497000+00:00,23.1,40.3,41.0,1007.9,0,217,2.9
1277,9940,2025-07-04 12:11:00.497000+00:00,23.1,40.5,40.0,1007.9,0,209,2.9
1277,9940,2025-07-04 12:12:00.521000+00:00,23.1,40.5,41.0,1007.8,0,248,3.8
1277,9940,2025-07-04 12:13:00.529000+00:00,23.4,40.7,41.0,1007.8,0,249,4.5
1277,9940,2025-07-04 12:14:00.528000+00:00,23.4,40.6,41.0,1007.9,0,210,3.7
1277,9940,2025-07-04 12:15:00.549000+00:00,23.3,40.6,41.0,1007.8,0,237,3.5
1277,9940,2025-07-04 12:16:00.555000+00:00,23.3,40.2,41.0,1007.7,0,221,4.4
1277,9940,2025-07-04 12:17:00.560000+00:00,23.3,40.2,41.0,1007.8,0,182,4.3
1277,9940,2025-07-04 12:18:00.549000+00:00,23.2,40.3,38.0,1007.8,0,196,6.3
1277,9940,2025-07-04 12:19:00.557000+00:00,23.3,40.0,39.0,1007.8,0,206,5.0
1277,9940,2025-07-04 12:20:00.559000+00:00,23.3,40.2,37.0,1007.7,0,257,4.9
1277,9940,2025-07-04 12:21:00.558000+00:00,23.2,40.3,37.0,1008.0,0,248,4.8
1277,9940,2025-07-04 12:22:00.557000+00:00,23.3,40.3,37.0,1007.8,0,230,4.3
1277,9940,2025-07-04 12:23:00.557000+00:00,23.4,40.3,38.0,1007.9,0,193,3.3
1277,9940,2025-07-04 12:24:00.558000+00:00,23.4,40.6,38.0,1007.7,0,271,2.8
1277,9940,2025-07-04 12:25:00.566000+00:00,23.4,40.7,38.0,1007.6,0,210,1.8
1277,9940,2025-07-04 12:26:00.558000+00:00,23.4,41.3,37.0,1007.6,0,203,3.3
1277,9940,2025-07-04 12:27:00.558000+00:00,23.4,41.3,38.0,1007.4,0,207,5.0
1277,9940,2025-07-04 12:28:00.561000+00:00,23.4,41.3,37.0,1007.6,0,208,4.3
1277,9940,2025-07-04 12:29:00.555000+00:00,23.4,41.3,37.0,1007.5,0,234,3.6
1277,9940,2025-07-04 12:30:00.561000+00:00,23.6,41.5,37.0,1007.6,0,211,4.6
1277,9940,2025-07-04 12:31:00.573000+00:00,23.8,41.3,37.0,1007.6,0,207,6.1
1277,9940,2025-07-04 12:32:00.587000+00:00,23.9,41.1,38.0,1007.6,0,230,5.6
1277,9940,2025-07-04 12:33:00.585000+00:00,24.0,41.0,38.0,1007.4,0,219,3.2
1277,9940,2025-07-04 12:34:00.612000+00:00,24.1,41.0,38.0,1007.4,0,199,3.0
1277,9940,2025-07-04 12:35:00.626000+00:00,23.9,41.0,38.0,1007.6,0,236,3.5
1277,9940,2025-07-04 12:36:00.625000+00:00,23.9,41.4,37.0,1007.5,0,255,4.0
1277,9941,2025-07-04 14:46:00.655000+00:00,24.5,42.0,33.0,1006.1,0,241,3.5
1277,9941,2025-07-04 14:47:00.671000+00:00,24.6,42.2,33.0,1006.1,0,254,3.0
1277,9941,2025-07-04 14:48:00.656000+00:00,24.5,42.4,33.0,1006.0,0,261,2.4
1277,9941,2025-07-04 14:49:00.656000+00:00,24.5,42.6,33.0,1006.0,0,243,2.3
1277,9941,2025-07-04 14:50:00.654000+00:00,24.5,42.4,33.0,1006.1,0,232,3.2
1277,9941,2025-07-04 14:51:00.663000+00:00,24.5,42.4,33.0,1006.0,0,223,5.1
1277,9941,2025-07-04 14:52:00.686000+00:00,24.5,41.8,32.0,1006.1,0,224,4.4
1277,9941,2025-07-04 14:53:00.698000+00:00,24.5,41.7,32.0,1006.1,0,220,4.2
1277,9941,2025-07-04 14:54:00.702000+00:00,24.4,41.6,33.0,1006.1,0,230,5.9
1277,9941,2025-07-04 14:55:00.717000+00:00,24.4,41.6,33.0,1006.0,0,191,2.8
1277,9941,2025-07-04 14:56:00.702000+00:00,24.5,41.6,33.0,1006.0,0,229,4.4
1277,9941,2025-07-04 14:57:00.712000+00:00,24.6,41.7,34.0,1005.9,0,239,3.1
1277,9941,2025-07-04 14:58:00.711000+00:00,24.6,41.9,33.0,1005.9,0,188,4.6
1277,9941,2025-07-04 14:59:00.714000+00:00,24.5,41.3,33.0,1006.0,0,203,4.6
1277,9941,2025-07-04 15:00:00.719000+00:00,24.5,41.3,34.0,1006.0,0,253,4.6
1277,9941,2025-07-04 15:01:00.718000+00:00,24.4,41.1,34.0,1006.0,0,235,4.4
1277,9941,2025-07-04 15:02:00.729000+00:00,24.4,40.8,34.0,1005.9,0,236,4.4
1277,9941,2025-07-04 15:03:00.718000+00:00,24.2,40.8,34.0,1005.9,0,264,3.2
1277,9941,2025-07-04 15:04:00.710000+00:00,24.2,40.8,34.0,1005.9,0,237,3.2
1277,9941,2025-07-04 15:05:00.717000+00:00,24.3,40.8,34.0,1006.1,0,256,3.7
1277,9941,2025-07-04 15:06:00.730000+00:00,24.5,40.5,35.0,1005.9,0,240,1.8
1277,9941,2025-07-04 15:07:00.737000+00:00,24.4,40.4,35.0,1005.9,0,195,3.4
1277,9941,2025-07-04 15:08:00.744000+00:00,24.4,40.4,34.0,1005.8,0,202,4.5
1277,9941,2025-07-04 15:09:00.762000+00:00,24.4,40.4,35.0,1005.9,0,201,5.2
1277,9941,2025-07-04 15:10:00.773000+00:00,24.4,40.3,35.0,1005.9,0,208,3.6
1277,9941,2025-07-04 15:11:00.789000+00:00,24.4,40.4,36.0,1005.9,0,200,3.7
1277,9941,2025-07-04 15:12:00.801000+00:00,24.4,40.2,36.0,1005.9,0,218,4.4
1277,9941,2025-07-04 15:13:00.802000+00:00,24.4,40.2,36.0,1005.8,0,213,3.0
1277,9941,2025-07-04 15:14:00.802000+00:00,24.2,40.5,36.0,1005.9,0,225,3.7
1277,9941,2025-07-04 15:15:00.824000+00:00,24.2,40.8,36.0,1005.7,0,255,3.1
1277,9941,2025-07-04 15:16:00.811000+00:00,24.3,40.8,35.0,1005.8,0,236,3.9
1277,9941,2025-07-04 15:17:00.809000+00:00,24.4,41.0,35.0,1005.8,0,214,2.9
1277,9941,2025-07-04 15:18:00.812000+00:00,24.5,41.0,35.0,1005.8,0,227,3.0
1277,9941,2025-07-04 15:19:00.812000+00:00,24.4,40.9,36.0,1005.8,0,248,3.2
1277,9941,2025-07-04 15:20:00.808000+00:00,24.3,40.7,36.0,1005.9,0,207,4.2
1277,9941,2025-07-04 15:21:00.805000+00:00,24.2,40.7,36.0,1005.8,0,238,3.4
1277,9941,2025-07-04 15:22:00.812000+00:00,24.1,40.4,36.0,1005.7,0,248,2.8
1277,9941,2025-07-04 15:23:00.818000+00:00,24.1,39.9,36.0,1005.8,0,258,2.9
1277,9941,2025-07-04 15:24:00.820000+00:00,24.1,39.9,36.0,1005.8,0,228,2.7
1277,9941,2025-07-04 15:25:00.815000+00:00,24.0,39.7,37.0,1005.7,0,255,2.4
1277,9941,2025-07-04 15:26:00.815000+00:00,23.9,39.6,37.0,1005.7,0,247,2.3
1277,9941,2025-07-04 15:27:00.810000+00:00,23.9,39.7,36.0,1005.6,0,215,3.2
1277,9941,2025-07-04 15:28:00.814000+00:00,24.0,39.3,36.0,1005.7,0,202,3.2
1277,9941,2025-07-04 15:29:00.817000+00:00,23.9,39.0,35.0,1005.7,0,242,4.3
1277,9941,2025-07-04 15:30:00.817000+00:00,23.9,38.7,35.0,1005.6,0,215,4.5
1277,9941,2025-07-04 15:31:00.816000+00:00,23.9,39.0,36.0,1005.6,0,231,4.2
1277,9941,2025-07-04 15:32:00.815000+00:00,23.8,39.0,36.0,1005.6,0,231,4.2
1277,9941,2025-07-04 15:33:00.821000+00:00,23.8,39.1,36.0,1005.6,0,203,3.4
1277,9941,2025-07-04 15:34:00.816000+00:00,23.8,39.1,36.0,1005.6,0,222,4.4
1277,9941,2025-07-04 15:35:00.816000+00:00,23.9,39.2,36.0,1005.6,0,247,2.9
1277,9941,2025-07-04 15:36:00.830000+00:00,23.9,39.8,36.0,1005.6,0,238,4.7
1277,9941,2025-07-04 15:37:00.817000+00:00,24.0,39.8,36.0,1005.6,0,244,4.1
1277,9941,2025-07-04 15:38:00.831000+00:00,24.1,39.6,36.0,1005.7,0,243,3.8
1277,9941,2025-07-04 15:39:00.816000+00:00,24.3,39.5,36.0,1005.6,0,247,3.9
1277,9941,2025-07-04 15:40:00.818000+00:00,24.3,39.0,36.0,1005.6,0,210,3.3
1277,9941,2025-07-04 15:41:00.831000+00:00,24.2,39.0,35.0,1005.6,0,243,3.8
1277,9941,2025-07-04 15:42:00.824000+00:00,24.2,38.6,35.0,1005.6,0,207,3.1
1277,9941,2025-07-04 15:43:00.834000+00:00,24.1,38.8,36.0,1005.5,0,238,4.3
1277,9941,2025-07-04 15:44:00.890000+00:00,24.0,38.3,35.0,1005.5,0,252,3.9
1277,9941,2025-07-04 15:45:00.833000+00:00,23.9,38.3,35.0,1005.6,0,247,3.4
1277,9941,2025-07-04 15:46:00.826000+00:00,23.8,38.4,36.0,1005.6,0,218,3.7
1277,9941,2025-07-04 15:47:00.828000+00:00,23.7,38.2,36.0,1005.5,0,220,5.4
1277,9941,2025-07-04 15:48:00.834000+00:00,23.7,37.9,36.0,1005.6,0,246,4.2
1277,9941,2025-07-04 15:49:00.819000+00:00,23.8,37.8,36.0,1005.6,0,203,4.6
1277,9941,2025-07-04 15:50:00.819000+00:00,23.8,38.2,37.0,1005.6,0,224,3.6
1277,9941,2025-07-04 15:51:00.835000+00:00,23.9,38.4,36.0,1005.5,0,247,4.1
1277,9941,2025-07-04 15:52:00.872000+00:00,24.0,38.3,36.0,1005.6,0,237,4.9
1277,9941,2025-07-04 15:53:00.834000+00:00,24.0,38.4,36.0,1005.4,0,223,4.0
1277,9941,2025-07-04 15:54:00.849000+00:00,23.9,38.4,36.0,1005.6,0,209,4.9
1277,9941,2025-07-04 15:55:00.848000+00:00,24.0,38.4,36.0,1005.5,0,231,4.1
1277,9941,2025-07-04 15:56:00.854000+00:00,24.0,38.4,35.0,1005.5,0,246,4.8
1277,9941,2025-07-04 15:57:00.876000+00:00,23.9,38.4,35.0,1005.5,0,230,3.2
1277,9941,2025-07-04 15:58:00.881000+00:00,23.9,38.3,35.0,1005.4,0,328,3.7
1277,9941,2025-07-04 15:59:00.879000+00:00,23.9,38.4,35.0,1005.5,0,252,2.6
1277,9941,2025-07-04 16:00:00.879000+00:00,23.9,38.4,35.0,1005.4,0,215,3.0
1277,9941,2025-07-04 16:01:00.892000+00:00,23.9,38.0,35.0,1005.3,0,233,2.5
1277,9941,2025-07-04 16:02:00.886000+00:00,24.0,38.0,35.0,1005.4,0,244,3.3
1277,9941,2025-07-04 16:03:00.882000+00:00,24.0,38.0,35.0,1005.5,0,264,2.8
1277,9941,2025-07-04 16:04:00.893000+00:00,24.0,37.9,35.0,1005.3,0,244,3.2
1277,9941,2025-07-04 16:05:00.881000+00:00,23.9,37.9,36.0,1005.5,0,238,3.6
1277,9941,2025-07-04 16:06:00.909000+00:00,23.9,38.0,36.0,1005.5,0,239,3.1
1277,9942,2025-07-05 10:15:53.904000+00:00,19.7,26.1,70.0,996.9,0,199,2.9
1277,9942,2025-07-05 10:16:53.913000+00:00,19.6,26.2,70.0,997.0,0,201,2.9
1277,9942,2025-07-05 10:17:53.938000+00:00,19.6,26.2,69.0,997.0,0,194,3.3
1277,9942,2025-07-05 10:18:53.947000+00:00,19.6,25.8,70.0,996.9,0,235,3.1
1277,9942,2025-07-05 10:19:53.965000+00:00,19.6,25.8,70.0,996.9,0,237,3.1
1277,9942,2025-07-05 10:20:53.978000+00:00,19.6,25.8,70.0,996.9,0,225,2.7
1277,9942,2025-07-05 10:21:53.986000+00:00,19.6,25.8,70.0,996.9,0,267,3.3
1277,9942,2025-07-05 10:22:54.006000+00:00,19.7,25.7,70.0,996.9,0,208,2.4
1277,9942,2025-07-05 10:23:54.004000+00:00,19.7,25.7,70.0,996.9,0,201,2.5
1277,9942,2025-07-05 10:24:54.028000+00:00,19.7,25.5,70.0,996.9,0,205,2.9
1277,9942,2025-07-05 10:25:54.014000+00:00,19.7,25.4,70.0,996.9,0,203,3.4
1277,9942,2025-07-05 10:26:54.004000+00:00,19.8,25.3,70.0,997.0,0,210,3.3
1277,9942,2025-07-05 10:27:54.004000+00:00,19.8,25.3,70.0,997.0,0,210,3.3
1277,9942,2025-07-05 10:28:54.013000+00:00,19.8,25.1,70.0,996.9,0,231,3.4
1277,9942,2025-07-05 10:29:54.013000+00:00,19.8,25.1,70.0,996.9,0,215,2.9
1277,9942,2025-07-05 10:30:54.006000+00:00,19.8,25.1,70.0,996.9,0,232,4.2
1277,9942,2025-07-05 10:31:54.025000+00:00,19.7,25.1,70.0,996.9,0,254,3.1
1277,9942,2025-07-05 10:32:54.014000+00:00,19.6,25.1,70.0,996.9,0,202,3.0
1277,9942,2025-07-05 10:33:54.026000+00:00,19.6,24.9,70.0,997.0,0,238,4.6
1277,9942,2025-07-05 10:34:54.015000+00:00,19.6,24.8,70.0,996.8,0,208,4.0
1277,9942,2025-07-05 10:35:54.016000+00:00,19.5,24.8,70.0,996.8,0,222,4.6
1277,9942,2025-07-05 10:36:54.023000+00:00,19.5,24.8,70.0,996.7,0,223,4.2
1277,9942,2025-07-05 10:37:54.029000+00:00,19.5,24.8,70.0,996.8,0,231,4.4
1277,9942,2025-07-05 10:38:54.026000+00:00,19.5,24.9,70.0,996.8,0,188,3.7
1277,9942,2025-07-05 10:39:54.008000+00:00,19.5,24.9,70.0,996.8,0,247,4.5
1277,9942,2025-07-05 10:40:54.018000+00:00,19.5,25.0,70.0,996.8,0,208,4.3
1277,9942,2025-07-05 10:41:54.012000+00:00,19.6,25.0,70.0,996.7,0,247,4.0
1277,9942,2025-07-05 10:42:54.025000+00:00,19.6,25.0,70.0,996.7,0,201,4.5
1277,9942,2025-07-05 10:43:54.009000+00:00,19.6,25.0,70.0,996.8,0,252,3.6
1277,9942,2025-07-05 10:44:54.013000+00:00,19.6,24.8,69.0,996.8,0,237,4.2
1277,9942,2025-07-05 10:45:54.014000+00:00,19.6,24.8,69.0,996.7,0,225,4.9
1277,9942,2025-07-05 10:46:54.021000+00:00,19.6,24.8,69.0,996.7,0,203,4.0
1277,9942,2025-07-05 10:47:54.010000+00:00,19.6,24.9,70.0,996.8,0,256,3.7
1277,9942,2025-07-05 10:48:54.016000+00:00,19.7,25.0,69.0,996.8,0,195,3.6
1277,9942,2025-07-05 10:49:54.024000+00:00,19.7,24.9,69.0,996.6,0,250,4.9
1277,9942,2025-07-05 10:50:54.028000+00:00,19.7,25.0,70.0,996.7,0,249,4.3
1277,9942,2025-07-05 10:51:54.019000+00:00,19.7,25.2,70.0,996.7,0,215,3.5
1277,9942,2025-07-05 10:52:54.024000+00:00,19.7,25.3,69.0,996.7,0,199,3.2
1277,9942,2025-07-05 10:53:54.029000+00:00,19.8,25.5,69.0,996.6,0,223,3.0
1277,9942,2025-07-05 10:54:54.012000+00:00,19.8,25.5,69.0,996.6,0,194,3.9
1277,9942,2025-07-05 10:55:54.031000+00:00,19.9,25.5,68.0,996.6,0,219,4.5
1277,9942,2025-07-05 10:56:54.033000+00:00,19.9,25.5,69.0,996.6,0,196,3.0
1277,9942,2025-07-05 10:57:54.033000+00:00,20.0,25.6,68.0,996.7,0,198,4.1
1277,9942,2025-07-05 10:58:54.030000+00:00,20.0,25.6,69.0,996.7,0,207,5.0
1277,9942,2025-07-05 10:59:54.045000+00:00,20.0,25.7,69.0,996.6,0,235,3.7
1277,9942,2025-07-05 11:00:54.076000+00:00,20.0,25.6,69.0,996.6,0,214,3.8
1277,9942,2025-07-05 11:01:54.036000+00:00,20.0,25.5,69.0,996.5,0,199,2.4
1277,9942,2025-07-05 11:02:54.036000+00:00,20.0,25.5,69.0,996.6,0,206,3.1
1277,9942,2025-07-05 11:03:54.024000+00:00,20.1,25.4,69.0,996.8,0,206,3.9
1277,9942,2025-07-05 11:04:54.045000+00:00,20.0,25.4,70.0,996.5,0,203,3.5
1277,9942,2025-07-05 11:05:54.040000+00:00,20.0,25.2,70.0,996.6,0,197,4.5
1277,9942,2025-07-05 11:06:54.032000+00:00,20.0,25.0,70.0,996.4,0,194,4.2
1277,9942,2025-07-05 11:07:54.040000+00:00,19.9,24.9,70.0,996.6,0,204,4.2
1277,9942,2025-07-05 11:08:54.054000+00:00,19.9,24.8,70.0,996.6,0,207,4.1
1277,9942,2025-07-05 11:09:54.088000+00:00,19.9,24.8,71.0,996.6,0,219,3.7
1277,9942,2025-07-05 11:10:54.088000+00:00,19.9,24.6,70.0,996.4,0,206,4.2
1277,9942,2025-07-05 11:11:54.095000+00:00,19.9,24.5,70.0,996.5,0,199,4.9
1277,9942,2025-07-05 11:12:54.104000+00:00,19.8,24.5,70.0,996.6,0,216,4.5
1277,9942,2025-07-05 11:13:54.100000+00:00,19.8,24.5,70.0,996.6,0,237,4.0
1277,9942,2025-07-05 11:14:54.119000+00:00,19.8,24.6,70.0,996.6,0,233,4.1
1277,9942,2025-07-05 11:15:54.157000+00:00,19.8,24.7,70.0,996.4,0,220,4.3
1277,9942,2025-07-05 11:16:54.139000+00:00,19.8,24.7,70.0,996.5,0,215,3.0
1277,9942,2025-07-05 11:17:54.158000+00:00,19.7,24.7,70.0,996.4,0,233,3.1
1277,9942,2025-07-05 11:18:54.165000+00:00,19.8,24.6,70.0,996.5,0,227,3.6
1277,9942,2025-07-05 11:19:54.180000+00:00,19.8,24.6,70.0,996.5,0,224,4.6
1277,9942,2025-07-05 11:20:54.183000+00:00,19.8,24.4,70.0,996.5,0,221,3.5
1277,9942,2025-07-05 11:21:54.172000+00:00,19.8,24.5,70.0,996.5,0,239,2.0
1277,9942,2025-07-05 11:22:54.188000+00:00,19.8,24.8,71.0,996.4,0,193,2.2
1277,9942,2025-07-05 11:23:54.180000+00:00,19.8,24.8,70.0,996.3,0,223,4.3
1277,9942,2025-07-05 11:24:54.181000+00:00,19.8,24.9,71.0,996.4,0,186,4.7
1277,9942,2025-07-05 11:25:54.181000+00:00,19.8,25.0,71.0,996.4,0,194,4.2
1277,9942,2025-07-05 11:26:54.177000+00:00,19.8,25.0,71.0,996.3,0,223,4.3
1277,9942,2025-07-05 11:27:54.188000+00:00,19.8,25.0,70.0,996.4,0,224,4.7
1277,9942,2025-07-05 11:28:54.213000+00:00,19.9,24.8,70.0,996.4,0,208,5.2
1277,9942,2025-07-05 11:29:54.171000+00:00,19.9,24.8,70.0,996.4,0,201,4.0
1277,9942,2025-07-05 11:30:54.187000+00:00,19.9,24.9,70.0,996.3,0,229,4.4
1277,9942,2025-07-05 11:31:54.173000+00:00,19.9,24.9,70.0,996.3,0,202,3.8
1277,9942,2025-07-05 11:32:54.182000+00:00,19.8,25.0,70.0,996.3,0,209,4.4
1277,9942,2025-07-05 11:33:54.180000+00:00,19.8,25.0,70.0,996.3,0,200,4.4
1277,9942,2025-07-05 11:34:54.184000+00:00,19.8,24.9,70.0,996.4,0,218,4.1
1277,9942,2025-07-05 11:35:54.182000+00:00,19.8,24.7,71.0,996.4,0,191,4.8
1277,9942,2025-07-05 11:36:54.197000+00:00,19.8,24.6,71.0,996.3,0,224,4.6
1277,9943,2025-07-05 13:46:54.709000+00:00,19.5,25.3,75.0,995.3,0,225,4.5
1277,9943,2025-07-05 13:47:54.703000+00:00,19.5,25.3,76.0,995.2,0,205,3.9
1277,9943,2025-07-05 13:48:54.727000+00:00,19.4,25.3,76.0,995.3,0,208,3.9
1277,9943,2025-07-05 13:49:54.724000+00:00,19.4,25.2,76.0,995.2,0,199,5.5
1277,9943,2025-07-05 13:50:54.737000+00:00,19.4,25.3,76.0,995.2,0,204,4.3
1277,9943,2025-07-05 13:51:54.748000+00:00,19.4,25.4,76.0,995.2,0,203,4.9
1277,9943,2025-07-05 13:52:54.747000+00:00,19.4,25.3,76.0,995.2,0,226,4.9
1277,9943,2025-07-05 13:53:54.776000+00:00,19.3,25.3,77.0,995.2,0,204,4.2
1277,9943,2025-07-05 13:54:54.782000+00:00,19.3,25.3,77.0,995.2,0,223,3.5
1277,9943,2025-07-05 13:55:54.821000+00:00,19.3,25.3,77.0,995.2,0,214,3.8
1277,9943,2025-07-05 13:56:54.827000+00:00,19.2,25.1,77.0,995.1,0,193,4.0
1277,9943,2025-07-05 13:57:54.785000+00:00,19.2,25.1,77.0,995.2,0,210,4.8
1277,9943,2025-07-05 13:58:54.787000+00:00,19.2,25.1,77.0,995.2,0,221,4.0
1277,9943,2025-07-05 13:59:54.790000+00:00,19.2,25.1,77.0,995.2,0,222,3.2
1277,9943,2025-07-05 14:00:54.787000+00:00,19.2,25.3,77.0,995.2,0,209,4.1
1277,9943,2025-07-05 14:01:54.785000+00:00,19.2,25.5,77.0,995.1,0,195,3.9
1277,9943,2025-07-05 14:02:54.780000+00:00,19.2,25.8,77.0,995.1,0,190,3.9
1277,9943,2025-07-05 14:03:54.785000+00:00,19.2,25.9,77.0,995.1,0,243,3.8
1277,9943,2025-07-05 14:04:54.798000+00:00,19.3,26.1,77.0,995.1,0,215,4.7
1277,9943,2025-07-05 14:05:54.788000+00:00,19.3,26.3,77.0,995.1,0,209,4.5
1277,9943,2025-07-05 14:06:54.787000+00:00,19.4,26.3,77.0,995.1,0,203,4.4
1277,9943,2025-07-05 14:07:54.792000+00:00,19.5,26.3,77.0,995.0,0,219,3.5
1277,9943,2025-07-05 14:08:54.808000+00:00,19.5,26.4,77.0,994.9,0,193,3.2
1277,9943,2025-07-05 14:09:54.817000+00:00,19.6,26.4,76.0,995.0,0,202,5.1
1277,9943,2025-07-05 14:10:54.800000+00:00,19.7,26.4,76.0,995.0,0,210,4.5
1277,9943,2025-07-05 14:11:54.828000+00:00,19.7,26.4,76.0,995.0,0,205,4.9
1277,9943,2025-07-05 14:12:54.848000+00:00,19.8,26.3,76.0,995.1,0,235,4.1
1277,9943,2025-07-05 14:13:54.852000+00:00,19.7,26.4,76.0,994.9,0,176,2.6
1277,9943,2025-07-05 14:14:54.842000+00:00,19.8,26.4,77.0,995.0,0,205,3.7
1277,9943,2025-07-05 14:15:54.851000+00:00,19.9,26.4,76.0,995.0,0,212,4.6
1277,9943,2025-07-05 14:16:54.849000+00:00,19.9,26.1,76.0,994.9,0,214,4.6
1277,9943,2025-07-05 14:17:54.851000+00:00,19.9,26.0,76.0,994.9,0,215,3.7
1277,9943,2025-07-05 14:18:54.857000+00:00,19.9,26.1,77.0,995.0,0,194,3.5
1277,9943,2025-07-05 14:19:54.861000+00:00,19.8,26.2,76.0,995.0,0,191,4.7
1277,9943,2025-07-05 14:20:54.880000+00:00,19.7,26.2,77.0,994.9,0,207,4.0
1277,9943,2025-07-05 14:21:54.903000+00:00,19.6,26.1,77.0,994.8,0,203,5.0
1277,9943,2025-07-05 14:22:54.899000+00:00,19.6,26.0,77.0,994.9,0,199,4.4
1277,9943,2025-07-05 14:23:54.904000+00:00,19.6,26.0,77.0,994.9,0,199,4.1
1277,9943,2025-07-05 14:24:54.908000+00:00,19.6,26.3,77.0,994.9,0,211,3.9
1277,9943,2025-07-05 14:25:54.905000+00:00,19.6,26.5,77.0,994.9,0,203,4.1
1277,9943,2025-07-05 14:26:54.921000+00:00,19.7,26.6,76.0,994.9,0,206,5.4
1277,9943,2025-07-05 14:27:54.908000+00:00,19.7,26.6,77.0,994.9,0,241,4.2
1277,9943,2025-07-05 14:28:54.937000+00:00,19.7,26.7,77.0,994.8,0,222,3.8
1277,9943,2025-07-05 14:29:54.942000+00:00,19.8,27.4,76.0,994.9,0,237,4.0
1277,9943,2025-07-05 14:30:54.935000+00:00,19.9,28.0,76.0,994.9,0,237,3.6
1277,9943,2025-07-05 14:31:54.929000+00:00,20.0,28.0,75.0,994.7,0,201,4.9
1277,9943,2025-07-05 14:32:54.954000+00:00,20.1,28.0,75.0,994.8,0,248,3.7
1277,9943,2025-07-05 14:33:54.954000+00:00,20.1,28.0,74.0,994.9,0,241,2.9
1277,9943,2025-07-05 14:34:54.967000+00:00,20.2,28.0,74.0,994.8,0,203,3.6
1277,9943,2025-07-05 14:35:54.991000+00:00,20.2,28.0,73.0,994.7,0,192,4.2
1277,9943,2025-07-05 14:36:54.992000+00:00,20.3,28.0,73.0,994.8,0,265,4.2
1277,9943,2025-07-05 14:37:55.015000+00:00,20.3,27.9,73.0,994.8,0,233,3.3
1277,9943,2025-07-05 14:38:54.991000+00:00,20.4,27.9,72.0,994.7,0,249,2.8
1277,9943,2025-07-05 14:39:55.042000+00:00,20.4,27.9,72.0,994.7,0,221,3.2
1277,9943,2025-07-05 14:40:55.027000+00:00,20.4,27.9,72.0,994.9,0,202,3.2
1277,9943,2025-07-05 14:41:55.041000+00:00,20.5,27.9,71.0,994.8,0,219,4.1
1277,9943,2025-07-05 14:42:55.030000+00:00,20.5,28.0,71.0,994.9,0,234,3.9
1277,9943,2025-07-05 14:43:55.059000+00:00,20.6,28.1,71.0,994.8,0,196,4.0
1277,9943,2025-07-05 14:44:55.059000+00:00,20.6,28.2,71.0,994.8,0,202,4.7
1277,9943,2025-07-05 14:45:55.065000+00:00,20.7,28.4,70.0,994.8,0,249,3.8
1277,9943,2025-07-05 14:46:55.073000+00:00,20.7,28.2,70.0,994.7,0,257,4.6
1277,9943,2025-07-05 14:47:55.083000+00:00,20.7,28.4,71.0,994.6,0,230,4.1
1277,9943,2025-07-05 14:48:55.065000+00:00,20.6,28.7,70.0,994.7,0,215,4.2
1277,9943,2025-07-05 14:49:55.075000+00:00,20.8,28.7,70.0,994.7,0,245,3.4
1277,9943,2025-07-05 14:50:55.066000+00:00,20.9,28.9,69.0,994.7,0,204,3.7
1277,9943,2025-07-05 14:51:55.069000+00:00,20.9,28.9,68.0,994.7,0,244,3.3
1277,9943,2025-07-05 14:52:55.067000+00:00,21.0,28.7,68.0,994.6,0,239,4.0
1277,9943,2025-07-05 14:53:55.070000+00:00,21.1,28.7,68.0,994.6,0,226,3.2
1277,9943,2025-07-05 14:54:55.067000+00:00,21.1,29.2,67.0,994.6,0,234,4.9
1277,9943,2025-07-05 14:55:55.083000+00:00,21.2,30.1,67.0,994.6,0,239,3.6
1277,9943,2025-07-05 14:56:55.068000+00:00,21.3,31.2,67.0,994.5,0,212,4.1
1277,9943,2025-07-05 14:57:55.084000+00:00,21.4,31.2,66.0,994.6,0,250,4.2
1277,9943,2025-07-05 14:58:55.086000+00:00,21.5,31.0,65.0,994.5,0,206,4.3
1277,9943,2025-07-05 14:59:55.086000+00:00,21.5,30.4,65.0,994.5,0,222,4.5
1277,9943,2025-07-05 15:00:55.086000+00:00,21.6,30.3,65.0,994.4,0,217,4.4
1277,9943,2025-07-05 15:01:55.087000+00:00,21.5,30.9,65.0,994.5,0,238,3.7
1277,9943,2025-07-05 15:02:55.091000+00:00,21.5,31.1,65.0,994.6,0,199,3.9
1277,9943,2025-07-05 15:03:55.088000+00:00,21.5,30.5,65.0,994.5,0,196,4.2
1277,9943,2025-07-05 15:04:55.088000+00:00,21.5,30.1,65.0,994.5,0,229,4.0
1277,9943,2025-07-05 15:05:55.088000+00:00,21.4,29.6,65.0,994.5,0,204,3.5
1277,9943,2025-07-05 15:06:55.088000+00:00,21.4,29.3,65.0,994.4,0,260,3.5
1277,9943,2025-07-05 15:07:55.090000+00:00,21.3,29.1,66.0,994.6,0,208,3.7
1277,9943,2025-07-05 15:08:55.089000+00:00,21.3,29.0,66.0,994.4,0,178,3.3
1277,9943,2025-07-05 15:09:55.089000+00:00,21.3,28.8,66.0,994.4,0,235,2.6
1277,9943,2025-07-05 15:10:55.090000+00:00,21.3,29.0,65.0,994.5,0,198,5.2
1277,9943,2025-07-05 15:11:55.091000+00:00,21.4,28.8,65.0,994.5,0,228,5.1
1277,9943,2025-07-05 15:12:55.090000+00:00,21.4,28.8,66.0,994.6,0,208,3.3
1277,9947,2025-07-06 13:08:00.335000+00:00,18.0,24.2,85.0,988.6,0,174,0.7
1277,9947,2025-07-06 13:09:00.287000+00:00,18.0,24.6,83.0,988.5,0,111,0.9
1277,9947,2025-07-06 13:10:00.295000+00:00,18.1,24.6,82.0,988.6,0,61,2.2
1277,9947,2025-07-06 13:11:00.297000+00:00,18.0,24.1,81.0,988.6,0,71,3.1
1277,9947,2025-07-06 13:12:00.295000+00:00,18.0,23.9,79.0,988.5,0,28,3.0
1277,9947,2025-07-06 13:13:00.297000+00:00,17.9,24.0,82.0,988.7,0,23,0.9
1277,9947,2025-07-06 13:14:00.281000+00:00,18.0,24.2,78.0,988.6,0,248,1.9
1277,9947,2025-07-06 13:15:00.296000+00:00,18.1,25.4,79.0,988.5,0,25,1.3
1277,9947,2025-07-06 13:16:00.297000+00:00,18.3,25.9,78.0,988.6,0,310,1.3
1277,9947,2025-07-06 13:17:00.291000+00:00,18.4,26.0,78.0,988.5,0,344,1.1
1277,9947,2025-07-06 13:18:00.291000+00:00,18.4,26.0,78.0,988.6,0,210,1.2
1277,9947,2025-07-06 13:19:00.298000+00:00,18.5,24.9,77.0,988.7,0,78,1.6
1277,9947,2025-07-06 13:20:00.296000+00:00,18.5,24.6,77.0,988.6,0,63,1.9
1277,9947,2025-07-06 13:21:00.299000+00:00,18.4,24.0,78.0,988.6,0,316,1.7
1277,9947,2025-07-06 13:22:00.301000+00:00,18.3,24.0,78.0,988.7,1,82,1.2
1277,9947,2025-07-06 13:23:00.300000+00:00,18.3,23.9,78.0,988.8,1,352,2.6
1277,9947,2025-07-06 13:24:00.350000+00:00,18.3,22.6,77.0,988.6,1,319,1.0
1277,9947,2025-07-06 13:25:00.306000+00:00,18.1,22.3,78.0,988.7,1,0,1.9
1277,9947,2025-07-06 13:26:00.301000+00:00,18.1,21.8,79.0,988.7,1,6,1.0
1277,9947,2025-07-06 13:27:00.298000+00:00,18.0,21.4,79.0,988.7,1,296,1.2
1277,9947,2025-07-06 13:28:00.302000+00:00,17.8,21.4,81.0,988.6,1,18,2.0
1277,9947,2025-07-06 13:29:00.321000+00:00,17.6,21.6,81.0,988.7,1,13,1.1
1277,9947,2025-07-06 13:30:00.333000+00:00,17.6,21.7,82.0,988.8,1,15,1.0
1277,9947,2025-07-06 13:31:00.344000+00:00,17.5,21.9,83.0,988.7,1,62,0.9
1277,9947,2025-07-06 13:32:00.365000+00:00,17.5,21.9,84.0,988.8,1,94,0.7
1277,9947,2025-07-06 13:33:00.372000+00:00,17.5,23.4,85.0,988.7,1,284,1.2
1277,9947,2025-07-06 13:34:00.360000+00:00,17.4,22.3,85.0,988.8,1,69,1.1
1277,9947,2025-07-06 13:35:00.368000+00:00,17.3,22.3,85.0,988.8,1,89,1.0
1277,9947,2025-07-06 13:36:00.366000+00:00,17.3,22.8,85.0,988.7,1,52,1.7
1277,9947,2025-07-06 13:37:00.374000+00:00,17.2,22.8,86.0,988.8,1,42,1.8
1277,9947,2025-07-06 13:38:00.376000+00:00,17.2,22.2,86.0,988.8,1,72,0.5
1277,9947,2025-07-06 13:39:00.410000+00:00,17.2,22.2,87.0,988.7,0,287,0.6
1277,9947,2025-07-06 13:40:00.419000+00:00,17.3,22.8,87.0,988.7,0,52,0.8
1277,9947,2025-07-06 13:41:00.449000+00:00,17.3,24.4,87.0,988.6,0,301,1.0
1277,9947,2025-07-06 13:42:00.426000+00:00,17.4,23.9,88.0,988.7,0,154,0.7
1277,9947,2025-07-06 13:43:00.432000+00:00,17.5,23.5,87.0,988.7,0,334,0.7
1277,9947,2025-07-06 13:44:00.437000+00:00,17.4,23.4,87.0,988.6,0,318,0.8
1277,9947,2025-07-06 13:45:00.438000+00:00,17.4,23.4,85.0,988.6,0,266,0.9
1277,9947,2025-07-06 13:46:00.432000+00:00,17.2,23.6,86.0,988.7,0,350,0.7
1277,9947,2025-07-06 13:47:00.446000+00:00,17.1,24.5,85.0,988.6,0,81,1.1
1277,9947,2025-07-06 13:48:00.442000+00:00,17.2,25.9,85.0,988.6,0,70,1.3
1277,9947,2025-07-06 13:49:00.462000+00:00,17.1,26.4,85.0,988.7,0,102,1.0
1277,9947,2025-07-06 13:50:00.433000+00:00,17.1,24.5,84.0,988.7,0,9,1.4
1277,9947,2025-07-06 13:51:00.440000+00:00,17.1,24.5,84.0,988.6,0,313,0.6
1277,9947,2025-07-06 13:52:00.446000+00:00,17.3,25.2,83.0,988.6,0,238,1.2
1277,9947,2025-07-06 13:53:00.449000+00:00,17.3,24.2,83.0,988.6,0,213,0.6
1277,9947,2025-07-06 13:54:00.447000+00:00,17.4,24.3,84.0,988.6,0,261,0.8
1277,9947,2025-07-06 13:55:00.440000+00:00,17.5,24.7,83.0,988.7,0,301,0.8
1277,9947,2025-07-06 13:56:00.438000+00:00,17.7,26.1,83.0,988.7,0,148,0.8
1277,9947,2025-07-06 13:57:00.450000+00:00,17.7,26.0,84.0,988.7,0,7,0.9
1277,9947,2025-07-06 13:58:00.445000+00:00,17.7,26.0,83.0,988.7,0,167,0.7
1277,9947,2025-07-06 13:59:00.448000+00:00,17.7,26.5,82.0,988.7,0,272,1.3
1277,9947,2025-07-06 14:00:00.447000+00:00,18.0,26.8,84.0,988.6,0,205,0.6
1277,9947,2025-07-06 14:01:00.453000+00:00,17.9,27.7,82.0,988.7,0,285,1.0
1277,9947,2025-07-06 14:02:00.450000+00:00,18.1,29.6,83.0,988.7,0,89,1.1
1277,9947,2025-07-06 14:03:00.456000+00:00,18.2,26.3,82.0,988.7,0,93,1.3
1277,9947,2025-07-06 14:04:00.459000+00:00,18.3,24.1,80.0,988.7,0,0,0.9
1277,9947,2025-07-06 14:05:00.469000+00:00,18.3,24.1,80.0,988.7,0,260,1.2
1277,9947,2025-07-06 14:06:00.477000+00:00,18.5,24.5,82.0,988.6,0,8,1.0
1277,9947,2025-07-06 14:07:00.489000+00:00,18.5,24.5,78.0,988.6,0,289,1.1
1277,9947,2025-07-06 14:08:00.492000+00:00,18.4,24.5,80.0,988.6,0,66,1.5
1277,9947,2025-07-06 14:09:00.493000+00:00,18.5,24.8,80.0,988.7,0,121,1.2
1277,9947,2025-07-06 14:10:00.511000+00:00,18.6,24.8,78.0,988.7,0,332,1.1
1277,9947,2025-07-06 14:11:00.498000+00:00,18.7,24.8,75.0,988.7,0,0,1.3
1277,9947,2025-07-06 14:12:00.523000+00:00,18.6,24.9,75.0,988.7,0,313,0.9
1277,9947,2025-07-06 14:13:00.546000+00:00,18.6,24.9,75.0,988.7,0,156,0.7
1277,9947,2025-07-06 14:14:00.544000+00:00,18.8,25.2,77.0,988.8,0,93,1.2
1277,9947,2025-07-06 14:15:00.548000+00:00,19.1,25.0,74.0,988.7,0,274,1.5
1277,9947,2025-07-06 14:16:00.558000+00:00,19.1,24.4,75.0,988.7,0,82,1.3
1277,9947,2025-07-06 14:17:00.557000+00:00,19.1,24.0,73.0,988.6,0,16,2.6
1277,9947,2025-07-06 14:18:00.560000+00:00,19.2,24.0,74.0,988.7,0,186,1.1
1277,9947,2025-07-06 14:19:00.556000+00:00,19.2,24.2,75.0,988.6,0,40,1.0
1277,9947,2025-07-06 14:20:00.556000+00:00,19.2,24.8,74.0,988.4,0,238,1.1
1277,9947,2025-07-06 14:21:00.569000+00:00,19.2,24.8,74.0,988.6,0,71,0.7
1277,9947,2025-07-06 14:22:00.591000+00:00,19.2,24.3,72.0,988.6,0,29,1.9
1277,9947,2025-07-06 14:23:00.549000+00:00,19.0,24.1,74.0,988.6,0,275,0.7
1277,9947,2025-07-06 14:24:00.571000+00:00,19.0,24.0,74.0,988.8,1,292,1.2
1277,9947,2025-07-06 14:25:00.558000+00:00,18.9,23.3,73.0,988.8,1,105,1.1
1277,9947,2025-07-06 14:26:00.581000+00:00,18.7,22.5,72.0,988.7,1,70,3.1
1277,9947,2025-07-06 14:27:00.600000+00:00,18.5,21.5,72.0,988.6,1,69,5.8
1277,9947,2025-07-06 14:28:00.604000+00:00,18.1,21.0,74.0,988.8,1,67,4.5
1277,9947,2025-07-06 14:29:00.601000+00:00,17.8,20.5,77.0,988.8,1,65,3.9
1277,9947,2025-07-06 14:30:00.601000+00:00,17.4,20.1,78.0,988.8,1,71,5.4
1277,9947,2025-07-06 14:31:00.602000+00:00,17.1,20.0,80.0,988.9,1,75,4.2
1277,9947,2025-07-06 14:32:00.599000+00:00,16.7,20.0,82.0,988.9,1,89,2.9
1277,9947,2025-07-06 14:33:00.613000+00:00,16.5,20.2,83.0,988.9,1,63,3.0
1277,9947,2025-07-06 14:34:00.609000+00:00,16.3,20.3,84.0,989.0,1,71,2.1
1277,9947,2025-07-06 14:35:00.616000+00:00,16.2,20.5,85.0,988.9,0,67,2.8
1277,9947,2025-07-06 14:36:00.627000+00:00,16.1,20.8,85.0,989.0,0,73,2.3
1277,9947,2025-07-06 14:37:00.633000+00:00,16.0,21.1,85.0,989.0,0,51,1.4
1277,9947,2025-07-06 14:38:00.653000+00:00,16.1,21.3,85.0,989.0,0,74,1.8
1277,9947,2025-07-06 14:39:00.649000+00:00,16.1,21.5,84.0,988.9,0,72,1.9
1277,9947,2025-07-06 14:40:00.657000+00:00,16.1,21.7,84.0,989.0,0,60,1.0
1277,9947,2025-07-06 14:41:00.653000+00:00,16.1,21.7,85.0,989.0,0,67,1.2
1277,9947,2025-07-06 14:42:00.650000+00:00,16.2,22.8,84.0,989.0,0,66,1.1
1277,9947,2025-07-06 14:43:00.678000+00:00,16.4,23.9,85.0,989.0,0,44,1.5
1277,9947,2025-07-06 14:44:00.648000+00:00,16.5,24.2,84.0,988.9,0,326,0.9
1277,9947,2025-07-06 14:45:00.654000+00:00,16.6,24.3,83.0,988.9,0,110,0.7
1277,9947,2025-07-06 14:46:00.654000+00:00,16.6,24.3,83.0,989.0,0,80,0.8
1277,9947,2025-07-06 14:47:00.671000+00:00,16.8,23.8,82.0,988.8,0,55,1.6
1277,9947,2025-07-06 14:48:00.691000+00:00,16.7,23.4,81.0,988.8,0,79,2.5
1277,9947,2025-07-06 14:49:00.701000+00:00,16.8,23.3,80.0,988.8,0,56,2.3
1277,9947,2025-07-06 14:50:00.719000+00:00,16.7,23.1,82.0,988.9,0,62,1.9
1277,9947,2025-07-06 14:51:00.726000+00:00,16.9,23.1,81.0,988.9,0,62,2.4
1277,9947,2025-07-06 14:52:00.737000+00:00,17.0,22.9,80.0,988.8,0,68,2.2
1277,9947,2025-07-06 14:53:00.748000+00:00,17.0,22.8,81.0,988.9,0,57,2.4
1277,9947,2025-07-06 14:54:00.755000+00:00,17.0,22.9,82.0,988.9,0,58,1.6
1277,9947,2025-07-06 14:55:00.737000+00:00,17.1,22.9,80.0,988.9,0,65,1.8
1277,9947,2025-07-06 14:56:00.743000+00:00,17.2,22.8,80.0,988.9,0,0,0.9
1277,9947,2025-07-06 14:57:00.753000+00:00,17.1,22.7,81.0,988.9,0,64,1.2
1277,9947,2025-07-06 14:58:00.744000+00:00,17.2,22.5,80.0,988.9,0,115,1.3
1277,9947,2025-07-06 14:59:00.745000+00:00,17.1,22.5,81.0,988.9,0,222,0.8
1277,9947,2025-07-06 15:00:00.738000+00:00,17.2,22.6,82.0,988.9,0,53,0.8
1277,9947,2025-07-06 15:01:00.736000+00:00,17.4,22.6,81.0,988.8,0,325,0.7
1277,9947,2025-07-06 15:02:00.739000+00:00,17.4,22.8,82.0,989.0,0,263,0.8
1277,9947,2025-07-06 15:03:00.744000+00:00,17.5,22.8,82.0,988.9,0,330,1.3
1277,9947,2025-07-06 15:04:00.740000+00:00,17.5,22.4,81.0,988.9,0,22,1.3
1277,9947,2025-07-06 15:05:00.743000+00:00,17.6,22.4,80.0,988.8,0,262,0.8
1277,9947,2025-07-06 15:06:00.740000+00:00,17.7,22.4,82.0,988.8,0,346,1.7
1277,9947,2025-07-06 15:07:00.809000+00:00,17.7,23.0,80.0,988.8,0,230,1.1
1277,9947,2025-07-06 15:08:00.757000+00:00,17.9,23.3,80.0,988.7,0,72,1.5
1277,9947,2025-07-06 15:09:00.808000+00:00,17.9,23.5,80.0,988.9,0,101,0.5
1277,9947,2025-07-06 15:10:00.791000+00:00,18.0,23.6,77.0,988.8,0,217,1.1
1277,9947,2025-07-06 15:11:00.796000+00:00,18.0,23.5,76.0,988.9,0,127,1.2
1277,9947,2025-07-06 15:12:00.818000+00:00,18.0,23.3,73.0,988.9,0,144,1.3
1277,9947,2025-07-06 15:13:00.818000+00:00,18.2,23.2,74.0,988.9,0,248,0.7
1277,9947,2025-07-06 15:14:01.038000+00:00,18.3,23.3,74.0,988.9,0,87,0.9
1277,9947,2025-07-06 15:15:00.837000+00:00,18.5,23.2,73.0,988.9,0,68,1.9
1277,9947,2025-07-06 15:16:00.845000+00:00,18.5,23.2,72.0,988.8,0,275,1.4
1277,9947,2025-07-06 15:17:00.846000+00:00,18.5,23.4,73.0,988.8,0,101,0.6
1277,9947,2025-07-06 15:18:00.855000+00:00,18.5,23.7,72.0,988.9,0,59,1.5
1277,9947,2025-07-06 15:19:00.853000+00:00,18.6,24.5,72.0,989.0,0,80,2.1
1277,9947,2025-07-06 15:20:00.850000+00:00,18.7,24.1,70.0,988.9,0,123,2.1
1277,9947,2025-07-06 15:21:00.882000+00:00,18.7,23.7,70.0,988.9,0,44,2.0
1277,9947,2025-07-06 15:22:00.884000+00:00,18.8,23.6,70.0,988.9,0,47,1.5
1277,9947,2025-07-06 15:23:00.888000+00:00,18.9,23.6,68.0,988.9,0,307,2.3
1277,9947,2025-07-06 15:24:00.879000+00:00,18.9,23.6,69.0,989.0,0,0,0.0
1277,9947,2025-07-06 15:25:00.895000+00:00,19.0,23.5,69.0,988.8,0,296,2.5
1277,9947,2025-07-06 15:26:00.882000+00:00,18.9,23.2,68.0,988.9,0,54,1.4
1277,9947,2025-07-06 15:27:00.903000+00:00,19.0,22.8,68.0,988.9,0,59,1.1
1277,9947,2025-07-06 15:28:00.896000+00:00,19.0,23.2,69.0,988.9,0,40,2.0
1277,9947,2025-07-06 15:29:00.888000+00:00,18.9,23.7,68.0,988.8,0,50,2.3
1277,9947,2025-07-06 15:30:00.886000+00:00,19.0,24.0,67.0,988.8,0,269,2.2
1277,9947,2025-07-06 15:31:00.885000+00:00,19.1,24.0,66.0,988.8,0,320,1.8
1277,9947,2025-07-06 15:32:00.881000+00:00,19.1,23.8,66.0,988.9,0,271,2.1
1277,9947,2025-07-06 15:33:00.894000+00:00,19.2,23.6,67.0,989.0,0,51,1.5
1277,9947,2025-07-06 15:34:00.890000+00:00,19.2,23.6,67.0,989.0,0,302,0.9
1277,9947,2025-07-06 15:35:00.897000+00:00,19.2,23.6,67.0,988.9,0,25,1.3
1277,9947,2025-07-06 15:36:00.898000+00:00,19.1,23.7,67.0,988.9,0,245,1.1
1277,9947,2025-07-06 15:37:00.903000+00:00,19.2,24.4,68.0,988.9,0,92,1.9
1277,9947,2025-07-06 15:38:00.887000+00:00,19.3,24.4,65.0,989.1,0,95,1.1
1277,9947,2025-07-06 15:39:00.899000+00:00,19.4,24.4,64.0,989.0,0,230,1.9
1277,9947,2025-07-06 15:40:00.890000+00:00,19.5,24.6,65.0,989.0,0,287,1.5
1277,9947,2025-07-06 15:41:00.890000+00:00,19.5,24.6,64.0,989.0,0,48,1.6
1277,9947,2025-07-06 15:42:00.907000+00:00,19.6,24.3,63.0,988.9,0,99,1.7
1265,9929,2025-07-25 10:16:46.397000+00:00,20.1,34.7,71.0,969.3,0,322,2.6
1265,9929,2025-07-25 10:17:46.402000+00:00,20.1,35.0,72.0,969.3,0,346,2.0
1265,9929,2025-07-25 10:18:46.415000+00:00,20.1,35.4,72.0,969.2,0,338,1.8
1265,9929,2025-07-25 10:19:46.433000+00:00,20.1,35.1,69.0,969.2,0,291,2.0
1265,9929,2025-07-25 10:20:46.426000+00:00,20.2,34.8,70.0,969.3,0,262,1.6
1265,9929,2025-07-25 10:21:46.422000+00:00,20.2,35.1,72.0,969.3,0,306,1.1
1265,9929,2025-07-25 10:22:46.444000+00:00,20.2,35.8,70.0,969.2,0,297,0.9
1265,9929,2025-07-25 10:23:46.472000+00:00,20.2,35.8,71.0,969.2,0,291,1.4
1265,9929,2025-07-25 10:24:46.473000+00:00,20.3,34.4,70.0,969.3,0,305,1.2
1265,9929,2025-07-25 10:25:46.467000+00:00,20.3,34.0,69.0,969.3,0,300,3.0
1265,9929,2025-07-25 10:26:46.478000+00:00,20.3,33.8,70.0,969.1,0,328,1.8
1265,9929,2025-07-25 10:27:46.470000+00:00,20.3,33.6,70.0,969.3,0,350,2.2
1265,9929,2025-07-25 10:28:46.480000+00:00,20.3,33.9,70.0,969.1,0,336,1.2
1265,9929,2025-07-25 10:29:46.471000+00:00,20.4,34.6,70.0,969.1,0,358,1.4
1265,9929,2025-07-25 10:30:46.474000+00:00,20.5,34.6,70.0,969.2,0,299,1.0
1265,9929,2025-07-25 10:31:46.490000+00:00,20.5,34.0,71.0,969.1,0,316,1.7
1265,9929,2025-07-25 10:32:46.474000+00:00,20.6,33.8,71.0,969.1,0,281,1.7
1265,9929,2025-07-25 10:33:46.469000+00:00,20.6,33.5,71.0,969.2,0,313,1.7
1265,9929,2025-07-25 10:34:46.466000+00:00,20.7,33.0,71.0,969.2,0,331,1.9
1265,9929,2025-07-25 10:35:46.482000+00:00,20.6,32.5,72.0,969.2,0,0,2.4
1265,9929,2025-07-25 10:36:46.470000+00:00,20.6,31.8,72.0,969.1,0,336,2.0
1265,9929,2025-07-25 10:37:46.484000+00:00,20.7,32.9,72.0,969.3,1,324,2.3
1265,9929,2025-07-25 10:38:46.479000+00:00,20.7,33.6,72.0,969.2,0,334,1.8
1265,9929,2025-07-25 10:39:46.480000+00:00,20.6,34.2,72.0,969.1,0,318,1.6
1265,9929,2025-07-25 10:40:46.482000+00:00,20.6,34.7,71.0,969.3,0,329,1.2
1265,9929,2025-07-25 10:41:46.484000+00:00,20.7,34.9,69.0,969.0,0,356,1.4
1265,9929,2025-07-25 10:42:46.480000+00:00,20.7,34.9,69.0,969.0,0,356,1.4
1265,9929,2025-07-25 10:43:46.481000+00:00,20.7,34.9,70.0,969.2,0,26,0.9
1265,9929,2025-07-25 10:44:46.490000+00:00,20.8,34.5,71.0,969.1,0,343,0.7
1265,9929,2025-07-25 10:45:46.479000+00:00,20.7,34.5,70.0,969.2,0,333,1.4
1265,9929,2025-07-25 10:46:46.462000+00:00,20.6,34.6,69.0,969.2,0,299,1.4
1265,9929,2025-07-25 10:47:46.475000+00:00,20.7,35.2,70.0,969.2,0,188,1.0
1265,9929,2025-07-25 10:48:46.475000+00:00,20.8,35.7,70.0,969.2,0,0,0.6
1265,9929,2025-07-25 10:49:46.475000+00:00,20.9,35.9,69.0,969.2,0,338,1.0
1265,9929,2025-07-25 10:50:46.491000+00:00,20.9,36.3,68.0,969.1,0,358,2.1
1265,9929,2025-07-25 10:51:46.477000+00:00,21.0,36.5,67.0,969.2,0,336,2.1
1265,9929,2025-07-25 10:52:46.493000+00:00,21.1,36.5,65.0,969.1,0,5,2.0
1265,9929,2025-07-25 10:53:46.480000+00:00,21.1,35.2,66.0,969.2,0,349,1.4
1265,9929,2025-07-25 10:54:46.499000+00:00,21.1,35.6,67.0,969.2,0,333,1.6
1265,9929,2025-07-25 10:55:46.488000+00:00,21.0,36.0,68.0,969.2,0,306,1.8
1265,9929,2025-07-25 10:56:46.548000+00:00,21.0,36.0,67.0,969.2,0,319,2.9
1265,9929,2025-07-25 10:57:46.514000+00:00,20.9,35.8,68.0,969.2,0,303,1.3
1265,9929,2025-07-25 10:58:46.503000+00:00,21.0,36.0,68.0,969.3,0,321,1.4
1265,9929,2025-07-25 10:59:46.515000+00:00,21.0,36.4,66.0,969.3,0,312,1.6
1265,9929,2025-07-25 11:00:46.538000+00:00,21.0,36.2,65.0,969.2,0,316,1.7
1265,9929,2025-07-25 11:01:46.533000+00:00,20.9,36.2,66.0,969.2,0,324,1.2
1265,9929,2025-07-25 11:02:46.531000+00:00,20.9,36.8,68.0,969.2,0,301,0.8
1265,9929,2025-07-25 11:03:46.533000+00:00,21.0,37.2,66.0,969.2,0,336,1.3
1265,9929,2025-07-25 11:04:46.541000+00:00,21.0,37.7,67.0,969.2,0,334,2.3
1265,9929,2025-07-25 11:05:46.534000+00:00,21.2,37.2,66.0,969.2,0,329,2.1
1265,9929,2025-07-25 11:06:46.535000+00:00,21.3,36.4,65.0,969.2,0,345,1.4
1265,9929,2025-07-25 11:07:46.539000+00:00,21.2,35.5,66.0,969.2,0,350,1.1
1265,9929,2025-07-25 11:08:46.553000+00:00,21.2,35.5,67.0,969.3,0,344,1.2
1265,9929,2025-07-25 11:09:46.541000+00:00,21.2,36.1,68.0,969.3,0,343,1.0
1265,9929,2025-07-25 11:10:46.555000+00:00,21.3,37.1,65.0,969.3,0,349,0.8
1265,9929,2025-07-25 11:11:46.562000+00:00,21.2,37.2,63.0,969.3,0,209,1.3
1265,9929,2025-07-25 11:12:46.564000+00:00,21.1,37.5,63.0,969.3,0,153,1.3
1265,9929,2025-07-25 11:13:46.599000+00:00,21.2,38.0,63.0,969.3,0,298,0.6
1265,9929,2025-07-25 11:14:46.601000+00:00,21.3,38.2,64.0,969.3,0,337,1.8
1265,9929,2025-07-25 11:15:46.621000+00:00,21.2,38.2,61.0,969.3,0,0,0.8
1265,9929,2025-07-25 11:16:46.644000+00:00,21.3,38.2,63.0,969.3,0,331,0.6
1265,9929,2025-07-25 11:17:46.624000+00:00,21.3,38.2,63.0,969.3,0,336,1.6
1265,9929,2025-07-25 11:18:46.656000+00:00,21.3,38.2,64.0,969.2,0,332,1.3
1265,9929,2025-07-25 11:19:46.645000+00:00,21.5,38.6,63.0,969.3,0,357,1.0
1265,9929,2025-07-25 11:20:46.669000+00:00,21.3,38.6,64.0,969.3,0,336,1.5
1265,9929,2025-07-25 11:21:46.659000+00:00,21.3,38.9,65.0,969.2,0,322,0.7
1265,9929,2025-07-25 11:22:46.666000+00:00,21.5,38.6,64.0,969.3,0,335,1.4
1265,9929,2025-07-25 11:23:46.665000+00:00,21.6,36.9,63.0,969.2,0,310,2.9
1265,9929,2025-07-25 11:24:46.706000+00:00,21.6,36.6,64.0,969.3,0,288,1.7
1265,9929,2025-07-25 11:25:46.712000+00:00,21.6,36.3,66.0,969.3,0,324,1.1
1265,9929,2025-07-25 11:26:46.710000+00:00,21.7,35.9,66.0,969.3,0,316,1.6
1265,9929,2025-07-25 11:27:46.730000+00:00,21.5,35.2,64.0,969.2,0,326,2.3
1265,9929,2025-07-25 11:28:46.738000+00:00,21.5,36.0,65.0,969.2,0,309,1.1
1265,9929,2025-07-25 11:29:46.730000+00:00,21.4,37.0,65.0,969.3,0,293,1.4
1265,9929,2025-07-25 11:30:46.759000+00:00,21.3,37.3,67.0,969.2,0,301,1.6
1265,9929,2025-07-25 11:31:46.759000+00:00,21.4,37.3,65.0,969.2,0,310,2.3
1265,9929,2025-07-25 11:32:46.753000+00:00,21.4,37.4,65.0,969.3,0,338,2.2
1265,9929,2025-07-25 11:33:46.777000+00:00,21.3,37.8,66.0,969.2,0,2,1.8
1265,9929,2025-07-25 11:34:46.782000+00:00,21.3,38.7,66.0,969.2,0,316,0.9
1265,9929,2025-07-25 11:35:46.772000+00:00,21.3,39.2,66.0,969.3,0,354,1.4
1265,9929,2025-07-25 11:36:46.772000+00:00,21.4,39.1,64.0,969.1,0,344,2.4
1265,9930,2025-07-25 14:15:47.820000+00:00,22.4,37.5,55.0,968.8,0,279,2.2
1265,9930,2025-07-25 14:16:47.805000+00:00,22.4,37.4,56.0,968.7,0,294,1.4
1265,9930,2025-07-25 14:17:47.820000+00:00,22.3,36.9,57.0,968.8,0,303,2.0
1265,9930,2025-07-25 14:18:47.852000+00:00,22.3,36.7,57.0,968.7,0,344,1.6
1265,9930,2025-07-25 14:19:47.868000+00:00,22.3,36.8,57.0,968.8,0,329,1.5
1265,9930,2025-07-25 14:20:47.868000+00:00,22.3,36.8,58.0,968.8,0,317,1.6
1265,9930,2025-07-25 14:21:47.883000+00:00,22.3,36.7,58.0,968.7,0,349,1.2
1265,9930,2025-07-25 14:22:47.898000+00:00,22.2,36.5,57.0,968.8,0,346,2.1
1265,9930,2025-07-25 14:23:47.876000+00:00,22.1,36.7,57.0,968.7,0,294,2.3
1265,9930,2025-07-25 14:24:47.892000+00:00,22.1,36.8,57.0,968.7,0,347,2.1
1265,9930,2025-07-25 14:25:47.898000+00:00,22.0,37.8,57.0,968.8,0,357,1.2
1265,9930,2025-07-25 14:26:47.876000+00:00,22.0,38.5,57.0,968.7,0,6,1.7
1265,9930,2025-07-25 14:27:47.904000+00:00,22.0,38.9,56.0,968.7,0,341,1.1
1265,9930,2025-07-25 14:28:47.902000+00:00,22.0,38.9,55.0,968.7,0,356,1.7
1265,9930,2025-07-25 14:29:47.899000+00:00,22.0,39.2,57.0,968.6,0,319,2.2
1265,9930,2025-07-25 14:30:47.912000+00:00,21.9,39.3,57.0,968.6,0,332,2.2
1265,9930,2025-07-25 14:31:47.895000+00:00,22.0,39.3,56.0,968.8,0,341,1.8
1265,9930,2025-07-25 14:32:47.911000+00:00,22.0,39.6,57.0,968.7,0,274,1.5
1265,9930,2025-07-25 14:33:47.912000+00:00,22.2,40.1,56.0,968.7,0,45,1.6
1265,9930,2025-07-25 14:34:47.920000+00:00,22.3,40.3,56.0,968.6,0,292,1.1
1265,9930,2025-07-25 14:35:47.912000+00:00,22.5,40.3,55.0,968.6,0,359,2.3
1265,9930,2025-07-25 14:36:47.942000+00:00,22.5,40.0,55.0,968.7,0,327,3.2
1265,9930,2025-07-25 14:37:47.977000+00:00,22.5,40.2,56.0,968.6,0,311,2.0
1265,9930,2025-07-25 14:38:47.962000+00:00,22.8,40.3,55.0,968.5,0,345,3.3
1265,9930,2025-07-25 14:39:47.966000+00:00,22.9,39.7,54.0,968.6,0,327,3.2
1265,9930,2025-07-25 14:40:47.991000+00:00,22.9,39.6,55.0,968.6,0,347,3.4
1265,9930,2025-07-25 14:41:47.991000+00:00,23.0,39.7,55.0,968.5,0,324,2.2
1265,9930,2025-07-25 14:42:47.997000+00:00,23.0,39.7,55.0,968.5,0,269,1.3
1265,9930,2025-07-25 14:43:48.016000+00:00,23.0,39.6,54.0,968.6,0,261,2.3
1265,9930,2025-07-25 14:44:48.042000+00:00,23.2,39.7,55.0,968.6,0,328,1.9
1265,9930,2025-07-25 14:45:48.045000+00:00,23.4,40.0,55.0,968.6,0,348,2.0
1265,9930,2025-07-25 14:46:48.046000+00:00,23.4,39.5,56.0,968.6,0,321,2.7
1265,9930,2025-07-25 14:47:48.065000+00:00,23.3,39.4,58.0,968.6,0,342,2.4
1265,9930,2025-07-25 14:48:48.077000+00:00,23.3,39.4,58.0,968.5,0,346,2.0
1265,9930,2025-07-25 14:49:48.100000+00:00,23.2,39.3,59.0,968.7,0,335,1.8
1265,9930,2025-07-25 14:50:48.125000+00:00,23.1,39.2,60.0,968.6,0,343,1.5
1265,9930,2025-07-25 14:51:48.144000+00:00,23.0,39.1,60.0,968.5,0,17,1.7
1265,9930,2025-07-25 14:52:48.149000+00:00,22.9,39.0,60.0,968.7,0,325,1.7
1265,9930,2025-07-25 14:53:48.143000+00:00,22.8,38.7,61.0,968.5,0,350,1.1
1265,9930,2025-07-25 14:54:48.145000+00:00,22.6,38.7,61.0,968.5,0,350,1.1
1265,9930,2025-07-25 14:55:48.138000+00:00,22.7,39.2,61.0,968.6,0,168,0.8
1265,9930,2025-07-25 14:56:48.137000+00:00,22.7,39.2,61.0,968.6,0,357,0.9
1265,9930,2025-07-25 14:57:48.171000+00:00,22.8,39.2,62.0,968.6,0,279,1.6
1265,9930,2025-07-25 14:58:48.162000+00:00,22.8,39.1,61.0,968.6,0,347,1.4
1265,9930,2025-07-25 14:59:48.178000+00:00,22.8,38.9,61.0,968.6,0,328,0.8
1265,9930,2025-07-25 15:00:48.163000+00:00,22.9,38.9,61.0,968.6,0,16,1.9
1265,9930,2025-07-25 15:01:48.177000+00:00,22.8,38.0,60.0,968.6,0,314,1.6
1265,9930,2025-07-25 15:02:48.186000+00:00,22.5,37.5,62.0,968.6,0,310,2.0
1265,9930,2025-07-25 15:03:48.186000+00:00,22.5,37.6,63.0,968.6,0,301,2.4
1265,9930,2025-07-25 15:04:48.214000+00:00,22.4,37.7,64.0,968.6,0,343,2.7
1265,9930,2025-07-25 15:05:48.214000+00:00,22.4,37.7,64.0,968.6,0,300,2.2
1265,9930,2025-07-25 15:06:48.214000+00:00,22.3,37.4,63.0,968.7,0,331,2.7
1265,9930,2025-07-25 15:07:48.226000+00:00,22.2,36.2,65.0,968.6,0,348,3.0
1265,9930,2025-07-25 15:08:48.227000+00:00,22.1,36.2,65.0,968.6,0,349,2.4
1265,9930,2025-07-25 15:09:48.236000+00:00,22.1,37.0,65.0,968.6,0,352,1.8
1265,9930,2025-07-25 15:10:48.307000+00:00,22.1,37.4,65.0,968.5,0,310,1.3
1265,9930,2025-07-25 15:11:48.277000+00:00,22.2,37.8,64.0,968.5,0,346,1.7
1265,9930,2025-07-25 15:12:48.261000+00:00,22.2,38.0,63.0,968.5,0,358,2.5
1265,9930,2025-07-25 15:13:48.282000+00:00,22.1,37.2,64.0,968.4,0,338,1.6
1265,9930,2025-07-25 15:14:48.277000+00:00,22.0,37.4,66.0,968.5,0,311,1.6
1265,9930,2025-07-25 15:15:48.273000+00:00,22.0,37.9,64.0,968.6,0,315,2.2
1265,9930,2025-07-25 15:16:48.300000+00:00,22.1,37.4,63.0,968.6,0,6,1.8
1265,9930,2025-07-25 15:17:48.313000+00:00,22.1,37.6,63.0,968.5,0,305,2.1
1265,9930,2025-07-25 15:18:48.313000+00:00,22.2,37.6,64.0,968.6,0,331,2.7
1265,9930,2025-07-25 15:19:48.392000+00:00,22.2,37.6,63.0,968.5,0,296,2.1
1265,9930,2025-07-25 15:20:48.421000+00:00,22.1,37.5,63.0,968.5,0,264,0.8
1265,9930,2025-07-25 15:21:48.422000+00:00,22.2,38.0,63.0,968.4,0,317,1.5
1265,9930,2025-07-25 15:22:48.406000+00:00,22.1,36.3,63.0,968.5,0,285,2.7
1265,9930,2025-07-25 15:23:48.611000+00:00,22.0,36.3,64.0,968.4,0,321,2.2
1265,9930,2025-07-25 15:24:48.471000+00:00,22.0,36.4,64.0,968.6,0,269,2.9
1265,9930,2025-07-25 15:25:48.452000+00:00,21.9,36.7,66.0,968.6,0,350,3.3
1265,9930,2025-07-25 15:26:48.451000+00:00,21.9,37.1,66.0,968.6,0,275,2.2
1265,9930,2025-07-25 15:27:48.459000+00:00,22.0,37.1,64.0,968.4,0,286,1.6
1265,9930,2025-07-25 15:28:48.436000+00:00,21.9,36.8,64.0,968.6,0,332,1.0
1265,9930,2025-07-25 15:29:48.454000+00:00,22.0,36.8,64.0,968.5,0,296,1.2
1265,9930,2025-07-25 15:30:48.440000+00:00,22.0,36.0,65.0,968.6,0,291,2.0
1265,9934,2025-07-26 09:16:54.292000+00:00,20.8,32.8,62.0,969.2,0,331,1.8
1265,9934,2025-07-26 09:17:54.276000+00:00,20.8,31.9,63.0,969.0,0,318,2.3
1265,9934,2025-07-26 09:18:54.317000+00:00,20.7,31.8,63.0,969.1,0,307,1.3
1265,9934,2025-07-26 09:19:54.334000+00:00,20.6,31.6,63.0,969.1,0,323,1.8
1265,9934,2025-07-26 09:20:54.334000+00:00,20.6,31.5,63.0,969.0,0,1,1.4
1265,9934,2025-07-26 09:21:54.350000+00:00,20.7,31.0,64.0,969.1,0,284,1.0
1265,9934,2025-07-26 09:22:54.366000+00:00,20.7,31.0,64.0,969.0,0,315,1.4
1265,9934,2025-07-26 09:23:54.365000+00:00,20.9,31.0,64.0,969.0,0,314,1.8
1265,9934,2025-07-26 09:24:54.348000+00:00,21.0,31.1,64.0,969.1,0,321,1.9
1265,9934,2025-07-26 09:25:54.364000+00:00,20.9,32.0,64.0,968.9,0,318,1.3
1265,9934,2025-07-26 09:26:54.365000+00:00,20.9,33.1,64.0,969.0,0,0,0.5
1265,9934,2025-07-26 09:27:54.353000+00:00,21.0,33.2,64.0,969.1,0,208,1.2
1265,9934,2025-07-26 09:28:54.370000+00:00,21.0,33.9,64.0,969.0,0,292,0.9
1265,9934,2025-07-26 09:29:54.365000+00:00,21.1,34.6,64.0,969.0,0,5,0.5
1265,9934,2025-07-26 09:30:54.366000+00:00,21.3,34.6,62.0,969.0,0,334,1.4
1265,9934,2025-07-26 09:31:54.381000+00:00,21.3,34.8,61.0,969.0,0,85,0.5
1265,9934,2025-07-26 09:32:54.397000+00:00,21.2,35.2,61.0,969.0,0,3,0.5
1265,9934,2025-07-26 09:33:54.407000+00:00,21.2,35.4,61.0,969.1,0,0,0.4
1265,9934,2025-07-26 09:34:54.411000+00:00,21.0,35.8,58.0,969.0,0,155,0.7
1265,9934,2025-07-26 09:35:54.427000+00:00,21.0,35.8,58.0,969.0,0,164,1.1
1265,9934,2025-07-26 09:36:54.423000+00:00,21.0,35.8,60.0,969.1,0,0,0.5
1265,9934,2025-07-26 09:37:54.423000+00:00,21.0,36.1,58.0,969.0,0,122,0.7
1265,9934,2025-07-26 09:38:54.423000+00:00,21.1,36.6,57.0,969.0,0,347,0.6
1265,9934,2025-07-26 09:39:54.401000+00:00,21.1,36.4,57.0,969.0,0,303,1.3
1265,9934,2025-07-26 09:40:54.413000+00:00,20.9,36.4,58.0,969.1,0,326,1.3
1265,9934,2025-07-26 09:41:54.426000+00:00,20.9,37.0,57.0,969.0,0,322,2.1
1265,9934,2025-07-26 09:42:54.432000+00:00,20.9,37.0,59.0,969.1,0,309,1.6
1265,9934,2025-07-26 09:43:54.428000+00:00,21.0,37.4,58.0,969.1,0,352,1.2
1265,9934,2025-07-26 09:44:54.413000+00:00,20.9,37.4,58.0,969.0,0,334,0.7
1265,9934,2025-07-26 09:45:54.433000+00:00,20.9,37.0,58.0,969.0,0,297,1.0
1265,9934,2025-07-26 09:46:54.418000+00:00,20.9,35.7,58.0,969.0,0,203,1.1
1265,9934,2025-07-26 09:47:54.428000+00:00,20.7,34.7,60.0,968.9,0,220,1.3
1265,9934,2025-07-26 09:48:54.428000+00:00,20.8,34.6,62.0,969.0,0,299,0.7
1265,9934,2025-07-26 09:49:54.434000+00:00,20.8,34.2,63.0,969.0,0,4,0.7
1265,9934,2025-07-26 09:50:54.431000+00:00,20.8,34.2,63.0,968.9,0,312,1.4
1265,9934,2025-07-26 09:51:54.435000+00:00,20.9,33.8,63.0,969.0,0,350,1.5
1265,9934,2025-07-26 09:52:54.435000+00:00,20.9,33.8,63.0,969.0,0,336,1.8
1265,9934,2025-07-26 09:53:54.420000+00:00,20.9,33.5,63.0,969.0,0,273,0.9
1265,9934,2025-07-26 09:54:54.438000+00:00,21.0,33.9,64.0,969.0,0,339,0.7
1265,9934,2025-07-26 09:55:54.465000+00:00,21.0,34.5,65.0,969.1,0,0,0.9
1265,9934,2025-07-26 09:56:54.475000+00:00,21.0,34.9,63.0,969.1,0,294,1.2
1265,9934,2025-07-26 09:57:54.488000+00:00,21.0,35.0,63.0,969.1,0,337,1.6
1265,9934,2025-07-26 09:58:54.512000+00:00,20.9,34.7,63.0,969.0,0,335,1.0
1265,9934,2025-07-26 09:59:54.498000+00:00,21.0,34.2,63.0,969.0,0,316,2.3
1265,9934,2025-07-26 10:00:54.515000+00:00,21.0,33.5,63.0,969.1,0,350,1.8
1265,9934,2025-07-26 10:01:54.534000+00:00,20.9,33.4,64.0,969.0,0,358,1.4
1265,9934,2025-07-26 10:02:54.523000+00:00,20.9,33.4,64.0,969.1,0,331,1.3
1265,9934,2025-07-26 10:03:54.519000+00:00,20.9,33.4,64.0,969.1,0,337,0.9
1265,9934,2025-07-26 10:04:54.519000+00:00,20.9,33.5,63.0,969.0,0,10,1.2
1265,9934,2025-07-26 10:05:54.520000+00:00,20.9,33.5,64.0,969.1,0,306,0.6
1265,9934,2025-07-26 10:06:54.525000+00:00,20.9,33.0,64.0,969.1,0,194,1.0
1265,9934,2025-07-26 10:07:54.540000+00:00,20.7,32.8,64.0,969.1,0,324,0.9
1265,9934,2025-07-26 10:08:54.537000+00:00,20.7,32.8,64.0,969.1,0,305,1.0
1265,9934,2025-07-26 10:09:54.543000+00:00,20.8,33.5,64.0,969.1,0,172,1.0
1265,9934,2025-07-26 10:10:54.556000+00:00,20.8,34.8,63.0,969.0,0,180,1.2
1265,9934,2025-07-26 10:11:54.577000+00:00,20.9,35.2,63.0,969.1,0,127,1.2
1265,9934,2025-07-26 10:12:54.578000+00:00,21.0,35.5,63.0,969.0,0,155,1.3
1265,9934,2025-07-26 10:13:54.601000+00:00,21.1,35.8,62.0,969.0,0,190,2.1
1265,9934,2025-07-26 10:14:54.603000+00:00,21.0,35.9,63.0,969.0,0,163,0.8
1265,9934,2025-07-26 10:15:54.611000+00:00,21.0,36.2,62.0,969.0,0,161,1.6
1265,9934,2025-07-26 10:16:54.618000+00:00,21.0,36.5,62.0,969.0,0,24,0.7
1265,9934,2025-07-26 10:17:54.629000+00:00,20.9,36.5,62.0,969.0,0,0,0.5
1265,9934,2025-07-26 10:18:54.603000+00:00,20.9,37.1,62.0,969.1,0,176,0.6
1265,9934,2025-07-26 10:19:54.627000+00:00,20.9,37.2,60.0,969.0,0,359,1.7
1265,9934,2025-07-26 10:20:54.623000+00:00,20.9,37.6,59.0,969.0,0,328,1.1
1265,9934,2025-07-26 10:21:54.642000+00:00,21.0,37.9,59.0,969.0,0,290,1.3
1265,9934,2025-07-26 10:22:54.644000+00:00,21.0,38.3,60.0,969.0,0,3,1.8
1265,9934,2025-07-26 10:23:54.658000+00:00,21.0,38.3,58.0,969.0,0,63,1.1
1265,9934,2025-07-26 10:24:54.658000+00:00,21.0,38.1,59.0,968.9,0,293,1.2
1265,9934,2025-07-26 10:25:54.660000+00:00,21.0,37.9,59.0,969.0,0,202,1.8
1265,9934,2025-07-26 10:26:54.657000+00:00,21.0,38.3,59.0,969.0,0,160,1.5
1265,9934,2025-07-26 10:27:54.662000+00:00,20.9,38.3,57.0,969.0,0,137,1.3
1265,9934,2025-07-26 10:28:54.645000+00:00,20.9,38.3,56.0,969.0,0,255,1.3
1265,9934,2025-07-26 10:29:54.656000+00:00,20.9,38.5,57.0,969.0,0,0,0.0
1265,9934,2025-07-26 10:30:54.699000+00:00,21.0,38.5,58.0,969.0,0,0,0.0
1265,9934,2025-07-26 10:31:54.714000+00:00,21.0,38.5,58.0,969.0,0,212,0.6
1265,9934,2025-07-26 10:32:54.703000+00:00,21.1,38.5,56.0,969.0,0,355,1.3
1265,9934,2025-07-26 10:33:54.696000+00:00,21.2,38.0,56.0,969.0,0,277,1.4
1265,9934,2025-07-26 10:34:54.697000+00:00,21.2,38.8,57.0,969.0,0,258,1.1
1265,9934,2025-07-26 10:35:54.704000+00:00,21.2,38.9,55.0,969.1,0,276,1.3
1265,9935,2025-07-26 13:45:55.910000+00:00,22.5,37.1,55.0,968.0,0,343,1.1
1265,9935,2025-07-26 13:46:55.910000+00:00,22.5,36.7,53.0,968.1,0,348,1.4
1265,9935,2025-07-26 13:47:55.931000+00:00,22.5,36.6,54.0,968.0,0,284,1.7
1265,9935,2025-07-26 13:48:56.198000+00:00,22.5,36.5,55.0,968.0,0,331,1.2
1265,9935,2025-07-26 13:49:55.922000+00:00,22.4,36.9,55.0,967.9,0,305,1.4
1265,9935,2025-07-26 13:50:55.907000+00:00,22.4,37.0,55.0,968.0,0,0,1.4
1265,9935,2025-07-26 13:51:55.938000+00:00,22.4,36.7,55.0,968.0,0,348,0.6
1265,9935,2025-07-26 13:52:55.939000+00:00,22.4,36.8,55.0,968.0,0,299,1.9
1265,9935,2025-07-26 13:53:55.934000+00:00,22.4,36.8,55.0,967.9,0,330,2.3
1265,9935,2025-07-26 13:54:55.932000+00:00,22.4,37.1,55.0,967.9,0,304,1.9
1265,9935,2025-07-26 13:55:55.933000+00:00,22.3,37.0,55.0,967.9,0,323,1.4
1265,9935,2025-07-26 13:56:55.950000+00:00,22.3,37.0,56.0,967.9,0,347,1.5
1265,9935,2025-07-26 13:57:55.931000+00:00,22.3,37.1,55.0,967.9,0,316,1.8
1265,9935,2025-07-26 13:58:55.932000+00:00,22.3,37.0,54.0,967.9,0,352,1.8
1265,9935,2025-07-26 13:59:55.936000+00:00,22.3,36.9,55.0,967.8,0,355,2.2
1265,9935,2025-07-26 14:00:55.928000+00:00,22.3,37.0,57.0,967.8,0,343,1.0
1265,9935,2025-07-26 14:01:55.917000+00:00,22.3,37.2,56.0,967.8,0,299,1.4
1265,9935,2025-07-26 14:02:55.944000+00:00,22.4,36.6,56.0,967.9,0,331,1.4
1265,9935,2025-07-26 14:03:55.944000+00:00,22.3,36.5,55.0,967.9,0,337,1.8
1265,9935,2025-07-26 14:04:55.941000+00:00,22.3,36.6,55.0,967.9,0,28,1.7
1265,9935,2025-07-26 14:05:55.947000+00:00,22.3,36.5,55.0,967.9,0,97,0.7
1265,9935,2025-07-26 14:06:55.964000+00:00,22.3,36.4,56.0,967.9,0,8,0.4
1265,9935,2025-07-26 14:07:55.969000+00:00,22.3,36.6,57.0,967.9,0,266,0.9
1265,9935,2025-07-26 14:08:55.993000+00:00,22.4,37.1,57.0,967.9,0,283,1.1
1265,9935,2025-07-26 14:09:56.001000+00:00,22.4,37.4,56.0,967.9,0,263,0.8
1265,9935,2025-07-26 14:10:56.001000+00:00,22.4,37.7,56.0,967.9,0,354,0.7
1265,9935,2025-07-26 14:11:56.025000+00:00,22.6,38.2,54.0,967.8,0,293,0.7
1265,9935,2025-07-26 14:12:56.046000+00:00,22.6,38.3,54.0,967.8,0,337,1.2
1265,9935,2025-07-26 14:13:56.035000+00:00,22.6,38.3,54.0,967.9,0,249,1.6
1265,9935,2025-07-26 14:14:56.732000+00:00,22.6,37.9,53.0,967.8,0,251,2.6
1265,9935,2025-07-26 14:15:56.299000+00:00,22.7,38.1,56.0,967.7,0,348,1.3
1265,9935,2025-07-26 14:16:56.068000+00:00,22.8,38.0,53.0,967.7,0,322,2.0
1265,9935,2025-07-26 14:17:56.411000+00:00,23.0,37.9,54.0,967.9,0,347,1.3
1265,9935,2025-07-26 14:18:56.078000+00:00,23.0,37.8,52.0,967.8,0,337,2.0
1265,9935,2025-07-26 14:19:56.078000+00:00,23.1,37.4,52.0,967.8,0,328,2.2
1265,9935,2025-07-26 14:20:56.059000+00:00,23.0,37.3,52.0,967.8,0,346,1.9
1265,9935,2025-07-26 14:21:56.069000+00:00,22.9,37.3,53.0,967.7,0,300,1.8
1265,9935,2025-07-26 14:22:56.069000+00:00,22.8,36.9,52.0,967.8,0,296,1.1
1265,9935,2025-07-26 14:23:56.060000+00:00,22.7,36.8,54.0,967.7,0,278,1.1
1265,9935,2025-07-26 14:24:56.085000+00:00,22.7,36.8,54.0,967.9,0,288,1.3
1265,9935,2025-07-26 14:25:56.436000+00:00,22.7,36.6,54.0,967.8,0,226,1.8
1265,9935,2025-07-26 14:26:56.103000+00:00,22.5,36.0,54.0,967.8,0,285,1.0
1265,9935,2025-07-26 14:27:56.120000+00:00,22.4,36.2,55.0,967.8,0,0,0.9
1265,9935,2025-07-26 14:28:56.106000+00:00,22.4,36.6,55.0,967.7,0,315,0.3
1265,9935,2025-07-26 14:29:56.117000+00:00,22.4,36.6,54.0,967.8,0,349,1.3
1265,9935,2025-07-26 14:30:56.138000+00:00,22.5,35.9,54.0,967.8,0,29,2.1
1265,9935,2025-07-26 14:31:56.113000+00:00,22.3,36.0,55.0,967.7,0,46,1.5
1265,9935,2025-07-26 14:32:56.358000+00:00,22.2,36.4,55.0,967.7,0,241,0.8
1265,9935,2025-07-26 14:33:56.157000+00:00,22.3,36.5,55.0,967.7,0,6,0.9
1265,9935,2025-07-26 14:34:56.475000+00:00,22.4,37.0,55.0,967.6,0,0,0.8
1265,9935,2025-07-26 14:35:56.204000+00:00,22.4,37.3,55.0,967.8,0,285,1.2
1265,9935,2025-07-26 14:36:56.213000+00:00,22.5,37.5,56.0,967.7,0,0,1.2
1265,9935,2025-07-26 14:37:56.209000+00:00,22.5,37.5,57.0,967.7,0,244,0.5
1265,9935,2025-07-26 14:38:56.219000+00:00,22.5,37.1,55.0,967.7,0,12,1.3
1265,9935,2025-07-26 14:39:56.211000+00:00,22.6,37.1,55.0,967.6,0,10,1.0
1265,9935,2025-07-26 14:40:56.202000+00:00,22.8,38.0,56.0,967.6,0,233,0.8
1265,9935,2025-07-26 14:41:56.233000+00:00,22.9,38.1,55.0,967.6,0,3,1.5
1265,9935,2025-07-26 14:42:56.242000+00:00,23.0,38.2,56.0,967.5,0,226,0.6
1265,9935,2025-07-26 14:43:56.243000+00:00,23.0,38.6,55.0,967.6,0,9,0.9
1265,9935,2025-07-26 14:44:56.268000+00:00,23.1,39.2,54.0,967.6,0,330,1.8
1265,9935,2025-07-26 14:45:56.269000+00:00,23.3,39.3,55.0,967.6,0,339,1.5
1265,9935,2025-07-26 14:46:56.270000+00:00,23.3,39.3,54.0,967.6,0,294,1.1
1265,9935,2025-07-26 14:47:56.273000+00:00,23.3,38.6,55.0,967.5,0,288,1.0
1265,9935,2025-07-26 14:48:56.270000+00:00,23.3,38.6,54.0,967.6,0,239,1.3
1265,9935,2025-07-26 14:49:56.290000+00:00,23.2,38.9,55.0,967.5,0,264,1.6
1265,9935,2025-07-26 14:50:56.325000+00:00,22.9,39.6,57.0,967.5,0,342,1.8
1265,9935,2025-07-26 14:51:56.327000+00:00,22.8,39.6,51.0,967.4,0,15,1.3
1265,9935,2025-07-26 14:52:56.327000+00:00,22.9,39.6,51.0,967.5,0,327,1.0
1265,9935,2025-07-26 14:53:56.322000+00:00,22.7,39.6,52.0,967.4,0,304,0.8
1265,9935,2025-07-26 14:54:56.313000+00:00,22.7,40.1,51.0,967.5,0,322,1.9
1265,9935,2025-07-26 14:55:56.339000+00:00,22.8,40.1,49.0,967.4,0,324,2.5
1265,9935,2025-07-26 14:56:56.366000+00:00,22.9,39.5,50.0,967.5,0,317,2.7
1265,9935,2025-07-26 14:57:56.367000+00:00,22.8,39.5,51.0,967.4,0,353,1.1
1265,9935,2025-07-26 14:58:56.364000+00:00,22.9,39.8,52.0,967.4,0,341,1.5
1265,9935,2025-07-26 14:59:56.365000+00:00,23.0,40.0,52.0,967.4,0,256,2.0
1265,9935,2025-07-26 15:00:56.536000+00:00,23.0,40.0,52.0,967.4,0,3,1.2
1265,9935,2025-07-26 15:01:56.343000+00:00,23.0,40.1,51.0,967.4,0,208,1.0
1265,9935,2025-07-26 15:02:56.353000+00:00,23.0,40.0,51.0,967.3,0,347,1.0
1265,9935,2025-07-26 15:03:56.695000+00:00,23.1,40.0,51.0,967.5,0,342,1.3
1265,9939,2025-07-27 12:06:04.141000+00:00,18.8,26.7,81.0,965.0,0,328,1.8
1265,9939,2025-07-27 12:07:04.141000+00:00,18.9,26.5,82.0,965.0,0,301,1.6
1265,9939,2025-07-27 12:08:04.121000+00:00,19.0,26.1,80.0,965.1,0,320,1.3
1265,9939,2025-07-27 12:09:04.151000+00:00,18.9,25.9,81.0,965.0,0,338,1.2
1265,9939,2025-07-27 12:10:04.139000+00:00,18.6,25.9,81.0,965.1,0,316,1.7
1265,9939,2025-07-27 12:11:04.155000+00:00,18.5,25.6,79.0,965.1,0,296,1.3
1265,9939,2025-07-27 12:12:04.155000+00:00,18.4,25.3,82.0,965.1,0,347,1.1
1265,9939,2025-07-27 12:13:04.169000+00:00,18.4,25.2,82.0,965.0,1,298,1.2
1265,9939,2025-07-27 12:14:04.192000+00:00,18.3,25.3,83.0,965.0,1,295,1.1
1265,9939,2025-07-27 12:15:04.161000+00:00,18.3,25.6,80.0,965.0,1,260,1.5
1265,9939,2025-07-27 12:16:04.179000+00:00,18.2,26.2,82.0,965.0,0,0,0.6
1265,9939,2025-07-27 12:17:04.182000+00:00,18.2,26.3,83.0,965.0,0,330,1.0
1265,9939,2025-07-27 12:18:04.198000+00:00,18.3,26.8,82.0,965.0,0,275,2.0
1265,9939,2025-07-27 12:19:04.312000+00:00,18.3,27.3,79.0,965.1,0,355,1.1
1265,9939,2025-07-27 12:20:04.213000+00:00,18.4,27.6,77.0,965.1,0,338,1.7
1265,9939,2025-07-27 12:21:04.226000+00:00,18.5,27.3,76.0,965.0,1,315,1.4
1265,9939,2025-07-27 12:22:04.241000+00:00,18.5,26.8,78.0,965.0,1,356,1.6
1265,9939,2025-07-27 12:23:04.230000+00:00,18.6,26.3,78.0,965.1,1,332,1.2
1265,9939,2025-07-27 12:24:04.217000+00:00,18.7,26.2,76.0,964.9,1,332,1.4
1265,9939,2025-07-27 12:25:04.215000+00:00,18.8,25.8,78.0,964.9,1,334,1.2
1265,9939,2025-07-27 12:26:04.240000+00:00,18.8,25.7,80.0,964.9,1,276,0.7
1265,9939,2025-07-27 12:27:04.240000+00:00,18.9,25.4,78.0,965.0,1,358,1.5
1265,9939,2025-07-27 12:28:04.266000+00:00,18.8,25.1,79.0,964.9,1,0,1.7
1265,9939,2025-07-27 12:29:04.280000+00:00,18.8,25.0,80.0,965.1,1,10,1.0
1265,9939,2025-07-27 12:30:04.263000+00:00,18.7,24.9,79.0,965.0,1,2,1.7
1265,9939,2025-07-27 12:31:04.295000+00:00,18.6,24.1,80.0,965.0,1,331,1.7
1265,9939,2025-07-27 12:32:04.291000+00:00,18.5,24.0,81.0,965.1,1,330,2.0
1265,9939,2025-07-27 12:33:04.307000+00:00,18.3,23.5,84.0,965.0,1,311,0.9
1265,9939,2025-07-27 12:34:04.314000+00:00,18.1,23.3,82.0,965.1,1,109,1.3
1265,9939,2025-07-27 12:35:04.321000+00:00,17.9,22.6,84.0,965.1,1,175,1.1
1265,9939,2025-07-27 12:36:04.316000+00:00,17.7,22.7,86.0,965.1,1,341,0.9
1265,9939,2025-07-27 12:37:04.516000+00:00,17.5,22.7,86.0,965.0,1,333,1.1
1265,9939,2025-07-27 12:38:04.540000+00:00,17.4,22.7,86.0,965.0,1,246,0.6
1265,9939,2025-07-27 12:39:04.540000+00:00,17.3,22.4,87.0,965.1,1,14,1.0
1265,9939,2025-07-27 12:40:04.540000+00:00,17.2,22.6,89.0,965.0,1,340,0.4
1265,9939,2025-07-27 12:41:04.522000+00:00,17.2,22.7,88.0,965.1,1,0,1.2
1265,9939,2025-07-27 12:42:04.560000+00:00,17.1,22.8,90.0,965.0,1,323,0.4
1265,9939,2025-07-27 12:43:04.540000+00:00,17.1,23.2,90.0,965.0,1,346,1.3
1265,9939,2025-07-27 12:44:04.555000+00:00,17.0,23.3,88.0,965.0,1,334,2.2
1265,9939,2025-07-27 12:45:04.578000+00:00,17.1,23.1,89.0,965.0,1,305,1.4
1265,9939,2025-07-27 12:46:04.580000+00:00,17.1,23.1,88.0,965.0,1,302,2.3
1265,9939,2025-07-27 12:47:04.601000+00:00,17.0,23.1,88.0,965.1,1,343,1.8
1265,9939,2025-07-27 12:48:04.617000+00:00,17.1,23.1,88.0,965.0,1,345,1.7
1265,9939,2025-07-27 12:49:04.640000+00:00,17.1,23.4,88.0,965.1,1,296,1.1
1265,9939,2025-07-27 12:50:04.672000+00:00,17.0,23.4,90.0,965.0,1,297,0.9
1265,9939,2025-07-27 12:51:04.679000+00:00,17.0,23.6,89.0,965.0,1,310,0.5
1265,9939,2025-07-27 12:52:04.678000+00:00,17.1,23.7,89.0,965.0,1,285,0.8
1265,9939,2025-07-27 12:53:04.657000+00:00,17.1,23.7,89.0,965.1,1,311,2.4
1265,9939,2025-07-27 12:54:04.667000+00:00,17.1,23.7,88.0,965.0,1,319,1.8
1265,9939,2025-07-27 12:55:04.680000+00:00,17.0,23.6,89.0,965.1,1,324,1.4
1265,9939,2025-07-27 12:56:04.697000+00:00,17.1,23.8,90.0,965.1,1,347,0.9
1265,9939,2025-07-27 12:57:04.695000+00:00,17.1,23.8,88.0,965.0,1,352,1.8
1265,9939,2025-07-27 12:58:04.697000+00:00,17.1,23.8,88.0,964.9,1,313,1.1
1265,9939,2025-07-27 12:59:04.709000+00:00,17.0,23.8,90.0,965.0,1,290,1.3
1265,9939,2025-07-27 13:00:04.708000+00:00,17.0,23.8,88.0,965.1,1,291,1.8
1265,9939,2025-07-27 13:01:04.707000+00:00,17.0,23.8,90.0,965.0,1,297,1.6
1265,9939,2025-07-27 13:02:04.706000+00:00,17.0,24.0,89.0,964.9,1,343,1.3
1265,9939,2025-07-27 13:03:04.709000+00:00,17.0,24.0,89.0,965.0,1,350,1.3
1265,9939,2025-07-27 13:04:04.698000+00:00,17.1,24.1,89.0,965.1,1,347,1.6
1265,9939,2025-07-27 13:05:04.691000+00:00,17.2,24.1,88.0,965.0,1,302,1.7
1265,9939,2025-07-27 13:06:04.717000+00:00,17.1,23.9,88.0,965.0,1,344,2.1
1265,9939,2025-07-27 13:07:04.719000+00:00,17.1,24.0,89.0,965.0,1,308,1.5
1265,9939,2025-07-27 13:08:04.708000+00:00,17.1,24.0,88.0,965.0,1,280,1.4
1265,9939,2025-07-27 13:09:04.710000+00:00,17.1,24.0,88.0,965.0,0,0,1.5
1265,9939,2025-07-27 13:10:04.715000+00:00,17.2,24.5,90.0,965.1,1,337,0.7
1265,9939,2025-07-27 13:11:04.760000+00:00,17.3,24.5,90.0,965.1,1,278,0.6
1265,9939,2025-07-27 13:12:04.725000+00:00,17.2,24.4,88.0,965.1,0,330,1.1
1265,9939,2025-07-27 13:13:04.740000+00:00,17.2,24.3,88.0,965.1,0,334,0.9
1265,9939,2025-07-27 13:14:04.776000+00:00,17.3,24.3,89.0,965.0,0,339,1.1
1265,9939,2025-07-27 13:15:04.767000+00:00,17.3,24.1,88.0,965.1,0,323,1.1
1265,9939,2025-07-27 13:16:04.768000+00:00,17.4,23.7,89.0,965.1,1,319,1.4
1265,9939,2025-07-27 13:17:04.750000+00:00,17.4,23.5,89.0,965.2,1,342,1.7
1265,9939,2025-07-27 13:18:04.750000+00:00,17.3,22.6,86.0,965.3,1,354,3.2
1265,9939,2025-07-27 13:19:04.765000+00:00,17.2,22.5,87.0,965.3,1,314,2.5
1265,9939,2025-07-27 13:20:04.775000+00:00,17.0,21.6,84.0,965.3,1,320,3.0
1265,9939,2025-07-27 13:21:04.774000+00:00,16.8,21.3,87.0,965.3,1,321,2.2
1265,9939,2025-07-27 13:22:04.790000+00:00,16.7,21.3,87.0,965.3,1,320,2.8
1265,9939,2025-07-27 13:23:04.805000+00:00,16.5,21.2,88.0,965.3,1,334,1.7
1265,9939,2025-07-27 13:24:04.810000+00:00,16.2,21.1,88.0,965.3,1,340,2.0
1265,9939,2025-07-27 13:25:04.826000+00:00,16.0,20.9,87.0,965.4,1,338,0.9
1265,9939,2025-07-27 13:26:04.823000+00:00,15.7,20.8,88.0,965.4,1,337,1.8
1265,9939,2025-07-27 13:27:04.855000+00:00,15.6,20.7,87.0,965.4,1,339,2.2
1265,9939,2025-07-27 13:28:04.847000+00:00,15.4,20.7,87.0,965.4,1,305,2.1
1265,9939,2025-07-27 13:29:04.842000+00:00,15.2,20.7,90.0,965.3,1,312,1.6
1265,9939,2025-07-27 13:30:04.837000+00:00,15.1,20.8,88.0,965.4,1,287,1.8
1265,9939,2025-07-27 13:31:04.853000+00:00,14.9,20.8,89.0,965.4,1,292,2.1
1265,9939,2025-07-27 13:32:04.863000+00:00,14.8,20.7,90.0,965.2,1,320,2.0
1265,9939,2025-07-27 13:33:04.855000+00:00,14.8,20.7,90.0,965.3,1,298,1.4
1265,9939,2025-07-27 13:34:04.863000+00:00,14.8,20.8,90.0,965.2,1,324,1.6
1265,9939,2025-07-27 13:35:04.862000+00:00,14.7,20.9,91.0,965.2,1,332,1.1
1265,9939,2025-07-27 13:36:04.858000+00:00,14.7,20.9,91.0,965.1,1,284,1.7
1265,9939,2025-07-27 13:37:04.859000+00:00,14.7,20.9,89.0,965.1,1,272,0.9
1265,9939,2025-07-27 13:38:04.866000+00:00,14.6,20.9,90.0,965.1,1,238,1.3
1265,9939,2025-07-27 13:39:04.857000+00:00,14.6,21.1,90.0,965.0,1,267,0.7
1265,9939,2025-07-27 13:40:04.843000+00:00,14.5,21.1,89.0,965.0,1,266,0.7
1265,9939,2025-07-27 13:41:04.859000+00:00,14.5,21.1,90.0,965.0,1,302,0.8
1265,9939,2025-07-27 13:42:04.873000+00:00,14.6,21.1,90.0,965.0,1,309,1.0
1265,9939,2025-07-27 13:43:04.842000+00:00,14.5,21.0,90.0,965.0,1,290,0.5
1265,9939,2025-07-27 13:44:04.868000+00:00,14.6,21.1,91.0,964.9,1,351,1.1
1265,9939,2025-07-27 13:45:04.870000+00:00,14.5,21.2,90.0,964.9,1,305,0.9
1265,9939,2025-07-27 13:46:04.865000+00:00,14.6,21.2,91.0,964.8,1,307,0.7
1265,9939,2025-07-27 13:47:04.875000+00:00,14.6,21.2,91.0,964.7,1,356,0.9
1265,9939,2025-07-27 13:48:04.869000+00:00,14.6,21.2,91.0,964.7,1,313,0.7
1265,9939,2025-07-27 13:49:04.865000+00:00,14.6,21.2,90.0,964.7,1,290,0.9
1265,9939,2025-07-27 13:50:04.885000+00:00,14.6,21.4,91.0,964.7,1,310,1.1
1265,9939,2025-07-27 13:51:04.885000+00:00,14.6,21.4,91.0,964.7,1,285,1.3
1265,9939,2025-07-27 13:52:04.909000+00:00,14.6,21.5,90.0,964.7,1,317,1.2
1265,9939,2025-07-27 13:53:04.910000+00:00,14.6,21.7,91.0,964.6,1,273,1.1
1265,9939,2025-07-27 13:54:04.912000+00:00,14.6,22.1,91.0,964.7,1,0,1.2
1265,9939,2025-07-27 13:55:04.921000+00:00,14.8,22.3,93.0,964.8,1,317,0.8
1265,9939,2025-07-27 13:56:04.923000+00:00,14.9,22.9,93.0,964.7,1,281,1.1
1265,9939,2025-07-27 13:57:04.927000+00:00,15.0,23.1,90.0,964.7,1,330,1.4
1265,9939,2025-07-27 13:58:04.906000+00:00,15.2,23.1,91.0,964.7,1,315,1.8
1265,9939,2025-07-27 13:59:04.928000+00:00,15.3,23.2,91.0,964.7,1,287,1.5
1265,9939,2025-07-27 14:00:04.928000+00:00,15.3,23.2,91.0,964.7,1,306,1.5
1265,9939,2025-07-27 14:01:04.959000+00:00,15.5,24.3,90.0,964.6,0,303,2.0
1265,9939,2025-07-27 14:02:04.975000+00:00,15.6,25.0,93.0,964.7,0,302,0.7
1265,9939,2025-07-27 14:03:04.976000+00:00,15.6,25.2,92.0,964.7,1,321,0.8
1265,9939,2025-07-27 14:04:04.992000+00:00,15.8,25.4,90.0,964.7,1,330,1.5
1265,9939,2025-07-27 14:05:05.005000+00:00,15.9,25.5,89.0,964.7,0,318,1.2
1265,9939,2025-07-27 14:06:05.005000+00:00,16.0,25.9,89.0,964.7,0,282,1.6
1265,9939,2025-07-27 14:07:05.011000+00:00,16.1,26.0,87.0,964.7,0,311,1.8
1265,9939,2025-07-27 14:08:05.007000+00:00,16.2,26.2,90.0,964.7,0,313,2.0
1265,9939,2025-07-27 14:09:05.007000+00:00,16.4,26.3,86.0,964.7,0,328,1.5
1265,9939,2025-07-27 14:10:05.022000+00:00,16.4,26.3,86.0,964.8,1,325,1.3
1265,9939,2025-07-27 14:11:05.020000+00:00,16.5,26.3,87.0,964.7,1,287,0.6
1265,9939,2025-07-27 14:12:05.038000+00:00,16.7,26.3,83.0,964.8,0,347,1.8
1265,9939,2025-07-27 14:13:05.046000+00:00,16.8,26.6,86.0,964.8,0,356,1.9
1265,9939,2025-07-27 14:14:05.067000+00:00,16.9,26.8,85.0,964.8,0,333,1.6
1265,9939,2025-07-27 14:15:05.067000+00:00,17.0,26.6,85.0,964.8,0,337,1.5
1265,9939,2025-07-27 14:16:05.057000+00:00,17.1,26.4,85.0,964.8,0,331,1.1
1265,9939,2025-07-27 14:17:05.089000+00:00,17.3,26.4,85.0,964.7,0,354,1.5
1265,9939,2025-07-27 14:18:05.089000+00:00,17.4,26.3,84.0,964.7,0,347,1.5
1265,9939,2025-07-27 14:19:05.079000+00:00,17.4,26.2,82.0,964.8,0,305,1.4
1265,9939,2025-07-27 14:20:05.096000+00:00,17.5,26.1,84.0,964.8,0,322,1.6
1265,9939,2025-07-27 14:21:05.122000+00:00,17.6,26.1,84.0,964.9,0,326,1.4
1265,9939,2025-07-27 14:22:05.116000+00:00,17.7,25.9,85.0,964.7,0,333,1.5
1265,9939,2025-07-27 14:23:05.119000+00:00,17.6,25.1,82.0,964.8,0,285,1.5
1265,9939,2025-07-27 14:24:05.125000+00:00,17.7,24.8,84.0,964.8,0,333,1.5
1265,9939,2025-07-27 14:25:05.144000+00:00,17.7,24.8,84.0,964.8,0,318,1.2
1265,9939,2025-07-27 14:26:05.112000+00:00,17.6,24.9,84.0,964.9,0,339,1.5
1265,9939,2025-07-27 14:27:05.120000+00:00,17.6,25.0,84.0,964.9,0,315,1.8
1265,9939,2025-07-27 14:28:05.126000+00:00,17.6,24.8,84.0,964.9,0,300,1.9
1265,9939,2025-07-27 14:29:05.130000+00:00,17.4,24.4,83.0,964.9,0,331,1.2
1265,9939,2025-07-27 14:30:05.155000+00:00,17.3,24.5,85.0,965.0,0,330,1.8
1265,9939,2025-07-27 14:31:05.151000+00:00,17.3,24.9,83.0,965.0,0,304,1.6
1265,9939,2025-07-27 14:32:05.156000+00:00,17.4,24.9,85.0,964.9,0,332,1.1
1265,9939,2025-07-27 14:33:05.156000+00:00,17.4,25.5,84.0,964.9,0,2,1.1
1265,9939,2025-07-27 14:34:05.134000+00:00,17.4,25.6,82.0,965.0,0,335,0.9
1265,9939,2025-07-27 14:35:05.148000+00:00,17.4,25.7,82.0,965.0,0,307,1.1
1265,9939,2025-07-27 14:36:05.159000+00:00,17.4,25.8,83.0,965.0,0,305,1.7
1265,9939,2025-07-27 14:37:05.164000+00:00,17.5,25.9,83.0,965.0,0,317,2.6
1265,9939,2025-07-27 14:38:05.175000+00:00,17.5,25.5,80.0,965.0,0,313,2.7
1265,9939,2025-07-27 14:39:05.196000+00:00,17.5,25.5,81.0,965.1,0,297,1.9
1265,9939,2025-07-27 14:40:05.185000+00:00,17.5,25.5,81.0,965.1,0,275,2.0
1265,9939,2025-07-27 14:41:05.195000+00:00,17.6,25.9,83.0,965.2,0,357,2.3
1265,9939,2025-07-27 14:42:05.185000+00:00,17.5,25.9,79.0,965.1,0,339,1.5
1265,9939,2025-07-27 14:43:05.196000+00:00,17.5,25.9,83.0,965.1,0,327,1.8
1265,9939,2025-07-27 14:44:05.191000+00:00,17.5,25.9,82.0,965.1,0,355,1.9
1265,9939,2025-07-27 14:45:05.213000+00:00,17.5,25.9,82.0,965.1,0,355,1.9
1265,9939,2025-07-27 14:46:05.216000+00:00,17.6,25.4,81.0,965.2,0,318,2.2
1265,9939,2025-07-27 14:47:05.215000+00:00,17.6,25.3,80.0,965.2,0,0,1.8
1265,9939,2025-07-27 14:48:05.220000+00:00,17.6,25.1,81.0,965.2,0,318,1.1
1265,9939,2025-07-27 14:49:05.220000+00:00,17.5,25.1,79.0,965.2,0,344,2.5
1265,9939,2025-07-27 14:50:05.230000+00:00,17.5,25.8,81.0,965.3,0,332,1.5
1265,9939,2025-07-27 14:51:05.231000+00:00,17.5,26.0,83.0,965.2,0,306,1.2
1265,9939,2025-07-27 14:52:05.252000+00:00,17.4,26.0,82.0,965.3,0,31,0.7
1265,9939,2025-07-27 14:53:05.262000+00:00,17.5,25.8,80.0,965.2,0,342,1.9
1265,9939,2025-07-27 14:54:05.244000+00:00,17.5,25.8,79.0,965.2,0,327,1.9
1265,9939,2025-07-27 14:55:05.279000+00:00,17.5,26.1,80.0,965.1,0,336,1.5
1265,9939,2025-07-27 14:56:05.280000+00:00,17.6,26.3,80.0,965.1,0,338,2.5
1265,9939,2025-07-27 14:57:05.301000+00:00,17.6,26.1,79.0,965.2,0,316,1.6
1265,9939,2025-07-27 14:58:05.299000+00:00,17.8,26.1,81.0,965.2,0,312,1.4
1265,9939,2025-07-27 14:59:05.290000+00:00,17.8,26.2,81.0,965.3,0,303,1.6
1265,9939,2025-07-27 15:00:05.301000+00:00,17.9,26.2,79.0,965.2,0,342,1.4
1265,9939,2025-07-27 15:01:05.311000+00:00,17.9,26.2,79.0,965.2,0,295,2.2
1265,9939,2025-07-27 15:02:05.360000+00:00,17.9,26.3,79.0,965.2,0,353,1.1
1265,9939,2025-07-27 15:03:05.340000+00:00,17.8,26.4,78.0,965.2,0,334,2.5
1265,9939,2025-07-27 15:04:05.345000+00:00,17.9,26.3,79.0,965.3,0,256,2.0
1265,9939,2025-07-27 15:05:05.355000+00:00,17.9,25.8,79.0,965.3,0,202,0.7
1265,9939,2025-07-27 15:06:05.355000+00:00,17.9,25.8,81.0,965.2,0,24,1.5
1265,9939,2025-07-27 15:07:05.368000+00:00,18.0,26.0,80.0,965.3,0,188,1.2
1265,9939,2025-07-27 15:08:05.359000+00:00,18.1,25.8,79.0,965.3,0,354,1.2
1265,9939,2025-07-27 15:09:05.391000+00:00,18.0,25.0,78.0,965.3,0,308,1.4
1265,9939,2025-07-27 15:10:05.390000+00:00,18.0,24.7,78.0,965.3,0,327,1.6
1265,9939,2025-07-27 15:11:05.392000+00:00,17.8,24.5,78.0,965.3,0,265,2.2
1265,9939,2025-07-27 15:12:05.399000+00:00,17.7,24.5,79.0,965.3,0,347,1.3
1265,9939,2025-07-27 15:13:05.399000+00:00,17.5,24.3,79.0,965.2,0,331,1.9
1265,9939,2025-07-27 15:14:05.404000+00:00,17.5,24.2,80.0,965.2,0,341,1.6
1265,9939,2025-07-27 15:15:05.410000+00:00,17.5,24.2,80.0,965.3,0,319,1.8
1265,9939,2025-07-27 15:16:05.423000+00:00,17.5,24.1,80.0,965.2,0,333,1.2
1265,9939,2025-07-27 15:17:05.436000+00:00,17.5,24.1,81.0,965.2,0,244,1.4
1265,9939,2025-07-27 15:18:05.442000+00:00,17.5,24.2,81.0,965.2,0,230,0.8
1265,9939,2025-07-27 15:19:05.440000+00:00,17.5,24.7,81.0,965.2,0,6,0.6
1265,9939,2025-07-27 15:20:05.436000+00:00,17.5,24.8,80.0,965.2,0,328,1.2
1265,9939,2025-07-27 15:21:05.421000+00:00,17.6,24.8,79.0,965.2,0,345,1.6
1265,9939,2025-07-27 15:22:05.446000+00:00,17.5,24.7,78.0,965.1,0,238,1.1
1265,9939,2025-07-27 15:23:05.425000+00:00,17.5,24.0,79.0,965.2,0,263,1.2
1265,9939,2025-07-27 15:24:05.450000+00:00,17.5,24.0,79.0,965.2,0,291,1.8
1265,9939,2025-07-27 15:25:05.443000+00:00,17.5,23.8,78.0,965.2,0,349,1.4
1265,9939,2025-07-27 15:26:05.431000+00:00,17.5,23.8,79.0,965.2,0,338,1.7
1265,9939,2025-07-27 15:27:05.433000+00:00,17.5,23.7,78.0,965.2,0,286,1.8
1265,9939,2025-07-27 15:28:05.433000+00:00,17.5,23.5,78.0,965.2,0,345,1.6
1265,9939,2025-07-27 15:29:05.448000+00:00,17.5,23.5,80.0,965.1,0,336,1.6
1265,9939,2025-07-27 15:30:05.443000+00:00,17.4,23.6,80.0,965.1,0,357,1.1
1265,9939,2025-07-27 15:31:05.452000+00:00,17.4,23.6,81.0,965.2,0,356,1.3
1265,9939,2025-07-27 15:32:05.444000+00:00,17.3,23.1,78.0,965.2,0,313,2.0
1265,9939,2025-07-27 15:33:05.456000+00:00,17.2,23.1,80.0,965.1,0,342,1.3
1265,9939,2025-07-27 15:34:05.453000+00:00,17.1,23.0,81.0,965.2,0,276,1.5
1265,9939,2025-07-27 15:35:05.454000+00:00,17.1,23.0,81.0,965.2,0,0,1.7
1265,9939,2025-07-27 15:36:05.466000+00:00,17.1,23.1,80.0,965.1,0,346,2.1
1265,9939,2025-07-27 15:37:05.474000+00:00,17.1,22.9,81.0,965.1,0,332,1.9
1265,9939,2025-07-27 15:38:05.503000+00:00,17.1,22.8,81.0,965.2,0,342,1.8
1265,9939,2025-07-27 15:39:05.502000+00:00,17.1,22.4,81.0,965.2,0,179,1.5
1265,9939,2025-07-27 15:40:05.554000+00:00,17.1,22.4,82.0,965.1,0,319,0.8
1265,9939,2025-07-27 15:41:05.562000+00:00,17.1,22.5,82.0,965.3,0,200,0.7
1265,9939,2025-07-27 15:42:05.562000+00:00,17.0,22.5,83.0,965.1,0,237,1.0
1265,9939,2025-07-27 15:43:05.575000+00:00,17.0,22.3,82.0,965.3,0,207,1.4
1265,9939,2025-07-27 15:44:05.585000+00:00,16.9,22.3,82.0,965.2,0,243,1.4
1265,9939,2025-07-27 15:45:05.594000+00:00,16.9,22.3,82.0,965.2,0,172,1.1
1265,9939,2025-07-27 15:46:05.566000+00:00,16.9,22.4,83.0,965.2,0,220,1.1
1265,9939,2025-07-27 15:47:05.589000+00:00,16.9,22.4,82.0,965.2,0,322,1.4
1265,9939,2025-07-27 15:48:05.587000+00:00,16.9,22.4,81.0,965.2,0,348,1.0
1266,9921,2025-08-01 11:16:22.256000+00:00,25.8,43.2,39.0,986.1,0,201,1.3
1266,9921,2025-08-01 11:17:22.259000+00:00,25.8,42.5,40.0,986.0,0,219,2.6
1266,9921,2025-08-01 11:18:22.276000+00:00,25.8,42.2,40.0,985.9,0,234,2.9
1266,9921,2025-08-01 11:19:22.282000+00:00,25.7,41.9,41.0,986.1,0,176,2.6
1266,9921,2025-08-01 11:20:22.283000+00:00,25.6,41.7,41.0,986.0,0,0,1.1
1266,9921,2025-08-01 11:21:22.292000+00:00,25.7,41.7,39.0,985.9,0,282,0.8
1266,9921,2025-08-01 11:22:22.290000+00:00,25.7,41.8,39.0,986.0,0,272,0.8
1266,9921,2025-08-01 11:23:22.313000+00:00,25.6,41.7,39.0,986.0,0,211,1.0
1266,9921,2025-08-01 11:24:22.314000+00:00,25.5,41.6,39.0,985.9,0,141,0.6
1266,9921,2025-08-01 11:25:22.320000+00:00,25.5,41.3,39.0,986.0,0,160,1.0
1266,9921,2025-08-01 11:26:22.303000+00:00,25.5,41.3,40.0,985.9,0,201,1.3
1266,9921,2025-08-01 11:27:22.312000+00:00,25.5,43.3,40.0,985.9,0,152,1.3
1266,9921,2025-08-01 11:28:22.309000+00:00,25.7,44.7,42.0,985.9,0,174,1.8
1266,9921,2025-08-01 11:29:22.316000+00:00,25.9,46.5,40.0,985.9,0,202,2.8
1266,9921,2025-08-01 11:30:22.314000+00:00,26.0,47.0,40.0,985.9,0,148,2.1
1266,9921,2025-08-01 11:31:22.317000+00:00,25.9,47.2,40.0,985.9,0,175,2.6
1266,9921,2025-08-01 11:32:22.326000+00:00,25.9,47.2,41.0,985.8,0,180,3.3
1266,9921,2025-08-01 11:33:22.312000+00:00,26.1,48.5,40.0,985.8,0,233,2.6
1266,9921,2025-08-01 11:34:22.309000+00:00,26.4,49.6,40.0,985.8,0,168,1.9
1266,9921,2025-08-01 11:35:22.321000+00:00,26.5,49.6,39.0,985.8,0,273,1.8
1266,9921,2025-08-01 11:36:22.319000+00:00,26.7,49.8,39.0,985.8,0,156,1.1
1266,9921,2025-08-01 11:37:22.319000+00:00,26.7,49.9,37.0,985.7,0,81,0.7
1266,9921,2025-08-01 11:38:22.319000+00:00,26.9,49.9,38.0,985.8,0,209,1.7
1266,9921,2025-08-01 11:39:22.323000+00:00,27.0,48.5,39.0,985.8,0,181,3.1
1266,9921,2025-08-01 11:40:22.321000+00:00,26.9,47.0,40.0,985.8,0,219,2.6
1266,9921,2025-08-01 11:41:22.320000+00:00,26.8,44.9,40.0,985.7,0,167,3.4
1266,9921,2025-08-01 11:42:22.311000+00:00,26.5,43.7,41.0,985.8,0,198,2.2
1266,9921,2025-08-01 11:43:22.321000+00:00,26.3,43.6,41.0,985.7,0,118,2.6
1266,9921,2025-08-01 11:44:22.321000+00:00,26.1,43.2,41.0,985.7,0,174,2.6
1266,9921,2025-08-01 11:45:22.302000+00:00,26.0,42.1,41.0,985.7,0,211,2.5
1266,9921,2025-08-01 11:46:22.318000+00:00,25.9,42.0,41.0,985.6,0,311,1.3
1266,9921,2025-08-01 11:47:22.323000+00:00,25.8,41.6,41.0,985.6,0,81,1.3
1266,9921,2025-08-01 11:48:22.316000+00:00,25.8,41.6,40.0,985.6,0,190,1.4
1266,9921,2025-08-01 11:49:22.316000+00:00,25.9,41.5,40.0,985.6,0,202,2.1
1266,9921,2025-08-01 11:50:22.323000+00:00,25.9,40.5,41.0,985.6,0,143,2.5
1266,9921,2025-08-01 11:51:22.324000+00:00,25.8,40.5,41.0,985.7,0,187,1.7
1266,9921,2025-08-01 11:52:22.333000+00:00,25.8,40.5,40.0,985.7,0,200,1.4
1266,9921,2025-08-01 11:53:22.324000+00:00,25.7,39.7,41.0,985.6,0,235,1.5
1266,9921,2025-08-01 11:54:22.333000+00:00,25.7,39.7,41.0,985.6,0,167,1.0
1266,9921,2025-08-01 11:55:22.327000+00:00,25.6,39.7,41.0,985.7,0,177,0.5
1266,9921,2025-08-01 11:56:22.349000+00:00,25.5,39.8,41.0,985.6,0,271,1.1
1266,9921,2025-08-01 11:57:22.356000+00:00,25.5,39.7,40.0,985.6,0,202,1.0
1266,9921,2025-08-01 11:58:22.382000+00:00,25.6,39.4,42.0,985.6,0,159,2.6
1266,9921,2025-08-01 11:59:22.420000+00:00,25.5,39.4,41.0,985.6,0,306,1.4
1266,9921,2025-08-01 12:00:22.376000+00:00,25.6,39.7,41.0,985.6,0,157,0.0
1266,9921,2025-08-01 12:01:22.389000+00:00,25.7,40.0,40.0,985.6,0,202,0.9
1266,9921,2025-08-01 12:02:22.412000+00:00,25.6,38.6,41.0,985.6,0,192,2.4
1266,9921,2025-08-01 12:03:22.417000+00:00,25.5,38.5,41.0,985.6,0,202,1.8
1266,9921,2025-08-01 12:04:22.429000+00:00,25.4,38.5,42.0,985.6,0,261,1.6
1266,9921,2025-08-01 12:05:22.429000+00:00,25.4,38.3,42.0,985.7,0,121,1.9
1266,9921,2025-08-01 12:06:22.431000+00:00,25.4,38.3,42.0,985.6,0,199,1.6
1266,9921,2025-08-01 12:07:22.429000+00:00,25.5,38.2,42.0,985.6,0,161,2.0
1266,9921,2025-08-01 12:08:22.435000+00:00,25.5,38.2,41.0,985.6,0,149,1.6
1266,9921,2025-08-01 12:09:22.430000+00:00,25.5,38.1,41.0,985.6,0,163,1.1
1266,9921,2025-08-01 12:10:22.442000+00:00,25.5,38.1,41.0,985.6,0,141,2.1
1266,9921,2025-08-01 12:11:22.465000+00:00,25.4,38.0,41.0,985.6,0,127,2.0
1266,9921,2025-08-01 12:12:22.458000+00:00,25.4,37.5,41.0,985.7,0,175,1.6
1266,9921,2025-08-01 12:13:22.465000+00:00,25.4,37.4,42.0,985.6,0,150,1.1
1266,9921,2025-08-01 12:14:22.483000+00:00,25.4,37.6,42.0,985.6,0,187,1.6
1266,9921,2025-08-01 12:15:22.502000+00:00,25.4,37.7,42.0,985.6,0,133,2.0
1266,9921,2025-08-01 12:16:22.565000+00:00,25.4,37.3,42.0,985.6,0,175,1.7
1266,9921,2025-08-01 12:17:22.547000+00:00,25.4,37.5,42.0,985.6,0,183,1.8
1266,9921,2025-08-01 12:18:22.531000+00:00,25.4,37.5,42.0,985.5,0,152,2.0
1266,9921,2025-08-01 12:19:22.530000+00:00,25.4,37.6,42.0,985.6,0,189,2.0
1266,9921,2025-08-01 12:20:22.550000+00:00,25.3,37.6,42.0,985.4,0,158,1.7
1266,9921,2025-08-01 12:21:22.569000+00:00,25.3,38.0,42.0,985.3,0,139,0.7
1266,9921,2025-08-01 12:22:22.585000+00:00,25.4,38.6,41.0,985.5,0,167,0.7
1266,9921,2025-08-01 12:23:22.589000+00:00,25.4,38.6,41.0,985.5,0,170,1.3
1266,9921,2025-08-01 12:24:22.589000+00:00,25.4,38.5,41.0,985.5,0,130,1.3
1266,9921,2025-08-01 12:25:22.605000+00:00,25.5,38.9,40.0,985.5,0,135,0.9
1266,9921,2025-08-01 12:26:22.602000+00:00,25.6,39.7,40.0,985.4,0,225,1.6
1266,9921,2025-08-01 12:27:22.606000+00:00,25.8,40.5,41.0,985.5,0,123,1.0
1266,9921,2025-08-01 12:28:22.608000+00:00,26.0,40.5,41.0,985.4,0,141,2.5
1266,9921,2025-08-01 12:29:22.606000+00:00,26.0,39.4,41.0,985.4,0,124,2.0
1266,9921,2025-08-01 12:30:22.606000+00:00,26.0,39.1,41.0,985.5,0,105,1.3
1266,9921,2025-08-01 12:31:22.610000+00:00,26.0,38.9,41.0,985.4,0,110,1.2
1266,9921,2025-08-01 12:32:22.618000+00:00,26.0,38.7,41.0,985.4,0,139,1.5
1266,9921,2025-08-01 12:33:22.623000+00:00,26.0,38.6,41.0,985.4,0,36,1.7
1266,9921,2025-08-01 12:34:22.613000+00:00,26.0,38.3,41.0,985.3,0,47,0.6
1266,9921,2025-08-01 12:35:22.604000+00:00,25.9,37.9,41.0,985.3,0,284,0.7
1266,9921,2025-08-01 12:36:22.618000+00:00,25.8,37.9,41.0,985.3,0,88,0.9
1266,9922,2025-08-01 14:46:23.086000+00:00,26.8,41.5,37.0,984.4,0,296,0.6
1266,9922,2025-08-01 14:47:23.083000+00:00,26.9,41.7,37.0,984.5,0,198,0.5
1266,9922,2025-08-01 14:48:23.077000+00:00,26.9,41.5,37.0,984.5,0,235,1.3
1266,9922,2025-08-01 14:49:23.093000+00:00,27.0,41.3,37.0,984.4,0,32,1.0
1266,9922,2025-08-01 14:50:23.090000+00:00,27.0,41.5,37.0,984.4,0,148,0.8
1266,9922,2025-08-01 14:51:23.079000+00:00,27.0,41.6,37.0,984.4,0,239,1.0
1266,9922,2025-08-01 14:52:23.092000+00:00,27.1,41.6,37.0,984.3,0,151,1.8
1266,9922,2025-08-01 14:53:23.084000+00:00,27.2,41.7,38.0,984.4,0,148,2.0
1266,9922,2025-08-01 14:54:23.079000+00:00,27.2,42.0,38.0,984.4,0,110,2.2
1266,9922,2025-08-01 14:55:23.096000+00:00,27.2,41.7,38.0,984.4,0,169,2.3
1266,9922,2025-08-01 14:56:23.088000+00:00,27.2,40.9,38.0,984.4,0,151,2.5
1266,9922,2025-08-01 14:57:23.086000+00:00,27.1,40.4,38.0,984.5,0,218,1.5
1266,9922,2025-08-01 14:58:23.092000+00:00,27.3,39.9,38.0,984.4,0,218,2.3
1266,9922,2025-08-01 14:59:23.093000+00:00,27.2,39.5,38.0,984.4,0,206,1.1
1266,9922,2025-08-01 15:00:23.090000+00:00,27.2,39.7,38.0,984.4,0,199,1.3
1266,9922,2025-08-01 15:01:23.094000+00:00,27.1,39.5,38.0,984.5,0,211,1.4
1266,9922,2025-08-01 15:02:23.100000+00:00,27.1,39.3,38.0,984.4,0,201,1.3
1266,9922,2025-08-01 15:03:23.097000+00:00,27.0,39.8,38.0,984.5,0,225,1.4
1266,9922,2025-08-01 15:04:23.103000+00:00,26.9,40.2,37.0,984.5,0,99,1.2
1266,9922,2025-08-01 15:05:23.100000+00:00,27.0,40.2,37.0,984.5,0,142,1.3
1266,9922,2025-08-01 15:06:23.105000+00:00,27.1,39.6,37.0,984.5,0,206,1.3
1266,9922,2025-08-01 15:07:23.091000+00:00,27.2,39.0,37.0,984.4,0,213,1.0
1266,9922,2025-08-01 15:08:23.097000+00:00,27.2,39.3,37.0,984.5,0,124,0.8
1266,9922,2025-08-01 15:09:23.097000+00:00,27.2,40.0,36.0,984.4,0,185,0.8
1266,9922,2025-08-01 15:10:23.097000+00:00,27.3,40.0,36.0,984.5,0,181,1.2
1266,9922,2025-08-01 15:11:23.109000+00:00,27.3,39.9,36.0,984.4,0,0,1.3
1266,9922,2025-08-01 15:12:23.098000+00:00,27.3,39.7,36.0,984.4,0,56,0.7
1266,9922,2025-08-01 15:13:23.109000+00:00,27.3,39.1,37.0,984.3,0,149,0.7
1266,9922,2025-08-01 15:14:23.106000+00:00,27.3,39.1,37.0,984.4,0,99,1.5
1266,9922,2025-08-01 15:15:23.104000+00:00,27.2,39.0,37.0,984.3,0,128,1.6
1266,9922,2025-08-01 15:16:23.112000+00:00,27.2,38.7,36.0,984.3,0,151,1.9
1266,9922,2025-08-01 15:17:23.112000+00:00,27.0,38.4,37.0,984.3,0,144,1.3
1266,9922,2025-08-01 15:18:23.107000+00:00,27.1,38.7,37.0,984.3,0,172,0.8
1266,9922,2025-08-01 15:19:23.109000+00:00,27.1,39.3,37.0,984.3,0,159,1.6
1266,9922,2025-08-01 15:20:23.098000+00:00,27.2,39.1,37.0,984.3,0,172,1.4
1266,9922,2025-08-01 15:21:23.102000+00:00,27.2,38.5,37.0,984.2,0,341,1.0
1266,9922,2025-08-01 15:22:23.113000+00:00,27.1,38.5,37.0,984.2,0,146,1.7
1266,9922,2025-08-01 15:23:23.106000+00:00,27.1,38.3,37.0,984.3,0,287,1.0
1266,9922,2025-08-01 15:24:23.112000+00:00,27.0,38.2,37.0,984.2,0,269,2.6
1266,9922,2025-08-01 15:25:23.102000+00:00,26.9,37.9,37.0,984.3,0,284,2.4
1266,9922,2025-08-01 15:26:23.100000+00:00,26.8,37.6,37.0,984.2,0,293,2.7
1266,9922,2025-08-01 15:27:23.113000+00:00,26.8,37.7,37.0,984.3,0,299,2.5
1266,9922,2025-08-01 15:28:23.112000+00:00,26.7,37.8,38.0,984.1,0,311,2.3
1266,9922,2025-08-01 15:29:23.107000+00:00,26.8,37.9,37.0,984.2,0,292,2.0
1266,9922,2025-08-01 15:30:23.114000+00:00,26.9,37.9,37.0,984.1,0,274,1.0
1266,9922,2025-08-01 15:31:23.137000+00:00,27.1,38.7,36.0,984.1,0,203,0.6
1266,9922,2025-08-01 15:32:23.134000+00:00,27.3,39.2,36.0,984.1,0,161,0.7
1266,9922,2025-08-01 15:33:23.151000+00:00,27.5,39.1,36.0,984.1,0,112,0.6
1266,9922,2025-08-01 15:34:23.143000+00:00,27.5,38.9,36.0,984.1,0,0,0.9
1266,9922,2025-08-01 15:35:23.145000+00:00,27.5,38.8,36.0,984.0,0,192,0.0
1266,9922,2025-08-01 15:36:23.152000+00:00,27.5,38.6,36.0,983.9,0,176,1.6
1266,9922,2025-08-01 15:37:23.140000+00:00,27.5,38.4,37.0,984.0,0,128,1.2
1266,9922,2025-08-01 15:38:23.173000+00:00,27.5,38.3,37.0,984.1,0,199,0.5
1266,9922,2025-08-01 15:39:23.157000+00:00,27.5,38.0,37.0,984.0,0,163,0.9
1266,9922,2025-08-01 15:40:23.160000+00:00,27.5,37.6,37.0,983.9,0,138,0.8
1266,9922,2025-08-01 15:41:23.176000+00:00,27.5,37.2,37.0,983.9,0,166,1.0
1266,9922,2025-08-01 15:42:23.161000+00:00,27.5,37.1,37.0,983.9,0,144,1.1
1266,9922,2025-08-01 15:43:23.174000+00:00,27.4,36.5,37.0,984.0,0,132,0.9
1266,9922,2025-08-01 15:44:23.211000+00:00,27.3,36.3,37.0,984.0,0,149,1.0
1266,9922,2025-08-01 15:45:23.221000+00:00,27.2,36.2,37.0,983.9,0,160,0.6
1266,9922,2025-08-01 15:46:23.223000+00:00,27.1,36.2,37.0,983.9,0,0,0.4
1266,9922,2025-08-01 15:47:23.220000+00:00,27.1,36.3,37.0,984.0,0,74,0.0
1266,9922,2025-08-01 15:48:23.224000+00:00,27.1,36.3,37.0,984.0,0,105,1.6
1266,9922,2025-08-01 15:49:23.215000+00:00,27.1,36.2,37.0,984.0,0,63,0.9
1266,9922,2025-08-01 15:50:23.221000+00:00,27.0,36.0,37.0,984.0,0,0,0.7
1266,9922,2025-08-01 15:51:23.243000+00:00,27.0,35.8,37.0,984.1,0,138,1.4
1266,9922,2025-08-01 15:52:23.241000+00:00,27.0,36.0,37.0,984.1,0,123,1.4
1266,9922,2025-08-01 15:53:23.250000+00:00,27.0,36.0,37.0,984.0,0,99,1.6
1266,9922,2025-08-01 15:54:23.247000+00:00,26.9,35.8,37.0,984.0,0,68,1.9
1266,9922,2025-08-01 15:55:23.282000+00:00,26.9,35.7,38.0,984.0,0,110,1.8
1266,9922,2025-08-01 15:56:23.263000+00:00,26.9,35.7,37.0,984.0,0,86,2.2
1266,9922,2025-08-01 15:57:23.261000+00:00,26.9,35.7,37.0,984.0,0,74,1.2
1266,9922,2025-08-01 15:58:23.260000+00:00,26.9,35.4,37.0,984.0,0,85,1.9
1266,9922,2025-08-01 15:59:23.261000+00:00,26.9,35.4,38.0,983.9,0,84,1.6
1266,9922,2025-08-01 16:00:23.258000+00:00,26.9,35.6,38.0,983.9,0,88,2.2
1266,9922,2025-08-01 16:01:23.265000+00:00,26.9,35.6,37.0,984.0,0,112,2.3
1266,9922,2025-08-01 16:02:23.266000+00:00,26.9,35.6,38.0,983.9,0,135,1.9
1266,9922,2025-08-01 16:03:23.275000+00:00,26.9,35.4,37.0,983.9,0,117,1.7
1266,9922,2025-08-01 16:04:23.299000+00:00,26.8,35.4,38.0,983.9,0,125,2.2
1266,9922,2025-08-01 16:05:23.307000+00:00,26.8,35.4,37.0,983.9,0,118,1.8
1266,9922,2025-08-01 16:06:23.309000+00:00,26.8,35.4,37.0,983.9,0,114,1.4
1266,9923,2025-08-02 10:26:27.194000+00:00,26.2,47.3,42.0,984.2,0,138,1.9
1266,9923,2025-08-02 10:28:27.096000+00:00,26.3,47.8,41.0,984.1,0,3,0.9
1266,9923,2025-08-02 10:29:27.099000+00:00,26.3,48.6,41.0,984.1,0,131,0.5
1266,9923,2025-08-02 10:30:27.108000+00:00,26.4,48.5,41.0,984.1,0,248,0.5
1266,9923,2025-08-02 10:31:27.109000+00:00,26.5,48.4,40.0,984.1,0,309,0.0
1266,9923,2025-08-02 10:32:27.111000+00:00,26.5,47.1,40.0,984.2,0,180,1.0
1266,9923,2025-08-02 10:33:27.132000+00:00,26.5,46.9,40.0,984.1,0,80,1.5
1266,9923,2025-08-02 10:34:27.155000+00:00,26.5,46.9,40.0,984.1,0,61,1.7
1266,9923,2025-08-02 10:35:27.165000+00:00,26.6,46.8,41.0,984.2,0,124,2.7
1266,9923,2025-08-02 10:36:27.179000+00:00,26.8,46.8,41.0,984.1,0,102,1.9
1266,9923,2025-08-02 10:37:27.165000+00:00,26.8,47.5,41.0,984.1,0,110,1.6
1266,9923,2025-08-02 10:38:27.186000+00:00,26.8,47.8,41.0,984.2,0,110,1.8
1266,9923,2025-08-02 10:39:27.190000+00:00,26.8,47.6,41.0,984.2,0,102,2.3
1266,9923,2025-08-02 10:40:27.200000+00:00,26.8,45.4,41.0,984.1,0,83,2.7
1266,9923,2025-08-02 10:41:27.196000+00:00,26.9,45.0,41.0,984.1,0,94,1.9
1266,9923,2025-08-02 10:42:27.198000+00:00,26.8,44.6,41.0,984.2,0,97,1.7
1266,9923,2025-08-02 10:43:27.201000+00:00,26.8,45.2,41.0,984.1,0,124,3.0
1266,9923,2025-08-02 10:44:27.198000+00:00,26.6,45.8,41.0,984.1,0,108,2.3
1266,9923,2025-08-02 10:45:27.205000+00:00,26.8,46.2,41.0,984.2,0,261,1.7
1266,9923,2025-08-02 10:46:27.209000+00:00,26.9,47.1,40.0,984.1,0,278,1.7
1266,9923,2025-08-02 10:47:27.376000+00:00,27.0,47.9,40.0,984.2,0,154,1.5
1266,9923,2025-08-02 10:48:27.211000+00:00,27.0,48.0,40.0,984.1,0,100,1.2
1266,9923,2025-08-02 10:49:27.209000+00:00,27.0,48.2,40.0,984.2,0,103,2.1
1266,9923,2025-08-02 10:50:27.209000+00:00,27.0,48.4,40.0,984.1,0,95,2.7
1266,9923,2025-08-02 10:51:27.215000+00:00,27.0,49.1,40.0,984.2,0,112,1.0
1266,9923,2025-08-02 10:52:27.205000+00:00,27.1,49.9,39.0,984.2,0,106,2.3
1266,9923,2025-08-02 10:53:27.212000+00:00,27.2,49.9,39.0,984.1,0,70,1.9
1266,9923,2025-08-02 10:54:27.228000+00:00,27.2,49.0,40.0,984.2,0,130,1.2
1266,9923,2025-08-02 10:55:27.227000+00:00,27.2,49.5,39.0,984.1,0,86,2.0
1266,9923,2025-08-02 10:56:27.238000+00:00,27.1,49.2,40.0,984.1,0,90,2.2
1266,9923,2025-08-02 10:57:27.246000+00:00,27.2,49.3,40.0,984.2,0,113,1.9
1266,9923,2025-08-02 10:58:27.248000+00:00,27.3,49.6,39.0,984.1,0,109,1.8
1266,9923,2025-08-02 10:59:27.264000+00:00,27.3,49.6,40.0,984.1,0,110,3.7
1266,9923,2025-08-02 11:00:27.268000+00:00,27.2,48.9,39.0,984.1,0,74,1.3
1266,9923,2025-08-02 11:01:27.269000+00:00,27.1,49.4,39.0,984.1,0,105,0.7
1266,9923,2025-08-02 11:02:27.258000+00:00,27.1,49.4,38.0,984.1,0,105,1.5
1266,9923,2025-08-02 11:03:27.268000+00:00,27.1,49.4,38.0,984.1,0,168,1.5
1266,9923,2025-08-02 11:04:27.266000+00:00,27.1,49.2,38.0,984.1,0,133,1.3
1266,9923,2025-08-02 11:05:27.263000+00:00,27.1,49.7,39.0,984.2,0,81,1.7
1266,9923,2025-08-02 11:06:28.967000+00:00,27.2,49.7,38.0,984.2,0,134,2.1
1266,9923,2025-08-02 11:07:27.269000+00:00,27.3,49.7,38.0,984.2,0,84,2.8
1266,9923,2025-08-02 11:08:27.269000+00:00,27.4,49.7,38.0,984.1,0,83,2.6
1266,9923,2025-08-02 11:09:27.271000+00:00,27.4,49.7,38.0,984.2,0,63,2.0
1266,9923,2025-08-02 11:10:27.270000+00:00,27.3,49.5,39.0,984.1,0,157,1.5
1266,9923,2025-08-02 11:11:27.286000+00:00,27.4,49.5,39.0,984.1,0,107,3.4
1266,9923,2025-08-02 11:12:27.303000+00:00,27.3,49.7,39.0,984.2,0,93,2.3
1266,9923,2025-08-02 11:13:27.315000+00:00,27.3,49.7,39.0,984.1,0,70,2.1
1266,9923,2025-08-02 11:14:27.321000+00:00,27.2,49.6,39.0,984.2,0,119,1.4
1266,9923,2025-08-02 11:15:27.330000+00:00,27.1,49.8,39.0,984.2,0,68,1.2
1266,9923,2025-08-02 11:16:27.348000+00:00,27.1,49.9,40.0,984.2,0,106,1.5
1266,9923,2025-08-02 11:17:27.360000+00:00,27.1,49.8,40.0,984.1,0,24,0.9
1266,9923,2025-08-02 11:18:27.357000+00:00,27.0,50.0,40.0,984.1,0,131,1.1
1266,9923,2025-08-02 11:19:27.344000+00:00,27.3,50.5,39.0,984.0,0,115,1.5
1266,9923,2025-08-02 11:20:27.345000+00:00,27.3,50.5,39.0,984.2,0,127,1.4
1266,9923,2025-08-02 11:21:27.358000+00:00,27.5,50.5,39.0,984.1,0,118,1.7
1266,9923,2025-08-02 11:22:27.373000+00:00,27.5,50.3,39.0,984.1,0,170,2.4
1266,9923,2025-08-02 11:23:27.371000+00:00,27.5,50.2,40.0,984.1,0,172,1.6
1266,9923,2025-08-02 11:24:27.390000+00:00,27.4,50.4,39.0,984.1,0,134,1.5
1266,9923,2025-08-02 11:25:27.402000+00:00,27.4,50.4,39.0,984.1,0,125,1.0
1266,9923,2025-08-02 11:26:27.403000+00:00,27.4,50.7,39.0,984.0,0,107,1.7
1266,9923,2025-08-02 11:27:27.404000+00:00,27.6,50.6,39.0,984.0,0,146,1.4
1266,9923,2025-08-02 11:28:27.417000+00:00,27.6,50.7,39.0,984.2,0,224,0.9
1266,9923,2025-08-02 11:29:27.441000+00:00,27.7,50.6,39.0,984.1,0,222,1.8
1266,9923,2025-08-02 11:30:27.454000+00:00,27.6,50.6,39.0,984.0,0,156,3.0
1266,9923,2025-08-02 11:31:27.462000+00:00,27.6,50.6,39.0,984.2,0,209,1.4
1266,9923,2025-08-02 11:32:27.459000+00:00,27.5,50.5,40.0,984.0,0,197,1.9
1266,9923,2025-08-02 11:33:27.441000+00:00,27.6,50.4,39.0,984.0,0,195,1.9
1266,9923,2025-08-02 11:34:27.460000+00:00,27.6,50.5,40.0,984.0,0,189,1.9
1266,9923,2025-08-02 11:35:27.463000+00:00,27.6,50.6,39.0,984.0,0,196,2.6
1266,9923,2025-08-02 11:36:27.459000+00:00,27.6,50.6,39.0,984.1,0,196,1.9
1266,9923,2025-08-02 11:37:27.452000+00:00,27.6,50.7,40.0,984.0,0,181,1.9
1266,9924,2025-08-02 13:46:27.838000+00:00,29.7,52.5,33.0,983.2,0,183,3.0
1266,9924,2025-08-02 13:47:27.832000+00:00,29.6,52.2,34.0,983.2,0,146,2.6
1266,9924,2025-08-02 13:48:27.838000+00:00,29.8,52.1,33.0,983.1,0,229,2.2
1266,9924,2025-08-02 13:49:27.832000+00:00,29.6,52.2,33.0,983.2,0,231,2.3
1266,9924,2025-08-02 13:50:27.840000+00:00,29.5,52.2,33.0,983.1,0,244,2.2
1266,9924,2025-08-02 13:51:27.838000+00:00,29.4,52.2,34.0,983.1,0,236,1.5
1266,9924,2025-08-02 13:52:27.839000+00:00,29.4,52.5,34.0,983.1,0,265,1.1
1266,9924,2025-08-02 13:53:27.841000+00:00,29.5,52.6,33.0,983.1,0,286,0.8
1266,9924,2025-08-02 13:54:28.004000+00:00,29.6,52.8,33.0,983.1,0,190,0.8
1266,9924,2025-08-02 13:55:28.551000+00:00,29.6,53.2,33.0,982.9,0,49,3.3
1266,9924,2025-08-02 13:56:27.847000+00:00,29.8,52.3,32.0,983.2,0,218,4.8
1266,9924,2025-08-02 13:57:27.839000+00:00,29.7,50.6,33.0,983.1,0,179,2.8
1266,9924,2025-08-02 13:58:27.848000+00:00,29.6,49.1,33.0,983.2,0,244,2.7
1266,9924,2025-08-02 13:59:27.844000+00:00,29.5,48.5,34.0,983.3,0,181,2.1
1266,9924,2025-08-02 14:00:27.841000+00:00,29.5,48.2,34.0,983.3,0,205,2.1
1266,9924,2025-08-02 14:01:28.419000+00:00,29.4,48.1,34.0,983.2,0,147,1.2
1266,9924,2025-08-02 14:02:28.984000+00:00,29.3,47.7,33.0,983.3,0,123,1.1
1266,9924,2025-08-02 14:03:28.526000+00:00,29.2,47.2,34.0,983.4,0,192,1.9
1266,9924,2025-08-02 14:04:28.611000+00:00,29.0,46.7,34.0,983.4,0,156,1.9
1266,9924,2025-08-02 14:05:27.839000+00:00,28.9,46.5,34.0,983.3,0,144,1.4
1266,9924,2025-08-02 14:06:27.847000+00:00,28.9,45.7,34.0,983.3,0,159,1.7
1266,9924,2025-08-02 14:07:28.286000+00:00,28.9,45.6,34.0,983.3,0,127,1.0
1266,9924,2025-08-02 14:08:27.856000+00:00,28.9,44.8,34.0,983.3,0,167,1.7
1266,9924,2025-08-02 14:09:28.388000+00:00,28.9,44.4,34.0,983.3,0,145,1.9
1266,9924,2025-08-02 14:10:27.857000+00:00,29.0,44.3,34.0,983.3,0,111,2.5
1266,9924,2025-08-02 14:11:27.860000+00:00,28.9,44.1,34.0,983.4,0,197,1.6
1266,9924,2025-08-02 14:12:27.856000+00:00,28.8,43.6,35.0,983.3,0,167,1.9
1266,9924,2025-08-02 14:13:27.857000+00:00,28.9,43.6,35.0,983.2,0,134,2.1
1266,9924,2025-08-02 14:14:27.858000+00:00,28.8,43.6,35.0,983.3,0,123,2.3
1266,9924,2025-08-02 14:15:27.857000+00:00,28.7,43.3,35.0,983.4,0,173,2.4
1266,9924,2025-08-02 14:16:28.284000+00:00,28.6,43.3,34.0,983.3,0,157,1.8
1266,9924,2025-08-02 14:17:29.843000+00:00,28.6,42.8,35.0,983.3,0,0,0.8
1266,9924,2025-08-02 14:18:27.868000+00:00,28.6,42.8,35.0,983.3,0,119,1.2
1266,9924,2025-08-02 14:19:27.939000+00:00,28.6,42.8,35.0,983.4,0,117,1.8
1266,9924,2025-08-02 14:20:27.890000+00:00,28.6,42.5,34.0,983.4,0,184,1.8
1266,9924,2025-08-02 14:21:28.543000+00:00,28.5,41.9,34.0,983.4,0,255,2.0
1266,9924,2025-08-02 14:22:27.914000+00:00,28.4,41.4,35.0,983.4,0,246,2.5
1266,9924,2025-08-02 14:23:27.930000+00:00,28.4,41.3,36.0,983.4,0,157,1.1
1266,9924,2025-08-02 14:24:27.944000+00:00,28.3,41.3,36.0,983.4,0,175,1.7
1266,9924,2025-08-02 14:25:28.277000+00:00,28.3,41.3,36.0,983.4,0,216,1.5
1266,9924,2025-08-02 14:26:27.980000+00:00,28.2,41.2,36.0,983.4,0,190,1.6
1266,9924,2025-08-02 14:27:28.001000+00:00,28.2,41.0,36.0,983.3,0,217,1.5
1266,9924,2025-08-02 14:28:28.455000+00:00,28.2,41.0,35.0,983.4,0,218,2.2
1266,9924,2025-08-02 14:29:28.001000+00:00,28.1,40.6,36.0,983.4,0,198,2.8
1266,9924,2025-08-02 14:30:28.001000+00:00,28.1,40.6,36.0,983.4,0,220,1.1
1266,9924,2025-08-02 14:31:27.999000+00:00,28.1,40.5,36.0,983.4,0,163,1.5
1266,9924,2025-08-02 14:32:28.720000+00:00,28.2,40.4,36.0,983.4,0,122,1.6
1266,9924,2025-08-02 14:33:28+00:00,28.3,40.4,36.0,983.4,0,226,1.4
1266,9924,2025-08-02 14:34:28.004000+00:00,28.4,40.3,36.0,983.5,0,174,0.8
1266,9924,2025-08-02 14:35:28.336000+00:00,28.3,40.0,36.0,983.4,0,0,1.1
1266,9924,2025-08-02 14:36:28.004000+00:00,28.3,40.0,36.0,983.5,0,202,0.7
1266,9924,2025-08-02 14:37:28.472000+00:00,28.2,39.9,36.0,983.4,0,227,1.7
1266,9924,2025-08-02 14:38:28.528000+00:00,28.2,39.8,36.0,983.4,0,229,0.9
1266,9924,2025-08-02 14:39:28.574000+00:00,28.1,39.7,36.0,983.4,0,180,1.8
1266,9924,2025-08-02 14:40:28.641000+00:00,28.0,39.7,36.0,983.5,0,215,1.7
1266,9924,2025-08-02 14:41:27.998000+00:00,28.0,39.6,36.0,983.6,0,202,1.0
1266,9924,2025-08-02 14:42:28.019000+00:00,28.0,39.5,37.0,983.5,0,181,2.3
1266,9924,2025-08-02 14:43:28.035000+00:00,28.1,39.5,36.0,983.4,0,189,1.8
1266,9924,2025-08-02 14:44:28.036000+00:00,28.1,39.5,36.0,983.4,0,188,1.5
1266,9924,2025-08-02 14:45:28.048000+00:00,28.2,39.4,36.0,983.4,0,87,0.8
1266,9924,2025-08-02 14:46:28.070000+00:00,28.1,39.3,36.0,983.4,0,145,1.1
1266,9924,2025-08-02 14:47:28.047000+00:00,28.0,39.5,36.0,983.4,0,214,0.7
1266,9924,2025-08-02 14:48:28.048000+00:00,28.0,39.3,36.0,983.3,0,168,1.0
1266,9924,2025-08-02 14:49:28.060000+00:00,28.1,39.4,36.0,983.4,0,257,0.7
1266,9924,2025-08-02 14:50:28.048000+00:00,28.1,39.4,36.0,983.5,0,283,1.6
1266,9924,2025-08-02 14:51:28.058000+00:00,28.0,39.5,36.0,983.4,0,282,1.9
1266,9924,2025-08-02 14:52:28.064000+00:00,27.9,39.4,37.0,983.5,0,258,2.8
1266,9924,2025-08-02 14:53:28.883000+00:00,27.6,38.6,41.0,983.5,0,261,3.6
1266,9924,2025-08-02 14:54:28.064000+00:00,27.2,37.1,43.0,983.4,0,266,2.9
1266,9924,2025-08-02 14:55:28.061000+00:00,26.8,37.0,44.0,983.5,0,261,2.5
1266,9924,2025-08-02 14:56:28.075000+00:00,26.5,36.6,45.0,983.4,0,261,2.3
1266,9924,2025-08-02 14:57:28.071000+00:00,26.2,36.6,46.0,983.5,0,269,3.1
1266,9924,2025-08-02 14:58:28.079000+00:00,26.0,36.4,46.0,983.4,0,266,3.0
1266,9924,2025-08-02 14:59:28.094000+00:00,25.8,36.1,47.0,983.5,0,266,3.1
1266,9924,2025-08-02 15:00:28.115000+00:00,25.7,35.8,48.0,983.4,0,285,2.9
1266,9924,2025-08-02 15:01:28.112000+00:00,25.7,36.1,48.0,983.4,0,260,2.3
1266,9924,2025-08-02 15:02:28.403000+00:00,25.6,36.1,48.0,983.4,0,267,2.9
1266,9924,2025-08-02 15:03:28.122000+00:00,25.6,36.3,47.0,983.5,0,275,3.0
1266,9924,2025-08-02 15:04:28.141000+00:00,25.6,36.5,48.0,983.4,0,265,3.0
1266,9924,2025-08-02 15:05:28.151000+00:00,25.6,36.5,48.0,983.3,0,278,2.5
1266,9924,2025-08-02 15:06:28.151000+00:00,25.6,36.3,48.0,983.3,0,270,2.9
1266,9924,2025-08-02 15:07:28.166000+00:00,25.5,36.3,48.0,983.4,0,282,3.1
1266,9924,2025-08-02 15:08:28.177000+00:00,25.4,36.2,48.0,983.3,0,270,2.9
1266,9924,2025-08-02 15:09:28.196000+00:00,25.4,36.1,48.0,983.3,0,262,3.4
1266,9928,2025-08-03 12:26:33.523000+00:00,22.3,35.9,59.0,987.2,0,248,2.5
1266,9928,2025-08-03 12:27:33.525000+00:00,22.3,36.3,60.0,987.2,0,253,2.6
1266,9928,2025-08-03 12:28:33.526000+00:00,22.4,36.5,58.0,987.3,0,250,2.2
1266,9928,2025-08-03 12:29:33.514000+00:00,22.4,36.4,58.0,987.2,0,260,3.1
1266,9928,2025-08-03 12:30:33.530000+00:00,22.4,35.9,58.0,987.3,0,265,2.5
1266,9928,2025-08-03 12:31:33.508000+00:00,22.4,35.9,58.0,987.3,0,253,2.1
1266,9928,2025-08-03 12:32:33.523000+00:00,22.4,35.5,58.0,987.2,0,268,2.3
1266,9928,2025-08-03 12:33:33.524000+00:00,22.3,35.4,57.0,987.3,0,273,2.4
1266,9928,2025-08-03 12:34:33.521000+00:00,22.3,35.7,56.0,987.3,0,251,2.4
1266,9928,2025-08-03 12:35:33.522000+00:00,22.2,35.0,55.0,987.2,0,267,2.0
1266,9928,2025-08-03 12:36:33.538000+00:00,22.1,33.3,56.0,987.2,0,268,2.9
1266,9928,2025-08-03 12:37:33.522000+00:00,22.1,31.8,56.0,987.3,0,259,2.6
1266,9928,2025-08-03 12:38:33.529000+00:00,22.1,32.4,55.0,987.2,0,281,2.5
1266,9928,2025-08-03 12:39:33.528000+00:00,22.0,33.9,57.0,987.2,0,252,2.7
1266,9928,2025-08-03 12:40:33.536000+00:00,22.0,33.7,57.0,987.2,0,253,2.0
1266,9928,2025-08-03 12:41:33.527000+00:00,22.0,33.5,58.0,987.2,0,280,2.9
1266,9928,2025-08-03 12:42:33.534000+00:00,21.9,32.8,57.0,987.3,0,256,2.3
1266,9928,2025-08-03 12:43:33.527000+00:00,21.9,32.6,58.0,987.1,0,263,2.3
1266,9928,2025-08-03 12:44:33.528000+00:00,22.0,32.1,58.0,987.1,0,257,1.9
1266,9928,2025-08-03 12:45:33.544000+00:00,22.0,32.8,57.0,987.1,0,289,2.0
1266,9928,2025-08-03 12:46:33.568000+00:00,22.0,33.3,59.0,987.1,0,260,2.7
1266,9928,2025-08-03 12:47:33.581000+00:00,22.0,33.7,59.0,987.2,0,286,2.2
1266,9928,2025-08-03 12:48:33.589000+00:00,22.0,33.7,58.0,987.1,0,248,2.6
1266,9928,2025-08-03 12:49:33.585000+00:00,21.9,33.5,56.0,987.1,0,259,3.1
1266,9928,2025-08-03 12:50:33.589000+00:00,22.0,33.1,57.0,987.2,0,265,2.7
1266,9928,2025-08-03 12:51:33.607000+00:00,21.9,33.2,58.0,987.1,0,256,3.1
1266,9928,2025-08-03 12:52:33.617000+00:00,21.9,33.2,57.0,987.2,0,262,1.9
1266,9928,2025-08-03 12:53:33.618000+00:00,21.9,33.2,57.0,987.1,0,246,1.7
1266,9928,2025-08-03 12:54:33.614000+00:00,21.9,31.6,57.0,987.0,0,262,2.1
1266,9928,2025-08-03 12:55:33.621000+00:00,21.9,31.6,57.0,987.1,0,265,2.4
1266,9928,2025-08-03 12:56:33.615000+00:00,21.8,31.6,57.0,987.1,0,268,2.8
1266,9928,2025-08-03 12:57:33.622000+00:00,21.8,31.9,57.0,987.1,0,266,3.1
1266,9928,2025-08-03 12:58:33.622000+00:00,21.8,32.6,58.0,987.1,0,262,2.2
1266,9928,2025-08-03 12:59:33.606000+00:00,21.7,32.6,57.0,987.2,0,263,2.6
1266,9928,2025-08-03 13:00:33.611000+00:00,21.7,32.6,57.0,987.1,0,265,2.5
1266,9928,2025-08-03 13:01:33.638000+00:00,21.7,32.6,57.0,987.1,0,271,2.6
1266,9928,2025-08-03 13:02:33.642000+00:00,21.6,32.1,57.0,987.2,0,273,3.0
1266,9928,2025-08-03 13:03:33.621000+00:00,21.6,31.9,58.0,987.2,0,267,2.8
1266,9928,2025-08-03 13:04:33.634000+00:00,21.7,31.9,58.0,987.2,0,254,2.5
1266,9928,2025-08-03 13:05:33.621000+00:00,21.8,32.3,57.0,987.3,0,284,2.9
1266,9928,2025-08-03 13:06:33.607000+00:00,21.8,31.7,58.0,987.2,0,286,3.2
1266,9928,2025-08-03 13:07:33.625000+00:00,21.8,31.6,58.0,987.3,0,276,2.6
1266,9928,2025-08-03 13:08:33.634000+00:00,21.8,31.5,58.0,987.3,0,263,2.9
1266,9928,2025-08-03 13:09:33.627000+00:00,21.8,31.4,59.0,987.2,0,277,3.1
1266,9928,2025-08-03 13:10:33.622000+00:00,21.9,31.4,58.0,987.2,0,285,2.2
1266,9928,2025-08-03 13:11:33.626000+00:00,21.9,31.4,58.0,987.3,0,275,2.9
1266,9928,2025-08-03 13:12:33.630000+00:00,21.9,31.4,58.0,987.3,0,281,2.3
1266,9928,2025-08-03 13:13:33.625000+00:00,21.9,31.7,58.0,987.2,0,201,1.6
1266,9928,2025-08-03 13:14:33.640000+00:00,22.0,31.7,58.0,987.2,0,250,1.9
1266,9928,2025-08-03 13:15:33.655000+00:00,22.1,32.0,58.0,987.1,0,239,1.4
1266,9928,2025-08-03 13:16:33.664000+00:00,22.0,31.4,58.0,987.2,0,277,2.6
1266,9928,2025-08-03 13:17:33.688000+00:00,21.9,31.2,58.0,987.3,0,256,2.5
1266,9928,2025-08-03 13:18:33.700000+00:00,21.9,31.1,58.0,987.2,0,292,1.9
1266,9928,2025-08-03 13:19:33.712000+00:00,21.9,31.2,58.0,987.2,0,277,2.8
1266,9928,2025-08-03 13:20:33.695000+00:00,21.8,30.8,59.0,987.2,0,267,3.0
1266,9928,2025-08-03 13:21:33.726000+00:00,21.8,30.8,59.0,987.2,0,292,2.5
1266,9928,2025-08-03 13:22:33.738000+00:00,21.9,31.2,59.0,987.1,0,265,1.7
1266,9928,2025-08-03 13:23:33.726000+00:00,21.9,31.3,58.0,987.1,0,236,1.5
1266,9928,2025-08-03 13:24:33.736000+00:00,21.9,31.2,58.0,987.0,0,295,1.8
1266,9928,2025-08-03 13:25:33.748000+00:00,21.9,31.1,58.0,987.0,0,271,2.7
1266,9928,2025-08-03 13:26:33.768000+00:00,22.0,31.1,58.0,987.1,0,258,1.3
1266,9928,2025-08-03 13:27:33.772000+00:00,22.0,31.5,57.0,987.1,0,241,2.1
1266,9928,2025-08-03 13:28:33.772000+00:00,22.0,31.5,57.0,987.2,0,236,2.0
1266,9928,2025-08-03 13:29:33.766000+00:00,22.0,31.6,58.0,987.1,0,260,2.4
1266,9928,2025-08-03 13:30:33.776000+00:00,22.0,31.5,58.0,987.0,0,245,2.5
1266,9928,2025-08-03 13:31:33.757000+00:00,22.0,31.7,58.0,987.0,0,284,1.7
1266,9928,2025-08-03 13:32:33.761000+00:00,22.0,31.8,58.0,987.0,0,252,1.7
1266,9928,2025-08-03 13:33:33.771000+00:00,22.0,31.5,58.0,987.0,0,267,2.8
1266,9928,2025-08-03 13:34:33.762000+00:00,22.0,31.5,58.0,986.9,0,239,3.2
1266,9928,2025-08-03 13:35:33.772000+00:00,22.0,31.8,58.0,986.9,0,257,3.0
1266,9928,2025-08-03 13:36:33.769000+00:00,22.0,31.8,58.0,987.0,0,258,2.1
1266,9928,2025-08-03 13:37:33.779000+00:00,22.0,31.9,58.0,987.0,0,235,2.5
1266,9928,2025-08-03 13:38:33.786000+00:00,22.1,31.7,57.0,986.9,0,270,1.8
1266,9928,2025-08-03 13:39:33.791000+00:00,22.1,31.8,57.0,987.0,0,259,2.5
1266,9928,2025-08-03 13:40:33.791000+00:00,22.1,31.9,57.0,986.9,0,277,2.5
1266,9928,2025-08-03 13:41:33.771000+00:00,22.1,31.9,58.0,986.9,0,246,2.9
1266,9928,2025-08-03 13:42:33.775000+00:00,22.1,31.8,58.0,986.9,0,283,1.9
1266,9928,2025-08-03 13:43:33.784000+00:00,22.1,31.8,57.0,986.9,0,266,2.0
1266,9928,2025-08-03 13:44:33.775000+00:00,22.1,31.8,58.0,987.0,0,283,2.3
1266,9928,2025-08-03 13:45:33.797000+00:00,22.1,31.8,57.0,986.9,0,268,1.8
1266,9928,2025-08-03 13:46:33.775000+00:00,22.1,31.9,57.0,986.9,0,253,1.5
1266,9928,2025-08-03 13:47:33.786000+00:00,22.1,31.8,57.0,986.9,0,254,1.9
1266,9928,2025-08-03 13:48:33.791000+00:00,22.1,31.6,56.0,987.0,0,262,1.3
1266,9928,2025-08-03 13:49:33.790000+00:00,22.0,31.7,57.0,987.0,0,204,1.6
1266,9928,2025-08-03 13:50:33.782000+00:00,22.1,31.8,57.0,987.0,0,256,1.0
1266,9928,2025-08-03 13:51:33.783000+00:00,22.1,32.0,57.0,987.0,0,278,1.0
1266,9928,2025-08-03 13:52:33.792000+00:00,22.1,32.1,56.0,987.0,0,258,1.6
1266,9928,2025-08-03 13:53:33.791000+00:00,22.1,32.0,57.0,987.1,0,264,1.4
1266,9928,2025-08-03 13:54:33.793000+00:00,22.1,31.6,57.0,987.0,0,265,2.1
1266,9928,2025-08-03 13:55:33.783000+00:00,22.1,31.5,57.0,987.0,0,256,3.0
1266,9928,2025-08-03 13:56:33.784000+00:00,22.1,31.5,57.0,987.1,0,275,2.1
1266,9928,2025-08-03 13:57:33.778000+00:00,22.1,31.6,58.0,987.0,0,225,2.4
1266,9928,2025-08-03 13:58:33.792000+00:00,22.2,31.9,57.0,987.0,0,204,1.0
1266,9928,2025-08-03 13:59:33.791000+00:00,22.2,31.9,56.0,987.1,0,307,1.1
1266,9928,2025-08-03 14:00:33.793000+00:00,22.2,31.6,56.0,987.0,0,259,1.5
1266,9928,2025-08-03 14:01:33.790000+00:00,22.2,31.6,56.0,987.0,0,208,1.1
1266,9928,2025-08-03 14:02:33.785000+00:00,22.3,31.6,56.0,987.1,0,198,1.6
1266,9928,2025-08-03 14:03:33.797000+00:00,22.2,31.6,56.0,987.0,0,281,1.2
1266,9928,2025-08-03 14:04:33.830000+00:00,22.2,31.5,56.0,987.1,0,242,2.0
1266,9928,2025-08-03 14:05:33.796000+00:00,22.2,31.3,55.0,987.1,0,293,1.7
1266,9928,2025-08-03 14:06:33.793000+00:00,22.1,31.2,55.0,987.0,0,268,1.8
1266,9928,2025-08-03 14:07:33.852000+00:00,22.1,31.0,56.0,987.1,0,258,3.0
1266,9928,2025-08-03 14:08:33.787000+00:00,22.1,30.9,56.0,987.1,0,266,2.1
1266,9928,2025-08-03 14:09:33.803000+00:00,22.1,31.2,56.0,987.0,0,274,1.4
1266,9928,2025-08-03 14:10:33.813000+00:00,22.0,31.1,56.0,987.0,0,289,1.8
1266,9928,2025-08-03 14:11:33.797000+00:00,22.0,31.3,56.0,987.1,0,259,1.2
1266,9928,2025-08-03 14:12:33.804000+00:00,22.0,31.3,56.0,987.1,0,199,1.2
1266,9928,2025-08-03 14:13:33.804000+00:00,22.0,31.0,56.0,987.2,0,166,0.9
1266,9928,2025-08-03 14:14:33.796000+00:00,22.0,31.0,56.0,987.1,0,260,1.1
1266,9928,2025-08-03 14:15:33.814000+00:00,22.0,30.7,56.0,987.1,0,213,2.2
1266,9928,2025-08-03 14:16:33.799000+00:00,22.0,30.8,56.0,987.2,0,284,1.2
1266,9928,2025-08-03 14:17:33.799000+00:00,22.0,31.0,56.0,987.2,0,204,0.8
1266,9928,2025-08-03 14:18:33.806000+00:00,22.0,30.9,55.0,987.3,0,277,2.0
1266,9928,2025-08-03 14:19:33.824000+00:00,22.0,30.7,57.0,987.3,0,254,2.6
1266,9928,2025-08-03 14:20:33.801000+00:00,22.0,30.7,56.0,987.3,0,293,1.3
1266,9928,2025-08-03 14:21:33.805000+00:00,22.0,30.7,57.0,987.3,0,252,1.1
1266,9928,2025-08-03 14:22:33.806000+00:00,22.0,30.8,56.0,987.2,0,271,1.0
1266,9928,2025-08-03 14:23:33.798000+00:00,22.0,30.8,57.0,987.2,0,289,2.9
1266,9928,2025-08-03 14:24:33.798000+00:00,22.0,30.6,56.0,987.2,0,272,3.0
1266,9928,2025-08-03 14:25:33.817000+00:00,22.1,30.6,57.0,987.1,0,261,2.1
1266,9928,2025-08-03 14:26:33.819000+00:00,22.1,30.6,57.0,987.2,0,249,1.5
1266,9928,2025-08-03 14:27:33.808000+00:00,22.1,31.1,56.0,987.1,0,215,2.2
1266,9928,2025-08-03 14:28:33.815000+00:00,22.1,31.1,57.0,987.2,0,277,2.0
1266,9928,2025-08-03 14:29:33.821000+00:00,22.1,30.9,57.0,987.1,0,265,1.9
1266,9928,2025-08-03 14:30:33.816000+00:00,22.1,31.1,57.0,987.2,0,294,2.0
1266,9928,2025-08-03 14:31:33.813000+00:00,22.2,31.3,56.0,987.2,0,298,1.9
1266,9928,2025-08-03 14:32:33.819000+00:00,22.3,32.0,56.0,987.2,0,129,1.0
1266,9928,2025-08-03 14:33:33.812000+00:00,22.4,32.0,55.0,987.2,0,291,0.4
1266,9928,2025-08-03 14:34:33.810000+00:00,22.4,31.6,55.0,987.2,0,290,1.2
1266,9928,2025-08-03 14:35:33.815000+00:00,22.4,31.6,55.0,987.2,0,259,1.6
1266,9928,2025-08-03 14:36:33.848000+00:00,22.4,31.6,55.0,987.3,0,267,1.8
1266,9928,2025-08-03 14:37:33.836000+00:00,22.4,31.8,56.0,987.2,0,282,2.1
1266,9928,2025-08-03 14:38:33.900000+00:00,22.4,31.8,56.0,987.2,0,208,1.8
1266,9928,2025-08-03 14:39:33.871000+00:00,22.4,32.0,56.0,987.2,0,257,1.4
1266,9928,2025-08-03 14:40:33.868000+00:00,22.5,32.2,56.0,987.2,0,96,1.6
1266,9928,2025-08-03 14:41:33.871000+00:00,22.5,32.2,55.0,987.3,0,264,0.9
1267,9913,2025-08-29 10:15:21.426000+00:00,20.2,25.8,57.0,998.3,0,199,3.0
1267,9913,2025-08-29 10:16:21.409000+00:00,20.2,26.7,57.0,998.2,0,221,2.2
1267,9913,2025-08-29 10:17:21.405000+00:00,20.3,26.8,57.0,998.1,0,212,2.5
1267,9913,2025-08-29 10:18:21.432000+00:00,20.4,26.8,57.0,998.2,0,177,3.6
1267,9913,2025-08-29 10:19:21.406000+00:00,20.4,26.6,57.0,998.2,0,198,3.2
1267,9913,2025-08-29 10:20:21.420000+00:00,20.3,26.6,57.0,998.2,0,231,3.9
1267,9913,2025-08-29 10:21:21.420000+00:00,20.3,26.7,57.0,998.1,0,220,4.0
1267,9913,2025-08-29 10:22:21.444000+00:00,20.2,26.5,58.0,998.1,0,193,3.9
1267,9913,2025-08-29 10:23:21.463000+00:00,20.2,26.0,59.0,998.1,0,207,3.2
1267,9913,2025-08-29 10:24:21.467000+00:00,20.1,25.6,59.0,998.1,0,201,3.6
1267,9913,2025-08-29 10:25:21.465000+00:00,20.1,25.6,59.0,998.1,0,205,3.2
1267,9913,2025-08-29 10:26:21.469000+00:00,20.0,25.5,58.0,998.2,0,217,3.2
1267,9913,2025-08-29 10:27:21.468000+00:00,20.0,25.4,58.0,998.1,0,199,3.1
1267,9913,2025-08-29 10:28:21.479000+00:00,20.0,25.3,58.0,998.1,0,199,3.1
1267,9913,2025-08-29 10:29:21.474000+00:00,20.0,25.3,57.0,998.1,0,208,3.0
1267,9913,2025-08-29 10:30:21.461000+00:00,20.0,25.2,57.0,998.1,0,207,3.7
1267,9913,2025-08-29 10:31:21.501000+00:00,20.0,25.3,58.0,998.1,0,203,2.9
1267,9913,2025-08-29 10:32:21.491000+00:00,20.0,25.6,58.0,998.1,0,211,2.5
1267,9913,2025-08-29 10:33:21.516000+00:00,20.1,25.7,58.0,998.1,0,210,2.0
1267,9913,2025-08-29 10:34:21.523000+00:00,20.2,25.7,57.0,998.0,0,213,3.2
1267,9913,2025-08-29 10:35:21.561000+00:00,20.4,26.8,57.0,998.1,0,209,3.9
1267,9913,2025-08-29 10:36:21.560000+00:00,20.5,27.0,56.0,998.1,0,210,3.6
1267,9913,2025-08-29 10:37:21.570000+00:00,20.6,26.9,55.0,998.1,0,208,4.9
1267,9913,2025-08-29 10:38:21.565000+00:00,20.5,26.8,54.0,998.2,0,212,3.9
1267,9913,2025-08-29 10:39:21.572000+00:00,20.5,26.9,54.0,998.1,0,202,4.5
1267,9913,2025-08-29 10:40:21.567000+00:00,20.4,26.9,55.0,998.1,0,214,3.9
1267,9913,2025-08-29 10:41:21.568000+00:00,20.4,26.4,54.0,998.1,0,217,4.3
1267,9913,2025-08-29 10:42:21.563000+00:00,20.4,26.6,55.0,998.1,0,215,4.3
1267,9913,2025-08-29 10:43:21.601000+00:00,20.5,26.7,54.0,998.1,0,217,4.3
1267,9913,2025-08-29 10:44:21.598000+00:00,20.5,26.9,54.0,998.1,0,207,3.5
1267,9913,2025-08-29 10:45:21.615000+00:00,20.7,27.0,54.0,998.1,0,211,2.9
1267,9913,2025-08-29 10:46:21.646000+00:00,20.7,27.5,54.0,998.0,0,205,2.3
1267,9913,2025-08-29 10:47:21.635000+00:00,20.8,27.2,54.0,998.1,0,212,2.7
1267,9913,2025-08-29 10:48:21.651000+00:00,20.8,27.0,54.0,998.0,0,208,2.3
1267,9913,2025-08-29 10:49:21.679000+00:00,20.7,27.3,54.0,998.0,0,225,2.7
1267,9913,2025-08-29 10:50:21.696000+00:00,20.7,27.4,53.0,998.0,0,215,3.1
1267,9913,2025-08-29 10:51:21.675000+00:00,20.7,27.9,54.0,997.9,0,161,2.1
1267,9913,2025-08-29 10:52:21.697000+00:00,20.8,28.6,53.0,997.9,0,218,2.6
1267,9913,2025-08-29 10:53:21.728000+00:00,20.7,28.5,53.0,998.0,0,213,4.1
1267,9913,2025-08-29 10:54:21.728000+00:00,20.7,28.1,53.0,997.9,0,221,3.7
1267,9913,2025-08-29 10:55:21.748000+00:00,20.7,27.8,52.0,997.9,0,205,3.5
1267,9913,2025-08-29 10:56:21.753000+00:00,20.8,27.7,52.0,997.9,0,204,3.6
1267,9913,2025-08-29 10:57:21.721000+00:00,20.8,27.5,52.0,997.9,0,211,3.7
1267,9913,2025-08-29 10:58:21.729000+00:00,20.9,27.4,51.0,998.0,0,214,4.1
1267,9913,2025-08-29 10:59:21.742000+00:00,20.9,27.5,52.0,998.0,0,227,4.2
1267,9913,2025-08-29 11:00:21.785000+00:00,20.9,27.6,52.0,997.9,0,212,3.7
1267,9913,2025-08-29 11:01:21.787000+00:00,21.0,28.7,51.0,997.8,0,206,3.1
1267,9913,2025-08-29 11:02:21.792000+00:00,21.1,29.3,51.0,998.0,0,208,3.3
1267,9913,2025-08-29 11:03:21.801000+00:00,21.2,29.3,51.0,997.8,0,207,3.8
1267,9913,2025-08-29 11:04:21.797000+00:00,21.2,28.9,51.0,997.9,0,232,3.7
1267,9913,2025-08-29 11:05:21.832000+00:00,21.1,28.8,51.0,997.8,0,217,2.3
1267,9913,2025-08-29 11:06:21.829000+00:00,21.1,28.8,51.0,997.8,0,213,3.2
1267,9913,2025-08-29 11:07:21.834000+00:00,21.2,28.8,50.0,997.7,0,208,4.3
1267,9913,2025-08-29 11:08:21.833000+00:00,21.3,30.0,51.0,997.8,0,209,3.7
1267,9913,2025-08-29 11:09:21.840000+00:00,21.3,30.0,51.0,997.8,0,209,3.7
1267,9913,2025-08-29 11:10:21.853000+00:00,21.3,29.4,51.0,997.8,0,207,4.1
1267,9913,2025-08-29 11:11:21.843000+00:00,21.3,28.7,51.0,997.7,0,212,3.4
1267,9913,2025-08-29 11:12:21.828000+00:00,21.3,28.6,51.0,997.9,0,202,3.0
1267,9913,2025-08-29 11:13:21.839000+00:00,21.4,28.6,50.0,997.8,0,207,3.9
1267,9913,2025-08-29 11:14:21.871000+00:00,21.3,28.7,50.0,997.8,0,210,4.2
1267,9913,2025-08-29 11:15:21.883000+00:00,21.3,28.8,51.0,997.8,0,216,5.2
1267,9913,2025-08-29 11:16:21.872000+00:00,21.3,28.9,51.0,997.6,0,208,3.1
1267,9913,2025-08-29 11:17:21.887000+00:00,21.3,28.7,51.0,997.8,0,212,4.0
1267,9913,2025-08-29 11:18:21.884000+00:00,21.1,28.5,51.0,997.8,0,224,3.1
1267,9913,2025-08-29 11:19:21.883000+00:00,21.1,28.0,51.0,997.7,0,167,3.3
1267,9913,2025-08-29 11:20:21.880000+00:00,21.0,27.8,51.0,997.8,0,211,3.0
1267,9913,2025-08-29 11:21:21.871000+00:00,20.9,27.4,51.0,997.8,0,207,3.6
1267,9913,2025-08-29 11:22:21.884000+00:00,20.8,27.1,51.0,997.8,0,215,3.9
1267,9913,2025-08-29 11:23:21.897000+00:00,20.7,27.0,52.0,997.8,0,208,3.9
1267,9913,2025-08-29 11:24:21.909000+00:00,20.7,26.8,52.0,997.8,0,216,4.6
1267,9913,2025-08-29 11:25:21.959000+00:00,20.6,26.5,52.0,997.9,0,212,4.9
1267,9913,2025-08-29 11:26:21.943000+00:00,20.6,26.3,52.0,997.8,0,204,3.7
1267,9913,2025-08-29 11:27:21.941000+00:00,20.6,26.1,52.0,997.8,0,215,3.6
1267,9913,2025-08-29 11:28:21.952000+00:00,20.5,26.1,51.0,997.7,0,205,5.3
1267,9913,2025-08-29 11:29:21.943000+00:00,20.5,26.0,52.0,997.8,0,206,3.9
1267,9913,2025-08-29 11:30:21.937000+00:00,20.5,26.0,51.0,997.8,0,200,4.8
1267,9913,2025-08-29 11:31:21.949000+00:00,20.5,26.0,51.0,997.8,0,197,3.5
1267,9913,2025-08-29 11:32:21.961000+00:00,20.6,26.4,51.0,997.8,0,207,3.5
1267,9913,2025-08-29 11:33:21.965000+00:00,20.7,26.4,51.0,997.8,0,205,3.6
1267,9913,2025-08-29 11:34:22.026000+00:00,20.6,26.5,51.0,997.7,0,212,3.4
1267,9913,2025-08-29 11:35:21.964000+00:00,20.6,26.5,51.0,997.8,0,193,3.9
1267,9913,2025-08-29 11:36:21.961000+00:00,20.6,26.7,52.0,997.8,0,220,3.6
1267,9914,2025-08-29 13:45:22.810000+00:00,18.0,24.2,70.0,997.7,0,206,2.7
1267,9914,2025-08-29 13:46:22.825000+00:00,18.0,24.7,70.0,997.7,0,206,2.0
1267,9914,2025-08-29 13:47:22.822000+00:00,18.0,25.0,69.0,997.7,0,210,2.4
1267,9914,2025-08-29 13:48:22.826000+00:00,18.1,25.2,69.0,997.6,0,197,2.0
1267,9914,2025-08-29 13:49:22.857000+00:00,18.2,25.5,68.0,997.7,0,204,2.6
1267,9914,2025-08-29 13:50:22.855000+00:00,18.4,25.6,67.0,997.6,0,229,2.6
1267,9914,2025-08-29 13:51:22.877000+00:00,18.5,25.7,66.0,997.6,0,194,2.8
1267,9914,2025-08-29 13:52:22.911000+00:00,18.5,25.8,66.0,997.6,0,200,1.9
1267,9914,2025-08-29 13:53:22.917000+00:00,18.6,25.9,66.0,997.6,0,196,2.0
1267,9914,2025-08-29 13:54:22.936000+00:00,18.7,26.1,65.0,997.6,1,217,1.5
1267,9914,2025-08-29 13:55:22.938000+00:00,18.8,26.3,64.0,997.5,1,210,1.1
1267,9914,2025-08-29 13:56:22.955000+00:00,18.8,26.3,64.0,997.5,0,232,1.5
1267,9914,2025-08-29 13:57:22.956000+00:00,18.9,26.3,63.0,997.5,0,252,1.4
1267,9914,2025-08-29 13:58:22.953000+00:00,18.9,26.2,63.0,997.5,0,225,2.1
1267,9914,2025-08-29 13:59:22.953000+00:00,18.9,26.2,63.0,997.4,0,241,2.8
1267,9914,2025-08-29 14:00:22.954000+00:00,19.0,26.3,64.0,997.4,0,251,1.9
1267,9914,2025-08-29 14:01:22.957000+00:00,19.0,26.4,64.0,997.4,0,232,1.7
1267,9914,2025-08-29 14:02:22.941000+00:00,19.0,26.7,63.0,997.3,0,210,1.2
1267,9914,2025-08-29 14:03:22.955000+00:00,19.1,26.7,62.0,997.4,0,223,1.9
1267,9914,2025-08-29 14:04:22.937000+00:00,19.2,26.7,62.0,997.4,0,206,2.8
1267,9914,2025-08-29 14:05:22.959000+00:00,19.3,26.7,63.0,997.4,1,186,2.6
1267,9914,2025-08-29 14:06:22.949000+00:00,19.3,26.6,61.0,997.4,1,197,2.7
1267,9914,2025-08-29 14:07:22.974000+00:00,19.4,26.6,62.0,997.4,0,207,2.8
1267,9914,2025-08-29 14:08:22.969000+00:00,19.5,26.3,60.0,997.4,0,213,3.5
1267,9914,2025-08-29 14:09:22.994000+00:00,19.5,26.4,61.0,997.5,0,218,4.3
1267,9914,2025-08-29 14:10:23.027000+00:00,19.5,26.5,60.0,997.5,0,215,3.2
1267,9914,2025-08-29 14:11:23.015000+00:00,19.6,26.7,60.0,997.3,0,204,3.6
1267,9914,2025-08-29 14:12:23.016000+00:00,19.6,26.7,60.0,997.4,0,204,2.9
1267,9914,2025-08-29 14:13:23.005000+00:00,19.7,26.5,58.0,997.4,0,208,3.6
1267,9914,2025-08-29 14:14:23.004000+00:00,19.7,26.3,59.0,997.3,0,205,2.8
1267,9914,2025-08-29 14:15:23.020000+00:00,19.6,26.3,59.0,997.4,0,203,3.3
1267,9914,2025-08-29 14:16:23.017000+00:00,19.6,26.4,59.0,997.4,0,202,3.2
1267,9914,2025-08-29 14:17:23.036000+00:00,19.6,26.3,59.0,997.4,0,193,2.3
1267,9914,2025-08-29 14:18:23.051000+00:00,19.6,26.3,59.0,997.4,0,208,2.9
1267,9914,2025-08-29 14:19:23.061000+00:00,19.6,26.1,59.0,997.5,0,203,4.2
1267,9914,2025-08-29 14:20:23.067000+00:00,19.5,26.1,59.0,997.4,0,218,3.9
1267,9914,2025-08-29 14:21:23.083000+00:00,19.5,26.4,58.0,997.3,0,206,4.5
1267,9914,2025-08-29 14:22:23.099000+00:00,19.5,26.1,59.0,997.4,0,211,4.2
1267,9914,2025-08-29 14:23:23.099000+00:00,19.6,26.3,59.0,997.2,0,201,2.5
1267,9914,2025-08-29 14:24:23.099000+00:00,19.6,26.6,59.0,997.1,0,204,2.2
1267,9914,2025-08-29 14:25:23.111000+00:00,19.7,26.6,59.0,997.4,0,220,3.5
1267,9914,2025-08-29 14:26:23.096000+00:00,19.8,26.6,59.0,997.5,0,218,3.3
1267,9914,2025-08-29 14:27:23.100000+00:00,19.8,26.9,59.0,997.4,0,215,3.0
1267,9914,2025-08-29 14:28:23.109000+00:00,19.9,27.2,59.0,997.4,0,208,3.3
1267,9914,2025-08-29 14:29:23.093000+00:00,19.9,27.2,59.0,997.2,0,222,3.8
1267,9914,2025-08-29 14:30:23.085000+00:00,19.9,27.2,59.0,997.3,0,204,3.3
1267,9914,2025-08-29 14:31:23.148000+00:00,20.0,27.2,59.0,997.3,0,204,3.3
1267,9914,2025-08-29 14:32:23.104000+00:00,20.0,27.4,59.0,997.2,0,207,2.9
1267,9914,2025-08-29 14:33:23.113000+00:00,20.0,27.2,58.0,997.2,0,213,3.7
1267,9914,2025-08-29 14:34:23.101000+00:00,20.0,27.2,59.0,997.3,0,210,3.7
1267,9914,2025-08-29 14:35:23.101000+00:00,20.0,27.4,59.0,997.2,0,210,3.0
1267,9914,2025-08-29 14:36:23.108000+00:00,20.1,27.5,59.0,997.3,0,205,3.8
1267,9914,2025-08-29 14:37:23.133000+00:00,20.2,28.0,58.0,997.3,0,210,4.0
1267,9914,2025-08-29 14:38:23.165000+00:00,20.3,28.1,58.0,997.2,0,215,3.3
1267,9914,2025-08-29 14:39:23.161000+00:00,20.4,28.2,58.0,997.3,0,203,4.1
1267,9914,2025-08-29 14:40:23.184000+00:00,20.4,28.1,58.0,997.2,0,205,3.7
1267,9914,2025-08-29 14:41:23.203000+00:00,20.4,27.8,58.0,997.1,0,204,3.1
1267,9914,2025-08-29 14:42:23.212000+00:00,20.4,27.7,58.0,997.1,0,204,2.9
1267,9914,2025-08-29 14:43:23.228000+00:00,20.4,27.7,58.0,997.1,0,206,4.0
1267,9914,2025-08-29 14:44:23.228000+00:00,20.3,27.7,58.0,997.2,0,208,4.0
1267,9914,2025-08-29 14:45:23.218000+00:00,20.3,27.6,58.0,997.1,0,198,3.4
1267,9914,2025-08-29 14:46:23.233000+00:00,20.3,28.6,58.0,997.0,0,206,2.7
1267,9914,2025-08-29 14:47:23.247000+00:00,20.5,28.7,57.0,997.1,0,207,4.1
1267,9914,2025-08-29 14:48:23.221000+00:00,20.5,29.1,58.0,997.0,0,210,3.9
1267,9914,2025-08-29 14:49:23.235000+00:00,20.7,29.4,58.0,997.1,0,212,3.6
1267,9914,2025-08-29 14:50:23.234000+00:00,20.8,29.5,58.0,997.2,0,213,4.0
1267,9914,2025-08-29 14:51:23.277000+00:00,20.8,29.6,57.0,997.1,0,206,3.4
1267,9914,2025-08-29 14:52:23.273000+00:00,20.8,29.8,57.0,997.1,0,212,4.1
1267,9914,2025-08-29 14:53:23.301000+00:00,20.7,29.7,57.0,997.1,0,212,4.5
1267,9914,2025-08-29 14:54:23.298000+00:00,20.8,29.7,57.0,997.2,0,207,5.1
1267,9914,2025-08-29 14:55:23.293000+00:00,20.8,29.6,58.0,997.2,0,216,3.9
1267,9914,2025-08-29 14:56:23.293000+00:00,20.7,29.4,58.0,997.2,0,193,3.8
1267,9914,2025-08-29 14:57:23.293000+00:00,20.7,29.3,58.0,997.1,0,208,3.2
1267,9914,2025-08-29 14:58:23.293000+00:00,20.7,28.4,58.0,997.2,0,211,3.5
1267,9914,2025-08-29 14:59:23.283000+00:00,20.6,28.3,59.0,997.2,0,205,3.3
1267,9914,2025-08-29 15:00:23.292000+00:00,20.5,28.0,59.0,997.3,0,211,4.2
1267,9914,2025-08-29 15:01:23.296000+00:00,20.4,28.0,59.0,997.2,0,208,4.0
1267,9914,2025-08-29 15:02:23.296000+00:00,20.4,28.0,59.0,997.2,0,209,4.5
1267,9914,2025-08-29 15:03:23.325000+00:00,20.4,28.7,58.0,997.3,0,211,4.2
1267,9914,2025-08-29 15:04:23.337000+00:00,20.3,28.7,58.0,997.4,0,203,3.6
1267,9914,2025-08-29 15:05:23.351000+00:00,20.2,28.5,59.0,997.3,0,199,3.2
1267,9915,2025-08-30 09:15:35.665000+00:00,19.5,19.3,72.0,1004.7,0,195,3.2
1267,9915,2025-08-30 09:16:35.652000+00:00,19.5,19.3,73.0,1004.7,0,203,3.4
1267,9915,2025-08-30 09:17:35.667000+00:00,19.5,19.5,73.0,1004.8,0,223,4.0
1267,9915,2025-08-30 09:18:35.653000+00:00,19.5,19.5,73.0,1004.8,0,223,4.0
1267,9915,2025-08-30 09:19:35.663000+00:00,19.5,19.8,73.0,1004.8,0,201,4.2
1267,9915,2025-08-30 09:20:35.684000+00:00,19.5,19.5,72.0,1004.8,0,201,3.3
1267,9915,2025-08-30 09:21:35.667000+00:00,19.6,19.5,71.0,1004.9,0,209,4.3
1267,9915,2025-08-30 09:22:35.667000+00:00,19.6,19.4,71.0,1004.8,0,211,3.3
1267,9915,2025-08-30 09:23:35.667000+00:00,19.6,19.5,72.0,1004.8,0,198,3.4
1267,9915,2025-08-30 09:24:35.671000+00:00,19.6,20.0,71.0,1004.8,0,203,3.8
1267,9915,2025-08-30 09:25:35.668000+00:00,19.6,20.0,71.0,1004.8,0,203,3.8
1267,9915,2025-08-30 09:26:35.671000+00:00,19.6,20.0,71.0,1004.8,0,212,3.3
1267,9915,2025-08-30 09:27:35.680000+00:00,19.6,19.7,72.0,1004.8,0,198,3.3
1267,9915,2025-08-30 09:28:35.680000+00:00,19.6,19.7,72.0,1004.9,0,229,3.5
1267,9915,2025-08-30 09:29:35.656000+00:00,19.7,19.9,73.0,1004.9,0,220,3.2
1267,9915,2025-08-30 09:30:35.680000+00:00,19.8,20.0,72.0,1005.0,0,227,3.5
1267,9915,2025-08-30 09:31:35.681000+00:00,19.7,20.1,70.0,1004.9,0,212,4.3
1267,9915,2025-08-30 09:32:35.672000+00:00,19.7,20.2,71.0,1005.0,0,214,3.5
1267,9915,2025-08-30 09:33:35.682000+00:00,19.7,20.3,71.0,1005.1,0,222,3.8
1267,9915,2025-08-30 09:34:35.676000+00:00,19.7,20.3,69.0,1005.0,0,198,4.2
1267,9915,2025-08-30 09:35:35.685000+00:00,19.7,20.2,71.0,1004.9,0,185,3.6
1267,9915,2025-08-30 09:36:35.662000+00:00,19.7,20.2,71.0,1004.9,0,206,3.7
1267,9915,2025-08-30 09:37:35.674000+00:00,19.8,20.2,71.0,1005.0,0,204,4.8
1267,9915,2025-08-30 09:38:35.702000+00:00,19.8,20.6,71.0,1005.0,0,201,4.0
1267,9915,2025-08-30 09:39:35.719000+00:00,19.8,20.8,70.0,1004.9,0,202,3.5
1267,9915,2025-08-30 09:40:35.730000+00:00,19.7,20.8,68.0,1005.0,0,203,4.0
1267,9915,2025-08-30 09:41:35.727000+00:00,19.7,20.7,69.0,1005.0,0,212,3.6
1267,9915,2025-08-30 09:42:35.732000+00:00,19.8,20.7,69.0,1005.1,0,209,3.8
1267,9915,2025-08-30 09:43:35.736000+00:00,19.8,20.6,69.0,1005.0,0,217,4.1
1267,9915,2025-08-30 09:44:35.757000+00:00,19.8,20.8,69.0,1005.1,0,220,4.0
1267,9915,2025-08-30 09:45:35.785000+00:00,19.7,20.9,69.0,1005.1,0,202,3.9
1267,9915,2025-08-30 09:46:35.801000+00:00,19.7,21.0,70.0,1005.1,0,192,3.9
1267,9915,2025-08-30 09:47:35.804000+00:00,19.7,21.0,70.0,1005.1,0,204,3.9
1267,9915,2025-08-30 09:48:35.841000+00:00,19.7,21.3,69.0,1005.1,0,188,4.0
1267,9915,2025-08-30 09:49:35.816000+00:00,19.8,21.5,70.0,1005.2,0,204,3.7
1267,9915,2025-08-30 09:50:35.817000+00:00,19.8,21.8,70.0,1005.2,0,196,3.6
1267,9915,2025-08-30 09:51:35.830000+00:00,19.9,21.8,70.0,1005.2,0,219,4.3
1267,9915,2025-08-30 09:52:35.876000+00:00,19.9,21.9,68.0,1005.2,0,216,4.1
1267,9915,2025-08-30 09:53:35.870000+00:00,19.9,22.5,70.0,1005.2,0,207,3.8
1267,9915,2025-08-30 09:54:35.903000+00:00,19.9,22.7,70.0,1005.2,0,207,4.1
1267,9915,2025-08-30 09:55:35.904000+00:00,20.0,22.8,71.0,1005.1,0,209,3.8
1267,9915,2025-08-30 09:56:35.914000+00:00,20.0,23.3,70.0,1005.2,0,202,3.5
1267,9915,2025-08-30 09:57:35.933000+00:00,20.1,23.4,69.0,1005.1,0,194,4.1
1267,9915,2025-08-30 09:58:35.952000+00:00,20.0,23.3,68.0,1005.2,0,214,4.3
1267,9915,2025-08-30 09:59:35.952000+00:00,20.0,23.2,69.0,1005.2,0,213,4.0
1267,9915,2025-08-30 10:00:35.935000+00:00,20.0,23.5,69.0,1005.3,0,213,3.8
1267,9915,2025-08-30 10:01:35.934000+00:00,20.0,23.5,69.0,1005.2,0,215,4.1
1267,9915,2025-08-30 10:02:35.948000+00:00,20.0,23.5,68.0,1005.3,0,217,4.0
1267,9915,2025-08-30 10:03:35.940000+00:00,20.0,23.5,68.0,1005.3,0,201,5.3
1267,9915,2025-08-30 10:04:35.950000+00:00,20.1,23.8,68.0,1005.4,0,210,4.1
1267,9915,2025-08-30 10:05:35.942000+00:00,20.0,23.9,67.0,1005.3,0,200,4.6
1267,9915,2025-08-30 10:06:35.964000+00:00,20.0,23.8,68.0,1005.2,0,203,3.7
1267,9915,2025-08-30 10:07:35.952000+00:00,20.0,23.9,69.0,1005.2,0,212,3.6
1267,9915,2025-08-30 10:08:35.958000+00:00,20.0,24.2,68.0,1005.2,0,211,4.0
1267,9915,2025-08-30 10:09:35.968000+00:00,20.0,24.2,68.0,1005.2,0,210,5.0
1267,9915,2025-08-30 10:10:35.987000+00:00,20.0,24.0,67.0,1005.3,0,197,4.5
1267,9915,2025-08-30 10:11:36.069000+00:00,20.0,24.0,68.0,1005.3,0,205,4.2
1267,9915,2025-08-30 10:12:36.074000+00:00,20.1,24.1,67.0,1005.3,0,180,3.9
1267,9915,2025-08-30 10:13:36.054000+00:00,20.0,24.2,67.0,1005.4,0,203,4.4
1267,9915,2025-08-30 10:14:36.072000+00:00,20.0,24.3,67.0,1005.3,0,211,4.4
1267,9915,2025-08-30 10:15:36.085000+00:00,20.0,24.3,67.0,1005.4,0,206,4.3
1267,9915,2025-08-30 10:16:36.060000+00:00,20.0,24.6,66.0,1005.3,0,228,4.0
1267,9915,2025-08-30 10:17:36.069000+00:00,20.0,24.9,66.0,1005.3,0,211,4.5
1267,9915,2025-08-30 10:18:36.085000+00:00,20.1,24.9,66.0,1005.3,0,213,4.9
1267,9915,2025-08-30 10:19:36.083000+00:00,20.1,24.9,67.0,1005.3,0,188,4.3
1267,9915,2025-08-30 10:20:36.084000+00:00,20.1,24.9,66.0,1005.4,0,207,4.0
1267,9915,2025-08-30 10:21:36.128000+00:00,20.1,24.7,67.0,1005.5,0,220,4.2
1267,9915,2025-08-30 10:22:36.139000+00:00,20.1,24.7,68.0,1005.3,0,207,3.4
1267,9915,2025-08-30 10:23:36.127000+00:00,20.0,24.7,68.0,1005.5,0,195,3.9
1267,9915,2025-08-30 10:24:36.122000+00:00,20.0,25.2,69.0,1005.3,0,211,2.9
1267,9915,2025-08-30 10:25:36.134000+00:00,20.1,25.3,68.0,1005.3,0,224,3.3
1267,9915,2025-08-30 10:26:36.141000+00:00,20.1,25.4,68.0,1005.3,0,210,3.4
1267,9915,2025-08-30 10:27:36.154000+00:00,20.1,25.5,67.0,1005.3,0,198,3.6
1267,9915,2025-08-30 10:28:36.173000+00:00,20.2,25.3,68.0,1005.3,0,205,3.8
1267,9915,2025-08-30 10:29:36.188000+00:00,20.2,25.3,68.0,1005.3,0,212,3.8
1267,9915,2025-08-30 10:30:36.205000+00:00,20.2,25.2,67.0,1005.3,0,208,4.1
1267,9915,2025-08-30 10:31:36.204000+00:00,20.1,25.3,66.0,1005.3,0,209,4.6
1267,9915,2025-08-30 10:32:36.206000+00:00,20.1,25.6,66.0,1005.4,0,211,4.3
1267,9915,2025-08-30 10:33:36.230000+00:00,20.1,25.6,67.0,1005.2,0,226,4.8
1267,9915,2025-08-30 10:34:36.225000+00:00,20.2,25.8,66.0,1005.3,0,192,4.6
1267,9915,2025-08-30 10:35:36.231000+00:00,20.2,25.8,66.0,1005.3,0,195,3.9
1267,9915,2025-08-30 10:36:36.244000+00:00,20.2,25.8,67.0,1005.3,0,202,3.9
1267,9916,2025-08-30 12:46:37.027000+00:00,20.5,33.9,65.0,1006.2,0,215,3.8
1267,9916,2025-08-30 12:47:36.980000+00:00,20.6,34.1,65.0,1006.1,0,209,4.7
1267,9916,2025-08-30 12:48:36.990000+00:00,20.6,34.0,66.0,1006.1,0,221,3.4
1267,9916,2025-08-30 12:49:36.996000+00:00,20.6,34.0,66.0,1006.3,0,216,3.6
1267,9916,2025-08-30 12:50:36.994000+00:00,20.6,33.7,66.0,1006.2,0,224,4.3
1267,9916,2025-08-30 12:51:36.987000+00:00,20.6,34.1,66.0,1006.1,0,209,3.8
1267,9916,2025-08-30 12:52:36.988000+00:00,20.6,34.3,64.0,1006.2,0,205,3.6
1267,9916,2025-08-30 12:53:37+00:00,20.6,34.3,63.0,1006.1,0,198,4.2
1267,9916,2025-08-30 12:54:37.011000+00:00,20.5,34.3,64.0,1006.2,0,213,3.7
1267,9916,2025-08-30 12:55:37.013000+00:00,20.5,34.3,64.0,1006.2,0,206,3.5
1267,9916,2025-08-30 12:56:37.019000+00:00,20.4,34.3,64.0,1006.1,0,211,3.5
1267,9916,2025-08-30 12:57:37.050000+00:00,20.4,34.3,65.0,1006.2,0,207,4.0
1267,9916,2025-08-30 12:58:37.049000+00:00,20.4,34.3,65.0,1006.2,0,200,3.7
1267,9916,2025-08-30 12:59:37.060000+00:00,20.5,34.4,63.0,1006.1,0,210,4.0
1267,9916,2025-08-30 13:00:37.089000+00:00,20.5,34.4,64.0,1006.1,0,197,3.6
1267,9916,2025-08-30 13:01:37.083000+00:00,20.5,34.4,64.0,1006.1,0,186,3.7
1267,9916,2025-08-30 13:02:37.077000+00:00,20.5,33.9,64.0,1006.2,0,187,4.0
1267,9916,2025-08-30 13:03:37.115000+00:00,20.4,34.1,63.0,1006.1,0,196,4.0
1267,9916,2025-08-30 13:04:37.115000+00:00,20.5,34.4,63.0,1006.2,0,214,3.8
1267,9916,2025-08-30 13:05:37.109000+00:00,20.5,34.2,64.0,1006.1,0,194,4.8
1267,9916,2025-08-30 13:06:37.125000+00:00,20.5,34.2,64.0,1006.1,0,193,4.0
1267,9916,2025-08-30 13:07:37.157000+00:00,20.6,34.4,62.0,1006.1,0,215,3.6
1267,9916,2025-08-30 13:08:37.209000+00:00,20.5,34.2,63.0,1006.2,0,232,4.3
1267,9916,2025-08-30 13:09:37.176000+00:00,20.5,34.2,63.0,1006.1,0,219,3.5
1267,9916,2025-08-30 13:10:37.175000+00:00,20.6,34.1,62.0,1006.1,0,206,4.6
1267,9916,2025-08-30 13:11:37.198000+00:00,20.6,34.2,62.0,1006.2,0,212,4.7
1267,9916,2025-08-30 13:12:37.201000+00:00,20.7,34.2,63.0,1006.3,0,211,5.3
1267,9916,2025-08-30 13:13:37.211000+00:00,20.8,34.2,63.0,1006.1,0,214,4.4
1267,9916,2025-08-30 13:14:37.209000+00:00,20.7,34.0,63.0,1006.2,0,202,4.0
1267,9916,2025-08-30 13:15:37.214000+00:00,20.6,34.3,63.0,1006.2,0,201,4.0
1267,9916,2025-08-30 13:16:37.214000+00:00,20.6,34.3,64.0,1006.2,0,201,3.6
1267,9916,2025-08-30 13:17:37.230000+00:00,20.6,34.2,63.0,1006.1,0,187,4.0
1267,9916,2025-08-30 13:18:37.221000+00:00,20.7,34.4,64.0,1006.2,0,198,3.6
1267,9916,2025-08-30 13:19:37.256000+00:00,20.8,34.5,65.0,1006.2,0,208,4.3
1267,9916,2025-08-30 13:20:37.241000+00:00,20.8,34.4,64.0,1006.1,0,208,4.0
1267,9916,2025-08-30 13:21:37.265000+00:00,20.8,34.3,64.0,1006.2,0,195,4.6
1267,9916,2025-08-30 13:22:37.276000+00:00,20.7,34.3,64.0,1006.2,0,196,3.6
1267,9916,2025-08-30 13:23:37.341000+00:00,20.6,34.3,64.0,1006.2,0,194,3.6
1267,9916,2025-08-30 13:24:37.307000+00:00,20.6,34.1,64.0,1006.2,0,219,3.8
1267,9916,2025-08-30 13:25:37.301000+00:00,20.6,34.1,65.0,1006.2,0,218,4.3
1267,9916,2025-08-30 13:26:37.307000+00:00,20.6,34.1,66.0,1006.2,0,219,4.0
1267,9916,2025-08-30 13:27:37.323000+00:00,20.5,34.1,65.0,1006.2,0,212,4.3
1267,9916,2025-08-30 13:28:37.329000+00:00,20.5,33.8,66.0,1006.3,0,214,5.3
1267,9916,2025-08-30 13:29:37.349000+00:00,20.7,33.8,66.0,1006.2,0,228,3.6
1267,9916,2025-08-30 13:30:37.326000+00:00,20.6,34.3,65.0,1006.1,0,203,5.2
1267,9916,2025-08-30 13:31:37.340000+00:00,20.7,33.9,65.0,1006.2,0,225,3.2
1267,9916,2025-08-30 13:32:37.365000+00:00,20.7,34.2,65.0,1006.1,0,202,3.9
1267,9916,2025-08-30 13:33:37.381000+00:00,20.8,34.3,64.0,1006.2,0,197,4.0
1267,9916,2025-08-30 13:34:37.355000+00:00,20.8,34.3,64.0,1006.2,0,209,4.1
1267,9916,2025-08-30 13:35:37.350000+00:00,20.7,34.4,65.0,1006.2,0,213,4.7
1267,9916,2025-08-30 13:36:37.382000+00:00,20.8,34.5,65.0,1006.1,0,209,3.7
1267,9916,2025-08-30 13:37:37.394000+00:00,20.7,34.1,66.0,1006.3,0,223,5.1
1267,9916,2025-08-30 13:38:37.400000+00:00,20.6,33.9,66.0,1006.2,0,223,4.0
1267,9916,2025-08-30 13:39:37.441000+00:00,20.6,34.2,67.0,1006.1,0,206,4.7
1267,9916,2025-08-30 13:40:37.434000+00:00,20.6,34.2,67.0,1006.1,0,216,4.5
1267,9916,2025-08-30 13:41:37.444000+00:00,20.7,34.2,66.0,1006.1,0,211,4.8
1267,9916,2025-08-30 13:42:37.445000+00:00,20.7,34.2,66.0,1006.1,0,200,4.5
1267,9916,2025-08-30 13:43:37.444000+00:00,20.7,34.3,65.0,1006.2,0,210,4.3
1267,9916,2025-08-30 13:44:37.455000+00:00,20.6,34.3,66.0,1006.1,0,207,3.7
1267,9916,2025-08-30 13:45:37.455000+00:00,20.6,34.2,64.0,1006.1,0,204,3.8
1267,9916,2025-08-30 13:46:37.456000+00:00,20.5,34.2,64.0,1006.2,0,207,3.9
1267,9916,2025-08-30 13:47:37.446000+00:00,20.5,34.2,65.0,1006.1,0,206,4.3
1267,9916,2025-08-30 13:48:37.462000+00:00,20.5,34.2,65.0,1006.1,0,206,4.3
1267,9916,2025-08-30 13:49:37.464000+00:00,20.5,34.2,66.0,1006.1,0,197,3.6
1267,9916,2025-08-30 13:50:37.494000+00:00,20.5,34.2,66.0,1006.1,0,203,3.9
1267,9916,2025-08-30 13:51:37.494000+00:00,20.5,34.3,66.0,1006.1,0,201,3.8
1267,9916,2025-08-30 13:52:37.531000+00:00,20.5,34.3,65.0,1006.1,0,209,3.9
1267,9916,2025-08-30 13:53:37.514000+00:00,20.6,34.4,66.0,1006.1,0,219,5.0
1267,9916,2025-08-30 13:54:37.512000+00:00,20.7,34.5,65.0,1006.1,0,195,4.0
1267,9916,2025-08-30 13:55:37.528000+00:00,20.7,34.3,63.0,1006.1,0,197,3.3
1267,9916,2025-08-30 13:56:37.542000+00:00,20.6,34.3,63.0,1006.1,0,197,3.3
1267,9916,2025-08-30 13:57:37.558000+00:00,20.6,34.4,64.0,1006.1,0,208,3.5
1267,9916,2025-08-30 13:58:37.570000+00:00,20.7,34.4,63.0,1006.1,0,191,4.3
1267,9916,2025-08-30 13:59:37.587000+00:00,20.6,34.2,64.0,1006.0,0,207,4.0
1267,9916,2025-08-30 14:00:37.593000+00:00,20.5,34.2,64.0,1006.1,0,211,4.2
1267,9916,2025-08-30 14:01:37.586000+00:00,20.5,34.4,65.0,1006.2,0,196,3.6
1267,9916,2025-08-30 14:02:37.591000+00:00,20.5,34.6,65.0,1006.2,0,202,2.8
1267,9916,2025-08-30 14:03:37.606000+00:00,20.5,34.6,64.0,1006.1,0,221,3.4
1267,9920,2025-08-31 12:07:45.075000+00:00,20.3,28.5,67.0,1006.6,0,227,3.5
1267,9920,2025-08-31 12:08:45.084000+00:00,20.3,28.4,68.0,1006.5,0,179,3.1
1267,9920,2025-08-31 12:09:45.081000+00:00,20.3,28.4,68.0,1006.5,0,212,2.4
1267,9920,2025-08-31 12:10:45.077000+00:00,20.3,28.7,68.0,1006.5,0,196,2.4
1267,9920,2025-08-31 12:11:45.079000+00:00,20.3,28.3,69.0,1006.6,0,251,2.1
1267,9920,2025-08-31 12:12:45.085000+00:00,20.3,28.3,69.0,1006.5,0,233,2.2
1267,9920,2025-08-31 12:13:45.094000+00:00,20.3,27.9,68.0,1006.4,0,225,2.5
1267,9920,2025-08-31 12:14:45.093000+00:00,20.3,28.2,69.0,1006.4,0,203,1.8
1267,9920,2025-08-31 12:15:45.121000+00:00,20.3,28.4,69.0,1006.5,0,221,2.8
1267,9920,2025-08-31 12:16:45.124000+00:00,20.2,27.7,69.0,1006.4,0,229,3.0
1267,9920,2025-08-31 12:17:45.140000+00:00,20.2,27.7,70.0,1006.4,0,233,3.3
1267,9920,2025-08-31 12:18:45.131000+00:00,20.2,27.7,71.0,1006.4,0,204,1.9
1267,9920,2025-08-31 12:19:45.136000+00:00,20.2,28.5,71.0,1006.4,0,208,1.1
1267,9920,2025-08-31 12:20:45.154000+00:00,20.3,28.5,71.0,1006.4,0,228,1.8
1267,9920,2025-08-31 12:21:45.151000+00:00,20.3,28.4,71.0,1006.4,0,198,1.7
1267,9920,2025-08-31 12:22:45.170000+00:00,20.2,28.2,70.0,1006.6,0,207,1.7
1267,9920,2025-08-31 12:23:45.179000+00:00,20.2,28.2,72.0,1006.4,0,176,1.8
1267,9920,2025-08-31 12:24:45.191000+00:00,20.3,28.2,71.0,1006.5,0,204,2.1
1267,9920,2025-08-31 12:25:45.211000+00:00,20.3,28.1,69.0,1006.5,0,205,2.7
1267,9920,2025-08-31 12:26:45.213000+00:00,20.3,28.1,71.0,1006.5,0,210,2.5
1267,9920,2025-08-31 12:27:45.262000+00:00,20.4,28.3,71.0,1006.5,0,222,1.9
1267,9920,2025-08-31 12:28:45.262000+00:00,20.5,28.0,71.0,1006.5,0,221,3.1
1267,9920,2025-08-31 12:29:45.271000+00:00,20.5,28.0,72.0,1006.4,0,219,2.7
1267,9920,2025-08-31 12:30:45.268000+00:00,20.5,28.4,71.0,1006.4,0,233,2.7
1267,9920,2025-08-31 12:31:45.281000+00:00,20.4,28.6,72.0,1006.3,0,182,1.6
1267,9920,2025-08-31 12:32:45.270000+00:00,20.5,28.8,71.0,1006.3,0,205,2.4
1267,9920,2025-08-31 12:33:45.267000+00:00,20.4,28.8,71.0,1006.4,0,203,1.4
1267,9920,2025-08-31 12:34:45.276000+00:00,20.4,28.7,70.0,1006.3,0,234,1.9
1267,9920,2025-08-31 12:35:45.303000+00:00,20.4,28.2,71.0,1006.3,0,193,1.3
1267,9920,2025-08-31 12:36:45.300000+00:00,20.3,28.2,70.0,1006.3,0,201,2.0
1267,9920,2025-08-31 12:37:45.303000+00:00,20.3,28.2,70.0,1006.3,0,210,2.0
1267,9920,2025-08-31 12:38:45.338000+00:00,20.3,28.2,71.0,1006.3,0,207,2.5
1267,9920,2025-08-31 12:39:45.330000+00:00,20.3,28.2,70.0,1006.4,0,189,2.2
1267,9920,2025-08-31 12:40:45.314000+00:00,20.2,28.3,71.0,1006.3,0,225,2.0
1267,9920,2025-08-31 12:41:45.361000+00:00,20.2,28.3,71.0,1006.3,0,225,2.0
1267,9920,2025-08-31 12:42:45.361000+00:00,20.2,28.3,70.0,1006.3,0,205,1.5
1267,9920,2025-08-31 12:43:45.357000+00:00,20.2,28.6,69.0,1006.3,0,174,1.7
1267,9920,2025-08-31 12:44:45.365000+00:00,20.2,28.6,69.0,1006.3,0,174,1.7
1267,9920,2025-08-31 12:45:45.362000+00:00,20.2,28.7,69.0,1006.3,0,27,1.1
1267,9920,2025-08-31 12:46:45.363000+00:00,20.4,28.8,68.0,1006.3,0,255,1.9
1267,9920,2025-08-31 12:47:45.397000+00:00,20.4,28.8,68.0,1006.3,0,255,1.9
1267,9920,2025-08-31 12:48:45.370000+00:00,20.3,29.1,69.0,1006.3,0,122,0.7
1267,9920,2025-08-31 12:49:45.361000+00:00,20.3,29.1,68.0,1006.3,0,219,2.0
1267,9920,2025-08-31 12:50:45.364000+00:00,20.4,29.0,68.0,1006.4,0,262,1.7
1267,9920,2025-08-31 12:51:45.364000+00:00,20.4,28.9,69.0,1006.2,0,192,1.1
1267,9920,2025-08-31 12:52:45.364000+00:00,20.4,28.9,68.0,1006.4,0,232,2.2
1267,9920,2025-08-31 12:53:45.360000+00:00,20.5,28.9,68.0,1006.3,0,201,1.7
1267,9920,2025-08-31 12:54:45.365000+00:00,20.5,29.0,69.0,1006.4,0,233,2.4
1267,9920,2025-08-31 12:55:45.373000+00:00,20.6,29.1,68.0,1006.4,0,244,1.0
1267,9920,2025-08-31 12:56:45.368000+00:00,20.7,29.2,67.0,1006.3,0,239,0.8
1267,9920,2025-08-31 12:57:45.354000+00:00,20.7,28.8,67.0,1006.2,0,298,1.7
1267,9920,2025-08-31 12:58:45.363000+00:00,20.6,28.8,68.0,1006.3,0,200,1.7
1267,9920,2025-08-31 12:59:45.379000+00:00,20.6,28.8,68.0,1006.2,0,187,1.5
1267,9920,2025-08-31 13:00:45.378000+00:00,20.6,28.7,69.0,1006.2,0,187,1.0
1267,9920,2025-08-31 13:01:45.401000+00:00,20.6,28.7,69.0,1006.2,0,112,1.0
1267,9920,2025-08-31 13:02:45.387000+00:00,20.6,29.1,69.0,1006.2,0,190,1.1
1267,9920,2025-08-31 13:03:45.432000+00:00,20.6,29.3,68.0,1006.3,0,194,1.7
1267,9920,2025-08-31 13:04:45.454000+00:00,20.7,29.3,68.0,1006.4,0,226,1.2
1267,9920,2025-08-31 13:05:45.450000+00:00,20.7,28.9,68.0,1006.3,0,176,2.2
1267,9920,2025-08-31 13:06:45.456000+00:00,20.6,28.8,68.0,1006.3,0,204,1.4
1267,9920,2025-08-31 13:07:45.461000+00:00,20.7,28.8,68.0,1006.2,0,208,3.0
1267,9920,2025-08-31 13:08:45.475000+00:00,20.7,27.8,67.0,1006.2,0,243,3.2
1267,9920,2025-08-31 13:09:45.476000+00:00,20.7,27.5,68.0,1006.3,0,210,2.0
1267,9920,2025-08-31 13:10:45.478000+00:00,20.6,27.5,68.0,1006.3,0,210,2.0
1267,9920,2025-08-31 13:11:45.477000+00:00,20.6,27.7,68.0,1006.2,0,186,2.5
1267,9920,2025-08-31 13:12:45.510000+00:00,20.6,27.7,68.0,1006.3,0,204,2.1
1267,9920,2025-08-31 13:13:45.505000+00:00,20.5,27.5,69.0,1006.2,0,193,2.4
1267,9920,2025-08-31 13:14:45.495000+00:00,20.6,27.8,69.0,1006.3,0,211,2.2
1267,9920,2025-08-31 13:15:45.506000+00:00,20.6,27.7,69.0,1006.3,0,177,2.3
1267,9920,2025-08-31 13:16:45.512000+00:00,20.6,27.7,69.0,1006.2,0,205,2.7
1267,9920,2025-08-31 13:17:45.497000+00:00,20.6,27.7,69.0,1006.2,0,205,2.7
1267,9920,2025-08-31 13:18:45.537000+00:00,20.6,27.4,69.0,1006.3,0,192,2.5
1267,9920,2025-08-31 13:19:45.487000+00:00,20.6,27.3,69.0,1006.5,0,190,1.8
1267,9920,2025-08-31 13:20:45.513000+00:00,20.5,27.3,70.0,1006.4,0,206,2.1
1267,9920,2025-08-31 13:21:45.544000+00:00,20.5,27.3,70.0,1006.4,0,166,1.9
1267,9920,2025-08-31 13:22:45.561000+00:00,20.5,27.1,70.0,1006.5,0,195,2.8
1267,9920,2025-08-31 13:23:45.560000+00:00,20.6,27.1,70.0,1006.3,0,215,2.2
1267,9920,2025-08-31 13:24:45.565000+00:00,20.6,27.1,69.0,1006.3,0,210,2.3
1267,9920,2025-08-31 13:25:45.563000+00:00,20.7,27.2,70.0,1006.4,0,208,2.3
1267,9920,2025-08-31 13:26:45.556000+00:00,20.7,27.1,69.0,1006.4,0,197,2.2
1267,9920,2025-08-31 13:27:45.588000+00:00,20.6,26.7,70.0,1006.3,0,193,2.3
1267,9920,2025-08-31 13:28:45.602000+00:00,20.6,26.6,70.0,1006.4,0,190,2.7
1267,9920,2025-08-31 13:29:45.619000+00:00,20.5,26.6,71.0,1006.5,0,204,3.2
1267,9920,2025-08-31 13:30:45.621000+00:00,20.4,26.5,71.0,1006.5,0,190,3.0
1267,9920,2025-08-31 13:31:45.630000+00:00,20.3,25.9,72.0,1006.6,0,191,3.0
1267,9920,2025-08-31 13:32:45.618000+00:00,20.3,25.8,73.0,1006.5,0,212,3.0
1267,9920,2025-08-31 13:33:45.635000+00:00,20.1,25.9,73.0,1006.6,0,222,3.4
1267,9920,2025-08-31 13:34:45.648000+00:00,20.0,25.9,71.0,1006.6,0,194,3.5
1267,9920,2025-08-31 13:35:45.638000+00:00,19.9,25.8,71.0,1006.6,0,193,3.2
1267,9920,2025-08-31 13:36:45.651000+00:00,19.8,25.6,71.0,1006.5,0,172,2.8
1267,9920,2025-08-31 13:37:45.665000+00:00,19.7,25.7,72.0,1006.5,0,199,3.6
1267,9920,2025-08-31 13:38:45.681000+00:00,19.6,25.8,72.0,1006.4,0,200,3.5
1267,9920,2025-08-31 13:39:45.695000+00:00,19.5,25.6,72.0,1006.4,0,199,3.6
1267,9920,2025-08-31 13:40:45.697000+00:00,19.5,25.6,72.0,1006.3,0,201,3.4
1267,9920,2025-08-31 13:41:45.694000+00:00,19.5,25.8,73.0,1006.4,0,207,3.9
1267,9920,2025-08-31 13:42:45.692000+00:00,19.5,26.2,73.0,1006.4,0,202,3.0
1267,9920,2025-08-31 13:43:45.712000+00:00,19.5,26.2,72.0,1006.4,0,187,3.0
1267,9920,2025-08-31 13:44:45.693000+00:00,19.6,26.3,72.0,1006.4,0,175,3.4
1267,9920,2025-08-31 13:45:45.706000+00:00,19.6,26.7,73.0,1006.2,0,185,3.3
1267,9920,2025-08-31 13:46:45.713000+00:00,19.6,27.0,73.0,1006.2,0,189,2.5
1267,9920,2025-08-31 13:47:45.691000+00:00,19.6,27.1,73.0,1006.1,0,172,2.8
1267,9920,2025-08-31 13:48:45.682000+00:00,19.7,27.6,74.0,1006.0,0,200,3.9
1267,9920,2025-08-31 13:49:45.742000+00:00,19.8,28.4,74.0,1006.1,0,170,3.4
1267,9920,2025-08-31 13:50:45.719000+00:00,19.8,28.4,73.0,1006.0,0,179,2.9
1267,9920,2025-08-31 13:51:45.727000+00:00,19.8,28.0,73.0,1005.9,0,170,3.2
1267,9920,2025-08-31 13:52:45.753000+00:00,19.8,28.0,73.0,1005.9,0,177,3.1
1267,9920,2025-08-31 13:53:45.759000+00:00,19.8,28.0,73.0,1005.9,0,189,2.4
1267,9920,2025-08-31 13:54:45.754000+00:00,19.8,28.3,73.0,1005.8,0,171,2.6
1267,9920,2025-08-31 13:55:45.756000+00:00,19.9,28.8,74.0,1005.9,0,190,2.8
1267,9920,2025-08-31 13:56:45.775000+00:00,19.8,28.8,73.0,1005.9,0,177,2.6
1267,9920,2025-08-31 13:57:45.729000+00:00,19.8,28.5,73.0,1005.8,0,192,2.9
1267,9920,2025-08-31 13:58:45.755000+00:00,19.8,28.0,73.0,1005.9,0,178,2.1
1267,9920,2025-08-31 13:59:45.789000+00:00,19.8,28.0,74.0,1005.8,0,192,2.1
1267,9920,2025-08-31 14:00:45.785000+00:00,19.8,28.0,74.0,1005.8,0,208,1.9
1267,9920,2025-08-31 14:01:45.787000+00:00,19.7,28.0,73.0,1005.6,0,172,2.1
1267,9920,2025-08-31 14:02:45.797000+00:00,19.6,28.0,74.0,1005.8,0,170,2.0
1267,9920,2025-08-31 14:03:45.788000+00:00,19.6,28.0,74.0,1005.9,0,187,2.0
1267,9920,2025-08-31 14:04:45.788000+00:00,19.5,28.0,74.0,1005.9,0,186,2.3
1267,9920,2025-08-31 14:05:45.776000+00:00,19.5,27.9,73.0,1005.9,0,182,2.5
1267,9920,2025-08-31 14:06:45.797000+00:00,19.5,27.8,73.0,1006.0,0,205,2.0
1267,9920,2025-08-31 14:07:45.777000+00:00,19.6,28.0,73.0,1005.9,0,178,2.7
1267,9920,2025-08-31 14:08:45.772000+00:00,19.6,28.2,72.0,1005.8,0,152,1.5
1267,9920,2025-08-31 14:09:45.791000+00:00,19.7,28.3,72.0,1006.0,0,217,2.2
1267,9920,2025-08-31 14:10:45.797000+00:00,19.7,28.4,72.0,1005.9,0,205,2.5
1267,9920,2025-08-31 14:11:45.809000+00:00,19.8,28.4,73.0,1005.9,0,165,2.1
1267,9920,2025-08-31 14:12:45.803000+00:00,19.8,28.4,73.0,1005.9,0,182,2.1
1267,9920,2025-08-31 14:13:45.798000+00:00,19.8,28.5,73.0,1005.9,0,199,2.0
1267,9920,2025-08-31 14:14:45.795000+00:00,19.8,28.5,73.0,1005.8,0,172,2.2
1267,9920,2025-08-31 14:15:45.805000+00:00,19.8,28.8,73.0,1005.8,0,162,2.7
1267,9920,2025-08-31 14:16:45.788000+00:00,19.8,29.0,74.0,1005.7,0,176,1.3
1267,9920,2025-08-31 14:17:45.795000+00:00,19.7,29.0,74.0,1005.9,0,252,1.9
1267,9920,2025-08-31 14:18:45.807000+00:00,19.8,28.9,73.0,1005.8,0,261,1.0
1267,9920,2025-08-31 14:19:45.793000+00:00,19.8,28.9,73.0,1005.9,0,54,0.9
1267,9920,2025-08-31 14:20:45.805000+00:00,19.7,29.3,73.0,1005.9,0,156,1.5
1267,9920,2025-08-31 14:21:45.805000+00:00,19.7,29.1,73.0,1005.9,0,127,1.0
1267,9920,2025-08-31 14:22:45.806000+00:00,19.7,29.0,73.0,1006.0,0,176,1.3
1267,9920,2025-08-31 14:23:45.805000+00:00,19.6,28.5,73.0,1006.0,0,187,2.2
1267,9920,2025-08-31 14:24:45.813000+00:00,19.7,28.3,74.0,1006.0,0,189,2.0
1267,9920,2025-08-31 14:25:45.807000+00:00,19.6,28.0,73.0,1006.0,0,203,2.3
1267,9920,2025-08-31 14:26:45.796000+00:00,19.7,27.4,74.0,1006.0,0,173,2.1
1267,9920,2025-08-31 14:27:45.798000+00:00,19.6,27.9,75.0,1006.0,0,199,1.9
1267,9920,2025-08-31 14:28:45.796000+00:00,19.6,27.9,75.0,1006.0,0,213,2.0
1267,9920,2025-08-31 14:29:45.808000+00:00,19.6,27.9,75.0,1006.0,0,189,1.7
1267,9920,2025-08-31 14:30:45.812000+00:00,19.5,27.7,74.0,1006.0,0,176,1.7
1267,9920,2025-08-31 14:31:45.815000+00:00,19.5,27.7,74.0,1006.1,0,214,2.4
1267,9920,2025-08-31 14:32:45.810000+00:00,19.5,27.9,75.0,1006.0,0,184,1.6
1267,9920,2025-08-31 14:33:45.810000+00:00,19.5,28.0,74.0,1006.1,0,155,1.7
1267,9920,2025-08-31 14:34:45.816000+00:00,19.4,28.0,75.0,1006.0,0,189,1.6
1267,9920,2025-08-31 14:35:45.815000+00:00,19.4,28.0,75.0,1006.0,0,189,1.6
1267,9920,2025-08-31 14:36:45.835000+00:00,19.4,28.0,74.0,1006.0,0,179,1.3
1267,9920,2025-08-31 14:37:45.832000+00:00,19.5,28.0,74.0,1006.0,0,170,1.2
1267,9920,2025-08-31 14:38:45.815000+00:00,19.5,27.6,74.0,1006.1,0,152,1.2
1267,9920,2025-08-31 14:39:45.853000+00:00,19.4,27.6,75.0,1006.0,0,208,1.5
1267,9920,2025-08-31 14:40:45.854000+00:00,19.4,27.7,74.0,1006.0,0,187,1.8
1267,9920,2025-08-31 14:41:45.863000+00:00,19.4,27.7,74.0,1006.0,0,220,1.4
1267,9920,2025-08-31 14:42:45.887000+00:00,19.4,27.6,73.0,1006.0,0,102,1.8
1267,9920,2025-08-31 14:43:45.886000+00:00,19.5,27.6,74.0,1005.9,0,159,1.2
1267,9920,2025-08-31 14:44:45.914000+00:00,19.6,28.1,73.0,1005.8,0,169,1.1
1267,9920,2025-08-31 14:45:45.929000+00:00,19.6,28.5,73.0,1005.8,0,156,0.8
1268,9905,2025-09-05 11:16:52.621000+00:00,25.3,36.7,53.0,995.1,0,174,1.0
1268,9905,2025-09-05 11:17:52.638000+00:00,25.3,36.8,54.0,995.1,0,181,0.9
1268,9905,2025-09-05 11:18:52.638000+00:00,25.3,37.5,55.0,995.0,0,0,0.5
1268,9905,2025-09-05 11:19:52.641000+00:00,25.4,39.2,55.0,995.0,0,101,0.4
1268,9905,2025-09-05 11:20:52.656000+00:00,25.5,39.9,54.0,994.9,0,234,0.4
1268,9905,2025-09-05 11:21:52.655000+00:00,25.6,40.3,53.0,995.0,0,195,0.7
1268,9905,2025-09-05 11:22:52.652000+00:00,25.6,40.2,53.0,995.0,0,177,1.6
1268,9905,2025-09-05 11:23:52.690000+00:00,25.5,40.3,56.0,995.0,0,232,0.9
1268,9905,2025-09-05 11:24:52.670000+00:00,25.5,40.7,57.0,994.9,0,273,1.3
1268,9905,2025-09-05 11:25:52.688000+00:00,25.6,41.5,56.0,994.8,0,81,0.9
1268,9905,2025-09-05 11:26:52.688000+00:00,25.8,41.5,55.0,994.9,0,221,0.7
1268,9905,2025-09-05 11:27:52.709000+00:00,25.8,42.2,55.0,994.9,0,345,0.8
1268,9905,2025-09-05 11:28:52.724000+00:00,25.8,42.2,54.0,995.0,0,304,1.3
1268,9905,2025-09-05 11:29:52.727000+00:00,25.8,41.9,53.0,994.9,0,200,0.9
1268,9905,2025-09-05 11:30:52.738000+00:00,25.8,40.7,53.0,995.0,0,184,1.2
1268,9905,2025-09-05 11:31:52.746000+00:00,25.7,40.7,54.0,994.9,0,173,1.4
1268,9905,2025-09-05 11:32:52.757000+00:00,25.7,40.7,55.0,995.0,0,207,1.7
1268,9905,2025-09-05 11:33:52.769000+00:00,25.8,40.6,54.0,995.0,0,189,2.3
1268,9905,2025-09-05 11:34:52.796000+00:00,25.7,41.2,56.0,994.9,0,147,1.4
1268,9905,2025-09-05 11:35:52.804000+00:00,25.7,41.7,55.0,994.9,0,159,1.8
1268,9905,2025-09-05 11:36:52.821000+00:00,25.6,41.7,55.0,994.9,0,162,1.2
1268,9905,2025-09-05 11:37:52.861000+00:00,25.7,42.1,57.0,994.9,0,210,2.3
1268,9905,2025-09-05 11:38:52.846000+00:00,25.9,42.4,55.0,994.8,0,175,2.3
1268,9905,2025-09-05 11:39:52.858000+00:00,26.0,42.7,56.0,995.0,0,207,2.5
1268,9905,2025-09-05 11:40:52.861000+00:00,26.2,42.7,54.0,995.0,0,204,2.5
1268,9905,2025-09-05 11:41:52.876000+00:00,26.1,42.7,54.0,994.9,0,191,2.2
1268,9905,2025-09-05 11:42:52.874000+00:00,26.2,40.1,54.0,994.9,0,227,1.3
1268,9905,2025-09-05 11:43:52.877000+00:00,26.2,39.4,55.0,994.9,0,192,2.1
1268,9905,2025-09-05 11:44:52.873000+00:00,26.3,39.4,54.0,994.9,0,197,1.8
1268,9905,2025-09-05 11:45:52.882000+00:00,26.2,39.8,54.0,994.9,0,177,1.7
1268,9905,2025-09-05 11:46:52.875000+00:00,26.1,39.5,55.0,994.8,0,187,1.7
1268,9905,2025-09-05 11:47:52.878000+00:00,26.1,39.3,54.0,994.9,0,192,1.9
1268,9905,2025-09-05 11:48:52.886000+00:00,26.1,38.4,55.0,994.9,0,162,1.5
1268,9905,2025-09-05 11:49:52.884000+00:00,26.0,39.3,55.0,994.9,0,195,1.6
1268,9905,2025-09-05 11:50:52.887000+00:00,26.0,39.4,56.0,994.8,0,183,1.2
1268,9905,2025-09-05 11:51:52.881000+00:00,26.0,41.0,53.0,994.8,0,169,1.0
1268,9905,2025-09-05 11:52:52.881000+00:00,26.1,41.4,54.0,994.8,0,193,1.9
1268,9905,2025-09-05 11:53:52.884000+00:00,26.2,42.1,54.0,994.8,0,175,2.3
1268,9905,2025-09-05 11:54:52.884000+00:00,26.4,42.1,53.0,994.8,0,193,2.7
1268,9905,2025-09-05 11:55:52.882000+00:00,26.5,42.6,54.0,994.8,0,208,2.3
1268,9905,2025-09-05 11:56:52.887000+00:00,26.4,42.6,54.0,994.7,0,208,1.7
1268,9905,2025-09-05 11:57:52.885000+00:00,26.5,42.0,54.0,994.8,0,238,2.0
1268,9905,2025-09-05 11:58:52.885000+00:00,26.4,41.8,54.0,994.8,0,255,1.6
1268,9905,2025-09-05 11:59:52.884000+00:00,26.4,41.6,53.0,994.8,0,221,1.5
1268,9905,2025-09-05 12:00:52.887000+00:00,26.3,41.6,55.0,994.8,0,328,1.3
1268,9905,2025-09-05 12:01:52.887000+00:00,26.1,41.6,54.0,994.8,0,209,0.9
1268,9905,2025-09-05 12:02:52.887000+00:00,26.1,42.2,54.0,994.8,0,299,1.4
1268,9905,2025-09-05 12:03:52.899000+00:00,26.1,42.9,54.0,994.8,0,274,0.7
1268,9905,2025-09-05 12:04:52.890000+00:00,26.1,42.9,54.0,994.8,0,223,1.3
1268,9905,2025-09-05 12:05:52.894000+00:00,26.1,43.1,54.0,994.8,0,202,0.8
1268,9905,2025-09-05 12:06:52.893000+00:00,26.1,43.7,53.0,994.8,0,0,1.1
1268,9905,2025-09-05 12:07:52.890000+00:00,26.2,43.2,52.0,994.9,0,0,0.4
1268,9905,2025-09-05 12:08:52.925000+00:00,26.3,43.2,52.0,994.9,0,203,0.5
1268,9905,2025-09-05 12:09:52.896000+00:00,26.3,43.2,52.0,994.8,0,202,1.1
1268,9905,2025-09-05 12:10:52.893000+00:00,26.1,43.6,52.0,994.8,0,237,1.0
1268,9905,2025-09-05 12:11:52.898000+00:00,26.1,44.1,51.0,994.8,0,160,0.6
1268,9905,2025-09-05 12:12:52.898000+00:00,26.2,42.9,52.0,994.8,0,202,1.2
1268,9905,2025-09-05 12:13:52.896000+00:00,26.3,41.8,54.0,994.8,0,271,1.0
1268,9905,2025-09-05 12:14:52.900000+00:00,26.3,41.9,53.0,994.8,0,209,1.1
1268,9905,2025-09-05 12:15:52.896000+00:00,26.3,42.4,53.0,994.8,0,191,1.2
1268,9905,2025-09-05 12:16:52.898000+00:00,26.4,42.9,53.0,994.8,0,155,2.4
1268,9905,2025-09-05 12:17:52.901000+00:00,26.5,43.0,54.0,994.7,0,228,2.1
1268,9905,2025-09-05 12:18:52.908000+00:00,26.6,43.3,54.0,994.8,0,200,3.2
1268,9905,2025-09-05 12:19:52.901000+00:00,26.6,43.3,51.0,994.8,0,190,2.9
1268,9905,2025-09-05 12:20:52.903000+00:00,26.7,43.2,53.0,994.8,0,187,2.8
1268,9905,2025-09-05 12:21:52.904000+00:00,26.6,43.2,53.0,994.7,0,167,2.3
1268,9905,2025-09-05 12:22:52.904000+00:00,26.7,42.9,52.0,994.7,0,210,2.5
1268,9905,2025-09-05 12:23:52.908000+00:00,26.7,42.9,52.0,994.8,0,197,2.3
1268,9905,2025-09-05 12:24:52.907000+00:00,26.6,42.5,52.0,994.7,0,186,1.5
1268,9905,2025-09-05 12:25:52.905000+00:00,26.6,42.5,52.0,994.7,0,167,2.3
1268,9905,2025-09-05 12:26:52.905000+00:00,26.6,42.8,54.0,994.7,0,173,2.3
1268,9905,2025-09-05 12:27:52.926000+00:00,26.6,42.9,53.0,994.8,0,175,0.6
1268,9905,2025-09-05 12:28:52.924000+00:00,26.5,43.4,52.0,994.7,0,206,1.0
1268,9905,2025-09-05 12:29:52.931000+00:00,26.5,43.5,51.0,994.7,0,178,1.4
1268,9905,2025-09-05 12:30:52.941000+00:00,26.6,43.2,51.0,994.7,0,116,0.6
1268,9905,2025-09-05 12:31:52.938000+00:00,26.6,43.1,52.0,994.6,0,78,0.8
1268,9905,2025-09-05 12:32:52.958000+00:00,26.5,43.3,53.0,994.6,0,215,1.0
1268,9905,2025-09-05 12:33:52.958000+00:00,26.5,43.9,51.0,994.6,0,213,1.1
1268,9905,2025-09-05 12:34:52.967000+00:00,26.6,44.1,51.0,994.6,0,258,2.1
1268,9905,2025-09-05 12:35:52.959000+00:00,26.7,44.2,52.0,994.6,0,302,1.2
1268,9905,2025-09-05 12:36:52.965000+00:00,26.8,43.9,52.0,994.7,0,228,1.5
1268,9905,2025-09-05 12:37:52.995000+00:00,26.7,44.2,50.0,994.7,0,164,0.8
1268,9905,2025-09-05 12:38:52.962000+00:00,26.6,44.2,50.0,994.6,0,318,1.7
1268,9905,2025-09-05 12:39:52.967000+00:00,26.5,44.5,50.0,994.7,0,10,1.3
1268,9905,2025-09-05 12:40:52.964000+00:00,26.5,44.5,50.0,994.7,0,327,1.0
1268,9905,2025-09-05 12:41:52.970000+00:00,26.5,44.6,50.0,994.6,0,345,0.8
1268,9905,2025-09-05 12:42:52.979000+00:00,26.6,45.0,50.0,994.7,0,210,0.8
1268,9905,2025-09-05 12:43:53.001000+00:00,26.6,45.0,50.0,994.7,0,274,1.9
1268,9905,2025-09-05 12:44:52.995000+00:00,26.7,45.2,51.0,994.6,0,16,1.2
1268,9905,2025-09-05 12:45:53.016000+00:00,26.7,45.4,48.0,994.7,0,303,1.0
1268,9905,2025-09-05 12:46:53.034000+00:00,26.8,44.6,49.0,994.6,0,343,0.8
1268,9905,2025-09-05 12:47:53.046000+00:00,26.7,44.1,49.0,994.6,0,322,0.8
1268,9905,2025-09-05 12:48:53.049000+00:00,26.7,44.2,50.0,994.7,0,251,1.2
1268,9905,2025-09-05 12:49:53.065000+00:00,26.7,44.3,51.0,994.7,0,240,0.9
1268,9905,2025-09-05 12:50:53.063000+00:00,26.7,44.4,48.0,994.7,0,317,1.2
1268,9905,2025-09-05 12:51:53.081000+00:00,26.8,44.3,48.0,994.6,0,310,1.3
1268,9905,2025-09-05 12:52:53.084000+00:00,26.8,44.1,50.0,994.6,0,0,1.6
1268,9905,2025-09-05 12:53:53.096000+00:00,26.9,44.4,50.0,994.6,0,331,0.6
1268,9905,2025-09-05 12:54:53.102000+00:00,26.8,44.5,48.0,994.6,0,347,1.0
1268,9905,2025-09-05 12:55:53.099000+00:00,26.9,44.7,49.0,994.7,0,25,0.9
1268,9905,2025-09-05 12:56:53.105000+00:00,27.0,44.7,49.0,994.6,0,350,1.2
1268,9905,2025-09-05 12:57:53.100000+00:00,27.1,44.7,49.0,994.6,0,338,2.3
1268,9905,2025-09-05 12:58:53.105000+00:00,27.1,45.0,50.0,994.6,0,171,2.4
1268,9905,2025-09-05 12:59:53.100000+00:00,27.0,45.6,50.0,994.6,0,319,1.3
1268,9905,2025-09-05 13:00:53.102000+00:00,27.0,45.6,50.0,994.6,0,336,1.0
1268,9905,2025-09-05 13:01:53.105000+00:00,27.1,45.7,50.0,994.7,0,185,0.9
1268,9905,2025-09-05 13:02:53.110000+00:00,27.1,45.2,47.0,994.7,0,186,0.6
1268,9905,2025-09-05 13:03:53.118000+00:00,27.1,45.2,48.0,994.6,0,204,1.5
1268,9905,2025-09-05 13:04:53.124000+00:00,27.1,45.2,49.0,994.6,0,173,1.8
1268,9905,2025-09-05 13:05:53.131000+00:00,27.2,45.2,49.0,994.6,0,231,1.9
1268,9905,2025-09-05 13:06:53.149000+00:00,27.1,45.2,50.0,994.6,0,65,0.9
1268,9905,2025-09-05 13:07:53.163000+00:00,27.1,45.6,50.0,994.6,0,243,0.9
1268,9905,2025-09-05 13:08:53.177000+00:00,27.3,45.6,48.0,994.5,0,7,1.5
1268,9905,2025-09-05 13:09:53.182000+00:00,27.4,43.1,48.0,994.5,0,29,0.9
1268,9905,2025-09-05 13:10:53.187000+00:00,27.3,42.8,49.0,994.6,0,290,1.4
1268,9905,2025-09-05 13:11:53.191000+00:00,27.2,43.2,50.0,994.5,0,258,1.6
1268,9906,2025-09-05 14:45:53.389000+00:00,26.9,40.8,36.0,994.7,0,327,1.6
1268,9906,2025-09-05 14:46:53.388000+00:00,26.9,40.8,36.0,994.6,0,307,1.9
1268,9906,2025-09-05 14:47:53.389000+00:00,27.0,40.7,35.0,994.6,0,347,1.8
1268,9906,2025-09-05 14:48:53.389000+00:00,27.0,40.9,35.0,994.6,0,22,1.6
1268,9906,2025-09-05 14:49:53.389000+00:00,27.0,40.9,34.0,994.6,0,350,1.4
1268,9906,2025-09-05 14:50:53.389000+00:00,26.9,40.6,34.0,994.7,0,351,1.8
1268,9906,2025-09-05 14:51:53.386000+00:00,26.8,40.6,33.0,994.6,0,358,1.5
1268,9906,2025-09-05 14:52:53.382000+00:00,26.8,40.6,33.0,994.6,0,14,1.6
1268,9906,2025-09-05 14:53:53.393000+00:00,26.9,40.6,34.0,994.6,0,323,1.9
1268,9906,2025-09-05 14:54:53.390000+00:00,26.9,40.7,35.0,994.6,0,334,2.4
1268,9906,2025-09-05 14:55:53.390000+00:00,26.8,40.8,34.0,994.7,0,346,1.8
1268,9906,2025-09-05 14:56:53.412000+00:00,26.8,40.7,35.0,994.6,0,340,2.0
1268,9906,2025-09-05 14:57:53.385000+00:00,26.8,40.4,34.0,994.7,0,30,2.4
1268,9906,2025-09-05 14:58:53.390000+00:00,26.8,41.0,33.0,994.6,0,333,1.7
1268,9906,2025-09-05 14:59:53.413000+00:00,26.7,41.0,34.0,994.5,0,352,2.1
1268,9906,2025-09-05 15:00:53.413000+00:00,26.7,40.9,34.0,994.5,0,335,2.3
1268,9906,2025-09-05 15:01:53.419000+00:00,26.7,40.9,33.0,994.6,0,0,2.2
1268,9906,2025-09-05 15:02:53.413000+00:00,26.7,40.7,33.0,994.7,0,1,1.9
1268,9906,2025-09-05 15:03:53.419000+00:00,26.7,40.7,33.0,994.7,0,1,1.9
1268,9906,2025-09-05 15:04:53.439000+00:00,26.7,40.7,32.0,994.7,0,348,1.5
1268,9906,2025-09-05 15:05:53.468000+00:00,26.8,40.7,32.0,994.7,0,336,0.9
1268,9906,2025-09-05 15:06:53.453000+00:00,26.8,40.7,31.0,994.5,0,336,0.9
1268,9906,2025-09-05 15:07:53.467000+00:00,26.9,40.4,30.0,994.6,0,6,2.5
1268,9906,2025-09-05 15:08:53.476000+00:00,26.9,40.4,31.0,994.7,0,0,2.0
1268,9906,2025-09-05 15:09:53.503000+00:00,26.8,40.6,31.0,994.7,0,287,0.7
1268,9906,2025-09-05 15:10:53.496000+00:00,26.8,40.5,30.0,994.7,0,12,2.1
1268,9906,2025-09-05 15:11:53.502000+00:00,26.9,40.0,29.0,994.6,0,358,2.8
1268,9906,2025-09-05 15:12:53.515000+00:00,26.9,39.7,29.0,994.6,0,20,3.2
1268,9906,2025-09-05 15:13:53.516000+00:00,26.7,39.7,30.0,994.7,0,33,3.0
1268,9906,2025-09-05 15:14:53.535000+00:00,26.6,39.6,30.0,994.6,0,38,3.4
1268,9906,2025-09-05 15:15:53.533000+00:00,26.6,39.6,30.0,994.6,0,22,2.4
1268,9906,2025-09-05 15:16:53.538000+00:00,26.6,39.5,29.0,994.6,0,354,2.8
1268,9906,2025-09-05 15:17:53.538000+00:00,26.5,39.5,31.0,994.6,0,5,2.4
1268,9906,2025-09-05 15:18:53.539000+00:00,26.4,39.6,30.0,994.6,0,347,1.8
1268,9906,2025-09-05 15:19:53.549000+00:00,26.5,39.6,30.0,994.5,0,314,1.6
1268,9906,2025-09-05 15:20:53.534000+00:00,26.4,39.3,31.0,994.6,0,274,1.1
1268,9906,2025-09-05 15:21:53.540000+00:00,26.5,39.4,31.0,994.6,0,10,1.4
1268,9906,2025-09-05 15:22:53.537000+00:00,26.5,39.4,30.0,994.7,0,10,2.4
1268,9906,2025-09-05 15:23:53.529000+00:00,26.5,39.4,29.0,994.5,0,287,1.7
1268,9906,2025-09-05 15:24:53.556000+00:00,26.4,39.2,30.0,994.6,0,356,1.2
1268,9906,2025-09-05 15:25:53.550000+00:00,26.4,39.0,29.0,994.5,0,350,1.5
1268,9906,2025-09-05 15:26:53.570000+00:00,26.5,39.0,30.0,994.6,0,12,1.8
1268,9906,2025-09-05 15:27:53.582000+00:00,26.4,39.1,29.0,994.6,0,345,2.1
1268,9906,2025-09-05 15:28:53.595000+00:00,26.4,39.0,30.0,994.6,0,6,2.0
1268,9906,2025-09-05 15:29:53.594000+00:00,26.4,39.0,30.0,994.5,0,329,1.9
1268,9906,2025-09-05 15:30:53.589000+00:00,26.4,38.8,31.0,994.5,0,331,1.5
1268,9906,2025-09-05 15:31:53.600000+00:00,26.4,38.8,30.0,994.6,0,0,2.4
1268,9906,2025-09-05 15:32:53.609000+00:00,26.5,38.6,31.0,994.6,0,237,0.7
1268,9906,2025-09-05 15:33:53.625000+00:00,26.5,38.5,33.0,994.7,0,262,1.1
1268,9906,2025-09-05 15:34:53.638000+00:00,26.5,38.1,33.0,994.7,0,211,2.0
1268,9906,2025-09-05 15:35:53.647000+00:00,26.5,38.4,33.0,994.6,0,327,1.9
1268,9906,2025-09-05 15:36:53.643000+00:00,26.5,38.5,32.0,994.6,0,331,1.6
1268,9906,2025-09-05 15:37:53.638000+00:00,26.4,38.5,33.0,994.6,0,352,1.3
1268,9906,2025-09-05 15:38:53.647000+00:00,26.4,38.5,32.0,994.7,0,302,1.5
1268,9906,2025-09-05 15:39:53.626000+00:00,26.5,38.4,30.0,994.6,0,301,1.7
1268,9906,2025-09-05 15:40:53.641000+00:00,26.5,38.8,33.0,994.7,0,307,1.6
1268,9906,2025-09-05 15:41:53.663000+00:00,26.5,38.8,29.0,994.5,0,285,1.4
1268,9906,2025-09-05 15:42:53.681000+00:00,26.4,38.8,29.0,994.6,0,337,2.2
1268,9906,2025-09-05 15:43:53.681000+00:00,26.4,38.4,29.0,994.4,0,282,2.4
1268,9906,2025-09-05 15:44:53.682000+00:00,26.3,38.3,30.0,994.6,0,340,2.7
1268,9906,2025-09-05 15:45:53.682000+00:00,26.4,38.3,30.0,994.6,0,315,1.4
1268,9906,2025-09-05 15:46:53.684000+00:00,26.3,38.1,30.0,994.5,0,40,1.0
1268,9906,2025-09-05 15:47:53.682000+00:00,26.2,38.1,30.0,994.6,0,211,0.9
1268,9906,2025-09-05 15:48:53.684000+00:00,26.2,38.0,30.0,994.5,0,332,1.3
1268,9906,2025-09-05 15:49:53.684000+00:00,26.2,37.8,29.0,994.6,0,231,1.3
1268,9906,2025-09-05 15:50:53.684000+00:00,26.3,37.6,29.0,994.5,0,46,1.1
1268,9906,2025-09-05 15:51:53.684000+00:00,26.3,36.6,30.0,994.6,0,255,1.1
1268,9906,2025-09-05 15:52:53.685000+00:00,26.3,36.1,30.0,994.6,0,66,1.0
1268,9906,2025-09-05 15:53:53.690000+00:00,26.3,35.9,31.0,994.7,0,242,1.3
1268,9906,2025-09-05 15:54:53.689000+00:00,26.3,35.6,31.0,994.6,0,292,1.6
1268,9906,2025-09-05 15:55:53.686000+00:00,26.2,35.3,32.0,994.7,0,209,2.0
1268,9906,2025-09-05 15:56:53.685000+00:00,26.3,35.4,31.0,994.7,0,283,2.1
1268,9906,2025-09-05 15:57:53.724000+00:00,26.2,35.3,31.0,994.6,0,203,1.4
1268,9906,2025-09-05 15:58:53.713000+00:00,26.3,35.0,31.0,994.6,0,231,1.9
1268,9906,2025-09-05 15:59:53.724000+00:00,26.3,34.8,32.0,994.7,0,215,1.7
1268,9906,2025-09-05 16:00:53.732000+00:00,26.3,34.8,31.0,994.6,0,210,1.8
1268,9906,2025-09-05 16:01:53.757000+00:00,26.2,34.9,31.0,994.7,0,341,1.4
1268,9906,2025-09-05 16:02:53.778000+00:00,26.2,34.9,31.0,994.6,0,295,1.3
1268,9906,2025-09-05 16:03:53.786000+00:00,26.1,34.6,32.0,994.6,0,265,0.7
1268,9906,2025-09-05 16:04:53.785000+00:00,26.1,34.6,32.0,994.6,0,269,2.0
1268,9906,2025-09-05 16:05:53.794000+00:00,26.0,34.5,31.0,994.6,0,325,1.7
1268,9907,2025-09-06 10:15:57.464000+00:00,24.1,39.5,37.0,1000.3,0,135,1.4
1268,9907,2025-09-06 10:16:57.465000+00:00,24.3,39.6,36.0,1000.2,0,115,0.8
1268,9907,2025-09-06 10:17:57.478000+00:00,24.3,39.6,37.0,1000.2,0,200,0.8
1268,9907,2025-09-06 10:18:57.496000+00:00,24.3,39.6,39.0,1000.2,0,225,1.4
1268,9907,2025-09-06 10:19:57.495000+00:00,24.3,39.7,38.0,1000.3,0,100,1.2
1268,9907,2025-09-06 10:20:57.495000+00:00,24.4,39.9,37.0,1000.2,0,132,1.1
1268,9907,2025-09-06 10:21:57.497000+00:00,24.4,39.9,37.0,1000.2,0,345,0.5
1268,9907,2025-09-06 10:22:57.498000+00:00,24.4,40.2,37.0,1000.3,0,234,0.5
1268,9907,2025-09-06 10:23:57.497000+00:00,24.4,40.2,34.0,1000.2,0,181,1.7
1268,9907,2025-09-06 10:24:57.512000+00:00,24.4,40.6,35.0,1000.2,0,121,1.3
1268,9907,2025-09-06 10:25:57.500000+00:00,24.3,40.6,36.0,1000.2,0,182,1.8
1268,9907,2025-09-06 10:26:57.505000+00:00,24.3,39.9,37.0,1000.2,0,263,1.2
1268,9907,2025-09-06 10:27:57.503000+00:00,24.3,39.5,38.0,1000.2,0,315,1.5
1268,9907,2025-09-06 10:28:57.503000+00:00,24.4,39.6,38.0,1000.1,0,322,1.4
1268,9907,2025-09-06 10:29:57.506000+00:00,24.4,39.6,36.0,1000.1,0,204,0.6
1268,9907,2025-09-06 10:30:57.506000+00:00,24.3,39.7,36.0,1000.2,0,331,0.8
1268,9907,2025-09-06 10:31:57.505000+00:00,24.4,39.7,37.0,1000.1,0,325,0.7
1268,9907,2025-09-06 10:32:57.520000+00:00,24.4,39.8,37.0,1000.2,0,263,0.7
1268,9907,2025-09-06 10:33:57.509000+00:00,24.5,40.0,37.0,1000.2,0,0,0.7
1268,9907,2025-09-06 10:34:57.516000+00:00,24.5,40.2,36.0,1000.1,0,359,0.4
1268,9907,2025-09-06 10:35:57.516000+00:00,24.5,40.5,36.0,1000.2,0,0,0.4
1268,9907,2025-09-06 10:36:57.508000+00:00,24.5,40.5,35.0,1000.2,0,304,0.4
1268,9907,2025-09-06 10:37:57.513000+00:00,24.6,41.0,36.0,1000.1,0,259,0.5
1268,9907,2025-09-06 10:38:57.508000+00:00,24.6,41.0,36.0,1000.0,0,276,0.9
1268,9907,2025-09-06 10:39:57.511000+00:00,24.7,41.4,35.0,1000.1,0,166,1.4
1268,9907,2025-09-06 10:40:57.512000+00:00,24.6,41.3,35.0,1000.0,0,16,0.8
1268,9907,2025-09-06 10:41:57.514000+00:00,24.6,41.5,35.0,1000.2,0,262,0.8
1268,9907,2025-09-06 10:42:57.514000+00:00,24.5,41.4,36.0,1000.1,0,199,1.1
1268,9907,2025-09-06 10:43:57.504000+00:00,24.6,41.5,34.0,1000.0,0,105,1.2
1268,9907,2025-09-06 10:44:57.522000+00:00,24.6,41.3,34.0,999.9,0,70,1.0
1268,9907,2025-09-06 10:45:57.526000+00:00,24.6,41.1,35.0,999.9,0,150,0.9
1268,9907,2025-09-06 10:46:57.518000+00:00,24.6,41.1,36.0,999.9,0,159,1.2
1268,9907,2025-09-06 10:47:57.516000+00:00,24.6,41.1,36.0,1000.0,0,200,2.1
1268,9907,2025-09-06 10:48:57.525000+00:00,24.6,41.3,37.0,1000.0,0,194,2.0
1268,9907,2025-09-06 10:49:57.521000+00:00,24.6,41.5,37.0,1000.0,0,214,2.9
1268,9907,2025-09-06 10:50:57.523000+00:00,24.7,41.5,37.0,1000.0,0,317,2.4
1268,9907,2025-09-06 10:51:57.522000+00:00,24.9,41.1,36.0,1000.0,0,252,0.9
1268,9907,2025-09-06 10:52:57.523000+00:00,24.9,40.9,37.0,1000.1,0,210,1.0
1268,9907,2025-09-06 10:53:57.523000+00:00,24.9,40.9,37.0,1000.0,0,196,2.1
1268,9907,2025-09-06 10:54:57.528000+00:00,24.9,41.5,38.0,1000.0,0,207,1.6
1268,9907,2025-09-06 10:55:57.533000+00:00,24.9,41.8,38.0,999.9,0,295,1.9
1268,9907,2025-09-06 10:56:57.523000+00:00,24.9,41.9,38.0,1000.1,0,227,1.4
1268,9907,2025-09-06 10:57:57.527000+00:00,25.0,41.5,36.0,1000.1,0,159,2.4
1268,9907,2025-09-06 10:58:57.575000+00:00,25.0,41.0,36.0,999.9,0,122,1.9
1268,9907,2025-09-06 10:59:57.581000+00:00,25.0,40.6,37.0,1000.1,0,0,1.2
1268,9907,2025-09-06 11:00:57.526000+00:00,24.9,40.7,37.0,999.9,0,151,0.4
1268,9907,2025-09-06 11:01:57.528000+00:00,24.7,41.1,38.0,1000.0,0,202,1.5
1268,9907,2025-09-06 11:02:57.533000+00:00,24.7,41.8,38.0,1000.0,0,141,2.5
1268,9907,2025-09-06 11:03:57.528000+00:00,24.9,42.1,37.0,1000.0,0,146,1.0
1268,9907,2025-09-06 11:04:57.531000+00:00,25.0,42.0,38.0,1000.0,0,182,1.4
1268,9907,2025-09-06 11:05:57.530000+00:00,25.0,42.1,38.0,999.9,0,187,0.5
1268,9907,2025-09-06 11:06:57.533000+00:00,25.1,42.3,37.0,999.9,0,201,2.1
1268,9907,2025-09-06 11:07:57.533000+00:00,25.2,42.6,39.0,1000.0,0,170,1.7
1268,9907,2025-09-06 11:08:57.547000+00:00,25.3,42.6,35.0,1000.0,0,208,2.2
1268,9907,2025-09-06 11:09:57.564000+00:00,25.3,42.5,36.0,999.9,0,199,2.8
1268,9907,2025-09-06 11:10:57.580000+00:00,25.3,42.4,37.0,999.9,0,233,1.3
1268,9907,2025-09-06 11:11:57.591000+00:00,25.1,42.0,37.0,999.9,0,209,1.7
1268,9907,2025-09-06 11:12:57.605000+00:00,25.2,42.2,37.0,999.9,0,172,1.6
1268,9907,2025-09-06 11:13:57.614000+00:00,25.2,42.5,37.0,999.9,0,187,1.4
1268,9907,2025-09-06 11:14:57.621000+00:00,25.1,42.4,36.0,999.8,0,184,2.8
1268,9907,2025-09-06 11:15:57.620000+00:00,25.2,42.3,36.0,999.9,0,174,2.4
1268,9907,2025-09-06 11:16:57.635000+00:00,25.3,41.8,36.0,1000.0,0,175,2.1
1268,9907,2025-09-06 11:17:57.633000+00:00,25.1,41.8,36.0,999.8,0,169,1.4
1268,9907,2025-09-06 11:18:57.632000+00:00,25.1,42.7,38.0,999.9,0,173,1.4
1268,9907,2025-09-06 11:19:57.635000+00:00,25.1,42.7,38.0,999.9,0,241,1.8
1268,9907,2025-09-06 11:20:57.654000+00:00,25.0,42.6,37.0,1000.0,0,228,1.1
1268,9907,2025-09-06 11:21:57.669000+00:00,24.9,42.2,39.0,1000.0,0,199,1.4
1268,9907,2025-09-06 11:22:57.677000+00:00,24.9,42.8,38.0,999.9,0,213,1.6
1268,9907,2025-09-06 11:23:57.670000+00:00,25.0,42.6,37.0,1000.0,0,72,1.8
1268,9907,2025-09-06 11:24:57.671000+00:00,25.1,42.6,36.0,999.9,0,101,1.3
1268,9907,2025-09-06 11:25:57.671000+00:00,25.1,42.9,37.0,1000.0,0,117,1.9
1268,9907,2025-09-06 11:26:57.675000+00:00,25.1,42.9,38.0,999.8,0,126,2.1
1268,9907,2025-09-06 11:27:57.681000+00:00,25.1,42.9,38.0,999.8,0,118,1.6
1268,9907,2025-09-06 11:28:57.693000+00:00,25.1,42.9,40.0,999.9,0,176,1.2
1268,9907,2025-09-06 11:29:57.691000+00:00,25.0,42.9,39.0,999.8,0,214,1.6
1268,9907,2025-09-06 11:30:57.715000+00:00,25.0,43.0,39.0,999.7,0,39,1.5
1268,9907,2025-09-06 11:31:57.725000+00:00,25.1,43.2,38.0,999.8,0,237,1.5
1268,9907,2025-09-06 11:32:57.727000+00:00,25.3,43.2,39.0,999.9,0,216,1.3
1268,9907,2025-09-06 11:33:57.729000+00:00,25.3,43.3,40.0,999.9,0,258,1.7
1268,9907,2025-09-06 11:34:57.735000+00:00,25.3,43.5,39.0,999.8,0,193,1.4
1268,9907,2025-09-06 11:35:57.719000+00:00,25.3,43.4,38.0,999.8,0,201,2.1
1268,9908,2025-09-06 13:47:58.143000+00:00,26.4,44.6,35.0,998.9,0,141,1.7
1268,9908,2025-09-06 13:48:58.155000+00:00,26.4,44.2,36.0,999.0,0,0,0.9
1268,9908,2025-09-06 13:49:58.154000+00:00,26.3,44.1,35.0,999.0,0,114,1.0
1268,9908,2025-09-06 13:50:58.168000+00:00,26.3,44.1,36.0,998.9,0,112,1.4
1268,9908,2025-09-06 13:51:58.155000+00:00,26.4,44.4,36.0,998.9,0,223,0.9
1268,9908,2025-09-06 13:52:58.159000+00:00,26.5,44.5,36.0,999.0,0,171,0.7
1268,9908,2025-09-06 13:53:58.160000+00:00,26.5,44.5,36.0,998.9,0,195,1.2
1268,9908,2025-09-06 13:54:58.165000+00:00,26.5,44.4,35.0,998.9,0,98,1.7
1268,9908,2025-09-06 13:55:58.159000+00:00,26.5,44.5,35.0,998.8,0,143,1.9
1268,9908,2025-09-06 13:56:58.163000+00:00,26.3,44.2,36.0,998.9,0,129,2.1
1268,9908,2025-09-06 13:57:58.160000+00:00,26.2,44.4,35.0,998.9,0,110,1.7
1268,9908,2025-09-06 13:58:58.177000+00:00,26.3,44.3,36.0,998.9,0,94,1.4
1268,9908,2025-09-06 13:59:58.158000+00:00,26.2,44.2,36.0,998.9,0,98,1.1
1268,9908,2025-09-06 14:00:58.179000+00:00,26.2,44.0,36.0,998.8,0,148,1.1
1268,9908,2025-09-06 14:01:58.200000+00:00,26.3,44.5,38.0,998.8,0,191,1.0
1268,9908,2025-09-06 14:02:58.214000+00:00,26.3,44.8,36.0,998.8,0,101,1.0
1268,9908,2025-09-06 14:03:58.216000+00:00,26.4,44.5,36.0,998.8,0,192,1.0
1268,9908,2025-09-06 14:04:58.205000+00:00,26.5,44.1,36.0,998.8,0,137,1.5
1268,9908,2025-09-06 14:05:58.228000+00:00,26.6,44.0,37.0,998.7,0,109,1.2
1268,9908,2025-09-06 14:06:58.235000+00:00,26.6,44.1,36.0,998.7,0,107,1.9
1268,9908,2025-09-06 14:07:58.249000+00:00,26.6,44.1,36.0,998.8,0,120,1.4
1268,9908,2025-09-06 14:08:58.241000+00:00,26.8,43.9,36.0,998.8,0,139,1.5
1268,9908,2025-09-06 14:09:58.269000+00:00,26.8,43.8,36.0,998.7,0,137,1.2
1268,9908,2025-09-06 14:10:58.270000+00:00,26.6,43.7,35.0,998.7,0,164,1.7
1268,9908,2025-09-06 14:11:58.286000+00:00,26.6,43.5,36.0,998.7,0,197,1.4
1268,9908,2025-09-06 14:12:58.297000+00:00,26.6,43.3,36.0,998.7,0,203,1.6
1268,9908,2025-09-06 14:13:58.297000+00:00,26.7,43.0,36.0,998.6,0,177,2.3
1268,9908,2025-09-06 14:14:58.300000+00:00,26.7,43.0,36.0,998.6,0,186,1.7
1268,9908,2025-09-06 14:15:58.306000+00:00,26.8,43.0,36.0,998.6,0,172,2.0
1268,9908,2025-09-06 14:16:58.391000+00:00,26.7,43.0,35.0,998.6,0,179,1.4
1268,9908,2025-09-06 14:17:58.303000+00:00,26.6,42.9,36.0,998.6,0,198,1.9
1268,9908,2025-09-06 14:18:58.302000+00:00,26.5,42.7,35.0,998.6,0,197,3.0
1268,9908,2025-09-06 14:19:58.316000+00:00,26.6,42.3,35.0,998.7,0,189,3.2
1268,9908,2025-09-06 14:20:58.302000+00:00,26.5,42.3,36.0,998.6,0,161,2.2
1268,9908,2025-09-06 14:21:58.306000+00:00,26.5,42.3,35.0,998.6,0,193,2.0
1268,9908,2025-09-06 14:22:58.309000+00:00,26.5,42.0,36.0,998.5,0,195,1.3
1268,9908,2025-09-06 14:23:58.314000+00:00,26.5,42.3,36.0,998.6,0,208,0.6
1268,9908,2025-09-06 14:24:58.302000+00:00,26.5,42.6,36.0,998.5,0,184,1.1
1268,9908,2025-09-06 14:25:58.310000+00:00,26.6,42.4,36.0,998.6,0,143,1.7
1268,9908,2025-09-06 14:26:58.309000+00:00,26.6,42.6,37.0,998.6,0,177,2.0
1268,9908,2025-09-06 14:27:58.310000+00:00,26.7,42.8,37.0,998.6,0,179,2.2
1268,9908,2025-09-06 14:28:58.317000+00:00,26.7,42.5,35.0,998.6,0,133,1.6
1268,9908,2025-09-06 14:29:58.319000+00:00,26.6,42.5,35.0,998.6,0,271,1.5
1268,9908,2025-09-06 14:30:58.312000+00:00,26.5,42.1,35.0,998.6,0,190,1.2
1268,9908,2025-09-06 14:31:58.312000+00:00,26.4,41.8,35.0,998.6,0,171,0.8
1268,9908,2025-09-06 14:32:58.314000+00:00,26.4,42.0,35.0,998.7,0,189,1.1
1268,9908,2025-09-06 14:33:58.316000+00:00,26.5,42.1,35.0,998.5,0,177,2.7
1268,9908,2025-09-06 14:34:58.316000+00:00,26.7,41.8,35.0,998.6,0,172,2.1
1268,9908,2025-09-06 14:35:58.315000+00:00,26.7,41.8,36.0,998.6,0,148,2.0
1268,9908,2025-09-06 14:36:58.319000+00:00,26.6,41.9,36.0,998.6,0,228,1.6
1268,9908,2025-09-06 14:37:58.317000+00:00,26.7,41.6,36.0,998.6,0,261,1.6
1268,9908,2025-09-06 14:38:58.316000+00:00,26.7,41.6,36.0,998.5,0,247,1.4
1268,9908,2025-09-06 14:39:58.318000+00:00,26.7,42.1,36.0,998.5,0,133,0.7
1268,9908,2025-09-06 14:40:58.320000+00:00,26.8,42.4,37.0,998.5,0,102,1.0
1268,9908,2025-09-06 14:41:58.320000+00:00,26.8,42.7,36.0,998.5,0,142,1.6
1268,9908,2025-09-06 14:42:58.336000+00:00,26.8,42.6,38.0,998.3,0,149,1.2
1268,9908,2025-09-06 14:43:58.362000+00:00,26.8,42.4,36.0,998.4,0,187,1.0
1268,9908,2025-09-06 14:44:58.371000+00:00,26.9,42.1,35.0,998.5,0,159,1.6
1268,9908,2025-09-06 14:45:58.370000+00:00,26.9,42.0,35.0,998.5,0,172,2.3
1268,9908,2025-09-06 14:46:58.369000+00:00,26.8,42.0,34.0,998.5,0,175,2.1
1268,9908,2025-09-06 14:47:58.370000+00:00,26.8,41.7,35.0,998.5,0,198,1.4
1268,9908,2025-09-06 14:48:58.374000+00:00,26.9,41.7,35.0,998.5,0,225,1.8
1268,9908,2025-09-06 14:49:58.373000+00:00,26.9,41.9,36.0,998.4,0,221,1.5
1268,9908,2025-09-06 14:50:58.382000+00:00,26.8,41.9,37.0,998.5,0,193,1.3
1268,9908,2025-09-06 14:51:58.381000+00:00,26.9,41.9,37.0,998.4,0,192,1.4
1268,9908,2025-09-06 14:52:58.375000+00:00,26.9,42.0,37.0,998.4,0,122,1.3
1268,9908,2025-09-06 14:53:58.379000+00:00,26.8,42.0,37.0,998.4,0,158,1.1
1268,9908,2025-09-06 14:54:58.383000+00:00,26.8,42.0,38.0,998.5,0,183,1.3
1268,9908,2025-09-06 14:55:58.396000+00:00,26.7,41.8,37.0,998.5,0,182,1.6
1268,9908,2025-09-06 14:56:58.399000+00:00,26.7,41.8,35.0,998.4,0,203,2.4
1268,9908,2025-09-06 14:57:58.413000+00:00,26.6,41.5,34.0,998.4,0,191,2.0
1268,9908,2025-09-06 14:58:58.425000+00:00,26.7,41.5,36.0,998.4,0,182,1.6
1268,9908,2025-09-06 14:59:58.432000+00:00,26.7,41.3,35.0,998.5,0,204,1.5
1268,9908,2025-09-06 15:00:58.430000+00:00,26.6,41.5,36.0,998.4,0,173,1.0
1268,9908,2025-09-06 15:01:58.448000+00:00,26.6,41.5,36.0,998.5,0,173,1.3
1268,9908,2025-09-06 15:02:58.460000+00:00,26.7,41.0,36.0,998.4,0,190,2.1
1268,9908,2025-09-06 15:03:58.460000+00:00,26.7,40.9,35.0,998.4,0,206,2.3
1268,9908,2025-09-06 15:04:58.466000+00:00,26.8,40.9,35.0,998.4,0,222,1.4
1268,9912,2025-09-07 12:06:03.272000+00:00,26.0,43.5,44.0,997.5,0,263,2.5
1268,9912,2025-09-07 12:07:03.241000+00:00,26.1,43.6,44.0,997.4,0,246,1.6
1268,9912,2025-09-07 12:08:03.257000+00:00,26.1,43.7,45.0,997.3,0,210,1.5
1268,9912,2025-09-07 12:09:03.257000+00:00,26.1,43.7,45.0,997.4,0,202,1.5
1268,9912,2025-09-07 12:10:03.267000+00:00,26.0,43.7,43.0,997.4,0,182,1.7
1268,9912,2025-09-07 12:11:03.258000+00:00,26.0,43.9,44.0,997.4,0,239,1.2
1268,9912,2025-09-07 12:12:03.263000+00:00,25.9,43.9,45.0,997.5,0,302,1.6
1268,9912,2025-09-07 12:13:03.263000+00:00,26.0,43.9,44.0,997.4,0,97,0.9
1268,9912,2025-09-07 12:14:03.276000+00:00,26.1,43.6,43.0,997.3,0,196,0.5
1268,9912,2025-09-07 12:15:03.291000+00:00,26.1,43.3,44.0,997.3,0,255,0.8
1268,9912,2025-09-07 12:16:03.320000+00:00,26.1,43.6,43.0,997.2,0,0,0.4
1268,9912,2025-09-07 12:17:03.314000+00:00,26.1,43.7,43.0,997.2,0,101,0.0
1268,9912,2025-09-07 12:18:03.311000+00:00,26.0,44.4,44.0,997.3,0,151,0.9
1268,9912,2025-09-07 12:19:03.323000+00:00,26.1,44.9,43.0,997.2,0,108,2.0
1268,9912,2025-09-07 12:20:03.312000+00:00,26.1,44.9,44.0,997.3,0,177,1.0
1268,9912,2025-09-07 12:21:03.308000+00:00,26.1,44.8,44.0,997.2,0,211,1.5
1268,9912,2025-09-07 12:22:03.307000+00:00,26.3,44.8,44.0,997.1,0,244,1.1
1268,9912,2025-09-07 12:23:03.321000+00:00,26.3,44.3,44.0,997.2,0,0,0.9
1268,9912,2025-09-07 12:24:03.368000+00:00,26.3,44.0,43.0,997.2,0,205,1.3
1268,9912,2025-09-07 12:25:03.368000+00:00,26.4,44.1,44.0,997.2,0,199,1.9
1268,9912,2025-09-07 12:26:03.374000+00:00,26.4,44.1,43.0,997.2,0,190,2.3
1268,9912,2025-09-07 12:27:03.381000+00:00,26.5,44.3,43.0,997.1,0,239,1.5
1268,9912,2025-09-07 12:28:03.381000+00:00,26.5,44.4,43.0,997.1,0,258,0.8
1268,9912,2025-09-07 12:29:03.374000+00:00,26.5,44.4,43.0,997.1,0,161,1.7
1268,9912,2025-09-07 12:30:03.394000+00:00,26.6,44.7,43.0,997.0,0,219,0.6
1268,9912,2025-09-07 12:31:03.397000+00:00,26.5,45.0,43.0,997.1,0,189,0.8
1268,9912,2025-09-07 12:32:03.397000+00:00,26.6,45.5,43.0,997.0,0,205,2.3
1268,9912,2025-09-07 12:33:03.403000+00:00,26.6,45.8,42.0,997.0,0,164,2.7
1268,9912,2025-09-07 12:34:03.397000+00:00,26.5,45.8,43.0,997.1,0,166,2.0
1268,9912,2025-09-07 12:35:03.397000+00:00,26.5,45.6,43.0,997.0,0,175,2.4
1268,9912,2025-09-07 12:36:03.398000+00:00,26.5,45.2,44.0,997.0,0,163,2.2
1268,9912,2025-09-07 12:37:03.398000+00:00,26.5,45.6,45.0,997.0,0,172,2.1
1268,9912,2025-09-07 12:38:03.398000+00:00,26.5,45.6,43.0,997.1,0,153,2.3
1268,9912,2025-09-07 12:39:03.415000+00:00,26.7,45.7,44.0,996.9,0,179,1.9
1268,9912,2025-09-07 12:40:03.405000+00:00,26.7,45.9,43.0,997.0,0,208,2.2
1268,9912,2025-09-07 12:41:03.406000+00:00,26.6,45.9,42.0,997.0,0,168,2.5
1268,9912,2025-09-07 12:42:03.425000+00:00,26.6,45.8,43.0,996.9,0,192,2.0
1268,9912,2025-09-07 12:43:03.451000+00:00,26.6,45.6,42.0,996.9,0,211,1.9
1268,9912,2025-09-07 12:44:03.403000+00:00,26.6,45.8,43.0,996.9,0,160,1.1
1268,9912,2025-09-07 12:45:03.418000+00:00,26.5,45.8,44.0,997.0,0,167,1.3
1268,9912,2025-09-07 12:46:03.424000+00:00,26.5,45.8,43.0,997.0,0,122,1.7
1268,9912,2025-09-07 12:47:03.416000+00:00,26.5,45.3,43.0,997.0,0,176,0.8
1268,9912,2025-09-07 12:48:03.416000+00:00,26.5,45.3,45.0,996.9,0,131,1.9
1268,9912,2025-09-07 12:49:03.407000+00:00,26.4,44.2,43.0,996.9,0,209,2.0
1268,9912,2025-09-07 12:50:03.417000+00:00,26.4,43.9,44.0,996.8,0,92,2.0
1268,9912,2025-09-07 12:51:03.407000+00:00,26.4,43.6,45.0,996.8,0,82,1.4
1268,9912,2025-09-07 12:52:03.411000+00:00,26.3,43.9,45.0,996.9,0,87,1.2
1268,9912,2025-09-07 12:53:03.411000+00:00,26.3,43.9,45.0,996.9,0,200,1.5
1268,9912,2025-09-07 12:54:03.411000+00:00,26.3,43.9,45.0,996.9,0,188,1.3
1268,9912,2025-09-07 12:55:03.424000+00:00,26.3,44.1,45.0,996.9,0,237,1.5
1268,9912,2025-09-07 12:56:03.408000+00:00,26.4,44.1,45.0,996.9,0,237,1.5
1268,9912,2025-09-07 12:57:03.424000+00:00,26.5,43.7,42.0,996.9,0,336,0.6
1268,9912,2025-09-07 12:58:03.407000+00:00,26.6,43.7,43.0,997.0,0,284,1.2
1268,9912,2025-09-07 12:59:03.422000+00:00,26.6,44.2,42.0,996.9,0,40,0.7
1268,9912,2025-09-07 13:00:03.418000+00:00,26.6,44.2,41.0,996.8,0,8,0.6
1268,9912,2025-09-07 13:01:03.418000+00:00,26.6,44.3,42.0,996.8,0,331,0.7
1268,9912,2025-09-07 13:02:03.436000+00:00,26.6,44.1,42.0,996.8,0,5,0.9
1268,9912,2025-09-07 13:03:03.446000+00:00,26.8,43.8,42.0,996.8,0,214,0.4
1268,9912,2025-09-07 13:04:03.433000+00:00,26.6,43.7,42.0,996.9,0,325,0.6
1268,9912,2025-09-07 13:05:03.446000+00:00,26.6,44.2,43.0,996.8,0,310,1.8
1268,9912,2025-09-07 13:06:03.460000+00:00,26.7,44.4,42.0,996.8,0,321,1.3
1268,9912,2025-09-07 13:07:03.459000+00:00,26.6,44.5,42.0,996.8,0,210,1.4
1268,9912,2025-09-07 13:08:03.476000+00:00,26.6,44.5,43.0,996.9,0,179,1.4
1268,9912,2025-09-07 13:09:03.466000+00:00,26.6,44.4,43.0,996.9,0,198,2.6
1268,9912,2025-09-07 13:10:03.478000+00:00,26.6,44.1,41.0,996.8,0,254,1.8
1268,9912,2025-09-07 13:11:03.477000+00:00,26.6,44.2,43.0,996.6,0,186,1.8
1268,9912,2025-09-07 13:12:03.492000+00:00,26.6,44.2,43.0,996.6,0,186,1.8
1268,9912,2025-09-07 13:13:03.485000+00:00,26.7,44.2,43.0,996.6,0,186,1.8
1268,9912,2025-09-07 13:14:03.503000+00:00,26.7,44.4,41.0,996.7,0,201,3.6
1268,9912,2025-09-07 13:15:03.524000+00:00,26.8,44.4,42.0,996.9,0,174,3.0
1268,9912,2025-09-07 13:16:03.525000+00:00,26.8,44.3,44.0,996.9,0,177,2.8
1268,9912,2025-09-07 13:17:03.545000+00:00,26.9,44.3,42.0,996.8,0,211,2.4
1268,9912,2025-09-07 13:18:03.571000+00:00,27.0,44.3,43.0,996.8,0,226,1.6
1268,9912,2025-09-07 13:19:03.556000+00:00,27.0,43.9,43.0,996.8,0,204,2.5
1268,9912,2025-09-07 13:20:03.562000+00:00,27.1,44.2,41.0,996.8,0,194,2.1
1268,9912,2025-09-07 13:21:03.539000+00:00,27.2,44.7,41.0,996.8,0,198,3.1
1268,9912,2025-09-07 13:22:03.554000+00:00,27.1,44.6,41.0,996.7,0,194,4.0
1268,9912,2025-09-07 13:23:03.570000+00:00,27.1,43.9,41.0,996.9,0,195,2.9
1268,9912,2025-09-07 13:24:03.570000+00:00,27.1,44.0,42.0,996.9,0,204,2.6
1268,9912,2025-09-07 13:25:03.569000+00:00,27.0,44.2,41.0,996.7,0,190,3.6
1268,9912,2025-09-07 13:26:03.558000+00:00,27.0,44.0,41.0,996.7,0,188,3.1
1268,9912,2025-09-07 13:27:03.558000+00:00,27.0,43.8,43.0,996.8,0,171,3.0
1268,9912,2025-09-07 13:28:03.575000+00:00,27.0,44.1,42.0,996.7,0,205,3.6
1268,9912,2025-09-07 13:29:03.558000+00:00,27.0,44.1,43.0,996.7,0,192,3.8
1268,9912,2025-09-07 13:30:03.574000+00:00,27.2,43.9,42.0,996.7,0,171,3.0
1268,9912,2025-09-07 13:31:03.570000+00:00,27.3,43.4,42.0,996.7,0,147,3.9
1268,9912,2025-09-07 13:32:03.578000+00:00,27.2,43.4,41.0,996.6,0,192,3.7
1268,9912,2025-09-07 13:33:03.573000+00:00,27.2,43.4,41.0,996.6,0,206,2.1
1268,9912,2025-09-07 13:34:03.572000+00:00,27.2,43.3,41.0,996.6,0,220,3.2
1268,9912,2025-09-07 13:35:03.574000+00:00,27.2,43.3,44.0,996.6,0,179,2.3
1268,9912,2025-09-07 13:36:03.565000+00:00,27.1,42.5,41.0,996.7,0,175,2.6
1268,9912,2025-09-07 13:37:03.575000+00:00,27.1,42.2,42.0,996.6,0,153,2.3
1268,9912,2025-09-07 13:38:03.575000+00:00,27.0,42.3,43.0,996.7,0,195,2.1
1268,9912,2025-09-07 13:39:03.591000+00:00,27.0,42.8,43.0,996.6,0,189,3.1
1268,9912,2025-09-07 13:40:03.577000+00:00,27.0,42.9,43.0,996.6,0,175,2.8
1268,9912,2025-09-07 13:41:03.586000+00:00,27.0,43.2,43.0,996.6,0,181,1.9
1268,9912,2025-09-07 13:42:03.586000+00:00,26.9,43.2,40.0,996.6,0,193,2.6
1268,9912,2025-09-07 13:43:03.613000+00:00,26.9,43.2,40.0,996.6,0,165,2.0
1268,9912,2025-09-07 13:44:03.611000+00:00,27.1,43.0,41.0,996.6,0,211,2.2
1268,9912,2025-09-07 13:45:03.630000+00:00,27.3,43.0,40.0,996.5,0,193,2.9
1268,9912,2025-09-07 13:46:03.637000+00:00,27.4,42.7,40.0,996.5,0,180,2.5
1268,9912,2025-09-07 13:47:03.646000+00:00,27.4,42.7,41.0,996.6,0,199,1.9
1268,9912,2025-09-07 13:48:03.663000+00:00,27.3,42.7,41.0,996.7,0,208,3.0
1268,9912,2025-09-07 13:49:03.690000+00:00,27.2,42.6,41.0,996.6,0,178,1.8
1268,9912,2025-09-07 13:50:03.732000+00:00,27.2,42.0,40.0,996.6,0,201,2.4
1268,9912,2025-09-07 13:51:03.712000+00:00,27.2,41.7,40.0,996.6,0,213,2.3
1268,9912,2025-09-07 13:52:03.712000+00:00,27.2,41.2,40.0,996.5,0,171,1.6
1268,9912,2025-09-07 13:53:03.709000+00:00,27.0,41.2,41.0,996.5,0,192,2.2
1268,9912,2025-09-07 13:54:03.719000+00:00,27.0,41.2,42.0,996.6,0,191,2.9
1268,9912,2025-09-07 13:55:03.710000+00:00,26.9,41.2,42.0,996.5,0,193,2.5
1268,9912,2025-09-07 13:56:03.712000+00:00,26.9,41.2,42.0,996.4,0,198,3.0
1268,9912,2025-09-07 13:57:03.711000+00:00,27.0,41.4,43.0,996.5,0,203,2.2
1268,9912,2025-09-07 13:58:03.717000+00:00,27.1,41.4,42.0,996.4,0,176,2.1
1268,9912,2025-09-07 13:59:03.721000+00:00,27.1,41.3,42.0,996.4,0,185,3.9
1268,9912,2025-09-07 14:00:03.726000+00:00,27.2,41.3,42.0,996.4,0,191,3.1
1268,9912,2025-09-07 14:01:03.728000+00:00,27.1,41.0,41.0,996.5,0,189,2.6
1268,9912,2025-09-07 14:02:03.718000+00:00,27.0,40.8,43.0,996.4,0,181,2.7
1268,9912,2025-09-07 14:03:03.709000+00:00,27.1,40.4,41.0,996.4,0,182,3.5
1268,9912,2025-09-07 14:04:03.731000+00:00,27.1,40.4,40.0,996.4,0,184,3.7
1268,9912,2025-09-07 14:05:03.729000+00:00,27.0,40.5,41.0,996.4,0,209,2.3
1268,9912,2025-09-07 14:06:03.722000+00:00,27.0,40.6,41.0,996.3,0,195,2.5
1268,9912,2025-09-07 14:07:03.723000+00:00,27.0,40.6,40.0,996.4,0,197,2.2
1268,9912,2025-09-07 14:08:03.723000+00:00,27.1,41.1,42.0,996.4,0,171,2.4
1268,9912,2025-09-07 14:09:03.733000+00:00,27.2,41.1,41.0,996.3,0,167,2.2
1268,9912,2025-09-07 14:10:03.728000+00:00,27.1,40.8,42.0,996.4,0,193,1.3
1268,9912,2025-09-07 14:11:03.720000+00:00,27.1,40.8,43.0,996.3,0,172,1.2
1268,9912,2025-09-07 14:12:03.734000+00:00,27.1,40.9,44.0,996.4,0,184,2.1
1268,9912,2025-09-07 14:13:03.727000+00:00,27.2,40.8,43.0,996.3,0,194,2.9
1268,9912,2025-09-07 14:14:03.717000+00:00,27.2,40.7,42.0,996.3,0,203,2.7
1268,9912,2025-09-07 14:15:03.716000+00:00,27.3,40.7,43.0,996.2,0,161,1.9
1268,9912,2025-09-07 14:16:03.721000+00:00,27.4,40.3,42.0,996.2,0,134,1.5
1268,9912,2025-09-07 14:17:03.732000+00:00,27.4,40.2,42.0,996.2,0,177,1.9
1268,9912,2025-09-07 14:18:03.733000+00:00,27.3,40.0,41.0,996.2,0,171,2.0
1268,9912,2025-09-07 14:19:03.721000+00:00,27.3,39.8,42.0,996.2,0,175,1.4
1268,9912,2025-09-07 14:20:03.719000+00:00,27.0,39.8,43.0,996.2,0,106,1.6
1268,9912,2025-09-07 14:21:03.747000+00:00,27.0,39.8,44.0,996.1,0,153,1.0
1268,9912,2025-09-07 14:22:03.758000+00:00,26.8,40.3,43.0,996.2,0,145,1.7
1268,9912,2025-09-07 14:23:03.777000+00:00,26.8,40.5,44.0,996.2,0,103,1.6
1268,9912,2025-09-07 14:24:03.787000+00:00,26.9,42.4,44.0,996.2,0,166,1.0
1268,9912,2025-09-07 14:25:03.794000+00:00,26.9,42.4,44.0,996.2,0,166,1.0
1268,9912,2025-09-07 14:26:03.802000+00:00,26.9,42.4,44.0,996.2,0,166,1.0
1268,9912,2025-09-07 14:27:03.793000+00:00,26.9,42.4,44.0,996.2,0,166,1.0
1268,9912,2025-09-07 14:28:03.802000+00:00,26.9,42.4,44.0,996.2,0,166,1.0
1268,9912,2025-09-07 14:29:03.802000+00:00,26.9,42.4,44.0,996.2,0,166,1.0
1269,9897,2025-09-19 08:15:37.332000+00:00,24.7,32.8,70.0,1010.6,0,258,0.8
1269,9897,2025-09-19 08:16:37.335000+00:00,24.6,33.0,70.0,1010.6,0,12,0.4
1269,9897,2025-09-19 08:17:37.342000+00:00,24.7,33.0,69.0,1010.5,0,329,0.8
1269,9897,2025-09-19 08:18:37.373000+00:00,24.7,33.2,69.0,1010.5,0,353,0.4
1269,9897,2025-09-19 08:19:37.373000+00:00,24.8,33.3,69.0,1010.5,0,227,0.6
1269,9897,2025-09-19 08:20:37.389000+00:00,24.8,33.0,69.0,1010.5,0,146,0.7
1269,9897,2025-09-19 08:21:37.401000+00:00,24.8,33.0,69.0,1010.5,0,326,0.6
1269,9897,2025-09-19 08:22:37.405000+00:00,24.8,32.7,69.0,1010.5,0,303,0.7
1269,9897,2025-09-19 08:23:37.412000+00:00,24.7,32.8,69.0,1010.4,0,97,0.6
1269,9897,2025-09-19 08:24:37.412000+00:00,24.6,32.8,70.0,1010.4,0,117,0.0
1269,9897,2025-09-19 08:25:37.412000+00:00,24.6,32.8,69.0,1010.4,0,75,0.7
1269,9897,2025-09-19 08:26:37.434000+00:00,24.7,33.2,70.0,1010.3,0,359,0.5
1269,9897,2025-09-19 08:27:37.434000+00:00,24.9,33.9,70.0,1010.4,0,108,0.0
1269,9897,2025-09-19 08:28:37.415000+00:00,25.0,32.3,69.0,1010.4,0,176,0.8
1269,9897,2025-09-19 08:29:37.451000+00:00,25.0,32.3,70.0,1010.4,0,186,0.4
1269,9897,2025-09-19 08:30:37.453000+00:00,25.0,32.4,70.0,1010.4,0,209,0.5
1269,9897,2025-09-19 08:31:37.453000+00:00,25.1,31.7,71.0,1010.4,0,0,0.0
1269,9897,2025-09-19 08:32:37.453000+00:00,25.0,32.0,71.0,1010.5,0,20,0.3
1269,9897,2025-09-19 08:33:37.446000+00:00,25.0,32.9,71.0,1010.3,0,295,1.3
1269,9897,2025-09-19 08:34:37.450000+00:00,25.0,33.3,71.0,1010.4,0,353,0.9
1269,9897,2025-09-19 08:35:37.460000+00:00,25.0,33.2,70.0,1010.3,0,304,0.5
1269,9897,2025-09-19 08:36:37.453000+00:00,25.0,32.9,70.0,1010.2,0,252,0.7
1269,9897,2025-09-19 08:37:37.454000+00:00,25.0,33.3,71.0,1010.2,0,255,1.7
1269,9897,2025-09-19 08:38:37.459000+00:00,25.1,33.3,70.0,1010.3,0,354,1.0
1269,9897,2025-09-19 08:39:37.447000+00:00,25.2,33.5,70.0,1010.3,0,276,1.0
1269,9897,2025-09-19 08:40:37.448000+00:00,25.2,34.0,70.0,1010.1,0,259,1.3
1269,9897,2025-09-19 08:41:37.461000+00:00,25.3,34.1,69.0,1010.1,0,260,1.4
1269,9897,2025-09-19 08:42:37.448000+00:00,25.3,34.5,68.0,1010.2,0,250,1.0
1269,9897,2025-09-19 08:43:37.473000+00:00,25.5,35.3,68.0,1010.1,0,296,1.2
1269,9897,2025-09-19 08:44:37.461000+00:00,25.6,35.3,67.0,1010.2,0,293,1.2
1269,9897,2025-09-19 08:45:37.462000+00:00,25.6,35.3,66.0,1010.1,0,249,1.2
1269,9897,2025-09-19 08:46:37.458000+00:00,25.6,34.6,66.0,1010.1,0,256,1.1
1269,9897,2025-09-19 08:47:37.452000+00:00,25.5,34.6,67.0,1010.1,0,245,1.2
1269,9897,2025-09-19 08:48:37.463000+00:00,25.5,34.5,67.0,1010.1,0,261,1.0
1269,9897,2025-09-19 08:49:37.461000+00:00,25.5,34.4,67.0,1010.1,0,262,1.1
1269,9897,2025-09-19 08:50:37.462000+00:00,25.3,33.9,68.0,1010.1,0,281,1.2
1269,9897,2025-09-19 08:51:37.452000+00:00,25.1,33.9,68.0,1010.1,0,261,1.0
1269,9897,2025-09-19 08:52:37.463000+00:00,25.2,35.2,68.0,1010.1,0,221,0.8
1269,9897,2025-09-19 08:53:37.469000+00:00,25.3,35.4,67.0,1010.0,0,268,0.8
1269,9897,2025-09-19 08:54:37.469000+00:00,25.4,35.6,66.0,1010.1,0,213,0.3
1269,9897,2025-09-19 08:55:37.469000+00:00,25.3,35.6,65.0,1010.0,0,270,1.2
1269,9897,2025-09-19 08:56:37.469000+00:00,25.3,35.6,65.0,1010.0,0,206,0.7
1269,9897,2025-09-19 08:57:37.460000+00:00,25.3,35.9,65.0,1010.0,0,25,0.7
1269,9897,2025-09-19 08:58:37.469000+00:00,25.3,36.1,64.0,1010.0,0,69,0.4
1269,9897,2025-09-19 08:59:37.469000+00:00,25.4,36.3,62.0,1009.9,0,41,0.6
1269,9897,2025-09-19 09:00:37.469000+00:00,25.4,36.7,62.0,1009.9,0,36,1.1
1269,9897,2025-09-19 09:01:37.482000+00:00,25.5,36.4,62.0,1009.9,0,58,0.7
1269,9897,2025-09-19 09:02:37.495000+00:00,25.5,36.0,63.0,1010.0,0,57,1.0
1269,9897,2025-09-19 09:03:37.506000+00:00,25.6,35.5,64.0,1010.0,0,100,0.8
1269,9897,2025-09-19 09:04:37.521000+00:00,25.6,36.0,65.0,1009.9,0,32,0.7
1269,9897,2025-09-19 09:05:37.521000+00:00,25.6,36.0,65.0,1009.9,0,0,1.1
1269,9897,2025-09-19 09:06:37.526000+00:00,25.6,35.9,65.0,1009.9,0,101,0.0
1269,9897,2025-09-19 09:07:37.539000+00:00,25.6,35.8,66.0,1009.8,0,0,0.7
1269,9897,2025-09-19 09:08:37.555000+00:00,25.7,35.8,65.0,1009.8,0,281,0.0
1269,9897,2025-09-19 09:09:37.573000+00:00,25.8,35.9,65.0,1009.9,0,273,1.0
1269,9897,2025-09-19 09:10:37.588000+00:00,25.8,36.2,66.0,1009.8,0,150,0.0
1269,9897,2025-09-19 09:11:37.590000+00:00,25.7,36.1,64.0,1009.8,0,34,0.4
1269,9897,2025-09-19 09:12:37.599000+00:00,25.7,36.1,65.0,1009.7,0,126,0.5
1269,9897,2025-09-19 09:13:37.606000+00:00,25.8,36.3,62.0,1009.8,0,0,0.8
1269,9897,2025-09-19 09:14:37.606000+00:00,25.9,36.9,64.0,1009.8,0,0,0.7
1269,9897,2025-09-19 09:15:37.615000+00:00,26.0,37.1,62.0,1009.8,0,337,0.7
1269,9897,2025-09-19 09:16:37.611000+00:00,26.1,36.6,62.0,1009.7,0,347,0.8
1269,9897,2025-09-19 09:17:37.625000+00:00,26.1,36.6,62.0,1009.8,0,325,0.6
1269,9897,2025-09-19 09:18:37.630000+00:00,26.1,37.2,63.0,1009.7,0,296,0.8
1269,9897,2025-09-19 09:19:37.623000+00:00,26.0,37.2,61.0,1009.8,0,48,0.6
1269,9897,2025-09-19 09:20:37.616000+00:00,26.1,37.5,62.0,1009.8,0,3,0.7
1269,9897,2025-09-19 09:21:37.647000+00:00,26.0,37.3,62.0,1009.7,0,46,0.9
1269,9897,2025-09-19 09:22:37.757000+00:00,26.0,37.6,63.0,1009.7,0,26,1.4
1269,9897,2025-09-19 09:23:37.767000+00:00,26.0,37.6,61.0,1009.7,0,347,0.8
1269,9897,2025-09-19 09:24:37.779000+00:00,26.1,37.5,62.0,1009.7,0,33,0.8
1269,9897,2025-09-19 09:25:37.786000+00:00,26.0,37.3,64.0,1009.6,0,262,0.6
1269,9897,2025-09-19 09:26:37.789000+00:00,25.8,37.6,63.0,1009.6,0,22,0.8
1269,9897,2025-09-19 09:27:37.808000+00:00,25.7,37.7,62.0,1009.5,0,23,0.6
1269,9897,2025-09-19 09:28:37.828000+00:00,25.7,37.4,63.0,1009.5,0,0,0.9
1269,9897,2025-09-19 09:29:37.818000+00:00,25.7,37.4,62.0,1009.4,0,353,0.7
1269,9897,2025-09-19 09:30:37.849000+00:00,25.6,37.4,62.0,1009.5,0,316,0.7
1269,9897,2025-09-19 09:31:37.869000+00:00,25.6,37.4,63.0,1009.5,0,323,0.6
1269,9897,2025-09-19 09:32:37.880000+00:00,25.8,37.5,62.0,1009.5,0,285,0.6
1269,9897,2025-09-19 09:33:37.877000+00:00,26.0,37.4,61.0,1009.5,0,314,1.2
1269,9897,2025-09-19 09:34:37.869000+00:00,26.0,37.4,61.0,1009.4,0,179,0.9
1269,9897,2025-09-19 09:35:37.877000+00:00,26.0,37.4,62.0,1009.4,0,295,0.5
1269,9897,2025-09-19 09:36:37.881000+00:00,26.0,38.1,62.0,1009.4,0,0,0.5
1269,9897,2025-09-19 09:37:37.865000+00:00,26.0,37.9,62.0,1009.5,0,108,0.4
1269,9897,2025-09-19 09:38:37.879000+00:00,26.2,37.9,62.0,1009.4,0,171,0.4
1269,9898,2025-09-19 11:45:38.434000+00:00,24.8,32.4,72.0,1008.0,0,57,0.4
1269,9898,2025-09-19 11:46:38.450000+00:00,24.8,32.0,73.0,1007.9,0,244,0.8
1269,9898,2025-09-19 11:47:38.450000+00:00,24.6,32.0,73.0,1007.9,0,250,0.9
1269,9898,2025-09-19 11:48:38.441000+00:00,24.5,32.2,74.0,1007.9,0,297,0.9
1269,9898,2025-09-19 11:49:38.447000+00:00,24.5,32.3,74.0,1007.9,0,289,1.4
1269,9898,2025-09-19 11:50:38.445000+00:00,24.5,32.5,75.0,1007.9,0,249,1.1
1269,9898,2025-09-19 11:51:38.447000+00:00,24.5,32.3,75.0,1007.9,0,31,0.6
1269,9898,2025-09-19 11:52:38.447000+00:00,24.5,32.0,74.0,1007.9,0,0,0.7
1269,9898,2025-09-19 11:53:38.447000+00:00,24.5,31.6,75.0,1007.9,0,0,0.4
1269,9898,2025-09-19 11:54:38.448000+00:00,24.5,32.0,76.0,1008.0,0,326,0.0
1269,9898,2025-09-19 11:55:38.448000+00:00,24.5,32.0,74.0,1007.9,0,278,0.4
1269,9898,2025-09-19 11:56:38.464000+00:00,24.5,32.3,74.0,1007.9,0,294,1.2
1269,9898,2025-09-19 11:57:38.464000+00:00,24.5,32.8,74.0,1007.9,0,6,0.8
1269,9898,2025-09-19 11:58:38.482000+00:00,24.5,32.9,73.0,1007.9,0,27,0.5
1269,9898,2025-09-19 11:59:38.482000+00:00,24.5,32.8,72.0,1007.9,0,58,0.6
1269,9898,2025-09-19 12:00:38.482000+00:00,24.5,32.4,72.0,1007.8,0,86,0.5
1269,9898,2025-09-19 12:01:38.482000+00:00,24.7,32.5,72.0,1007.9,0,44,0.7
1269,9898,2025-09-19 12:02:38.483000+00:00,24.8,32.5,72.0,1007.7,0,88,0.6
1269,9898,2025-09-19 12:03:38.481000+00:00,24.8,32.5,72.0,1007.9,0,149,0.6
1269,9898,2025-09-19 12:04:38.489000+00:00,24.7,32.2,73.0,1007.7,0,58,0.6
1269,9898,2025-09-19 12:05:38.497000+00:00,24.7,32.3,73.0,1007.8,0,69,0.7
1269,9898,2025-09-19 12:06:38.481000+00:00,24.8,32.3,73.0,1007.8,0,0,0.8
1269,9898,2025-09-19 12:07:38.502000+00:00,24.9,32.6,73.0,1007.8,0,243,0.6
1269,9898,2025-09-19 12:08:38.502000+00:00,25.0,33.0,72.0,1007.8,0,272,1.1
1269,9898,2025-09-19 12:09:38.506000+00:00,25.0,33.0,71.0,1007.7,0,261,1.1
1269,9898,2025-09-19 12:10:38.516000+00:00,25.0,32.7,71.0,1007.7,0,342,0.6
1269,9898,2025-09-19 12:11:38.535000+00:00,25.0,32.2,71.0,1007.7,0,272,0.8
1269,9898,2025-09-19 12:12:38.532000+00:00,25.0,32.2,71.0,1007.7,0,304,1.2
1269,9898,2025-09-19 12:13:38.549000+00:00,25.0,32.2,71.0,1007.7,0,290,1.0
1269,9898,2025-09-19 12:14:38.578000+00:00,25.0,31.9,71.0,1007.7,0,317,0.9
1269,9898,2025-09-19 12:15:38.591000+00:00,25.0,32.0,72.0,1007.7,0,291,0.8
1269,9898,2025-09-19 12:16:38.592000+00:00,25.0,32.0,72.0,1007.7,0,303,0.7
1269,9898,2025-09-19 12:17:38.585000+00:00,25.0,31.8,72.0,1007.7,0,260,0.9
1269,9898,2025-09-19 12:18:38.589000+00:00,25.0,31.8,72.0,1007.8,0,249,1.7
1269,9898,2025-09-19 12:19:38.604000+00:00,25.1,32.0,71.0,1007.7,0,217,1.3
1269,9898,2025-09-19 12:20:38.604000+00:00,25.1,31.9,69.0,1007.7,0,243,0.9
1269,9898,2025-09-19 12:21:38.634000+00:00,25.0,31.3,69.0,1007.7,0,239,0.9
1269,9898,2025-09-19 12:22:38.624000+00:00,24.9,31.4,67.0,1007.7,0,32,0.0
1269,9898,2025-09-19 12:23:38.624000+00:00,24.9,31.7,67.0,1007.7,0,241,0.5
1269,9898,2025-09-19 12:24:38.627000+00:00,24.9,32.1,69.0,1007.7,0,126,0.7
1269,9898,2025-09-19 12:25:38.624000+00:00,24.9,32.0,66.0,1007.7,0,309,0.5
1269,9898,2025-09-19 12:26:38.635000+00:00,24.9,32.0,67.0,1007.7,0,0,0.5
1269,9898,2025-09-19 12:27:38.617000+00:00,24.9,32.0,66.0,1007.6,0,139,0.0
1269,9898,2025-09-19 12:28:38.634000+00:00,24.8,31.8,66.0,1007.6,0,0,0.0
1269,9898,2025-09-19 12:29:38.635000+00:00,24.8,31.8,66.0,1007.6,0,141,0.4
1269,9898,2025-09-19 12:30:38.631000+00:00,24.8,31.8,67.0,1007.6,0,74,0.4
1269,9898,2025-09-19 12:31:38.628000+00:00,24.8,32.0,67.0,1007.6,0,163,0.4
1269,9898,2025-09-19 12:32:38.625000+00:00,24.8,32.4,67.0,1007.6,0,260,0.0
1269,9898,2025-09-19 12:33:38.641000+00:00,24.9,32.4,67.0,1007.6,0,247,0.8
1269,9898,2025-09-19 12:34:38.652000+00:00,25.0,32.7,65.0,1007.6,0,255,0.7
1269,9898,2025-09-19 12:35:38.663000+00:00,25.0,32.6,65.0,1007.7,0,265,1.3
1269,9898,2025-09-19 12:36:38.670000+00:00,25.0,32.4,65.0,1007.6,0,278,1.4
1269,9898,2025-09-19 12:37:38.682000+00:00,25.0,32.1,66.0,1007.7,0,267,1.3
1269,9898,2025-09-19 12:38:38.676000+00:00,25.0,31.9,66.0,1007.6,0,295,1.1
1269,9898,2025-09-19 12:39:38.676000+00:00,25.0,31.9,66.0,1007.7,0,264,1.2
1269,9898,2025-09-19 12:40:38.699000+00:00,25.0,32.3,68.0,1007.6,0,255,1.1
1269,9898,2025-09-19 12:41:38.720000+00:00,25.0,32.4,66.0,1007.6,0,259,1.6
1269,9898,2025-09-19 12:42:38.733000+00:00,25.1,32.0,65.0,1007.5,0,0,1.1
1269,9898,2025-09-19 12:43:38.738000+00:00,25.1,31.8,66.0,1007.7,0,0,0.0
1269,9898,2025-09-19 12:44:38.727000+00:00,25.0,31.3,65.0,1007.6,0,64,0.0
1269,9898,2025-09-19 12:45:38.736000+00:00,25.0,31.3,65.0,1007.6,0,244,0.0
1269,9898,2025-09-19 12:46:38.736000+00:00,24.9,31.6,67.0,1007.6,0,314,0.9
1269,9898,2025-09-19 12:47:38.738000+00:00,24.9,31.6,67.0,1007.6,0,0,0.0
1269,9898,2025-09-19 12:48:38.731000+00:00,24.9,31.7,67.0,1007.6,0,0,0.7
1269,9898,2025-09-19 12:49:38.740000+00:00,24.9,31.7,67.0,1007.6,0,0,0.4
1269,9898,2025-09-19 12:50:38.740000+00:00,24.8,31.7,65.0,1007.6,0,257,1.2
1269,9898,2025-09-19 12:51:38.747000+00:00,24.8,31.9,64.0,1007.7,0,43,1.5
1269,9898,2025-09-19 12:52:38.742000+00:00,24.9,32.2,63.0,1007.6,0,217,0.7
1269,9898,2025-09-19 12:53:38.738000+00:00,25.0,32.6,61.0,1007.6,0,319,1.5
1269,9898,2025-09-19 12:54:38.753000+00:00,25.1,32.3,59.0,1007.6,0,27,1.0
1269,9898,2025-09-19 12:55:38.769000+00:00,25.2,32.2,59.0,1007.6,0,47,1.1
1269,9898,2025-09-19 12:56:38.769000+00:00,25.2,32.0,60.0,1007.6,0,265,0.8
1269,9898,2025-09-19 12:57:38.779000+00:00,25.3,31.9,59.0,1007.6,0,235,0.8
1269,9898,2025-09-19 12:58:38.775000+00:00,25.2,31.7,59.0,1007.6,0,323,1.3
1269,9898,2025-09-19 12:59:38.773000+00:00,25.3,31.8,58.0,1007.6,0,9,1.1
1269,9898,2025-09-19 13:00:38.773000+00:00,25.3,31.9,57.0,1007.5,0,208,0.5
1269,9898,2025-09-19 13:01:38.771000+00:00,25.3,31.9,56.0,1007.5,0,295,0.8
1269,9898,2025-09-19 13:02:38.771000+00:00,25.3,31.8,56.0,1007.5,0,263,1.0
1269,9898,2025-09-19 13:03:38.772000+00:00,25.3,31.6,56.0,1007.5,0,319,0.7
1269,9898,2025-09-19 13:04:38.773000+00:00,25.2,31.1,55.0,1007.5,0,58,0.7
1269,9898,2025-09-19 13:05:38.774000+00:00,25.2,31.1,56.0,1007.6,0,66,1.0
1269,9898,2025-09-19 13:06:38.782000+00:00,25.2,31.7,55.0,1007.6,0,93,0.9
1269,9898,2025-09-19 13:07:38.780000+00:00,25.1,31.4,55.0,1007.6,0,80,1.4
1269,9899,2025-09-20 08:16:43.647000+00:00,21.9,31.9,57.0,1012.1,0,128,2.5
1269,9899,2025-09-20 08:17:43.645000+00:00,22.0,31.8,58.0,1012.1,0,152,2.6
1269,9899,2025-09-20 08:18:43.645000+00:00,22.0,31.8,58.0,1012.0,0,147,2.5
1269,9899,2025-09-20 08:19:43.645000+00:00,21.9,32.5,58.0,1012.1,0,73,2.2
1269,9899,2025-09-20 08:20:43.657000+00:00,21.9,32.8,58.0,1012.0,0,251,3.1
1269,9899,2025-09-20 08:21:43.642000+00:00,21.8,33.1,57.0,1012.3,0,210,1.7
1269,9899,2025-09-20 08:22:43.646000+00:00,21.8,33.2,57.0,1012.2,0,67,2.4
1269,9899,2025-09-20 08:23:43.655000+00:00,21.8,33.3,58.0,1012.0,0,91,3.8
1269,9899,2025-09-20 08:24:43.647000+00:00,21.8,33.2,58.0,1012.0,0,168,1.6
1269,9899,2025-09-20 08:25:43.688000+00:00,21.9,33.4,58.0,1012.3,0,96,2.2
1269,9899,2025-09-20 08:26:43.647000+00:00,21.9,33.2,58.0,1012.1,0,215,4.3
1269,9899,2025-09-20 08:27:43.657000+00:00,21.9,33.5,58.0,1012.2,0,92,3.4
1269,9899,2025-09-20 08:28:43.644000+00:00,21.9,33.2,58.0,1012.3,0,338,1.7
1269,9899,2025-09-20 08:29:43.657000+00:00,22.0,33.5,58.0,1012.2,0,174,1.9
1269,9899,2025-09-20 08:30:43.648000+00:00,22.0,33.6,58.0,1012.2,0,333,1.8
1269,9899,2025-09-20 08:31:43.667000+00:00,22.1,33.8,58.0,1012.2,0,89,2.4
1269,9899,2025-09-20 08:32:43.707000+00:00,22.1,33.9,58.0,1012.4,0,192,1.4
1269,9899,2025-09-20 08:33:43.659000+00:00,22.0,33.9,58.0,1012.2,0,244,0.7
1269,9899,2025-09-20 08:34:43.659000+00:00,22.0,34.2,58.0,1012.3,0,91,2.0
1269,9899,2025-09-20 08:35:43.667000+00:00,22.1,33.8,58.0,1012.2,0,41,3.1
1269,9899,2025-09-20 08:36:43.652000+00:00,22.1,34.1,58.0,1012.3,0,275,3.9
1269,9899,2025-09-20 08:37:43.661000+00:00,22.0,34.4,57.0,1012.2,0,74,2.8
1269,9899,2025-09-20 08:38:43.661000+00:00,22.0,34.4,58.0,1012.3,0,49,2.2
1269,9899,2025-09-20 08:39:43.662000+00:00,22.0,34.6,57.0,1012.3,0,91,1.9
1269,9899,2025-09-20 08:40:43.668000+00:00,22.0,34.5,57.0,1012.3,0,58,2.9
1269,9899,2025-09-20 08:41:43.692000+00:00,22.0,34.3,57.0,1012.3,0,74,1.7
1269,9899,2025-09-20 08:42:43.683000+00:00,22.0,34.4,57.0,1012.6,0,193,2.5
1269,9899,2025-09-20 08:43:43.669000+00:00,22.0,34.8,57.0,1012.3,0,167,2.3
1269,9899,2025-09-20 08:44:43.667000+00:00,22.1,34.8,57.0,1012.4,0,86,2.0
1269,9899,2025-09-20 08:45:43.671000+00:00,22.1,35.3,56.0,1012.3,0,242,1.8
1269,9899,2025-09-20 08:46:43.672000+00:00,22.1,34.8,56.0,1012.2,0,81,1.4
1269,9899,2025-09-20 08:47:43.664000+00:00,22.3,34.9,56.0,1012.4,0,202,3.3
1269,9899,2025-09-20 08:48:43.672000+00:00,22.3,35.5,56.0,1012.3,0,104,1.9
1269,9899,2025-09-20 08:49:43.684000+00:00,22.3,35.5,55.0,1012.4,0,66,0.7
1269,9899,2025-09-20 08:50:43.687000+00:00,22.3,35.5,55.0,1012.4,0,203,2.4
1269,9899,2025-09-20 08:51:43.688000+00:00,22.4,35.7,54.0,1012.4,0,237,3.1
1269,9899,2025-09-20 08:52:43.707000+00:00,22.5,35.7,54.0,1012.4,0,216,2.1
1269,9899,2025-09-20 08:53:43.730000+00:00,22.7,35.6,54.0,1012.4,0,80,1.9
1269,9899,2025-09-20 08:54:43.737000+00:00,22.6,35.5,54.0,1012.4,0,39,2.1
1269,9899,2025-09-20 08:55:43.753000+00:00,22.7,35.8,54.0,1012.4,0,87,1.3
1269,9899,2025-09-20 08:56:43.773000+00:00,22.7,36.0,54.0,1012.3,0,230,1.5
1269,9899,2025-09-20 08:57:43.816000+00:00,22.7,36.3,53.0,1012.4,0,69,1.9
1269,9899,2025-09-20 08:58:43.768000+00:00,22.8,36.2,53.0,1012.3,0,4,0.9
1269,9899,2025-09-20 08:59:43.765000+00:00,22.7,36.0,52.0,1012.5,0,3,2.0
1269,9899,2025-09-20 09:00:43.774000+00:00,22.7,35.4,53.0,1012.4,0,18,1.9
1269,9899,2025-09-20 09:01:43.773000+00:00,22.6,34.2,53.0,1012.5,0,186,1.4
1269,9899,2025-09-20 09:02:43.779000+00:00,22.5,33.8,53.0,1012.3,0,57,1.3
1269,9899,2025-09-20 09:03:43.790000+00:00,22.5,33.4,53.0,1012.5,0,353,1.9
1269,9899,2025-09-20 09:04:43.794000+00:00,22.5,33.3,54.0,1012.4,0,211,1.9
1269,9899,2025-09-20 09:05:43.802000+00:00,22.4,33.4,53.0,1012.4,0,209,1.8
1269,9899,2025-09-20 09:06:43.800000+00:00,22.3,33.3,54.0,1012.5,0,170,1.3
1269,9899,2025-09-20 09:07:43.804000+00:00,22.2,32.8,54.0,1012.5,0,172,1.5
1269,9899,2025-09-20 09:08:43.804000+00:00,22.1,33.2,54.0,1012.3,0,105,1.1
1269,9899,2025-09-20 09:09:43.810000+00:00,22.1,33.1,54.0,1012.4,0,142,1.9
1269,9899,2025-09-20 09:10:43.804000+00:00,22.0,32.4,55.0,1012.4,0,80,3.0
1269,9899,2025-09-20 09:11:43.801000+00:00,21.9,32.0,56.0,1012.5,0,103,2.1
1269,9899,2025-09-20 09:12:43.802000+00:00,21.8,31.7,56.0,1012.4,0,170,2.2
1269,9899,2025-09-20 09:13:43.807000+00:00,21.8,31.7,57.0,1012.5,0,197,2.2
1269,9899,2025-09-20 09:14:43.801000+00:00,21.8,31.3,57.0,1012.3,0,60,1.9
1269,9899,2025-09-20 09:15:43.820000+00:00,21.7,31.3,57.0,1012.4,0,147,1.5
1269,9899,2025-09-20 09:16:43.803000+00:00,21.7,31.3,57.0,1012.4,0,345,2.6
1269,9899,2025-09-20 09:17:43.836000+00:00,21.6,31.1,57.0,1012.5,0,230,2.8
1269,9899,2025-09-20 09:18:43.852000+00:00,21.6,30.8,57.0,1012.5,0,138,1.1
1269,9899,2025-09-20 09:19:43.849000+00:00,21.6,30.8,57.0,1012.4,0,299,1.9
1269,9899,2025-09-20 09:20:43.852000+00:00,21.6,30.3,57.0,1012.5,0,78,2.3
1269,9899,2025-09-20 09:21:43.867000+00:00,21.6,30.4,57.0,1012.6,0,351,2.5
1269,9899,2025-09-20 09:22:43.873000+00:00,21.5,30.4,57.0,1012.6,0,240,1.8
1269,9899,2025-09-20 09:23:43.869000+00:00,21.5,29.9,58.0,1012.5,0,173,1.6
1269,9899,2025-09-20 09:24:43.875000+00:00,21.5,29.9,59.0,1012.4,0,90,1.8
1269,9899,2025-09-20 09:25:43.871000+00:00,21.5,29.8,59.0,1012.6,0,247,2.5
1269,9899,2025-09-20 09:26:43.872000+00:00,21.5,30.0,59.0,1012.6,0,207,2.9
1269,9899,2025-09-20 09:27:43.872000+00:00,21.5,29.9,59.0,1012.6,0,228,1.1
1269,9899,2025-09-20 09:28:43.896000+00:00,21.4,29.9,58.0,1012.7,0,225,1.7
1269,9899,2025-09-20 09:29:43.884000+00:00,21.5,29.7,59.0,1012.7,0,225,2.0
1269,9899,2025-09-20 09:30:43.903000+00:00,21.4,29.5,59.0,1012.6,0,89,3.1
1269,9899,2025-09-20 09:31:43.929000+00:00,21.3,29.3,60.0,1012.6,0,67,2.8
1269,9899,2025-09-20 09:32:43.909000+00:00,21.2,28.9,61.0,1012.5,0,157,1.8
1269,9899,2025-09-20 09:33:43.914000+00:00,21.1,28.6,62.0,1012.6,0,106,1.7
1269,9899,2025-09-20 09:34:43.920000+00:00,21.1,28.6,62.0,1012.6,0,106,1.9
1269,9899,2025-09-20 09:35:43.916000+00:00,21.0,28.6,62.0,1012.5,0,5,2.3
1269,9899,2025-09-20 09:36:43.925000+00:00,21.0,28.4,62.0,1012.6,0,115,1.7
1269,9899,2025-09-20 09:37:43.930000+00:00,21.0,28.4,62.0,1012.6,0,93,1.1
1269,9899,2025-09-20 09:38:43.909000+00:00,21.0,28.6,62.0,1012.5,0,85,1.0
1269,9900,2025-09-20 11:46:44.425000+00:00,20.7,26.5,62.0,1013.1,1,40,2.1
1269,9900,2025-09-20 11:47:44.435000+00:00,20.7,26.7,62.0,1013.0,1,202,1.7
1269,9900,2025-09-20 11:48:44.423000+00:00,20.7,26.7,62.0,1013.0,1,29,2.9
1269,9900,2025-09-20 11:49:44.434000+00:00,20.8,26.7,62.0,1013.0,1,89,2.6
1269,9900,2025-09-20 11:50:44.437000+00:00,20.8,26.9,62.0,1013.2,0,139,1.5
1269,9900,2025-09-20 11:51:44.426000+00:00,20.9,26.9,62.0,1013.1,1,236,1.5
1269,9900,2025-09-20 11:52:44.435000+00:00,20.8,26.9,63.0,1013.0,1,65,2.0
1269,9900,2025-09-20 11:53:44.423000+00:00,20.9,27.0,63.0,1012.9,1,70,2.7
1269,9900,2025-09-20 11:54:44.426000+00:00,21.0,27.4,62.0,1013.0,1,89,1.8
1269,9900,2025-09-20 11:55:44.421000+00:00,20.9,27.7,62.0,1013.0,0,103,2.3
1269,9900,2025-09-20 11:56:44.447000+00:00,20.9,27.7,62.0,1012.9,0,105,2.4
1269,9900,2025-09-20 11:57:44.438000+00:00,20.9,27.7,62.0,1013.0,0,73,2.2
1269,9900,2025-09-20 11:58:44.431000+00:00,20.9,27.4,62.0,1013.0,0,84,3.9
1269,9900,2025-09-20 11:59:44.433000+00:00,20.9,27.1,62.0,1012.8,0,38,3.0
1269,9900,2025-09-20 12:00:44.438000+00:00,20.8,27.1,62.0,1012.9,0,109,1.5
1269,9900,2025-09-20 12:01:44.431000+00:00,20.9,27.3,62.0,1012.9,0,99,2.1
1269,9900,2025-09-20 12:02:44.428000+00:00,20.8,27.0,62.0,1013.1,0,135,3.8
1269,9900,2025-09-20 12:03:44.443000+00:00,20.9,26.9,62.0,1013.0,0,94,3.0
1269,9900,2025-09-20 12:04:44.442000+00:00,20.9,26.8,62.0,1012.9,0,82,2.0
1269,9900,2025-09-20 12:05:44.449000+00:00,21.0,26.7,62.0,1013.0,0,115,2.5
1269,9900,2025-09-20 12:06:44.453000+00:00,21.1,27.1,62.0,1013.1,0,212,1.9
1269,9900,2025-09-20 12:07:44.455000+00:00,21.2,27.2,61.0,1013.0,0,309,2.1
1269,9900,2025-09-20 12:08:44.430000+00:00,21.2,27.5,61.0,1013.0,0,87,2.0
1269,9900,2025-09-20 12:09:44.442000+00:00,21.1,27.1,61.0,1013.3,0,208,1.1
1269,9900,2025-09-20 12:10:44.432000+00:00,21.1,27.1,61.0,1013.2,0,82,3.2
1269,9900,2025-09-20 12:11:44.444000+00:00,21.1,26.9,61.0,1013.1,0,105,1.9
1269,9900,2025-09-20 12:12:44.445000+00:00,21.0,26.8,61.0,1013.2,0,174,2.1
1269,9900,2025-09-20 12:13:44.448000+00:00,21.0,26.8,60.0,1013.1,0,122,1.7
1269,9900,2025-09-20 12:14:44.445000+00:00,21.0,26.7,61.0,1013.0,0,161,2.0
1269,9900,2025-09-20 12:15:44.448000+00:00,21.0,27.1,61.0,1013.2,0,323,1.6
1269,9900,2025-09-20 12:16:44.443000+00:00,21.1,27.7,60.0,1013.1,0,127,1.5
1269,9900,2025-09-20 12:17:44.453000+00:00,21.1,28.1,60.0,1013.3,0,68,1.7
1269,9900,2025-09-20 12:18:44.447000+00:00,21.2,28.4,60.0,1013.2,0,40,3.5
1269,9900,2025-09-20 12:19:44.442000+00:00,21.3,28.4,59.0,1013.3,0,80,3.4
1269,9900,2025-09-20 12:20:44.442000+00:00,21.4,28.2,59.0,1013.1,0,108,2.8
1269,9900,2025-09-20 12:21:44.439000+00:00,21.5,28.2,58.0,1013.1,0,250,2.1
1269,9900,2025-09-20 12:22:44.447000+00:00,21.6,28.6,58.0,1013.3,0,20,2.1
1269,9900,2025-09-20 12:23:44.454000+00:00,21.6,28.4,58.0,1013.1,0,128,2.4
1269,9900,2025-09-20 12:24:44.472000+00:00,21.5,27.9,59.0,1013.2,0,87,3.5
1269,9900,2025-09-20 12:25:44.450000+00:00,21.4,27.8,59.0,1013.2,0,337,3.5
1269,9900,2025-09-20 12:26:44.446000+00:00,21.5,27.7,59.0,1013.2,0,26,2.1
1269,9900,2025-09-20 12:27:44.445000+00:00,21.4,27.6,58.0,1013.1,0,107,1.9
1269,9900,2025-09-20 12:28:44.451000+00:00,21.4,27.6,58.0,1013.3,0,101,2.4
1269,9900,2025-09-20 12:29:44.449000+00:00,21.4,27.4,57.0,1013.2,0,105,3.1
1269,9900,2025-09-20 12:30:44.447000+00:00,21.4,27.4,57.0,1013.1,0,142,2.2
1269,9900,2025-09-20 12:31:44.449000+00:00,21.4,27.4,57.0,1013.2,0,87,2.3
1269,9900,2025-09-20 12:32:44.451000+00:00,21.4,27.3,57.0,1013.2,0,101,2.8
1269,9900,2025-09-20 12:33:44.526000+00:00,21.4,27.3,57.0,1013.2,0,139,2.7
1269,9900,2025-09-20 12:34:44.494000+00:00,21.4,27.2,56.0,1013.2,0,143,2.1
1269,9900,2025-09-20 12:35:44.511000+00:00,21.4,27.2,56.0,1013.4,0,234,2.1
1269,9900,2025-09-20 12:36:44.552000+00:00,21.4,27.1,56.0,1013.2,0,206,2.7
1269,9900,2025-09-20 12:37:44.514000+00:00,21.3,27.0,56.0,1013.3,0,95,3.8
1269,9900,2025-09-20 12:38:44.530000+00:00,21.3,26.9,55.0,1013.3,0,359,2.6
1269,9900,2025-09-20 12:39:44.526000+00:00,21.2,26.7,56.0,1013.3,0,75,1.9
1269,9900,2025-09-20 12:40:44.532000+00:00,21.1,26.7,56.0,1013.3,0,106,2.4
1269,9900,2025-09-20 12:41:44.554000+00:00,21.0,26.7,56.0,1013.3,0,327,3.0
1269,9900,2025-09-20 12:42:44.555000+00:00,21.0,26.7,56.0,1013.3,0,94,1.9
1269,9900,2025-09-20 12:43:44.553000+00:00,21.0,26.7,56.0,1013.6,0,66,2.3
1269,9900,2025-09-20 12:44:44.567000+00:00,21.0,27.0,56.0,1013.6,0,87,1.4
1269,9900,2025-09-20 12:45:44.557000+00:00,21.0,26.9,56.0,1013.5,0,151,3.4
1269,9900,2025-09-20 12:46:44.567000+00:00,21.0,27.1,56.0,1013.2,0,78,2.6
1269,9900,2025-09-20 12:47:44.566000+00:00,21.0,27.1,56.0,1013.4,0,30,2.2
1269,9900,2025-09-20 12:48:44.571000+00:00,21.0,27.4,56.0,1013.6,0,244,2.4
1269,9900,2025-09-20 12:49:44.562000+00:00,20.9,27.3,57.0,1013.5,0,178,2.1
1269,9900,2025-09-20 12:50:44.584000+00:00,20.9,27.4,57.0,1013.6,0,244,2.1
1269,9900,2025-09-20 12:51:44.587000+00:00,20.9,27.4,57.0,1013.5,0,327,0.9
1269,9900,2025-09-20 12:52:44.599000+00:00,21.0,27.0,57.0,1013.6,0,91,3.1
1269,9900,2025-09-20 12:53:44.602000+00:00,20.9,27.0,57.0,1013.5,0,21,2.5
1269,9900,2025-09-20 12:54:44.600000+00:00,21.0,26.8,57.0,1013.6,0,48,1.6
1269,9900,2025-09-20 12:55:44.608000+00:00,20.9,26.6,57.0,1013.5,0,107,2.2
1269,9900,2025-09-20 12:56:44.609000+00:00,20.9,26.3,57.0,1013.8,0,76,1.6
1269,9900,2025-09-20 12:57:44.603000+00:00,20.8,26.2,57.0,1013.7,0,1,1.6
1269,9900,2025-09-20 12:58:44.601000+00:00,20.8,26.1,58.0,1013.5,0,81,1.8
1269,9900,2025-09-20 12:59:44.608000+00:00,20.8,26.1,58.0,1013.7,0,97,2.7
1269,9900,2025-09-20 13:00:44.609000+00:00,20.8,26.1,58.0,1013.9,0,205,1.9
1269,9900,2025-09-20 13:01:44.610000+00:00,20.8,26.1,58.0,1013.8,0,83,2.0
1269,9900,2025-09-20 13:02:44.609000+00:00,20.8,26.0,58.0,1013.7,0,78,3.0
1269,9900,2025-09-20 13:03:44.620000+00:00,20.8,25.7,58.0,1013.8,0,41,2.6
1269,9900,2025-09-20 13:04:44.611000+00:00,20.7,25.7,58.0,1013.9,0,101,1.0
1269,9900,2025-09-20 13:05:44.610000+00:00,20.7,25.8,59.0,1013.9,0,264,1.7
1269,9900,2025-09-20 13:06:44.611000+00:00,20.7,25.9,58.0,1014.0,0,0,1.2
1269,9900,2025-09-20 13:07:44.609000+00:00,20.6,25.6,59.0,1013.9,0,80,2.7
1269,9900,2025-09-20 13:08:44.615000+00:00,20.6,25.5,59.0,1013.9,0,45,1.9
1269,9900,2025-09-20 13:09:44.612000+00:00,20.6,25.6,59.0,1013.9,0,92,1.9
1269,9900,2025-09-20 13:10:44.621000+00:00,20.6,25.6,59.0,1014.0,0,115,2.1
1269,9900,2025-09-20 13:11:44.615000+00:00,20.6,25.6,59.0,1014.2,0,69,2.6
1269,9900,2025-09-20 13:12:44.612000+00:00,20.6,25.6,59.0,1014.2,0,182,1.5
1269,9900,2025-09-20 13:13:44.612000+00:00,20.5,25.3,60.0,1014.1,0,62,2.4
1269,9900,2025-09-20 13:14:44.620000+00:00,20.5,25.3,60.0,1013.8,0,99,1.8
1269,9900,2025-09-20 13:15:44.614000+00:00,20.4,25.3,60.0,1014.2,0,168,2.9
1269,9900,2025-09-20 13:16:44.613000+00:00,20.4,25.4,60.0,1013.8,0,84,1.9
1269,9900,2025-09-20 13:17:44.615000+00:00,20.4,25.2,60.0,1013.9,0,117,4.5
1269,9900,2025-09-20 13:18:44.620000+00:00,20.3,25.1,60.0,1014.1,0,168,2.4
1269,9900,2025-09-20 13:19:44.623000+00:00,20.3,25.1,61.0,1014.0,0,139,1.4
1269,9900,2025-09-20 13:20:44.611000+00:00,20.3,25.0,61.0,1013.8,0,95,3.2
1269,9900,2025-09-20 13:21:44.614000+00:00,20.3,25.0,61.0,1014.1,1,67,2.3
1269,9900,2025-09-20 13:22:44.786000+00:00,20.3,24.8,61.0,1014.3,1,93,2.9
1269,9900,2025-09-20 13:23:44.624000+00:00,20.3,24.5,62.0,1013.8,1,348,1.5
1269,9900,2025-09-20 13:24:44.625000+00:00,20.3,24.5,62.0,1014.1,1,73,2.0
1269,9900,2025-09-20 13:25:44.625000+00:00,20.2,24.3,62.0,1014.0,1,112,1.3
1269,9900,2025-09-20 13:26:44.627000+00:00,20.2,24.4,62.0,1014.0,1,338,2.7
1269,9900,2025-09-20 13:27:44.643000+00:00,20.1,24.4,62.0,1014.2,1,121,1.6
1269,9900,2025-09-20 13:28:44.653000+00:00,20.1,24.3,62.0,1014.2,1,52,3.2
1269,9900,2025-09-20 13:29:44.678000+00:00,20.1,24.2,62.0,1014.1,1,89,3.8
1269,9900,2025-09-20 13:30:44.672000+00:00,20.1,24.2,62.0,1014.1,1,89,3.8
1269,9900,2025-09-20 13:31:44.670000+00:00,20.1,24.3,61.0,1014.2,1,47,2.1
1269,9900,2025-09-20 13:32:44.691000+00:00,20.1,24.3,61.0,1014.1,0,129,2.6
1269,9900,2025-09-20 13:33:44.668000+00:00,20.1,24.2,61.0,1014.0,0,75,3.0
1269,9900,2025-09-20 13:34:44.682000+00:00,20.1,24.3,61.0,1013.9,0,84,3.3
1269,9900,2025-09-20 13:35:44.679000+00:00,20.2,24.4,61.0,1014.2,0,92,1.5
1269,9900,2025-09-20 13:36:44.682000+00:00,20.2,24.5,61.0,1014.1,0,99,1.4
1269,9900,2025-09-20 13:37:44.667000+00:00,20.2,24.5,60.0,1013.9,0,52,1.1
1269,9900,2025-09-20 13:38:44.686000+00:00,20.2,24.5,60.0,1014.0,0,42,2.6
1269,9900,2025-09-20 13:39:44.686000+00:00,20.2,24.6,60.0,1014.0,0,86,0.5
1269,9900,2025-09-20 13:40:44.669000+00:00,20.3,24.5,60.0,1014.1,0,132,1.0
1269,9900,2025-09-20 13:41:44.676000+00:00,20.3,24.6,60.0,1014.2,0,331,1.7
1269,9900,2025-09-20 13:42:44.682000+00:00,20.3,24.6,59.0,1014.0,0,173,2.4
1269,9900,2025-09-20 13:43:44.679000+00:00,20.3,24.6,60.0,1013.7,0,115,1.6
1269,9900,2025-09-20 13:44:44.670000+00:00,20.3,24.6,59.0,1014.0,0,73,2.2
1269,9900,2025-09-20 13:45:44.690000+00:00,20.3,24.5,60.0,1014.0,0,94,3.0
1269,9900,2025-09-20 13:46:44.672000+00:00,20.3,24.4,60.0,1014.0,0,92,2.7
1269,9900,2025-09-20 13:47:44.686000+00:00,20.3,24.3,60.0,1014.1,0,93,2.4
1269,9900,2025-09-20 13:48:44.710000+00:00,20.3,24.3,60.0,1014.0,0,100,2.1
1269,9900,2025-09-20 13:49:44.731000+00:00,20.3,24.3,60.0,1014.0,0,66,1.7
1269,9900,2025-09-20 13:50:44.737000+00:00,20.3,24.2,59.0,1014.1,1,105,2.6
1269,9900,2025-09-20 13:51:44.730000+00:00,20.3,24.1,60.0,1014.0,1,285,3.8
1269,9900,2025-09-20 13:52:44.749000+00:00,20.3,24.1,60.0,1013.9,1,178,2.4
1269,9900,2025-09-20 13:53:44.774000+00:00,20.3,24.1,59.0,1014.1,1,152,1.8
1269,9900,2025-09-20 13:54:44.764000+00:00,20.2,24.0,59.0,1014.0,1,109,1.6
1269,9900,2025-09-20 13:55:44.766000+00:00,20.2,24.0,59.0,1013.9,0,359,1.9
1269,9900,2025-09-20 13:56:44.765000+00:00,20.2,23.9,60.0,1014.1,0,95,1.2
1269,9900,2025-09-20 13:57:44.766000+00:00,20.2,23.9,60.0,1013.9,1,331,2.3
1269,9900,2025-09-20 13:58:44.767000+00:00,20.3,23.9,60.0,1013.8,1,41,1.4
1269,9900,2025-09-20 13:59:44.773000+00:00,20.3,23.9,60.0,1013.9,1,85,2.1
1269,9900,2025-09-20 14:00:44.768000+00:00,20.3,23.7,60.0,1014.1,1,108,3.3
1269,9904,2025-09-21 10:06:49.413000+00:00,20.4,27.3,60.0,1019.8,0,69,1.0
1269,9904,2025-09-21 10:07:49.402000+00:00,20.4,27.3,61.0,1019.8,0,10,1.4
1269,9904,2025-09-21 10:08:49.414000+00:00,20.4,27.3,61.0,1019.8,0,255,0.7
1269,9904,2025-09-21 10:09:49.402000+00:00,20.5,27.4,61.0,1020.2,0,355,1.6
1269,9904,2025-09-21 10:10:49.401000+00:00,20.5,27.2,60.0,1019.8,0,65,1.6
1269,9904,2025-09-21 10:11:49.409000+00:00,20.5,27.0,60.0,1020.0,0,2,1.1
1269,9904,2025-09-21 10:12:49.405000+00:00,20.4,27.0,61.0,1020.0,0,69,1.2
1269,9904,2025-09-21 10:13:49.405000+00:00,20.5,27.0,60.0,1020.0,0,32,2.1
1269,9904,2025-09-21 10:14:49.400000+00:00,20.5,27.0,60.0,1020.0,0,128,1.5
1269,9904,2025-09-21 10:15:49.401000+00:00,20.5,27.3,60.0,1020.0,0,136,1.2
1269,9904,2025-09-21 10:16:49.419000+00:00,20.5,27.3,60.0,1020.2,0,0,1.4
1269,9904,2025-09-21 10:17:49.418000+00:00,20.5,27.4,59.0,1020.1,0,51,0.8
1269,9904,2025-09-21 10:18:49.417000+00:00,20.5,27.4,60.0,1020.1,0,190,1.5
1269,9904,2025-09-21 10:19:49.411000+00:00,20.5,27.0,61.0,1020.0,0,351,1.9
1269,9904,2025-09-21 10:20:49.411000+00:00,20.5,27.7,61.0,1020.2,0,83,1.7
1269,9904,2025-09-21 10:21:49.409000+00:00,20.5,27.2,61.0,1020.1,0,105,1.0
1269,9904,2025-09-21 10:22:49.471000+00:00,20.5,27.2,61.0,1020.1,0,105,1.0
1269,9904,2025-09-21 10:23:49.420000+00:00,20.5,27.8,60.0,1019.9,0,15,1.2
1269,9904,2025-09-21 10:24:49.413000+00:00,20.6,27.8,60.0,1020.0,0,0,1.0
1269,9904,2025-09-21 10:25:49.417000+00:00,20.7,27.7,58.0,1020.1,0,13,1.2
1269,9904,2025-09-21 10:26:49.429000+00:00,20.7,27.7,59.0,1020.1,0,83,2.0
1269,9904,2025-09-21 10:27:49.425000+00:00,20.7,27.7,59.0,1020.2,0,38,1.7
1269,9904,2025-09-21 10:28:49.431000+00:00,20.7,27.7,60.0,1020.1,0,158,2.5
1269,9904,2025-09-21 10:29:49.427000+00:00,20.8,28.4,59.0,1020.1,0,98,1.6
1269,9904,2025-09-21 10:30:49.422000+00:00,20.9,28.7,59.0,1020.2,0,77,1.6
1269,9904,2025-09-21 10:31:49.432000+00:00,20.9,28.7,58.0,1020.2,0,124,1.3
1269,9904,2025-09-21 10:32:49.481000+00:00,21.0,28.9,58.0,1020.2,0,240,1.4
1269,9904,2025-09-21 10:33:49.424000+00:00,21.0,29.0,57.0,1020.4,0,177,1.2
1269,9904,2025-09-21 10:34:49.422000+00:00,21.1,28.9,57.0,1020.3,0,168,1.8
1269,9904,2025-09-21 10:35:49.425000+00:00,21.0,28.8,57.0,1020.3,0,104,1.8
1269,9904,2025-09-21 10:36:49.424000+00:00,21.0,28.6,57.0,1020.4,0,239,1.6
1269,9904,2025-09-21 10:37:49.430000+00:00,21.0,28.4,57.0,1020.3,0,0,0.9
1269,9904,2025-09-21 10:38:49.447000+00:00,21.0,28.3,58.0,1020.5,0,138,2.3
1269,9904,2025-09-21 10:39:49.443000+00:00,20.9,28.3,58.0,1020.4,0,79,1.8
1269,9904,2025-09-21 10:40:49.447000+00:00,21.0,28.5,59.0,1020.4,0,60,1.2
1269,9904,2025-09-21 10:41:49.469000+00:00,20.9,28.5,59.0,1020.5,0,42,1.2
1269,9904,2025-09-21 10:42:49.482000+00:00,20.9,27.8,60.0,1020.4,0,84,2.3
1269,9904,2025-09-21 10:43:49.492000+00:00,20.8,27.7,60.0,1020.4,0,343,2.7
1269,9904,2025-09-21 10:44:49.483000+00:00,20.8,27.8,61.0,1020.7,0,103,1.2
1269,9904,2025-09-21 10:45:49.483000+00:00,20.8,27.8,60.0,1020.5,0,180,1.4
1269,9904,2025-09-21 10:46:49.483000+00:00,20.7,27.9,60.0,1020.7,0,43,0.8
1269,9904,2025-09-21 10:47:49.493000+00:00,20.6,27.9,59.0,1020.7,0,102,2.1
1269,9904,2025-09-21 10:48:49.503000+00:00,20.7,28.0,58.0,1020.5,0,32,1.3
1269,9904,2025-09-21 10:49:49.513000+00:00,20.7,27.9,59.0,1020.6,0,29,2.1
1269,9904,2025-09-21 10:50:49.528000+00:00,20.6,27.8,59.0,1020.8,0,166,1.4
1269,9904,2025-09-21 10:51:49.529000+00:00,20.7,27.8,60.0,1020.8,0,169,1.5
1269,9904,2025-09-21 10:52:49.536000+00:00,20.6,27.8,60.0,1020.8,0,196,1.4
1269,9904,2025-09-21 10:53:49.543000+00:00,20.7,28.1,60.0,1020.7,0,63,1.6
1269,9904,2025-09-21 10:54:49.563000+00:00,20.7,28.2,60.0,1020.9,0,162,0.9
1269,9904,2025-09-21 10:55:49.564000+00:00,20.7,27.4,61.0,1020.9,0,217,0.9
1269,9904,2025-09-21 10:56:49.562000+00:00,20.7,27.4,60.0,1020.9,0,0,0.6
1269,9904,2025-09-21 10:57:49.557000+00:00,20.7,27.3,61.0,1020.9,0,151,1.1
1269,9904,2025-09-21 10:58:49.583000+00:00,20.6,27.1,60.0,1020.9,0,18,1.4
1269,9904,2025-09-21 10:59:49.577000+00:00,20.6,26.9,60.0,1021.1,0,136,1.8
1269,9904,2025-09-21 11:00:49.576000+00:00,20.6,26.8,60.0,1020.8,0,313,1.9
1269,9904,2025-09-21 11:01:49.644000+00:00,20.6,26.8,60.0,1020.9,0,134,1.2
1269,9904,2025-09-21 11:02:49.592000+00:00,20.5,26.7,60.0,1021.0,0,27,1.5
1269,9904,2025-09-21 11:03:49.603000+00:00,20.5,26.6,60.0,1020.8,0,241,2.0
1269,9904,2025-09-21 11:04:49.624000+00:00,20.5,26.6,61.0,1021.0,0,91,1.8
1269,9904,2025-09-21 11:05:49.617000+00:00,20.5,26.6,60.0,1021.0,0,297,1.4
1269,9904,2025-09-21 11:06:49.633000+00:00,20.6,26.5,60.0,1020.9,0,226,2.0
1269,9904,2025-09-21 11:07:49.621000+00:00,20.6,26.4,60.0,1021.1,0,231,2.2
1269,9904,2025-09-21 11:08:49.618000+00:00,20.6,26.4,60.0,1021.0,0,206,2.9
1269,9904,2025-09-21 11:09:49.636000+00:00,20.6,26.3,60.0,1021.0,0,202,2.0
1269,9904,2025-09-21 11:10:49.708000+00:00,20.6,26.3,60.0,1021.1,0,289,2.6
1269,9904,2025-09-21 11:11:49.670000+00:00,20.5,25.9,60.0,1021.1,0,69,2.1
1269,9904,2025-09-21 11:12:49.671000+00:00,20.5,25.9,60.0,1021.2,0,0,1.5
1269,9904,2025-09-21 11:13:49.670000+00:00,20.5,25.9,60.0,1021.3,0,189,0.9
1269,9904,2025-09-21 11:14:49.678000+00:00,20.5,25.9,60.0,1021.3,0,204,1.1
1269,9904,2025-09-21 11:15:49.694000+00:00,20.5,26.1,60.0,1021.3,0,258,1.8
1269,9904,2025-09-21 11:16:49.695000+00:00,20.5,26.1,60.0,1021.3,0,39,1.2
1269,9904,2025-09-21 11:17:49.699000+00:00,20.4,26.0,60.0,1021.4,0,241,1.3
1269,9904,2025-09-21 11:18:49.704000+00:00,20.5,25.9,60.0,1021.4,0,105,1.4
1269,9904,2025-09-21 11:19:49.714000+00:00,20.5,25.9,60.0,1021.6,0,268,1.7
1269,9904,2025-09-21 11:20:49.715000+00:00,20.5,25.9,60.0,1021.5,0,251,1.7
1269,9904,2025-09-21 11:21:49.715000+00:00,20.5,26.0,60.0,1021.5,0,227,1.9
1269,9904,2025-09-21 11:22:49.707000+00:00,20.5,25.6,60.0,1021.5,0,177,2.2
1269,9904,2025-09-21 11:23:49.709000+00:00,20.5,25.5,60.0,1021.5,0,223,1.3
1269,9904,2025-09-21 11:24:49.723000+00:00,20.5,25.7,61.0,1021.4,0,27,1.4
1269,9904,2025-09-21 11:25:49.716000+00:00,20.5,25.6,61.0,1021.3,0,0,1.9
1269,9904,2025-09-21 11:26:49.717000+00:00,20.5,25.7,60.0,1021.3,0,116,1.0
1269,9904,2025-09-21 11:27:49.717000+00:00,20.5,25.6,60.0,1021.6,0,46,2.2
1269,9904,2025-09-21 11:28:49.724000+00:00,20.5,25.5,61.0,1021.4,0,200,1.6
1269,9904,2025-09-21 11:29:49.725000+00:00,20.5,25.5,60.0,1021.4,0,273,1.7
1269,9904,2025-09-21 11:30:49.722000+00:00,20.5,25.5,60.0,1021.5,0,192,1.8
1269,9904,2025-09-21 11:31:49.728000+00:00,20.5,25.4,60.0,1021.5,0,215,1.5
1269,9904,2025-09-21 11:32:49.710000+00:00,20.5,25.3,60.0,1021.5,0,8,0.8
1269,9904,2025-09-21 11:33:49.718000+00:00,20.5,25.3,60.0,1021.6,0,245,1.3
1269,9904,2025-09-21 11:34:49.726000+00:00,20.5,25.2,60.0,1021.6,0,264,2.2
1269,9904,2025-09-21 11:35:49.719000+00:00,20.5,25.1,60.0,1021.8,0,129,1.0
1269,9904,2025-09-21 11:36:49.720000+00:00,20.5,25.0,60.0,1021.6,0,144,1.3
1269,9904,2025-09-21 11:37:49.727000+00:00,20.5,25.1,60.0,1021.5,0,122,1.0
1269,9904,2025-09-21 11:38:49.721000+00:00,20.5,25.0,60.0,1021.6,0,52,1.1
1269,9904,2025-09-21 11:39:49.735000+00:00,20.5,25.2,59.0,1021.5,0,107,1.1
1269,9904,2025-09-21 11:40:49.728000+00:00,20.5,25.2,59.0,1021.7,0,9,1.8
1269,9904,2025-09-21 11:41:49.739000+00:00,20.5,25.1,60.0,1021.5,0,80,0.6
1269,9904,2025-09-21 11:42:49.736000+00:00,20.5,24.8,60.0,1021.6,0,173,2.4
1269,9904,2025-09-21 11:43:49.732000+00:00,20.5,24.8,60.0,1021.6,0,115,0.7
1269,9904,2025-09-21 11:44:49.742000+00:00,20.5,25.3,60.0,1021.6,0,223,0.8
1269,9904,2025-09-21 11:45:49.745000+00:00,20.5,25.3,60.0,1021.7,0,85,1.6
1269,9904,2025-09-21 11:46:49.767000+00:00,20.5,25.3,60.0,1021.8,0,311,1.7
1269,9904,2025-09-21 11:47:49.792000+00:00,20.4,24.9,61.0,1021.6,0,213,1.4
1269,9904,2025-09-21 11:48:49.813000+00:00,20.5,25.0,60.0,1021.4,0,53,1.5
1269,9904,2025-09-21 11:49:49.825000+00:00,20.5,25.2,61.0,1021.5,0,187,2.1
1269,9904,2025-09-21 11:50:49.823000+00:00,20.5,25.2,60.0,1021.6,0,228,1.3
1269,9904,2025-09-21 11:51:49.840000+00:00,20.4,25.2,60.0,1021.6,0,354,0.9
1269,9904,2025-09-21 11:52:49.850000+00:00,20.4,25.2,60.0,1021.7,0,238,1.1
1269,9904,2025-09-21 11:53:49.859000+00:00,20.4,25.1,60.0,1021.7,0,338,2.2
1269,9904,2025-09-21 11:54:49.853000+00:00,20.5,24.9,60.0,1021.7,0,69,2.1
1269,9904,2025-09-21 11:55:49.850000+00:00,20.5,24.9,60.0,1021.7,0,39,1.5
1269,9904,2025-09-21 11:56:49.863000+00:00,20.5,24.8,60.0,1021.6,0,338,1.8
1269,9904,2025-09-21 11:57:49.859000+00:00,20.5,24.7,60.0,1021.7,0,339,1.1
1269,9904,2025-09-21 11:58:49.875000+00:00,20.5,24.8,60.0,1021.7,0,208,0.7
1269,9904,2025-09-21 11:59:49.855000+00:00,20.5,24.8,60.0,1021.7,0,68,0.9
1269,9904,2025-09-21 12:00:49.856000+00:00,20.4,24.7,60.0,1021.7,0,303,1.2
1269,9904,2025-09-21 12:01:49.860000+00:00,20.4,24.7,60.0,1021.7,0,164,1.6
1269,9904,2025-09-21 12:02:49.867000+00:00,20.4,24.9,60.0,1021.7,0,206,1.8
1269,9904,2025-09-21 12:03:49.857000+00:00,20.4,24.9,60.0,1021.7,0,120,1.9
1269,9904,2025-09-21 12:04:49.854000+00:00,20.5,24.8,61.0,1021.7,0,183,1.4
1269,9904,2025-09-21 12:05:49.847000+00:00,20.5,24.9,61.0,1021.6,0,162,1.1
1269,9904,2025-09-21 12:06:49.866000+00:00,20.5,24.9,61.0,1021.6,0,245,0.9
1269,9904,2025-09-21 12:07:49.858000+00:00,20.4,24.9,60.0,1021.6,0,237,1.4
1269,9904,2025-09-21 12:08:49.860000+00:00,20.4,24.9,60.0,1021.6,0,237,1.4
1269,9904,2025-09-21 12:09:49.873000+00:00,20.4,24.9,60.0,1021.7,0,0,1.4
1269,9904,2025-09-21 12:10:49.859000+00:00,20.4,25.2,60.0,1021.7,0,192,1.9
1269,9904,2025-09-21 12:11:49.873000+00:00,20.4,25.2,60.0,1021.7,0,309,2.0
1269,9904,2025-09-21 12:12:49.865000+00:00,20.4,25.0,60.0,1021.7,0,251,1.9
1269,9904,2025-09-21 12:13:49.872000+00:00,20.4,24.8,60.0,1021.6,0,262,2.4
1269,9904,2025-09-21 12:14:49.891000+00:00,20.5,24.9,60.0,1021.6,0,334,1.5
1269,9904,2025-09-21 12:15:49.864000+00:00,20.5,24.9,60.0,1021.8,0,218,0.9
1269,9904,2025-09-21 12:16:49.879000+00:00,20.5,24.9,60.0,1021.6,0,241,1.3
1269,9904,2025-09-21 12:17:49.875000+00:00,20.5,25.0,60.0,1021.7,0,152,2.2
1269,9904,2025-09-21 12:18:49.879000+00:00,20.5,24.9,60.0,1021.6,0,180,2.1
1269,9904,2025-09-21 12:19:49.885000+00:00,20.5,24.9,60.0,1021.6,0,268,1.3
1269,9904,2025-09-21 12:20:49.879000+00:00,20.5,24.9,60.0,1021.7,0,200,1.0
1269,9904,2025-09-21 12:21:49.884000+00:00,20.5,25.0,60.0,1021.7,0,219,1.3
1269,9904,2025-09-21 12:22:49.900000+00:00,20.5,25.0,60.0,1021.7,0,219,1.3
1269,9904,2025-09-21 12:23:49.877000+00:00,20.4,24.5,60.0,1021.7,0,245,1.2
1269,9904,2025-09-21 12:24:49.877000+00:00,20.5,24.5,60.0,1021.7,0,245,1.2
1269,9904,2025-09-21 12:25:49.880000+00:00,20.5,24.8,60.0,1021.4,0,94,1.3
1269,9904,2025-09-21 12:26:49.880000+00:00,20.5,25.0,59.0,1021.6,0,217,1.3
1269,9904,2025-09-21 12:27:49.885000+00:00,20.5,24.8,59.0,1021.6,0,244,1.3
1269,9904,2025-09-21 12:28:49.890000+00:00,20.5,24.6,59.0,1021.9,0,292,0.8
1269,9904,2025-09-21 12:29:49.890000+00:00,20.5,24.6,59.0,1021.6,0,205,1.4
1269,9904,2025-09-21 12:30:49.888000+00:00,20.5,24.6,59.0,1021.7,0,249,2.2
1269,9904,2025-09-21 12:31:49.886000+00:00,20.5,24.6,59.0,1021.7,0,260,2.2
1269,9904,2025-09-21 12:32:49.890000+00:00,20.5,24.5,59.0,1021.7,0,212,2.1
1269,9904,2025-09-21 12:33:49.884000+00:00,20.5,24.5,60.0,1021.7,0,244,1.5
1269,9904,2025-09-21 12:34:49.879000+00:00,20.4,24.5,60.0,1021.7,0,347,1.5
1269,9904,2025-09-21 12:35:49.886000+00:00,20.4,24.5,60.0,1021.8,0,25,2.1
1269,9904,2025-09-21 12:36:49.932000+00:00,20.4,24.5,60.0,1021.8,0,220,0.5
1269,9904,2025-09-21 12:37:49.884000+00:00,20.4,24.1,60.0,1021.8,0,67,1.7
1269,9904,2025-09-21 12:38:49.890000+00:00,20.4,24.0,60.0,1021.8,0,159,1.6
1269,9904,2025-09-21 12:39:49.888000+00:00,20.4,24.1,60.0,1021.8,0,244,1.6
1269,9904,2025-09-21 12:40:49.895000+00:00,20.3,24.1,60.0,1021.8,0,169,1.7
1269,9904,2025-09-21 12:41:49.887000+00:00,20.3,24.0,60.0,1021.7,0,70,1.5
1270,9889,2025-10-03 09:15:55.545000+00:00,28.5,35.8,72.0,1010.2,0,148,1.6
1270,9889,2025-10-03 09:15:55.553000+00:00,28.5,35.8,72.0,1010.2,0,148,1.6
1270,9889,2025-10-03 09:15:55.557000+00:00,28.5,35.8,72.0,1010.2,0,148,1.6
1270,9889,2025-10-03 09:16:55.560000+00:00,28.6,35.9,71.0,1010.2,0,145,0.8
1270,9889,2025-10-03 09:16:55.569000+00:00,28.6,35.9,71.0,1010.2,0,145,0.8
1270,9889,2025-10-03 09:16:55.571000+00:00,28.6,35.9,71.0,1010.2,0,145,0.8
1270,9889,2025-10-03 09:17:55.560000+00:00,28.7,35.9,70.0,1010.3,0,320,0.7
1270,9889,2025-10-03 09:17:55.567000+00:00,28.7,35.9,70.0,1010.3,0,320,0.7
1270,9889,2025-10-03 09:17:55.570000+00:00,28.7,35.9,70.0,1010.3,0,320,0.7
1270,9889,2025-10-03 09:18:55.547000+00:00,28.7,35.9,71.0,1010.2,0,92,0.5
1270,9889,2025-10-03 09:18:55.565000+00:00,28.7,35.9,71.0,1010.2,0,92,0.5
1270,9889,2025-10-03 09:18:55.577000+00:00,28.7,35.9,71.0,1010.2,0,92,0.5
1270,9889,2025-10-03 09:19:55.575000+00:00,28.7,35.9,71.0,1010.2,0,136,0.4
1270,9889,2025-10-03 09:19:55.582000+00:00,28.7,35.9,71.0,1010.2,0,136,0.4
1270,9889,2025-10-03 09:19:55.585000+00:00,28.7,35.9,71.0,1010.2,0,136,0.4
1270,9889,2025-10-03 09:20:55.578000+00:00,28.7,35.9,71.0,1010.4,0,154,1.6
1270,9889,2025-10-03 09:20:55.585000+00:00,28.7,35.9,71.0,1010.4,0,154,1.6
1270,9889,2025-10-03 09:20:55.587000+00:00,28.7,35.9,71.0,1010.4,0,154,1.6
1270,9889,2025-10-03 09:21:55.634000+00:00,28.8,35.8,71.0,1010.2,1,142,1.6
1270,9889,2025-10-03 09:21:55.635000+00:00,28.8,35.8,71.0,1010.2,1,142,1.6
1270,9889,2025-10-03 09:22:55.641000+00:00,28.8,35.4,71.0,1010.3,1,153,1.4
1270,9889,2025-10-03 09:22:55.645000+00:00,28.8,35.4,71.0,1010.3,1,153,1.4
1270,9889,2025-10-03 09:23:55.629000+00:00,28.8,35.3,72.0,1010.3,0,168,1.7
1270,9889,2025-10-03 09:23:55.636000+00:00,28.8,35.3,72.0,1010.3,0,168,1.7
1270,9889,2025-10-03 09:23:55.639000+00:00,28.8,35.3,72.0,1010.3,0,168,1.7
1270,9889,2025-10-03 09:24:55.626000+00:00,28.8,35.3,73.0,1010.3,1,182,1.3
1270,9889,2025-10-03 09:24:55.635000+00:00,28.8,35.3,73.0,1010.3,1,182,1.3
1270,9889,2025-10-03 09:24:55.637000+00:00,28.8,35.3,73.0,1010.3,1,182,1.3
1270,9889,2025-10-03 09:25:55.628000+00:00,28.8,35.4,73.0,1010.4,0,161,1.3
1270,9889,2025-10-03 09:25:55.633000+00:00,28.8,35.4,73.0,1010.4,0,161,1.3
1270,9889,2025-10-03 09:25:55.636000+00:00,28.8,35.4,73.0,1010.4,0,161,1.3
1270,9889,2025-10-03 09:26:55.618000+00:00,28.8,35.4,73.0,1010.2,0,163,1.1
1270,9889,2025-10-03 09:26:55.628000+00:00,28.8,35.4,73.0,1010.2,0,163,1.1
1270,9889,2025-10-03 09:27:55.614000+00:00,28.8,35.4,73.0,1010.2,0,150,1.4
1270,9889,2025-10-03 09:27:55.621000+00:00,28.8,35.4,73.0,1010.2,0,150,1.4
1270,9889,2025-10-03 09:27:55.624000+00:00,28.8,35.4,73.0,1010.2,0,150,1.4
1270,9889,2025-10-03 09:28:55.632000+00:00,28.7,35.5,72.0,1010.3,0,153,1.7
1270,9889,2025-10-03 09:28:55.638000+00:00,28.7,35.5,72.0,1010.3,0,153,1.7
1270,9889,2025-10-03 09:28:55.640000+00:00,28.7,35.5,72.0,1010.3,0,153,1.7
1270,9889,2025-10-03 09:29:55.630000+00:00,28.8,36.1,71.0,1010.3,0,157,2.4
1270,9889,2025-10-03 09:29:55.639000+00:00,28.8,36.1,71.0,1010.3,0,157,2.4
1270,9889,2025-10-03 09:29:55.642000+00:00,28.8,36.1,71.0,1010.3,0,157,2.4
1270,9889,2025-10-03 09:30:55.618000+00:00,28.8,36.0,71.0,1010.3,0,145,2.2
1270,9889,2025-10-03 09:30:55.624000+00:00,28.8,36.0,71.0,1010.3,0,145,2.2
1270,9889,2025-10-03 09:30:55.627000+00:00,28.8,36.0,71.0,1010.3,0,145,2.2
1270,9889,2025-10-03 09:31:55.632000+00:00,28.8,35.7,71.0,1010.3,0,129,2.2
1270,9889,2025-10-03 09:31:55.641000+00:00,28.8,35.7,71.0,1010.3,0,129,2.2
1270,9889,2025-10-03 09:31:55.643000+00:00,28.8,35.7,71.0,1010.3,0,129,2.2
1270,9889,2025-10-03 09:32:55.620000+00:00,28.8,35.7,71.0,1010.3,0,164,1.9
1270,9889,2025-10-03 09:32:55.625000+00:00,28.8,35.7,71.0,1010.3,0,164,1.9
1270,9889,2025-10-03 09:32:55.631000+00:00,28.8,35.7,71.0,1010.3,0,164,1.9
1270,9889,2025-10-03 09:33:55.633000+00:00,28.9,35.5,72.0,1010.3,0,154,1.9
1270,9889,2025-10-03 09:33:55.648000+00:00,28.9,35.5,72.0,1010.3,0,154,1.9
1270,9889,2025-10-03 09:33:55.649000+00:00,28.9,35.5,72.0,1010.3,0,154,1.9
1270,9889,2025-10-03 09:34:55.678000+00:00,28.9,35.5,72.0,1010.3,0,146,2.0
1270,9889,2025-10-03 09:35:55.633000+00:00,29.0,35.6,73.0,1010.3,0,159,2.6
1270,9889,2025-10-03 09:35:55.643000+00:00,29.0,35.6,73.0,1010.3,0,159,2.6
1270,9889,2025-10-03 09:35:55.649000+00:00,29.0,35.6,73.0,1010.3,0,159,2.6
1270,9889,2025-10-03 09:36:55.635000+00:00,29.1,35.6,73.0,1010.3,0,159,2.6
1270,9889,2025-10-03 09:36:55.644000+00:00,29.1,35.6,73.0,1010.3,0,159,2.6
1270,9889,2025-10-03 09:36:55.653000+00:00,29.1,35.6,73.0,1010.3,0,159,2.6
1270,9889,2025-10-03 09:37:55.646000+00:00,29.1,36.0,72.0,1010.4,0,155,2.5
1270,9889,2025-10-03 09:37:55.649000+00:00,29.1,36.0,72.0,1010.4,0,155,2.5
1270,9889,2025-10-03 09:37:55.650000+00:00,29.1,36.0,72.0,1010.4,0,155,2.5
1270,9889,2025-10-03 09:38:55.652000+00:00,29.1,35.9,71.0,1010.4,0,140,3.2
1270,9889,2025-10-03 09:38:55.661000+00:00,29.1,35.9,71.0,1010.4,0,140,3.2
1270,9889,2025-10-03 09:39:55.650000+00:00,29.1,36.0,71.0,1010.4,0,161,2.8
1270,9889,2025-10-03 09:39:55.660000+00:00,29.1,36.0,71.0,1010.4,0,161,2.8
1270,9889,2025-10-03 09:39:55.662000+00:00,29.1,36.0,71.0,1010.4,0,161,2.8
1270,9889,2025-10-03 09:40:55.669000+00:00,29.1,36.0,71.0,1010.4,0,146,2.3
1270,9889,2025-10-03 09:40:55.676000+00:00,29.1,36.0,71.0,1010.4,0,146,2.3
1270,9889,2025-10-03 09:40:55.678000+00:00,29.1,36.0,71.0,1010.4,0,146,2.3
1270,9889,2025-10-03 09:41:55.672000+00:00,29.3,35.8,70.0,1010.4,0,140,3.1
1270,9889,2025-10-03 09:41:55.679000+00:00,29.3,35.8,70.0,1010.4,0,140,3.1
1270,9889,2025-10-03 09:41:55.682000+00:00,29.3,35.8,70.0,1010.4,0,140,3.1
1270,9889,2025-10-03 09:42:55.688000+00:00,29.2,35.8,71.0,1010.5,0,151,2.6
1270,9889,2025-10-03 09:42:55.695000+00:00,29.2,35.8,71.0,1010.5,0,151,2.6
1270,9889,2025-10-03 09:42:55.704000+00:00,29.2,35.8,71.0,1010.5,0,151,2.6
1270,9889,2025-10-03 09:43:55.693000+00:00,29.2,35.6,71.0,1010.5,0,133,2.2
1270,9889,2025-10-03 09:43:55.698000+00:00,29.2,35.6,71.0,1010.5,0,133,2.2
1270,9889,2025-10-03 09:43:55.700000+00:00,29.2,35.6,71.0,1010.5,0,133,2.2
1270,9889,2025-10-03 09:44:55.685000+00:00,29.2,35.7,71.0,1010.6,0,157,3.1
1270,9889,2025-10-03 09:44:55.693000+00:00,29.2,35.7,71.0,1010.6,0,157,3.1
1270,9889,2025-10-03 09:44:55.696000+00:00,29.2,35.7,71.0,1010.6,0,157,3.1
1270,9889,2025-10-03 09:45:55.688000+00:00,29.2,35.7,70.0,1010.5,0,157,3.2
1270,9889,2025-10-03 09:45:55.695000+00:00,29.2,35.7,70.0,1010.5,0,157,3.2
1270,9889,2025-10-03 09:45:55.697000+00:00,29.2,35.7,70.0,1010.5,0,157,3.2
1270,9889,2025-10-03 09:46:55.692000+00:00,29.2,35.3,71.0,1010.5,0,148,2.5
1270,9889,2025-10-03 09:46:55.702000+00:00,29.2,35.3,71.0,1010.5,0,148,2.5
1270,9889,2025-10-03 09:46:55.704000+00:00,29.2,35.3,71.0,1010.5,0,148,2.5
1270,9889,2025-10-03 09:47:55.676000+00:00,29.1,35.2,72.0,1010.5,0,121,2.7
1270,9889,2025-10-03 09:47:55.682000+00:00,29.1,35.2,72.0,1010.5,0,121,2.7
1270,9889,2025-10-03 09:47:55.686000+00:00,29.1,35.2,72.0,1010.5,0,121,2.7
1270,9889,2025-10-03 09:48:55.690000+00:00,29.1,35.2,72.0,1010.5,0,150,1.7
1270,9889,2025-10-03 09:48:55.692000+00:00,29.1,35.2,72.0,1010.5,0,150,1.7
1270,9889,2025-10-03 09:48:55.694000+00:00,29.1,35.2,72.0,1010.5,0,150,1.7
1270,9889,2025-10-03 09:49:55.712000+00:00,29.1,35.2,72.0,1010.5,0,146,3.1
1270,9889,2025-10-03 09:49:55.722000+00:00,29.1,35.2,72.0,1010.5,0,146,3.1
1270,9889,2025-10-03 09:49:55.726000+00:00,29.1,35.2,72.0,1010.5,0,146,3.1
1270,9889,2025-10-03 09:50:55.696000+00:00,29.1,35.2,72.0,1010.5,0,114,2.5
1270,9889,2025-10-03 09:50:55.707000+00:00,29.1,35.2,72.0,1010.5,0,114,2.5
1270,9889,2025-10-03 09:50:55.712000+00:00,29.1,35.2,72.0,1010.5,0,114,2.5
1270,9889,2025-10-03 09:51:55.682000+00:00,29.0,35.0,72.0,1010.6,0,151,1.9
1270,9889,2025-10-03 09:51:55.689000+00:00,29.0,35.0,72.0,1010.6,0,151,1.9
1270,9889,2025-10-03 09:51:55.692000+00:00,29.0,35.0,72.0,1010.6,0,151,1.9
1270,9889,2025-10-03 09:52:55.697000+00:00,29.0,35.3,73.0,1010.6,0,147,1.1
1270,9889,2025-10-03 09:52:55.705000+00:00,29.0,35.3,73.0,1010.6,0,147,1.1
1270,9889,2025-10-03 09:52:55.707000+00:00,29.0,35.3,73.0,1010.6,0,147,1.1
1270,9889,2025-10-03 09:53:55.682000+00:00,29.0,35.3,73.0,1010.6,0,161,2.0
1270,9889,2025-10-03 09:53:55.690000+00:00,29.0,35.3,73.0,1010.6,0,161,2.0
1270,9889,2025-10-03 09:53:55.695000+00:00,29.0,35.3,73.0,1010.6,0,161,2.0
1270,9889,2025-10-03 09:54:55.702000+00:00,29.0,35.3,73.0,1010.6,0,142,1.4
1270,9889,2025-10-03 09:54:55.709000+00:00,29.0,35.3,73.0,1010.6,0,142,1.4
1270,9889,2025-10-03 09:54:55.714000+00:00,29.0,35.3,73.0,1010.6,0,142,1.4
1270,9889,2025-10-03 09:55:55.713000+00:00,28.9,35.2,73.0,1010.5,0,128,1.2
1270,9889,2025-10-03 09:55:55.720000+00:00,28.9,35.2,73.0,1010.5,0,128,1.2
1270,9889,2025-10-03 09:55:55.724000+00:00,28.9,35.2,73.0,1010.5,0,128,1.2
1270,9889,2025-10-03 09:56:55.717000+00:00,28.9,35.3,73.0,1010.7,0,155,0.9
1270,9889,2025-10-03 09:56:55.729000+00:00,28.9,35.3,73.0,1010.7,0,155,0.9
1270,9889,2025-10-03 09:56:55.735000+00:00,28.9,35.3,73.0,1010.7,0,155,0.9
1270,9889,2025-10-03 09:57:55.732000+00:00,28.9,35.2,72.0,1010.6,0,164,1.0
1270,9889,2025-10-03 09:57:55.740000+00:00,28.9,35.2,72.0,1010.6,0,164,1.0
1270,9889,2025-10-03 09:57:55.742000+00:00,28.9,35.2,72.0,1010.6,0,164,1.0
1270,9889,2025-10-03 09:58:55.737000+00:00,28.8,34.7,73.0,1010.6,0,146,0.6
1270,9889,2025-10-03 09:58:55.744000+00:00,28.8,34.7,73.0,1010.6,0,146,0.6
1270,9889,2025-10-03 09:58:55.746000+00:00,28.8,34.7,73.0,1010.6,0,146,0.6
1270,9889,2025-10-03 09:59:55.751000+00:00,28.8,34.8,74.0,1010.6,0,158,0.7
1270,9889,2025-10-03 09:59:55.757000+00:00,28.8,34.8,74.0,1010.6,0,158,0.7
1270,9889,2025-10-03 09:59:55.760000+00:00,28.8,34.8,74.0,1010.6,0,158,0.7
1270,9889,2025-10-03 10:00:55.749000+00:00,28.8,35.0,73.0,1010.6,0,164,1.1
1270,9889,2025-10-03 10:00:55.755000+00:00,28.8,35.0,73.0,1010.6,0,164,1.1
1270,9889,2025-10-03 10:00:55.757000+00:00,28.8,35.0,73.0,1010.6,0,164,1.1
1270,9889,2025-10-03 10:01:55.750000+00:00,28.7,34.9,73.0,1010.6,0,155,1.4
1270,9889,2025-10-03 10:01:55.757000+00:00,28.7,34.9,73.0,1010.6,0,155,1.4
1270,9889,2025-10-03 10:01:55.759000+00:00,28.7,34.9,73.0,1010.6,0,155,1.4
1270,9889,2025-10-03 10:02:55.753000+00:00,28.7,34.8,73.0,1010.6,0,159,1.3
1270,9889,2025-10-03 10:02:55.758000+00:00,28.7,34.8,73.0,1010.6,0,159,1.3
1270,9889,2025-10-03 10:02:55.761000+00:00,28.7,34.8,73.0,1010.6,0,159,1.3
1270,9889,2025-10-03 10:03:55.747000+00:00,28.6,34.7,74.0,1010.6,0,157,1.9
1270,9889,2025-10-03 10:03:55.748000+00:00,28.6,34.7,74.0,1010.6,0,157,1.9
1270,9889,2025-10-03 10:03:55.750000+00:00,28.6,34.7,74.0,1010.6,0,157,1.9
1270,9889,2025-10-03 10:04:55.771000+00:00,28.7,34.4,76.0,1010.7,0,155,1.9
1270,9889,2025-10-03 10:04:55.779000+00:00,28.7,34.4,76.0,1010.7,0,155,1.9
1270,9889,2025-10-03 10:04:55.788000+00:00,28.7,34.4,76.0,1010.7,0,155,1.9
1270,9889,2025-10-03 10:05:55.784000+00:00,28.7,34.1,76.0,1010.7,0,153,1.8
1270,9889,2025-10-03 10:05:55.790000+00:00,28.7,34.1,76.0,1010.7,0,153,1.8
1270,9889,2025-10-03 10:05:55.794000+00:00,28.7,34.1,76.0,1010.7,0,153,1.8
1270,9889,2025-10-03 10:06:55.825000+00:00,28.6,34.3,77.0,1010.8,0,152,1.8
1270,9889,2025-10-03 10:06:55.826000+00:00,28.6,34.3,77.0,1010.8,0,152,1.8
1270,9889,2025-10-03 10:07:55.802000+00:00,28.7,34.2,77.0,1010.8,0,169,2.0
1270,9889,2025-10-03 10:07:55.810000+00:00,28.7,34.2,77.0,1010.8,0,169,2.0
1270,9889,2025-10-03 10:07:55.812000+00:00,28.7,34.2,77.0,1010.8,0,169,2.0
1270,9889,2025-10-03 10:08:55.852000+00:00,28.7,34.1,77.0,1010.8,0,168,2.1
1270,9889,2025-10-03 10:08:55.859000+00:00,28.7,34.1,77.0,1010.8,0,168,2.1
1270,9889,2025-10-03 10:08:55.861000+00:00,28.7,34.1,77.0,1010.8,0,168,2.1
1270,9889,2025-10-03 10:09:55.862000+00:00,28.7,34.1,78.0,1010.8,0,161,1.8
1270,9889,2025-10-03 10:09:55.870000+00:00,28.7,34.1,78.0,1010.8,0,161,1.8
1270,9889,2025-10-03 10:09:55.872000+00:00,28.7,34.1,78.0,1010.8,0,161,1.8
1270,9889,2025-10-03 10:10:55.882000+00:00,28.7,34.2,77.0,1010.8,0,168,2.1
1270,9889,2025-10-03 10:10:55.895000+00:00,28.7,34.2,77.0,1010.8,0,168,2.1
1270,9889,2025-10-03 10:10:55.896000+00:00,28.7,34.2,77.0,1010.8,0,168,2.1
1270,9889,2025-10-03 10:11:55.897000+00:00,28.7,34.2,77.0,1010.7,0,161,1.9
1270,9889,2025-10-03 10:11:55.906000+00:00,28.7,34.2,77.0,1010.7,0,161,1.9
1270,9889,2025-10-03 10:11:55.911000+00:00,28.7,34.2,77.0,1010.7,0,161,1.9
1270,9889,2025-10-03 10:12:55.903000+00:00,28.7,34.5,78.0,1010.8,0,164,1.9
1270,9889,2025-10-03 10:12:55.908000+00:00,28.7,34.5,78.0,1010.8,0,164,1.9
1270,9889,2025-10-03 10:12:55.913000+00:00,28.7,34.5,78.0,1010.8,0,164,1.9
1270,9889,2025-10-03 10:13:55.898000+00:00,28.7,34.5,78.0,1010.7,0,158,2.3
1270,9889,2025-10-03 10:13:55.904000+00:00,28.7,34.5,78.0,1010.7,0,158,2.3
1270,9889,2025-10-03 10:13:55.907000+00:00,28.7,34.5,78.0,1010.7,0,158,2.3
1270,9889,2025-10-03 10:14:55.917000+00:00,28.8,34.3,77.0,1010.8,0,159,2.3
1270,9889,2025-10-03 10:14:55.923000+00:00,28.8,34.3,77.0,1010.8,0,159,2.3
1270,9889,2025-10-03 10:14:55.926000+00:00,28.8,34.3,77.0,1010.8,0,159,2.3
1270,9889,2025-10-03 10:15:55.895000+00:00,28.8,34.3,78.0,1010.8,0,165,2.1
1270,9889,2025-10-03 10:15:55.900000+00:00,28.8,34.3,78.0,1010.8,0,165,2.1
1270,9889,2025-10-03 10:15:55.905000+00:00,28.8,34.3,78.0,1010.8,0,165,2.1
1270,9889,2025-10-03 10:16:55.917000+00:00,28.8,34.2,78.0,1010.8,0,161,2.2
1270,9889,2025-10-03 10:16:55.923000+00:00,28.8,34.2,78.0,1010.8,0,161,2.2
1270,9889,2025-10-03 10:16:55.927000+00:00,28.8,34.2,78.0,1010.8,0,161,2.2
1270,9889,2025-10-03 10:17:55.915000+00:00,28.8,34.2,78.0,1010.8,0,164,1.9
1270,9889,2025-10-03 10:17:55.924000+00:00,28.8,34.2,78.0,1010.8,0,164,1.9
1270,9889,2025-10-03 10:17:55.926000+00:00,28.8,34.2,78.0,1010.8,0,164,1.9
1270,9889,2025-10-03 10:18:55.917000+00:00,28.8,34.3,78.0,1010.8,0,157,1.6
1270,9889,2025-10-03 10:18:55.925000+00:00,28.8,34.3,78.0,1010.8,0,157,1.6
1270,9889,2025-10-03 10:18:55.929000+00:00,28.8,34.3,78.0,1010.8,0,157,1.6
1270,9889,2025-10-03 10:19:55.948000+00:00,28.7,34.3,78.0,1010.8,0,156,1.7
1270,9889,2025-10-03 10:19:55.956000+00:00,28.7,34.3,78.0,1010.8,0,156,1.7
1270,9889,2025-10-03 10:19:55.958000+00:00,28.7,34.3,78.0,1010.8,0,156,1.7
1270,9889,2025-10-03 10:20:55.961000+00:00,28.6,34.3,78.0,1010.9,0,161,1.5
1270,9889,2025-10-03 10:20:55.967000+00:00,28.6,34.3,78.0,1010.9,0,161,1.5
1270,9889,2025-10-03 10:20:55.970000+00:00,28.6,34.3,78.0,1010.9,0,161,1.5
1270,9889,2025-10-03 10:21:55.967000+00:00,28.6,34.2,79.0,1010.9,0,160,2.4
1270,9889,2025-10-03 10:21:55.975000+00:00,28.6,34.2,79.0,1010.9,0,160,2.4
1270,9889,2025-10-03 10:21:55.977000+00:00,28.6,34.2,79.0,1010.9,0,160,2.4
1270,9889,2025-10-03 10:22:55.971000+00:00,28.7,34.2,79.0,1011.1,0,160,2.3
1270,9889,2025-10-03 10:22:55.983000+00:00,28.7,34.2,79.0,1011.1,0,160,2.3
1270,9889,2025-10-03 10:22:55.995000+00:00,28.7,34.2,79.0,1011.1,0,160,2.3
1270,9889,2025-10-03 10:23:55.952000+00:00,28.7,34.2,79.0,1011.1,0,162,2.6
1270,9889,2025-10-03 10:23:55.959000+00:00,28.7,34.2,79.0,1011.1,0,162,2.6
1270,9889,2025-10-03 10:23:55.961000+00:00,28.7,34.2,79.0,1011.1,0,162,2.6
1270,9889,2025-10-03 10:24:55.979000+00:00,28.8,34.3,79.0,1011.0,0,165,2.2
1270,9889,2025-10-03 10:24:55.983000+00:00,28.8,34.3,79.0,1011.0,0,165,2.2
1270,9889,2025-10-03 10:24:55.986000+00:00,28.8,34.3,79.0,1011.0,0,165,2.2
1270,9889,2025-10-03 10:25:55.969000+00:00,28.9,34.5,79.0,1011.2,0,147,2.0
1270,9889,2025-10-03 10:25:55.976000+00:00,28.9,34.5,79.0,1011.2,0,147,2.0
1270,9889,2025-10-03 10:25:55.979000+00:00,28.9,34.5,79.0,1011.2,0,147,2.0
1270,9889,2025-10-03 10:26:55.972000+00:00,28.8,34.5,79.0,1011.1,0,159,1.9
1270,9889,2025-10-03 10:26:55.979000+00:00,28.8,34.5,79.0,1011.1,0,159,1.9
1270,9889,2025-10-03 10:26:55.981000+00:00,28.8,34.5,79.0,1011.1,0,159,1.9
1270,9889,2025-10-03 10:27:55.978000+00:00,28.8,34.2,79.0,1011.1,0,125,2.4
1270,9889,2025-10-03 10:27:55.984000+00:00,28.8,34.2,79.0,1011.1,0,125,2.4
1270,9889,2025-10-03 10:27:55.988000+00:00,28.8,34.2,79.0,1011.1,0,125,2.4
1270,9889,2025-10-03 10:28:55.979000+00:00,28.8,34.2,79.0,1011.1,0,153,1.8
1270,9889,2025-10-03 10:28:55.987000+00:00,28.8,34.2,79.0,1011.1,0,153,1.8
1270,9889,2025-10-03 10:28:55.990000+00:00,28.8,34.2,79.0,1011.1,0,153,1.8
1270,9889,2025-10-03 10:29:56.007000+00:00,28.8,34.2,78.0,1011.0,0,167,1.7
1270,9889,2025-10-03 10:29:56.013000+00:00,28.8,34.2,78.0,1011.0,0,167,1.7
1270,9889,2025-10-03 10:29:56.020000+00:00,28.8,34.2,78.0,1011.0,0,167,1.7
1270,9889,2025-10-03 10:30:56.005000+00:00,28.7,34.1,78.0,1011.1,0,156,2.3
1270,9889,2025-10-03 10:30:56.017000+00:00,28.7,34.1,78.0,1011.1,0,156,2.3
1270,9889,2025-10-03 10:30:56.032000+00:00,28.7,34.1,78.0,1011.1,0,156,2.3
1270,9889,2025-10-03 10:31:56.008000+00:00,28.7,34.1,79.0,1011.0,0,162,2.1
1270,9889,2025-10-03 10:31:56.018000+00:00,28.7,34.1,79.0,1011.0,0,162,2.1
1270,9889,2025-10-03 10:31:56.022000+00:00,28.7,34.1,79.0,1011.0,0,162,2.1
1270,9889,2025-10-03 10:32:56.043000+00:00,28.7,33.9,79.0,1011.0,0,150,2.6
1270,9889,2025-10-03 10:32:56.050000+00:00,28.7,33.9,79.0,1011.0,0,150,2.6
1270,9889,2025-10-03 10:32:56.052000+00:00,28.7,33.9,79.0,1011.0,0,150,2.6
1270,9889,2025-10-03 10:33:56.033000+00:00,28.7,33.9,79.0,1011.0,0,160,2.3
1270,9889,2025-10-03 10:33:56.034000+00:00,28.7,33.9,79.0,1011.0,0,160,2.3
1270,9889,2025-10-03 10:34:56.105000+00:00,28.6,34.0,79.0,1011.0,0,147,2.2
1270,9889,2025-10-03 10:34:56.106000+00:00,28.6,34.0,79.0,1011.0,0,147,2.2
1270,9889,2025-10-03 10:35:56.104000+00:00,28.5,34.0,79.0,1011.0,0,151,2.2
1270,9889,2025-10-03 10:36:56.052000+00:00,28.5,34.1,78.0,1011.1,0,145,1.4
1270,9889,2025-10-03 10:36:56.057000+00:00,28.5,34.1,78.0,1011.1,0,145,1.4
1270,9889,2025-10-03 10:36:56.061000+00:00,28.5,34.1,78.0,1011.1,0,145,1.4
1270,9890,2025-10-03 12:45:56.585000+00:00,28.2,32.3,79.0,1011.6,0,152,1.1
1270,9890,2025-10-03 12:45:56.601000+00:00,28.2,32.3,79.0,1011.6,0,152,1.1
1270,9890,2025-10-03 12:46:56.623000+00:00,28.1,32.5,79.0,1011.6,0,146,1.2
1270,9890,2025-10-03 12:46:56.639000+00:00,28.1,32.5,79.0,1011.6,0,146,1.2
1270,9890,2025-10-03 12:47:56.623000+00:00,28.2,32.4,79.0,1011.6,0,141,1.7
1270,9890,2025-10-03 12:47:56.634000+00:00,28.2,32.4,79.0,1011.6,0,141,1.7
1270,9890,2025-10-03 12:47:56.640000+00:00,28.2,32.4,79.0,1011.6,0,141,1.7
1270,9890,2025-10-03 12:48:56.610000+00:00,28.2,32.2,79.0,1011.6,0,146,1.1
1270,9890,2025-10-03 12:48:56.620000+00:00,28.2,32.2,79.0,1011.6,0,146,1.1
1270,9890,2025-10-03 12:48:56.623000+00:00,28.2,32.2,79.0,1011.6,0,146,1.1
1270,9890,2025-10-03 12:49:56.623000+00:00,28.1,32.3,80.0,1011.6,0,152,1.6
1270,9890,2025-10-03 12:49:56.641000+00:00,28.1,32.3,80.0,1011.6,0,152,1.6
1270,9890,2025-10-03 12:49:56.644000+00:00,28.1,32.3,80.0,1011.6,0,152,1.6
1270,9890,2025-10-03 12:50:56.625000+00:00,28.1,32.3,80.0,1011.6,0,149,1.6
1270,9890,2025-10-03 12:50:56.635000+00:00,28.1,32.3,80.0,1011.6,0,149,1.6
1270,9890,2025-10-03 12:50:56.643000+00:00,28.1,32.3,80.0,1011.6,0,149,1.6
1270,9890,2025-10-03 12:51:56.635000+00:00,28.2,32.4,80.0,1011.6,0,153,1.8
1270,9890,2025-10-03 12:51:56.641000+00:00,28.2,32.4,80.0,1011.6,0,153,1.8
1270,9890,2025-10-03 12:52:56.636000+00:00,28.1,32.4,80.0,1011.7,0,150,1.8
1270,9890,2025-10-03 12:52:56.643000+00:00,28.1,32.4,80.0,1011.7,0,150,1.8
1270,9890,2025-10-03 12:52:56.648000+00:00,28.1,32.4,80.0,1011.7,0,150,1.8
1270,9890,2025-10-03 12:53:56.652000+00:00,28.1,32.4,80.0,1011.6,0,162,1.6
1270,9890,2025-10-03 12:53:56.658000+00:00,28.1,32.4,80.0,1011.6,0,162,1.6
1270,9890,2025-10-03 12:53:56.660000+00:00,28.1,32.4,80.0,1011.6,0,162,1.6
1270,9890,2025-10-03 12:54:56.663000+00:00,28.1,32.1,80.0,1011.8,0,156,2.1
1270,9890,2025-10-03 12:54:56.673000+00:00,28.1,32.1,80.0,1011.8,0,156,2.1
1270,9890,2025-10-03 12:55:56.650000+00:00,28.1,32.1,80.0,1011.7,0,150,1.6
1270,9890,2025-10-03 12:55:56.665000+00:00,28.1,32.1,80.0,1011.7,0,150,1.6
1270,9890,2025-10-03 12:56:56.665000+00:00,28.1,32.2,80.0,1011.7,0,161,1.7
1270,9890,2025-10-03 12:56:56.677000+00:00,28.1,32.2,80.0,1011.7,0,161,1.7
1270,9890,2025-10-03 12:57:56.667000+00:00,28.1,32.2,80.0,1011.7,0,161,1.7
1270,9890,2025-10-03 12:58:56.656000+00:00,28.1,32.2,80.0,1011.7,0,157,1.9
1270,9890,2025-10-03 12:58:56.661000+00:00,28.1,32.2,80.0,1011.7,0,157,1.9
1270,9890,2025-10-03 12:59:56.672000+00:00,28.1,32.4,80.0,1011.7,0,147,1.5
1270,9890,2025-10-03 12:59:56.675000+00:00,28.1,32.4,80.0,1011.7,0,147,1.5
1270,9890,2025-10-03 12:59:56.682000+00:00,28.1,32.4,80.0,1011.7,0,147,1.5
1270,9890,2025-10-03 13:00:56.672000+00:00,28.1,32.4,79.0,1011.7,0,155,1.8
1270,9890,2025-10-03 13:00:56.675000+00:00,28.1,32.4,79.0,1011.7,0,155,1.8
1270,9890,2025-10-03 13:01:56.670000+00:00,28.1,32.1,80.0,1011.8,0,153,2.0
1270,9890,2025-10-03 13:01:56.686000+00:00,28.1,32.1,80.0,1011.8,0,153,2.0
1270,9890,2025-10-03 13:02:56.662000+00:00,28.1,32.1,80.0,1011.7,0,156,2.0
1270,9890,2025-10-03 13:02:56.672000+00:00,28.1,32.1,80.0,1011.7,0,156,2.0
1270,9890,2025-10-03 13:02:56.676000+00:00,28.1,32.1,80.0,1011.7,0,156,2.0
1270,9890,2025-10-03 13:03:56.673000+00:00,28.1,32.2,80.0,1011.8,0,159,2.4
1270,9890,2025-10-03 13:03:56.675000+00:00,28.1,32.2,80.0,1011.8,0,159,2.4
1270,9890,2025-10-03 13:04:56.675000+00:00,28.1,32.2,79.0,1011.8,0,160,2.6
1270,9890,2025-10-03 13:05:56.735000+00:00,28.1,32.2,80.0,1011.8,0,159,2.1
1270,9890,2025-10-03 13:06:56.665000+00:00,28.2,32.4,80.0,1011.8,0,154,2.1
1270,9890,2025-10-03 13:06:56.681000+00:00,28.2,32.4,80.0,1011.8,0,154,2.1
1270,9890,2025-10-03 13:07:56.690000+00:00,28.3,32.7,79.0,1011.9,0,154,2.2
1270,9890,2025-10-03 13:07:56.697000+00:00,28.3,32.7,79.0,1011.9,0,154,2.2
1270,9890,2025-10-03 13:07:56.702000+00:00,28.3,32.7,79.0,1011.9,0,154,2.2
1270,9890,2025-10-03 13:08:56.727000+00:00,28.3,32.6,79.0,1011.9,0,168,2.2
1270,9890,2025-10-03 13:08:56.731000+00:00,28.3,32.6,79.0,1011.9,0,168,2.2
1270,9890,2025-10-03 13:08:56.733000+00:00,28.3,32.6,79.0,1011.9,0,168,2.2
1270,9890,2025-10-03 13:09:56.728000+00:00,28.3,32.4,79.0,1011.9,0,160,1.7
1270,9890,2025-10-03 13:09:56.730000+00:00,28.3,32.4,79.0,1011.9,0,160,1.7
1270,9890,2025-10-03 13:10:56.768000+00:00,28.3,32.4,79.0,1011.9,0,152,2.1
1270,9890,2025-10-03 13:11:56.730000+00:00,28.4,32.1,78.0,1011.9,0,152,2.1
1270,9890,2025-10-03 13:11:56.748000+00:00,28.4,32.1,78.0,1011.9,0,152,2.1
1270,9890,2025-10-03 13:11:56.754000+00:00,28.4,32.1,78.0,1011.9,0,152,2.1
1270,9890,2025-10-03 13:12:56.785000+00:00,28.3,32.1,78.0,1011.8,0,161,2.3
1270,9890,2025-10-03 13:12:56.801000+00:00,28.3,32.1,78.0,1011.8,0,161,2.3
1270,9890,2025-10-03 13:13:56.765000+00:00,28.3,32.3,78.0,1011.9,0,159,2.1
1270,9890,2025-10-03 13:13:56.781000+00:00,28.3,32.3,78.0,1011.9,0,159,2.1
1270,9890,2025-10-03 13:14:56.770000+00:00,28.3,32.3,78.0,1011.9,0,154,2.2
1270,9890,2025-10-03 13:14:56.786000+00:00,28.3,32.3,78.0,1011.9,0,154,2.2
1270,9890,2025-10-03 13:15:56.781000+00:00,28.3,32.1,78.0,1011.9,0,160,2.4
1270,9890,2025-10-03 13:15:56.790000+00:00,28.3,32.1,78.0,1011.9,0,160,2.4
1270,9890,2025-10-03 13:16:56.795000+00:00,28.3,31.9,78.0,1012.0,0,155,2.0
1270,9890,2025-10-03 13:16:56.801000+00:00,28.3,31.9,78.0,1012.0,0,155,2.0
1270,9890,2025-10-03 13:17:56.818000+00:00,28.3,32.0,78.0,1011.9,0,161,1.9
1270,9890,2025-10-03 13:17:56.829000+00:00,28.3,32.0,78.0,1011.9,0,161,1.9
1270,9890,2025-10-03 13:18:56.792000+00:00,28.2,31.9,78.0,1012.1,0,157,2.4
1270,9890,2025-10-03 13:18:56.811000+00:00,28.2,31.9,78.0,1012.1,0,157,2.4
1270,9890,2025-10-03 13:18:56.812000+00:00,28.2,31.9,78.0,1012.1,0,157,2.4
1270,9890,2025-10-03 13:19:56.829000+00:00,28.2,31.9,78.0,1012.0,0,158,2.5
1270,9890,2025-10-03 13:19:56.843000+00:00,28.2,31.9,78.0,1012.0,0,158,2.5
1270,9890,2025-10-03 13:20:56.844000+00:00,28.2,32.0,78.0,1012.1,0,158,2.3
1270,9890,2025-10-03 13:20:56.850000+00:00,28.2,32.0,78.0,1012.1,0,158,2.3
1270,9890,2025-10-03 13:20:56.856000+00:00,28.2,32.0,78.0,1012.1,0,158,2.3
1270,9890,2025-10-03 13:21:56.844000+00:00,28.2,32.2,78.0,1012.0,0,153,2.3
1270,9890,2025-10-03 13:22:56.862000+00:00,28.2,31.9,78.0,1012.0,0,154,2.1
1270,9890,2025-10-03 13:22:56.867000+00:00,28.2,31.9,78.0,1012.0,0,154,2.1
1270,9890,2025-10-03 13:23:56.860000+00:00,28.2,31.9,78.0,1012.0,0,155,2.1
1270,9890,2025-10-03 13:23:56.868000+00:00,28.2,31.9,78.0,1012.0,0,155,2.1
1270,9890,2025-10-03 13:24:56.845000+00:00,28.1,31.9,78.0,1012.0,0,157,2.1
1270,9890,2025-10-03 13:24:56.858000+00:00,28.1,31.9,78.0,1012.0,0,157,2.1
1270,9890,2025-10-03 13:24:56.860000+00:00,28.1,31.9,78.0,1012.0,0,157,2.1
1270,9890,2025-10-03 13:25:56.861000+00:00,28.1,31.9,78.0,1012.0,0,149,2.0
1270,9890,2025-10-03 13:26:56.877000+00:00,28.1,31.9,77.0,1012.1,0,156,1.7
1270,9890,2025-10-03 13:27:56.894000+00:00,28.1,31.7,78.0,1012.1,0,153,1.6
1270,9890,2025-10-03 13:27:56.900000+00:00,28.1,31.7,78.0,1012.1,0,153,1.6
1270,9890,2025-10-03 13:28:56.885000+00:00,28.1,32.0,78.0,1012.1,0,153,1.6
1270,9890,2025-10-03 13:28:56.900000+00:00,28.1,32.0,78.0,1012.1,0,153,1.6
1270,9890,2025-10-03 13:29:56.896000+00:00,28.1,32.0,78.0,1012.0,0,157,1.7
1270,9890,2025-10-03 13:29:56.906000+00:00,28.1,32.0,78.0,1012.0,0,157,1.7
1270,9890,2025-10-03 13:30:56.913000+00:00,28.1,31.9,77.0,1012.1,0,148,1.8
1270,9890,2025-10-03 13:30:56.916000+00:00,28.1,31.9,77.0,1012.1,0,148,1.8
1270,9890,2025-10-03 13:31:56.898000+00:00,28.1,31.9,78.0,1012.1,0,156,1.4
1270,9890,2025-10-03 13:31:56.905000+00:00,28.1,31.9,78.0,1012.1,0,156,1.4
1270,9890,2025-10-03 13:32:56.905000+00:00,28.1,31.9,78.0,1012.1,0,156,1.4
1270,9890,2025-10-03 13:32:56.923000+00:00,28.1,31.9,78.0,1012.1,0,156,1.4
1270,9890,2025-10-03 13:33:56.923000+00:00,28.1,32.2,76.0,1012.1,0,153,1.5
1270,9890,2025-10-03 13:33:56.935000+00:00,28.1,32.2,76.0,1012.1,0,153,1.5
1270,9890,2025-10-03 13:34:56.939000+00:00,28.2,32.2,76.0,1012.1,0,160,1.4
1270,9890,2025-10-03 13:34:56.955000+00:00,28.2,32.2,76.0,1012.1,0,160,1.4
1270,9890,2025-10-03 13:35:56.947000+00:00,28.2,32.1,75.0,1012.1,0,164,1.6
1270,9890,2025-10-03 13:35:56.954000+00:00,28.2,32.1,75.0,1012.1,0,164,1.6
1270,9890,2025-10-03 13:36:56.947000+00:00,28.2,32.1,76.0,1012.1,0,165,1.4
1270,9890,2025-10-03 13:36:56.956000+00:00,28.2,32.1,76.0,1012.1,0,165,1.4
1270,9890,2025-10-03 13:37:56.962000+00:00,28.3,32.3,76.0,1012.1,0,151,1.4
1270,9890,2025-10-03 13:38:56.964000+00:00,28.3,32.3,76.0,1012.1,0,151,1.4
1270,9890,2025-10-03 13:38:56.982000+00:00,28.3,32.3,76.0,1012.1,0,151,1.4
1270,9890,2025-10-03 13:39:56.997000+00:00,28.2,32.3,74.0,1012.1,0,145,1.6
1270,9890,2025-10-03 13:39:57+00:00,28.2,32.3,74.0,1012.1,0,145,1.6
1270,9890,2025-10-03 13:40:57.023000+00:00,28.2,32.2,74.0,1012.2,0,158,1.5
1270,9890,2025-10-03 13:40:57.024000+00:00,28.2,32.2,74.0,1012.2,0,158,1.5
1270,9890,2025-10-03 13:41:57.027000+00:00,28.1,32.2,74.0,1012.2,0,149,1.4
1270,9890,2025-10-03 13:41:57.037000+00:00,28.1,32.2,74.0,1012.2,0,149,1.4
1270,9890,2025-10-03 13:42:57.056000+00:00,28.1,32.2,74.0,1012.2,0,149,1.6
1270,9890,2025-10-03 13:42:57.066000+00:00,28.1,32.2,74.0,1012.2,0,149,1.6
1270,9890,2025-10-03 13:43:57.038000+00:00,28.1,32.2,74.0,1012.3,0,234,1.4
1270,9890,2025-10-03 13:43:57.050000+00:00,28.1,32.2,74.0,1012.3,0,234,1.4
1270,9890,2025-10-03 13:43:57.055000+00:00,28.1,32.2,74.0,1012.3,0,234,1.4
1270,9890,2025-10-03 13:44:57.053000+00:00,28.1,32.2,73.0,1012.3,0,153,1.2
1270,9890,2025-10-03 13:44:57.069000+00:00,28.1,32.2,73.0,1012.3,0,153,1.2
1270,9890,2025-10-03 13:45:57.077000+00:00,28.1,32.2,73.0,1012.4,0,167,1.5
1270,9890,2025-10-03 13:46:57.085000+00:00,28.1,32.2,73.0,1012.4,0,155,1.6
1270,9890,2025-10-03 13:46:57.102000+00:00,28.1,32.2,73.0,1012.4,0,155,1.6
1270,9890,2025-10-03 13:47:57.132000+00:00,28.1,32.0,73.0,1012.3,0,156,2.0
1270,9890,2025-10-03 13:47:57.147000+00:00,28.1,32.0,73.0,1012.3,0,156,2.0
1270,9890,2025-10-03 13:48:57.121000+00:00,28.1,31.9,73.0,1012.5,0,157,1.6
1270,9890,2025-10-03 13:48:57.135000+00:00,28.1,31.9,73.0,1012.5,0,157,1.6
1270,9890,2025-10-03 13:49:57.128000+00:00,28.1,32.0,73.0,1012.4,0,145,1.1
1270,9890,2025-10-03 13:49:57.138000+00:00,28.1,32.0,73.0,1012.4,0,145,1.1
1270,9890,2025-10-03 13:50:57.128000+00:00,28.1,32.0,73.0,1012.3,0,155,1.0
1270,9890,2025-10-03 13:50:57.139000+00:00,28.1,32.0,73.0,1012.3,0,155,1.0
1270,9890,2025-10-03 13:50:57.141000+00:00,28.1,32.0,73.0,1012.3,0,155,1.0
1270,9890,2025-10-03 13:51:57.129000+00:00,28.2,32.2,73.0,1012.4,0,152,1.1
1270,9890,2025-10-03 13:51:57.141000+00:00,28.2,32.2,73.0,1012.4,0,152,1.1
1270,9890,2025-10-03 13:52:57.141000+00:00,28.2,32.0,72.0,1012.5,0,153,0.7
1270,9890,2025-10-03 13:52:57.153000+00:00,28.2,32.0,72.0,1012.5,0,153,0.7
1270,9890,2025-10-03 13:53:57.163000+00:00,28.3,32.0,72.0,1012.4,0,153,1.0
1270,9890,2025-10-03 13:53:57.169000+00:00,28.3,32.0,72.0,1012.4,0,153,1.0
1270,9890,2025-10-03 13:54:57.151000+00:00,28.3,32.2,72.0,1012.4,0,146,1.2
1270,9890,2025-10-03 13:54:57.166000+00:00,28.3,32.2,72.0,1012.4,0,146,1.2
1270,9890,2025-10-03 13:55:57.161000+00:00,28.3,32.1,73.0,1012.4,0,149,1.4
1270,9890,2025-10-03 13:55:57.169000+00:00,28.3,32.1,73.0,1012.4,0,149,1.4
1270,9890,2025-10-03 13:56:57.186000+00:00,28.3,32.1,73.0,1012.6,0,157,1.9
1270,9890,2025-10-03 13:56:57.204000+00:00,28.3,32.1,73.0,1012.6,0,157,1.9
1270,9890,2025-10-03 13:57:57.193000+00:00,28.3,32.0,73.0,1012.5,0,153,1.4
1270,9890,2025-10-03 13:57:57.212000+00:00,28.3,32.0,73.0,1012.5,0,153,1.4
1270,9890,2025-10-03 13:58:57.204000+00:00,28.3,32.1,73.0,1012.4,0,146,1.1
1270,9890,2025-10-03 13:58:57.213000+00:00,28.3,32.1,73.0,1012.4,0,146,1.1
1270,9890,2025-10-03 13:58:57.217000+00:00,28.3,32.1,73.0,1012.4,0,146,1.1
1270,9890,2025-10-03 13:59:57.217000+00:00,28.4,32.1,74.0,1012.5,0,138,1.3
1270,9890,2025-10-03 13:59:57.226000+00:00,28.4,32.1,74.0,1012.5,0,138,1.3
1270,9890,2025-10-03 14:00:57.213000+00:00,28.4,32.6,73.0,1012.5,0,150,2.2
1270,9890,2025-10-03 14:00:57.224000+00:00,28.4,32.6,73.0,1012.5,0,150,2.2
1270,9890,2025-10-03 14:01:57.205000+00:00,28.4,32.6,73.0,1012.5,0,115,1.4
1270,9890,2025-10-03 14:01:57.225000+00:00,28.4,32.6,73.0,1012.5,0,115,1.4
1270,9890,2025-10-03 14:02:57.201000+00:00,28.5,32.6,73.0,1012.5,0,170,0.8
1270,9890,2025-10-03 14:02:57.216000+00:00,28.5,32.6,73.0,1012.5,0,170,0.8
1270,9890,2025-10-03 14:03:57.217000+00:00,28.5,32.6,73.0,1012.6,0,157,1.1
1270,9890,2025-10-03 14:03:57.227000+00:00,28.5,32.6,73.0,1012.6,0,157,1.1
1270,9890,2025-10-03 14:04:57.209000+00:00,28.5,32.6,73.0,1012.6,0,0,0.8
1270,9890,2025-10-03 14:04:57.224000+00:00,28.5,32.6,73.0,1012.6,0,0,0.8
1270,9890,2025-10-03 14:05:57.207000+00:00,28.5,32.5,73.0,1012.6,0,115,0.5
1270,9890,2025-10-03 14:05:57.227000+00:00,28.5,32.5,73.0,1012.6,0,115,0.5
1270,9891,2025-10-04 09:17:03.471000+00:00,30.8,43.0,60.0,1009.2,0,146,1.6
1270,9891,2025-10-04 09:17:03.478000+00:00,30.8,43.0,60.0,1009.2,0,146,1.6
1270,9891,2025-10-04 09:17:03.481000+00:00,30.8,43.0,60.0,1009.2,0,146,1.6
1270,9891,2025-10-04 09:18:03.478000+00:00,30.8,43.0,60.0,1009.2,0,146,1.6
1270,9891,2025-10-04 09:18:03.488000+00:00,30.8,43.0,60.0,1009.2,0,146,1.6
1270,9891,2025-10-04 09:18:03.493000+00:00,30.8,43.0,60.0,1009.2,0,146,1.6
1270,9891,2025-10-04 09:19:03.503000+00:00,30.9,42.7,59.0,1009.2,0,141,1.8
1270,9891,2025-10-04 09:19:03.510000+00:00,30.9,42.7,59.0,1009.2,0,141,1.8
1270,9891,2025-10-04 09:19:03.513000+00:00,30.9,42.7,59.0,1009.2,0,141,1.8
1270,9891,2025-10-04 09:20:03.490000+00:00,31.0,43.0,59.0,1009.2,0,142,1.1
1270,9891,2025-10-04 09:20:03.500000+00:00,31.0,43.0,59.0,1009.2,0,142,1.1
1270,9891,2025-10-04 09:20:03.506000+00:00,31.0,43.0,59.0,1009.2,0,142,1.1
1270,9891,2025-10-04 09:21:03.521000+00:00,31.0,43.0,59.0,1009.1,0,162,1.5
1270,9891,2025-10-04 09:21:03.529000+00:00,31.0,43.0,59.0,1009.1,0,162,1.5
1270,9891,2025-10-04 09:21:03.532000+00:00,31.0,43.0,59.0,1009.1,0,162,1.5
1270,9891,2025-10-04 09:22:03.521000+00:00,31.0,42.6,59.0,1009.2,0,159,2.1
1270,9891,2025-10-04 09:22:03.529000+00:00,31.0,42.6,59.0,1009.2,0,159,2.1
1270,9891,2025-10-04 09:22:03.532000+00:00,31.0,42.6,59.0,1009.2,0,159,2.1
1270,9891,2025-10-04 09:23:03.522000+00:00,31.0,42.2,59.0,1009.3,0,180,1.6
1270,9891,2025-10-04 09:23:03.530000+00:00,31.0,42.2,59.0,1009.3,0,180,1.6
1270,9891,2025-10-04 09:23:03.533000+00:00,31.0,42.2,59.0,1009.3,0,180,1.6
1270,9891,2025-10-04 09:24:03.525000+00:00,30.9,42.2,59.0,1009.3,0,180,1.6
1270,9891,2025-10-04 09:24:03.530000+00:00,30.9,42.2,59.0,1009.3,0,180,1.6
1270,9891,2025-10-04 09:24:03.535000+00:00,30.9,42.2,59.0,1009.3,0,180,1.6
1270,9891,2025-10-04 09:25:03.522000+00:00,30.9,42.1,60.0,1009.2,0,160,1.3
1270,9891,2025-10-04 09:25:03.531000+00:00,30.9,42.1,60.0,1009.2,0,160,1.3
1270,9891,2025-10-04 09:25:03.533000+00:00,30.9,42.1,60.0,1009.2,0,160,1.3
1270,9891,2025-10-04 09:26:03.531000+00:00,30.8,42.1,60.0,1009.2,0,185,0.7
1270,9891,2025-10-04 09:26:03.535000+00:00,30.8,42.1,60.0,1009.2,0,185,0.7
1270,9891,2025-10-04 09:26:03.537000+00:00,30.8,42.1,60.0,1009.2,0,185,0.7
1270,9891,2025-10-04 09:27:03.527000+00:00,30.8,42.1,60.0,1009.2,0,185,0.7
1270,9891,2025-10-04 09:27:03.535000+00:00,30.8,42.1,60.0,1009.2,0,185,0.7
1270,9891,2025-10-04 09:27:03.538000+00:00,30.8,42.1,60.0,1009.2,0,185,0.7
1270,9891,2025-10-04 09:28:03.541000+00:00,30.9,41.9,60.0,1009.3,0,147,1.0
1270,9891,2025-10-04 09:28:03.548000+00:00,30.9,41.9,60.0,1009.3,0,147,1.0
1270,9891,2025-10-04 09:28:03.551000+00:00,30.9,41.9,60.0,1009.3,0,147,1.0
1270,9891,2025-10-04 09:29:03.543000+00:00,30.8,41.8,60.0,1009.2,0,135,1.4
1270,9891,2025-10-04 09:29:03.553000+00:00,30.8,41.8,60.0,1009.2,0,135,1.4
1270,9891,2025-10-04 09:30:03.557000+00:00,30.8,42.0,60.0,1009.3,0,159,1.2
1270,9891,2025-10-04 09:30:03.566000+00:00,30.8,42.0,60.0,1009.3,0,159,1.2
1270,9891,2025-10-04 09:30:03.568000+00:00,30.8,42.0,60.0,1009.3,0,159,1.2
1270,9891,2025-10-04 09:31:03.577000+00:00,30.8,42.0,60.0,1009.3,0,149,1.5
1270,9891,2025-10-04 09:31:03.584000+00:00,30.8,42.0,60.0,1009.3,0,149,1.5
1270,9891,2025-10-04 09:31:03.587000+00:00,30.8,42.0,60.0,1009.3,0,149,1.5
1270,9891,2025-10-04 09:32:03.562000+00:00,30.9,42.1,60.0,1009.3,0,147,1.8
1270,9891,2025-10-04 09:32:03.571000+00:00,30.9,42.1,60.0,1009.3,0,147,1.8
1270,9891,2025-10-04 09:32:03.573000+00:00,30.9,42.1,60.0,1009.3,0,147,1.8
1270,9891,2025-10-04 09:33:03.577000+00:00,30.9,41.9,60.0,1009.3,0,142,1.3
1270,9891,2025-10-04 09:33:03.585000+00:00,30.9,41.9,60.0,1009.3,0,142,1.3
1270,9891,2025-10-04 09:33:03.588000+00:00,30.9,41.9,60.0,1009.3,0,142,1.3
1270,9891,2025-10-04 09:34:03.593000+00:00,30.9,42.0,61.0,1009.3,0,164,1.5
1270,9891,2025-10-04 09:34:03.600000+00:00,30.9,42.0,61.0,1009.3,0,164,1.5
1270,9891,2025-10-04 09:34:03.604000+00:00,30.9,42.0,61.0,1009.3,0,164,1.5
1270,9891,2025-10-04 09:35:03.577000+00:00,30.9,41.7,60.0,1009.4,0,154,1.6
1270,9891,2025-10-04 09:35:03.584000+00:00,30.9,41.7,60.0,1009.4,0,154,1.6
1270,9891,2025-10-04 09:35:03.587000+00:00,30.9,41.7,60.0,1009.4,0,154,1.6
1270,9891,2025-10-04 09:36:03.593000+00:00,31.0,41.7,61.0,1009.3,0,159,1.5
1270,9891,2025-10-04 09:36:03.601000+00:00,31.0,41.7,61.0,1009.3,0,159,1.5
1270,9891,2025-10-04 09:36:03.603000+00:00,31.0,41.7,61.0,1009.3,0,159,1.5
1270,9891,2025-10-04 09:37:03.609000+00:00,31.1,41.6,61.0,1009.3,0,169,1.2
1270,9891,2025-10-04 09:37:03.617000+00:00,31.1,41.6,61.0,1009.3,0,169,1.2
1270,9891,2025-10-04 09:37:03.619000+00:00,31.1,41.6,61.0,1009.3,0,169,1.2
1270,9891,2025-10-04 09:38:03.604000+00:00,31.1,41.9,61.0,1009.4,0,163,1.6
1270,9891,2025-10-04 09:38:03.617000+00:00,31.1,41.9,61.0,1009.4,0,163,1.6
1270,9891,2025-10-04 09:38:03.619000+00:00,31.1,41.9,61.0,1009.4,0,163,1.6
1270,9891,2025-10-04 09:39:03.620000+00:00,31.1,42.1,60.0,1009.3,0,155,2.2
1270,9891,2025-10-04 09:39:03.624000+00:00,31.1,42.1,60.0,1009.3,0,155,2.2
1270,9891,2025-10-04 09:39:03.626000+00:00,31.1,42.1,60.0,1009.3,0,155,2.2
1270,9891,2025-10-04 09:40:03.613000+00:00,31.2,41.7,60.0,1009.4,0,161,2.5
1270,9891,2025-10-04 09:40:03.622000+00:00,31.2,41.7,60.0,1009.4,0,161,2.5
1270,9891,2025-10-04 09:40:03.626000+00:00,31.2,41.7,60.0,1009.4,0,161,2.5
1270,9891,2025-10-04 09:41:03.617000+00:00,31.2,41.2,60.0,1009.4,0,154,2.5
1270,9891,2025-10-04 09:41:03.623000+00:00,31.2,41.2,60.0,1009.4,0,154,2.5
1270,9891,2025-10-04 09:41:03.627000+00:00,31.2,41.2,60.0,1009.4,0,154,2.5
1270,9891,2025-10-04 09:42:03.597000+00:00,31.1,41.2,61.0,1009.4,0,163,1.8
1270,9891,2025-10-04 09:42:03.606000+00:00,31.1,41.2,61.0,1009.4,0,163,1.8
1270,9891,2025-10-04 09:42:03.610000+00:00,31.1,41.2,61.0,1009.4,0,163,1.8
1270,9891,2025-10-04 09:43:03.620000+00:00,31.1,41.2,61.0,1009.5,0,155,1.3
1270,9891,2025-10-04 09:43:03.625000+00:00,31.1,41.2,61.0,1009.5,0,155,1.3
1270,9891,2025-10-04 09:43:03.627000+00:00,31.1,41.2,61.0,1009.5,0,155,1.3
1270,9891,2025-10-04 09:44:03.615000+00:00,31.1,40.7,61.0,1009.3,0,144,1.6
1270,9891,2025-10-04 09:44:03.626000+00:00,31.1,40.7,61.0,1009.3,0,144,1.6
1270,9891,2025-10-04 09:44:03.628000+00:00,31.1,40.7,61.0,1009.3,0,144,1.6
1270,9891,2025-10-04 09:45:03.618000+00:00,31.1,41.0,61.0,1009.4,0,159,1.7
1270,9891,2025-10-04 09:45:03.626000+00:00,31.1,41.0,61.0,1009.4,0,159,1.7
1270,9891,2025-10-04 09:45:03.630000+00:00,31.1,41.0,61.0,1009.4,0,159,1.7
1270,9891,2025-10-04 09:46:03.619000+00:00,31.1,41.3,60.0,1009.3,0,159,1.9
1270,9891,2025-10-04 09:46:03.626000+00:00,31.1,41.3,60.0,1009.3,0,159,1.9
1270,9891,2025-10-04 09:46:03.628000+00:00,31.1,41.3,60.0,1009.3,0,159,1.9
1270,9891,2025-10-04 09:47:03.606000+00:00,31.1,40.9,61.0,1009.4,0,156,2.2
1270,9891,2025-10-04 09:47:03.615000+00:00,31.1,40.9,61.0,1009.4,0,156,2.2
1270,9891,2025-10-04 09:47:03.619000+00:00,31.1,40.9,61.0,1009.4,0,156,2.2
1270,9891,2025-10-04 09:48:03.631000+00:00,31.2,40.9,61.0,1009.5,0,152,1.8
1270,9891,2025-10-04 09:48:03.634000+00:00,31.2,40.9,61.0,1009.5,0,152,1.8
1270,9891,2025-10-04 09:49:03.623000+00:00,31.2,40.9,61.0,1009.4,0,145,2.2
1270,9891,2025-10-04 09:49:03.628000+00:00,31.2,40.9,61.0,1009.4,0,145,2.2
1270,9891,2025-10-04 09:49:03.633000+00:00,31.2,40.9,61.0,1009.4,0,145,2.2
1270,9891,2025-10-04 09:50:03.659000+00:00,31.0,40.8,61.0,1009.5,0,164,1.9
1270,9891,2025-10-04 09:50:03.663000+00:00,31.0,40.8,61.0,1009.5,0,164,1.9
1270,9891,2025-10-04 09:50:03.664000+00:00,31.0,40.8,61.0,1009.5,0,164,1.9
1270,9891,2025-10-04 09:51:03.639000+00:00,31.0,40.6,62.0,1009.5,0,160,1.8
1270,9891,2025-10-04 09:51:03.648000+00:00,31.0,40.6,62.0,1009.5,0,160,1.8
1270,9891,2025-10-04 09:51:03.653000+00:00,31.0,40.6,62.0,1009.5,0,160,1.8
1270,9891,2025-10-04 09:52:03.653000+00:00,30.9,40.6,62.0,1009.4,0,150,1.9
1270,9891,2025-10-04 09:52:03.659000+00:00,30.9,40.6,62.0,1009.4,0,150,1.9
1270,9891,2025-10-04 09:52:03.660000+00:00,30.9,40.6,62.0,1009.4,0,150,1.9
1270,9891,2025-10-04 09:53:03.721000+00:00,30.9,41.0,62.0,1009.5,0,160,2.0
1270,9891,2025-10-04 09:54:03.754000+00:00,30.9,41.0,62.0,1009.3,0,154,1.9
1270,9891,2025-10-04 09:55:03.716000+00:00,30.9,41.1,62.0,1009.4,0,156,1.9
1270,9891,2025-10-04 09:55:03.717000+00:00,30.9,41.1,62.0,1009.4,0,156,1.9
1270,9891,2025-10-04 09:55:03.718000+00:00,30.9,41.1,62.0,1009.4,0,156,1.9
1270,9891,2025-10-04 09:56:03.721000+00:00,30.9,41.0,61.0,1009.4,0,135,1.9
1270,9891,2025-10-04 09:56:03.727000+00:00,30.9,41.0,61.0,1009.4,0,135,1.9
1270,9891,2025-10-04 09:56:03.740000+00:00,30.9,41.0,61.0,1009.4,0,135,1.9
1270,9891,2025-10-04 09:57:03.732000+00:00,30.9,40.6,62.0,1009.4,0,172,1.3
1270,9891,2025-10-04 09:57:03.740000+00:00,30.9,40.6,62.0,1009.4,0,172,1.3
1270,9891,2025-10-04 09:57:03.743000+00:00,30.9,40.6,62.0,1009.4,0,172,1.3
1270,9891,2025-10-04 09:58:03.750000+00:00,30.9,40.7,62.0,1009.4,0,154,1.6
1270,9891,2025-10-04 09:58:03.757000+00:00,30.9,40.7,62.0,1009.4,0,154,1.6
1270,9891,2025-10-04 09:58:03.760000+00:00,30.9,40.7,62.0,1009.4,0,154,1.6
1270,9891,2025-10-04 09:59:03.741000+00:00,31.0,40.8,62.0,1009.5,0,150,1.8
1270,9891,2025-10-04 09:59:03.749000+00:00,31.0,40.8,62.0,1009.5,0,150,1.8
1270,9891,2025-10-04 09:59:03.751000+00:00,31.0,40.8,62.0,1009.5,0,150,1.8
1270,9891,2025-10-04 10:00:03.751000+00:00,31.1,41.0,61.0,1009.5,0,159,2.0
1270,9891,2025-10-04 10:00:03.759000+00:00,31.1,41.0,61.0,1009.5,0,159,2.0
1270,9891,2025-10-04 10:00:03.761000+00:00,31.1,41.0,61.0,1009.5,0,159,2.0
1270,9891,2025-10-04 10:01:03.750000+00:00,31.1,40.8,61.0,1009.4,0,162,2.2
1270,9891,2025-10-04 10:01:03.759000+00:00,31.1,40.8,61.0,1009.4,0,162,2.2
1270,9891,2025-10-04 10:01:03.764000+00:00,31.1,40.8,61.0,1009.4,0,162,2.2
1270,9891,2025-10-04 10:02:03.769000+00:00,31.2,40.7,62.0,1009.4,0,154,1.6
1270,9891,2025-10-04 10:02:03.777000+00:00,31.2,40.7,62.0,1009.4,0,154,1.6
1270,9891,2025-10-04 10:02:03.782000+00:00,31.2,40.7,62.0,1009.4,0,154,1.6
1270,9891,2025-10-04 10:03:03.803000+00:00,31.2,40.2,62.0,1009.4,0,159,2.0
1270,9891,2025-10-04 10:03:03.813000+00:00,31.2,40.2,62.0,1009.4,0,159,2.0
1270,9891,2025-10-04 10:03:03.818000+00:00,31.2,40.2,62.0,1009.4,0,159,2.0
1270,9891,2025-10-04 10:04:03.810000+00:00,31.1,40.2,62.0,1009.4,0,163,1.6
1270,9891,2025-10-04 10:04:03.817000+00:00,31.1,40.2,62.0,1009.4,0,163,1.6
1270,9891,2025-10-04 10:04:03.819000+00:00,31.1,40.2,62.0,1009.4,0,163,1.6
1270,9891,2025-10-04 10:05:03.884000+00:00,31.1,40.3,62.0,1009.4,0,154,1.8
1270,9891,2025-10-04 10:05:03.892000+00:00,31.1,40.3,62.0,1009.4,0,154,1.8
1270,9891,2025-10-04 10:05:03.895000+00:00,31.1,40.3,62.0,1009.4,0,154,1.8
1270,9891,2025-10-04 10:06:03.837000+00:00,31.1,40.6,62.0,1009.5,0,160,2.3
1270,9891,2025-10-04 10:06:03.844000+00:00,31.1,40.6,62.0,1009.5,0,160,2.3
1270,9891,2025-10-04 10:06:03.846000+00:00,31.1,40.6,62.0,1009.5,0,160,2.3
1270,9891,2025-10-04 10:07:03.861000+00:00,31.1,40.6,62.0,1009.5,0,159,1.9
1270,9891,2025-10-04 10:07:03.868000+00:00,31.1,40.6,62.0,1009.5,0,159,1.9
1270,9891,2025-10-04 10:07:03.874000+00:00,31.1,40.6,62.0,1009.5,0,159,1.9
1270,9891,2025-10-04 10:08:03.858000+00:00,31.1,40.6,62.0,1009.6,0,156,2.4
1270,9891,2025-10-04 10:08:03.867000+00:00,31.1,40.6,62.0,1009.6,0,156,2.4
1270,9891,2025-10-04 10:08:03.873000+00:00,31.1,40.6,62.0,1009.6,0,156,2.4
1270,9891,2025-10-04 10:09:03.852000+00:00,31.1,40.6,62.0,1009.5,0,162,2.2
1270,9891,2025-10-04 10:09:03.860000+00:00,31.1,40.6,62.0,1009.5,0,162,2.2
1270,9891,2025-10-04 10:09:03.862000+00:00,31.1,40.6,62.0,1009.5,0,162,2.2
1270,9891,2025-10-04 10:10:03.854000+00:00,31.1,40.3,61.0,1009.4,0,157,2.5
1270,9891,2025-10-04 10:10:03.861000+00:00,31.1,40.3,61.0,1009.4,0,157,2.5
1270,9891,2025-10-04 10:10:03.863000+00:00,31.1,40.3,61.0,1009.4,0,157,2.5
1270,9891,2025-10-04 10:11:03.846000+00:00,31.2,40.3,61.0,1009.5,0,154,2.5
1270,9891,2025-10-04 10:11:03.851000+00:00,31.2,40.3,61.0,1009.5,0,154,2.5
1270,9891,2025-10-04 10:11:03.854000+00:00,31.2,40.3,61.0,1009.5,0,154,2.5
1270,9891,2025-10-04 10:12:03.856000+00:00,31.2,39.9,62.0,1009.5,0,161,2.4
1270,9891,2025-10-04 10:12:03.863000+00:00,31.2,39.9,62.0,1009.5,0,161,2.4
1270,9891,2025-10-04 10:12:03.866000+00:00,31.2,39.9,62.0,1009.5,0,161,2.4
1270,9891,2025-10-04 10:13:03.857000+00:00,31.2,40.0,62.0,1009.5,0,152,2.3
1270,9891,2025-10-04 10:13:03.866000+00:00,31.2,40.0,62.0,1009.5,0,152,2.3
1270,9891,2025-10-04 10:13:03.868000+00:00,31.2,40.0,62.0,1009.5,0,152,2.3
1270,9891,2025-10-04 10:14:03.842000+00:00,31.1,40.2,62.0,1009.5,0,157,2.0
1270,9891,2025-10-04 10:14:03.852000+00:00,31.1,40.2,62.0,1009.5,0,157,2.0
1270,9891,2025-10-04 10:14:03.855000+00:00,31.1,40.2,62.0,1009.5,0,157,2.0
1270,9891,2025-10-04 10:15:03.920000+00:00,31.1,40.3,61.0,1009.5,0,149,2.3
1270,9891,2025-10-04 10:16:03.857000+00:00,31.0,39.9,61.0,1009.5,0,154,2.1
1270,9891,2025-10-04 10:16:03.867000+00:00,31.0,39.9,61.0,1009.5,0,154,2.1
1270,9891,2025-10-04 10:16:03.870000+00:00,31.0,39.9,61.0,1009.5,0,154,2.1
1270,9891,2025-10-04 10:17:03.848000+00:00,30.9,39.7,62.0,1009.5,0,151,1.9
1270,9891,2025-10-04 10:17:03.853000+00:00,30.9,39.7,62.0,1009.5,0,151,1.9
1270,9891,2025-10-04 10:17:03.855000+00:00,30.9,39.7,62.0,1009.5,0,151,1.9
1270,9891,2025-10-04 10:18:03.868000+00:00,30.9,39.8,62.0,1009.5,0,155,1.8
1270,9891,2025-10-04 10:18:03.878000+00:00,30.9,39.8,62.0,1009.5,0,155,1.8
1270,9891,2025-10-04 10:18:03.880000+00:00,30.9,39.8,62.0,1009.5,0,155,1.8
1270,9891,2025-10-04 10:19:03.862000+00:00,30.9,39.8,62.0,1009.6,0,149,1.8
1270,9891,2025-10-04 10:19:03.870000+00:00,30.9,39.8,62.0,1009.6,0,149,1.8
1270,9891,2025-10-04 10:19:03.872000+00:00,30.9,39.8,62.0,1009.6,0,149,1.8
1270,9891,2025-10-04 10:20:03.879000+00:00,30.9,39.6,62.0,1009.5,0,153,2.1
1270,9891,2025-10-04 10:20:03.886000+00:00,30.9,39.6,62.0,1009.5,0,153,2.1
1270,9891,2025-10-04 10:20:03.888000+00:00,30.9,39.6,62.0,1009.5,0,153,2.1
1270,9891,2025-10-04 10:21:03.879000+00:00,30.9,39.6,63.0,1009.6,0,164,1.7
1270,9891,2025-10-04 10:21:03.890000+00:00,30.9,39.6,63.0,1009.6,0,164,1.7
1270,9891,2025-10-04 10:21:03.894000+00:00,30.9,39.6,63.0,1009.6,0,164,1.7
1270,9891,2025-10-04 10:22:03.898000+00:00,31.0,39.2,62.0,1009.6,0,159,2.2
1270,9891,2025-10-04 10:22:03.905000+00:00,31.0,39.2,62.0,1009.6,0,159,2.2
1270,9891,2025-10-04 10:22:03.913000+00:00,31.0,39.2,62.0,1009.6,0,159,2.2
1270,9891,2025-10-04 10:23:03.895000+00:00,31.0,39.2,62.0,1009.6,0,159,2.1
1270,9891,2025-10-04 10:23:03.908000+00:00,31.0,39.2,62.0,1009.6,0,159,2.1
1270,9891,2025-10-04 10:23:03.910000+00:00,31.0,39.2,62.0,1009.6,0,159,2.1
1270,9891,2025-10-04 10:24:03.911000+00:00,30.9,39.3,62.0,1009.6,0,154,2.2
1270,9891,2025-10-04 10:24:03.916000+00:00,30.9,39.3,62.0,1009.6,0,154,2.2
1270,9891,2025-10-04 10:24:03.917000+00:00,30.9,39.3,62.0,1009.6,0,154,2.2
1270,9891,2025-10-04 10:25:03.900000+00:00,30.9,39.3,62.0,1009.6,0,149,1.7
1270,9891,2025-10-04 10:25:03.908000+00:00,30.9,39.3,62.0,1009.6,0,149,1.7
1270,9891,2025-10-04 10:25:03.912000+00:00,30.9,39.3,62.0,1009.6,0,149,1.7
1270,9891,2025-10-04 10:26:03.899000+00:00,30.9,39.4,63.0,1009.6,0,147,1.7
1270,9891,2025-10-04 10:26:03.907000+00:00,30.9,39.4,63.0,1009.6,0,147,1.7
1270,9891,2025-10-04 10:26:03.909000+00:00,30.9,39.4,63.0,1009.6,0,147,1.7
1270,9891,2025-10-04 10:27:03.900000+00:00,30.9,39.4,63.0,1009.6,0,153,1.7
1270,9891,2025-10-04 10:27:03.907000+00:00,30.9,39.4,63.0,1009.6,0,153,1.7
1270,9891,2025-10-04 10:27:03.917000+00:00,30.9,39.4,63.0,1009.6,0,153,1.7
1270,9891,2025-10-04 10:28:03.906000+00:00,31.0,39.5,62.0,1009.6,0,158,2.1
1270,9891,2025-10-04 10:28:03.913000+00:00,31.0,39.5,62.0,1009.6,0,158,2.1
1270,9891,2025-10-04 10:28:03.915000+00:00,31.0,39.5,62.0,1009.6,0,158,2.1
1270,9891,2025-10-04 10:29:03.905000+00:00,31.0,39.4,62.0,1009.7,0,151,2.2
1270,9891,2025-10-04 10:29:03.913000+00:00,31.0,39.4,62.0,1009.7,0,151,2.2
1270,9891,2025-10-04 10:29:03.915000+00:00,31.0,39.4,62.0,1009.7,0,151,2.2
1270,9891,2025-10-04 10:30:03.913000+00:00,31.0,39.1,63.0,1009.6,0,157,1.9
1270,9891,2025-10-04 10:30:03.920000+00:00,31.0,39.1,63.0,1009.6,0,157,1.9
1270,9891,2025-10-04 10:30:03.923000+00:00,31.0,39.1,63.0,1009.6,0,157,1.9
1270,9891,2025-10-04 10:31:03.918000+00:00,31.0,39.1,62.0,1009.7,0,152,1.9
1270,9891,2025-10-04 10:31:03.925000+00:00,31.0,39.1,62.0,1009.7,0,152,1.9
1270,9891,2025-10-04 10:31:03.936000+00:00,31.0,39.1,62.0,1009.7,0,152,1.9
1270,9891,2025-10-04 10:32:03.919000+00:00,30.9,39.5,62.0,1009.7,0,150,1.8
1270,9891,2025-10-04 10:32:03.929000+00:00,30.9,39.5,62.0,1009.7,0,150,1.8
1270,9891,2025-10-04 10:32:03.930000+00:00,30.9,39.5,62.0,1009.7,0,150,1.8
1270,9891,2025-10-04 10:33:03.954000+00:00,31.0,39.5,62.0,1009.7,0,163,2.0
1270,9891,2025-10-04 10:33:03.960000+00:00,31.0,39.5,62.0,1009.7,0,163,2.0
1270,9891,2025-10-04 10:33:03.963000+00:00,31.0,39.5,62.0,1009.7,0,163,2.0
1270,9891,2025-10-04 10:34:03.955000+00:00,31.0,39.2,61.0,1009.7,0,157,2.0
1270,9891,2025-10-04 10:34:03.961000+00:00,31.0,39.2,61.0,1009.7,0,157,2.0
1270,9891,2025-10-04 10:34:03.965000+00:00,31.0,39.2,61.0,1009.7,0,157,2.0
1270,9891,2025-10-04 10:35:03.956000+00:00,31.0,39.1,62.0,1009.6,0,149,2.2
1270,9891,2025-10-04 10:35:03.962000+00:00,31.0,39.1,62.0,1009.6,0,149,2.2
1270,9891,2025-10-04 10:35:03.966000+00:00,31.0,39.1,62.0,1009.6,0,149,2.2
1270,9891,2025-10-04 10:36:03.937000+00:00,30.9,39.0,62.0,1009.8,0,162,2.0
1270,9891,2025-10-04 10:36:03.944000+00:00,30.9,39.0,62.0,1009.8,0,162,2.0
1270,9891,2025-10-04 10:36:03.946000+00:00,30.9,39.0,62.0,1009.8,0,162,2.0
1270,9891,2025-10-04 10:37:03.937000+00:00,30.9,39.0,62.0,1009.7,0,148,1.9
1270,9891,2025-10-04 10:37:03.946000+00:00,30.9,39.0,62.0,1009.7,0,148,1.9
1270,9891,2025-10-04 10:37:03.948000+00:00,30.9,39.0,62.0,1009.7,0,148,1.9
1270,9892,2025-10-04 12:49:04.812000+00:00,30.1,35.8,67.0,1011.0,0,152,1.1
1270,9892,2025-10-04 12:50:04.802000+00:00,30.2,35.8,67.0,1011.0,0,158,1.4
1270,9892,2025-10-04 12:51:04.790000+00:00,30.2,35.6,67.0,1011.0,0,174,1.5
1270,9892,2025-10-04 12:52:04.805000+00:00,30.1,35.6,67.0,1011.0,0,155,1.0
1270,9892,2025-10-04 12:53:04.805000+00:00,30.1,35.6,67.0,1011.0,0,153,1.2
1270,9892,2025-10-04 12:54:04.809000+00:00,30.1,35.6,67.0,1011.1,0,164,1.4
1270,9892,2025-10-04 12:55:04.806000+00:00,30.1,35.6,67.0,1011.1,0,153,1.4
1270,9892,2025-10-04 12:56:04.792000+00:00,30.1,35.5,68.0,1011.1,0,159,1.6
1270,9892,2025-10-04 12:57:04.818000+00:00,30.0,35.4,67.0,1011.0,0,163,1.6
1270,9892,2025-10-04 12:58:04.823000+00:00,30.0,35.4,67.0,1011.1,0,154,1.2
1270,9892,2025-10-04 12:59:04.844000+00:00,30.0,35.3,68.0,1011.0,0,156,1.4
1270,9892,2025-10-04 13:00:04.857000+00:00,30.0,35.4,68.0,1011.0,0,151,1.5
1270,9892,2025-10-04 13:01:04.859000+00:00,30.0,35.5,68.0,1011.1,0,155,1.4
1270,9892,2025-10-04 13:02:04.890000+00:00,30.0,35.5,68.0,1011.1,0,151,1.7
1270,9892,2025-10-04 13:03:04.893000+00:00,30.0,35.3,68.0,1011.1,0,157,1.4
1270,9892,2025-10-04 13:04:04.892000+00:00,29.9,35.3,68.0,1011.0,0,168,1.7
1270,9892,2025-10-04 13:05:04.893000+00:00,30.0,35.3,69.0,1011.1,0,166,1.6
1270,9892,2025-10-04 13:06:04.912000+00:00,30.0,35.3,69.0,1011.1,0,158,1.8
1270,9892,2025-10-04 13:07:04.919000+00:00,30.0,35.3,68.0,1011.1,0,158,1.8
1270,9892,2025-10-04 13:08:04.910000+00:00,30.0,35.3,68.0,1011.1,0,165,1.6
1270,9892,2025-10-04 13:09:04.910000+00:00,30.0,35.4,69.0,1011.3,0,156,1.5
1270,9892,2025-10-04 13:10:04.898000+00:00,30.0,35.2,68.0,1011.2,0,158,2.1
1270,9892,2025-10-04 13:11:04.927000+00:00,30.0,35.2,69.0,1011.2,0,151,1.9
1270,9892,2025-10-04 13:12:04.945000+00:00,30.1,35.2,69.0,1011.2,0,158,1.8
1270,9892,2025-10-04 13:13:04.929000+00:00,30.0,35.1,68.0,1011.2,0,159,1.9
1270,9892,2025-10-04 13:14:04.945000+00:00,30.0,35.1,68.0,1011.2,0,156,2.2
1270,9892,2025-10-04 13:15:04.937000+00:00,30.0,35.4,68.0,1011.2,0,156,2.3
1270,9892,2025-10-04 13:16:04.947000+00:00,30.0,35.5,68.0,1011.3,0,153,2.0
1270,9892,2025-10-04 13:17:04.932000+00:00,30.0,35.4,68.0,1011.2,0,162,1.9
1270,9892,2025-10-04 13:18:04.949000+00:00,30.0,35.2,69.0,1011.3,0,159,1.9
1270,9892,2025-10-04 13:19:04.949000+00:00,30.0,35.0,69.0,1011.3,0,160,1.7
1270,9892,2025-10-04 13:20:04.950000+00:00,30.1,35.2,69.0,1011.2,0,158,1.9
1270,9892,2025-10-04 13:21:04.968000+00:00,30.1,35.0,68.0,1011.3,0,156,1.7
1270,9892,2025-10-04 13:22:04.967000+00:00,30.1,35.0,69.0,1011.4,0,155,2.1
1270,9892,2025-10-04 13:23:04.971000+00:00,30.0,35.0,69.0,1011.4,0,167,2.1
1270,9892,2025-10-04 13:24:05.009000+00:00,30.0,35.0,69.0,1011.3,0,161,2.0
1270,9892,2025-10-04 13:25:05.002000+00:00,29.9,35.0,68.0,1011.3,0,160,2.0
1270,9892,2025-10-04 13:26:05.019000+00:00,29.9,34.8,68.0,1011.4,0,150,2.1
1270,9892,2025-10-04 13:27:05.019000+00:00,29.9,34.7,69.0,1011.4,0,160,1.5
1270,9892,2025-10-04 13:28:05.019000+00:00,29.8,34.8,69.0,1011.4,0,152,1.6
1270,9892,2025-10-04 13:29:05.035000+00:00,29.8,34.8,69.0,1011.4,0,157,1.6
1270,9892,2025-10-04 13:30:05.038000+00:00,29.8,34.8,69.0,1011.4,0,151,1.7
1270,9892,2025-10-04 13:31:05.036000+00:00,29.8,34.6,69.0,1011.3,0,158,1.6
1270,9892,2025-10-04 13:32:05.023000+00:00,29.7,34.5,69.0,1011.4,0,153,1.6
1270,9892,2025-10-04 13:33:05.037000+00:00,29.6,34.5,70.0,1011.3,0,156,1.4
1270,9892,2025-10-04 13:34:05.038000+00:00,29.6,34.6,70.0,1011.4,0,172,1.5
1270,9892,2025-10-04 13:35:05.052000+00:00,29.7,34.8,70.0,1011.4,0,152,1.1
1270,9892,2025-10-04 13:36:05.055000+00:00,29.8,34.8,70.0,1011.4,0,159,1.0
1270,9892,2025-10-04 13:37:05.061000+00:00,29.8,34.9,69.0,1011.5,0,169,1.5
1270,9892,2025-10-04 13:38:05.075000+00:00,29.8,34.9,70.0,1011.5,0,161,1.4
1270,9892,2025-10-04 13:39:05.073000+00:00,29.8,34.7,70.0,1011.5,0,160,1.8
1270,9892,2025-10-04 13:40:05.089000+00:00,29.8,34.6,70.0,1011.6,0,151,1.9
1270,9892,2025-10-04 13:41:05.092000+00:00,29.8,34.6,70.0,1011.6,0,167,1.9
1270,9892,2025-10-04 13:42:05.077000+00:00,29.8,34.6,70.0,1011.6,0,158,1.8
1270,9892,2025-10-04 13:43:05.112000+00:00,29.8,34.9,70.0,1011.6,0,145,1.7
1270,9892,2025-10-04 13:44:05.117000+00:00,29.8,34.8,70.0,1011.6,0,160,1.7
1270,9892,2025-10-04 13:45:05.144000+00:00,29.7,34.8,70.0,1011.7,0,165,1.3
1270,9892,2025-10-04 13:46:05.162000+00:00,29.8,34.8,70.0,1011.7,0,163,1.3
1270,9892,2025-10-04 13:47:05.298000+00:00,29.8,34.8,70.0,1011.7,0,156,1.3
1270,9892,2025-10-04 13:48:05.301000+00:00,29.8,34.5,70.0,1011.8,0,163,1.9
1270,9892,2025-10-04 13:49:05.304000+00:00,29.8,34.5,70.0,1011.9,0,161,1.9
1270,9892,2025-10-04 13:50:05.304000+00:00,29.8,34.5,70.0,1011.8,0,155,1.7
1270,9892,2025-10-04 13:51:05.303000+00:00,29.7,34.7,70.0,1011.9,0,160,1.5
1270,9892,2025-10-04 13:52:05.304000+00:00,29.7,34.8,70.0,1011.8,0,161,1.6
1270,9892,2025-10-04 13:53:05.336000+00:00,29.7,34.8,70.0,1011.8,0,160,1.4
1270,9892,2025-10-04 13:54:05.323000+00:00,29.7,34.9,70.0,1011.8,0,157,1.2
1270,9892,2025-10-04 13:55:05.359000+00:00,29.7,34.7,70.0,1011.9,0,169,1.5
1270,9892,2025-10-04 13:56:05.354000+00:00,29.7,34.6,70.0,1011.8,0,158,1.7
1270,9892,2025-10-04 13:57:05.358000+00:00,29.6,34.7,70.0,1011.9,0,159,1.5
1270,9892,2025-10-04 13:58:05.397000+00:00,29.6,34.5,71.0,1012.0,0,160,1.8
1270,9892,2025-10-04 13:59:05.360000+00:00,29.6,34.5,71.0,1011.9,0,157,1.9
1270,9892,2025-10-04 14:00:05.377000+00:00,29.6,34.5,71.0,1011.9,0,165,1.9
1270,9892,2025-10-04 14:01:05.392000+00:00,29.7,34.8,70.0,1012.0,0,163,1.8
1270,9892,2025-10-04 14:02:05.408000+00:00,29.8,34.7,70.0,1012.0,0,163,1.5
1270,9892,2025-10-04 14:03:05.405000+00:00,29.7,34.5,70.0,1012.0,0,155,1.8
1270,9892,2025-10-04 14:04:05.403000+00:00,29.6,34.5,71.0,1012.0,0,158,1.8
1270,9892,2025-10-04 14:05:05.426000+00:00,29.6,34.3,71.0,1012.0,0,150,1.5
1270,9892,2025-10-04 14:06:05.426000+00:00,29.6,34.4,71.0,1012.1,0,155,1.3
1270,9892,2025-10-04 14:07:05.446000+00:00,29.6,34.4,71.0,1012.1,0,164,1.7
1270,9892,2025-10-04 14:08:05.422000+00:00,29.6,34.4,71.0,1012.1,0,155,1.8
1270,9892,2025-10-04 14:09:05.425000+00:00,29.7,34.5,71.0,1012.1,0,158,1.8
1270,9892,2025-10-04 14:10:05.445000+00:00,29.6,34.7,71.0,1012.1,0,163,1.4
1270,9896,2025-10-05 11:09:12.972000+00:00,28.5,34.0,75.0,1009.9,0,151,1.6
1270,9896,2025-10-05 11:10:12.981000+00:00,28.6,34.4,75.0,1009.8,0,156,1.2
1270,9896,2025-10-05 11:11:12.996000+00:00,28.8,34.8,74.0,1009.8,0,167,1.3
1270,9896,2025-10-05 11:12:12.998000+00:00,28.7,34.5,73.0,1009.9,0,141,1.1
1270,9896,2025-10-05 11:13:12.986000+00:00,28.8,34.3,74.0,1009.9,1,149,1.0
1270,9896,2025-10-05 11:14:13.006000+00:00,28.8,34.3,75.0,1009.9,1,145,1.0
1270,9896,2025-10-05 11:15:12.991000+00:00,28.8,34.2,74.0,1009.9,1,161,1.4
1270,9896,2025-10-05 11:16:12.991000+00:00,28.7,34.2,73.0,1009.9,1,154,1.3
1270,9896,2025-10-05 11:17:12.984000+00:00,28.7,34.1,72.0,1010.0,0,167,1.4
1270,9896,2025-10-05 11:18:13.002000+00:00,28.6,33.9,72.0,1010.1,0,152,1.2
1270,9896,2025-10-05 11:19:13+00:00,28.7,34.1,72.0,1010.0,0,152,1.3
1270,9896,2025-10-05 11:20:13.004000+00:00,28.8,34.1,71.0,1009.9,0,152,1.1
1270,9896,2025-10-05 11:21:13.004000+00:00,28.8,34.0,73.0,1010.0,1,159,1.2
1270,9896,2025-10-05 11:22:13.010000+00:00,28.8,33.7,72.0,1010.0,1,155,1.3
1270,9896,2025-10-05 11:23:12.994000+00:00,28.7,33.7,73.0,1010.1,0,153,1.4
1270,9896,2025-10-05 11:24:13.007000+00:00,28.8,33.7,74.0,1010.1,0,165,1.1
1270,9896,2025-10-05 11:25:13.040000+00:00,28.8,33.6,76.0,1010.1,0,165,1.1
1270,9896,2025-10-05 11:26:13.053000+00:00,28.9,34.3,75.0,1010.0,0,159,0.8
1270,9896,2025-10-05 11:27:13.040000+00:00,28.9,34.8,76.0,1009.9,0,144,0.7
1270,9896,2025-10-05 11:28:13.060000+00:00,28.8,34.8,75.0,1009.9,0,84,0.6
1270,9896,2025-10-05 11:29:13.071000+00:00,28.8,34.9,71.0,1009.8,0,0,0.4
1270,9896,2025-10-05 11:30:13.078000+00:00,28.9,37.0,77.0,1009.9,0,341,0.4
1270,9896,2025-10-05 11:31:13.071000+00:00,28.9,37.0,77.0,1010.0,0,0,0.0
1270,9896,2025-10-05 11:32:13.071000+00:00,28.9,38.8,76.0,1010.0,0,76,0.0
1270,9896,2025-10-05 11:33:13.105000+00:00,29.0,37.7,74.0,1010.1,0,151,0.5
1270,9896,2025-10-05 11:34:13.100000+00:00,29.0,33.5,74.0,1010.2,0,160,0.9
1270,9896,2025-10-05 11:35:13.113000+00:00,28.8,32.8,77.0,1010.4,0,150,0.7
1270,9896,2025-10-05 11:36:13.089000+00:00,28.8,34.1,78.0,1010.4,0,168,0.7
1270,9896,2025-10-05 11:37:13.106000+00:00,28.8,34.6,78.0,1010.3,0,139,0.4
1270,9896,2025-10-05 11:38:13.123000+00:00,28.7,34.5,76.0,1010.3,0,169,1.1
1270,9896,2025-10-05 11:39:13.146000+00:00,28.6,32.9,77.0,1010.3,0,187,1.5
1270,9896,2025-10-05 11:40:13.130000+00:00,28.7,32.7,78.0,1010.4,0,191,1.3
1270,9896,2025-10-05 11:41:13.146000+00:00,28.7,32.9,78.0,1010.4,0,184,1.2
1270,9896,2025-10-05 11:42:13.145000+00:00,28.7,33.2,78.0,1010.5,0,183,1.3
1270,9896,2025-10-05 11:43:13.182000+00:00,28.7,33.0,78.0,1010.4,0,168,1.3
1270,9896,2025-10-05 11:44:13.164000+00:00,28.8,32.5,79.0,1010.4,0,152,1.6
1270,9896,2025-10-05 11:45:13.187000+00:00,28.8,32.5,79.0,1010.5,0,146,1.6
1270,9896,2025-10-05 11:46:13.185000+00:00,28.8,33.2,81.0,1010.5,0,171,1.1
1270,9896,2025-10-05 11:47:13.183000+00:00,28.8,33.2,81.0,1010.6,0,163,1.3
1270,9896,2025-10-05 11:48:13.191000+00:00,28.8,32.6,80.0,1010.6,0,163,1.4
1270,9896,2025-10-05 11:49:13.183000+00:00,28.8,32.6,81.0,1010.7,0,162,1.4
1270,9896,2025-10-05 11:50:13.198000+00:00,28.7,32.7,81.0,1010.5,0,164,1.1
1270,9896,2025-10-05 11:51:13.226000+00:00,28.7,32.8,81.0,1010.6,0,165,1.2
1270,9896,2025-10-05 11:52:13.228000+00:00,28.7,32.8,81.0,1010.6,0,157,1.1
1270,9896,2025-10-05 11:53:13.243000+00:00,28.7,33.4,81.0,1010.7,0,164,1.1
1270,9896,2025-10-05 11:54:13.279000+00:00,28.7,33.0,81.0,1010.6,0,151,1.0
1270,9896,2025-10-05 11:55:13.271000+00:00,28.6,33.0,80.0,1010.7,0,166,1.0
1270,9896,2025-10-05 11:56:13.270000+00:00,28.6,33.0,81.0,1010.6,0,167,1.1
1270,9896,2025-10-05 11:57:13.279000+00:00,28.6,33.1,81.0,1010.7,0,181,0.9
1270,9896,2025-10-05 11:58:13.269000+00:00,28.6,33.4,81.0,1010.7,0,188,1.1
1270,9896,2025-10-05 11:59:13.288000+00:00,28.6,33.2,81.0,1010.7,0,190,1.0
1270,9896,2025-10-05 12:00:13.287000+00:00,28.6,33.2,82.0,1010.6,0,154,0.5
1270,9896,2025-10-05 12:01:13.297000+00:00,28.6,33.4,81.0,1010.7,0,0,0.4
1270,9896,2025-10-05 12:02:13.313000+00:00,28.6,36.1,81.0,1010.6,0,142,0.4
1270,9896,2025-10-05 12:03:13.317000+00:00,28.7,34.1,81.0,1010.6,0,0,0.5
1270,9896,2025-10-05 12:04:13.339000+00:00,28.7,33.6,80.0,1010.6,0,0,0.4
1270,9896,2025-10-05 12:05:13.351000+00:00,28.9,34.2,81.0,1010.6,0,103,0.5
1270,9896,2025-10-05 12:06:13.371000+00:00,28.9,34.2,80.0,1010.7,0,0,0.6
1270,9896,2025-10-05 12:07:13.382000+00:00,28.9,33.3,81.0,1010.6,0,262,0.5
1270,9896,2025-10-05 12:08:13.377000+00:00,28.9,34.2,80.0,1010.7,0,181,0.6
1270,9896,2025-10-05 12:09:13.406000+00:00,29.1,34.5,80.0,1010.7,0,233,0.8
1270,9896,2025-10-05 12:10:13.401000+00:00,29.1,34.5,80.0,1010.6,0,178,0.8
1270,9896,2025-10-05 12:11:13.432000+00:00,29.1,34.1,78.0,1010.7,0,148,1.0
1270,9896,2025-10-05 12:12:13.435000+00:00,29.0,33.8,78.0,1010.7,0,165,1.0
1270,9896,2025-10-05 12:13:13.438000+00:00,29.1,33.6,78.0,1010.7,0,144,0.8
1270,9896,2025-10-05 12:14:13.455000+00:00,29.1,33.8,78.0,1010.7,0,160,1.4
1270,9896,2025-10-05 12:15:13.461000+00:00,29.0,33.8,78.0,1010.7,0,165,1.9
1270,9896,2025-10-05 12:16:13.473000+00:00,29.1,33.9,77.0,1010.6,0,182,1.2
1270,9896,2025-10-05 12:17:13.464000+00:00,29.1,34.1,77.0,1010.7,0,167,1.4
1270,9896,2025-10-05 12:18:13.473000+00:00,29.1,34.0,77.0,1010.6,0,153,1.7
1270,9896,2025-10-05 12:19:13.483000+00:00,29.1,34.0,76.0,1010.7,0,156,1.8
1270,9896,2025-10-05 12:20:13.487000+00:00,29.1,34.2,75.0,1010.7,0,151,1.7
1270,9896,2025-10-05 12:21:13.521000+00:00,29.1,34.3,74.0,1010.7,0,159,1.7
1270,9896,2025-10-05 12:22:13.524000+00:00,29.0,34.3,74.0,1010.8,0,155,1.9
1270,9896,2025-10-05 12:23:13.537000+00:00,29.0,34.0,73.0,1010.8,0,162,1.9
1270,9896,2025-10-05 12:24:13.554000+00:00,29.0,33.9,74.0,1010.7,0,159,2.2
1270,9896,2025-10-05 12:25:13.558000+00:00,29.0,34.0,73.0,1010.8,0,168,1.6
1270,9896,2025-10-05 12:26:13.545000+00:00,29.1,33.9,71.0,1010.8,0,159,2.0
1270,9896,2025-10-05 12:27:13.546000+00:00,29.1,34.3,72.0,1010.9,0,146,1.6
1270,9896,2025-10-05 12:28:13.561000+00:00,29.1,34.0,72.0,1010.8,0,162,2.1
1270,9896,2025-10-05 12:29:13.573000+00:00,29.1,34.0,71.0,1010.7,0,153,2.0
1270,9896,2025-10-05 12:30:13.589000+00:00,29.2,33.8,72.0,1010.8,0,157,2.1
1270,9896,2025-10-05 12:31:13.623000+00:00,29.2,33.8,72.0,1010.7,0,148,1.8
1270,9896,2025-10-05 12:32:13.614000+00:00,29.2,34.1,72.0,1010.8,0,151,1.9
1270,9896,2025-10-05 12:33:13.641000+00:00,29.3,34.1,72.0,1010.8,0,161,1.1
1270,9896,2025-10-05 12:34:13.670000+00:00,29.2,33.8,72.0,1010.8,0,140,1.5
1270,9896,2025-10-05 12:35:13.638000+00:00,29.2,33.8,73.0,1010.9,0,147,0.9
1270,9896,2025-10-05 12:36:13.640000+00:00,29.2,33.8,73.0,1010.9,0,158,1.0
1270,9896,2025-10-05 12:37:13.645000+00:00,29.2,34.0,72.0,1010.9,0,148,1.2
1270,9896,2025-10-05 12:38:13.662000+00:00,29.2,34.0,71.0,1010.9,0,162,1.3
1270,9896,2025-10-05 12:39:13.650000+00:00,29.2,33.7,72.0,1010.9,0,175,1.5
1270,9896,2025-10-05 12:40:13.641000+00:00,29.2,33.8,72.0,1010.9,0,163,1.1
1270,9896,2025-10-05 12:41:13.662000+00:00,29.2,33.7,72.0,1010.9,0,168,1.3
1270,9896,2025-10-05 12:42:13.653000+00:00,29.3,33.7,72.0,1010.9,0,135,1.3
1270,9896,2025-10-05 12:43:13.643000+00:00,29.3,33.8,72.0,1010.9,0,160,1.4
1270,9896,2025-10-05 12:44:13.672000+00:00,29.3,33.7,71.0,1010.9,0,149,1.4
1270,9896,2025-10-05 12:45:13.673000+00:00,29.3,33.7,72.0,1011.0,0,157,1.5
1270,9896,2025-10-05 12:46:13.694000+00:00,29.2,33.7,72.0,1011.0,0,152,1.4
1270,9896,2025-10-05 12:47:13.695000+00:00,29.2,33.7,72.0,1011.0,0,150,1.2
1270,9896,2025-10-05 12:48:13.681000+00:00,29.2,33.7,72.0,1011.0,0,160,1.1
1270,9896,2025-10-05 12:49:13.685000+00:00,29.2,33.7,73.0,1011.0,0,143,1.1
1270,9896,2025-10-05 12:50:13.711000+00:00,29.2,33.9,73.0,1011.0,0,163,1.1
1270,9896,2025-10-05 12:51:13.712000+00:00,29.2,33.9,72.0,1011.1,0,161,1.3
1270,9896,2025-10-05 12:52:13.728000+00:00,29.3,33.7,72.0,1011.1,0,157,1.1
1270,9896,2025-10-05 12:53:13.722000+00:00,29.2,33.8,72.0,1011.1,0,150,1.1
1270,9896,2025-10-05 12:54:13.747000+00:00,29.2,33.8,72.0,1011.1,0,162,1.3
1270,9896,2025-10-05 12:55:13.756000+00:00,29.2,34.0,72.0,1011.2,0,164,1.1
1270,9896,2025-10-05 12:56:13.750000+00:00,29.2,33.9,71.0,1011.0,0,149,1.3
1270,9896,2025-10-05 12:57:13.730000+00:00,29.2,33.9,72.0,1011.0,0,153,1.3
1270,9896,2025-10-05 12:58:13.770000+00:00,29.2,33.7,71.0,1011.1,0,141,1.2
1270,9896,2025-10-05 12:59:13.772000+00:00,29.1,34.0,72.0,1011.1,0,168,1.3
1270,9896,2025-10-05 13:00:13.782000+00:00,29.1,34.1,72.0,1011.2,0,160,1.0
1270,9896,2025-10-05 13:01:13.785000+00:00,29.1,34.0,71.0,1011.1,0,143,1.0
1270,9896,2025-10-05 13:02:13.788000+00:00,29.2,33.9,71.0,1011.1,0,145,1.4
1270,9896,2025-10-05 13:03:13.806000+00:00,29.2,34.0,71.0,1011.1,0,172,1.1
1270,9896,2025-10-05 13:04:13.822000+00:00,29.2,34.0,71.0,1011.1,0,130,1.0
1270,9896,2025-10-05 13:05:13.817000+00:00,29.2,34.0,72.0,1011.1,0,156,0.8
1270,9896,2025-10-05 13:06:13.825000+00:00,29.2,33.7,72.0,1011.2,0,104,0.5
1270,9896,2025-10-05 13:07:13.823000+00:00,29.2,33.9,72.0,1011.1,0,96,0.8
1270,9896,2025-10-05 13:08:13.835000+00:00,29.2,34.3,72.0,1011.2,0,137,0.8
1270,9896,2025-10-05 13:09:13.851000+00:00,29.3,34.3,71.0,1011.1,0,350,1.5
1270,9896,2025-10-05 13:10:13.867000+00:00,29.3,34.1,71.0,1011.0,0,110,0.8
1270,9896,2025-10-05 13:11:13.873000+00:00,29.3,34.1,71.0,1011.1,0,112,0.5
1270,9896,2025-10-05 13:12:13.872000+00:00,29.4,34.1,71.0,1011.1,0,112,0.9
1270,9896,2025-10-05 13:13:13.885000+00:00,29.4,33.9,71.0,1011.2,0,158,1.0
1270,9896,2025-10-05 13:14:13.884000+00:00,29.3,33.5,71.0,1011.2,0,30,0.6
1270,9896,2025-10-05 13:15:13.886000+00:00,29.4,33.9,71.0,1011.2,0,34,0.7
1270,9896,2025-10-05 13:16:13.924000+00:00,29.4,33.6,71.0,1011.1,0,56,0.0
1270,9896,2025-10-05 13:17:13.905000+00:00,29.4,33.9,71.0,1011.1,0,0,0.6
1270,9896,2025-10-05 13:18:13.935000+00:00,29.4,34.1,71.0,1011.2,0,154,0.5
1270,9896,2025-10-05 13:19:13.943000+00:00,29.4,34.1,70.0,1011.2,0,144,1.0
1270,9896,2025-10-05 13:20:13.965000+00:00,29.5,33.6,70.0,1011.3,0,200,0.9
1270,9896,2025-10-05 13:21:13.977000+00:00,29.5,34.0,70.0,1011.3,0,156,0.8
1270,9896,2025-10-05 13:22:13.954000+00:00,29.5,34.0,70.0,1011.3,0,201,1.2
1270,9896,2025-10-05 13:23:13.966000+00:00,29.5,33.5,72.0,1011.3,0,213,0.7
1270,9896,2025-10-05 13:24:13.962000+00:00,29.5,33.4,73.0,1011.3,0,236,0.7
1270,9896,2025-10-05 13:25:13.978000+00:00,29.4,33.6,73.0,1011.3,0,0,0.9
1270,9896,2025-10-05 13:26:13.994000+00:00,29.4,34.0,73.0,1011.3,0,217,0.6
1270,9896,2025-10-05 13:27:13.995000+00:00,29.4,33.3,73.0,1011.3,0,225,0.9
1270,9896,2025-10-05 13:28:13.979000+00:00,29.4,33.3,72.0,1011.3,0,0,0.6
1270,9896,2025-10-05 13:29:13.997000+00:00,29.3,33.3,73.0,1011.4,0,141,0.6
1270,9896,2025-10-05 13:30:13.991000+00:00,29.3,33.6,74.0,1011.3,0,175,1.1
1270,9896,2025-10-05 13:31:13.999000+00:00,29.4,33.6,74.0,1011.3,0,188,1.3
1270,9896,2025-10-05 13:32:14.036000+00:00,29.4,33.2,74.0,1011.4,0,174,0.9
1270,9896,2025-10-05 13:33:14.043000+00:00,29.5,33.1,72.0,1011.3,0,162,1.1
1270,9896,2025-10-05 13:34:14.068000+00:00,29.5,33.1,73.0,1011.4,0,138,0.9
1270,9896,2025-10-05 13:35:14.085000+00:00,29.5,33.3,73.0,1011.3,0,132,0.3
1270,9896,2025-10-05 13:36:14.079000+00:00,29.5,33.3,72.0,1011.3,0,161,0.9
1270,9896,2025-10-05 13:37:14.110000+00:00,29.5,33.5,72.0,1011.5,0,155,1.5
1270,9896,2025-10-05 13:38:14.096000+00:00,29.5,33.5,72.0,1011.3,0,173,1.2
1270,9896,2025-10-05 13:39:14.110000+00:00,29.4,33.5,71.0,1011.4,0,156,1.4
1270,9896,2025-10-05 13:40:14.113000+00:00,29.4,33.4,71.0,1011.4,0,159,1.6
1270,9896,2025-10-05 13:41:14.139000+00:00,29.4,33.3,72.0,1011.4,0,155,1.7
1270,9896,2025-10-05 13:42:14.127000+00:00,29.4,33.4,71.0,1011.4,0,159,1.6
1270,9896,2025-10-05 13:43:14.129000+00:00,29.4,33.6,72.0,1011.5,0,153,1.4
1270,9896,2025-10-05 13:44:14.144000+00:00,29.4,33.2,72.0,1011.4,0,159,1.6
1270,9896,2025-10-05 13:45:14.149000+00:00,29.4,33.6,72.0,1011.4,0,157,1.2
1270,9896,2025-10-05 13:46:14.161000+00:00,29.4,33.6,72.0,1011.5,0,161,1.0
1270,9896,2025-10-05 13:47:14.163000+00:00,29.4,33.6,72.0,1011.4,0,143,1.3
1270,9896,2025-10-05 13:48:14.162000+00:00,29.4,33.6,72.0,1011.4,0,143,1.3
1270,9896,2025-10-05 13:49:14.154000+00:00,29.4,33.6,72.0,1011.4,0,143,1.3
1271,9878,2025-10-17 17:15:17.531000+00:00,28.8,39.8,56.0,994.3,0,15,0.9
1271,9878,2025-10-17 17:16:17.534000+00:00,28.9,40.1,55.0,994.3,0,183,1.1
1271,9878,2025-10-17 17:17:17.523000+00:00,29.0,39.9,55.0,994.3,0,6,1.2
1271,9878,2025-10-17 17:18:17.523000+00:00,29.0,39.1,54.0,994.4,0,137,0.7
1271,9878,2025-10-17 17:19:17.533000+00:00,29.0,37.9,55.0,994.2,0,250,0.8
1271,9878,2025-10-17 17:20:17.535000+00:00,29.0,37.8,55.0,994.3,0,106,0.9
1271,9878,2025-10-17 17:21:17.531000+00:00,29.1,37.4,55.0,994.3,0,105,1.0
1271,9878,2025-10-17 17:22:17.535000+00:00,29.0,37.4,55.0,994.3,0,105,0.9
1271,9878,2025-10-17 17:23:17.538000+00:00,29.0,39.0,55.0,994.3,0,104,1.3
1271,9878,2025-10-17 17:24:17.527000+00:00,29.0,39.8,55.0,994.3,0,100,2.4
1271,9878,2025-10-17 17:25:17.534000+00:00,28.9,40.1,55.0,994.3,0,189,2.0
1271,9878,2025-10-17 17:26:17.537000+00:00,28.9,40.1,55.0,994.2,0,108,1.1
1271,9878,2025-10-17 17:27:17.538000+00:00,28.9,39.4,55.0,994.2,0,343,1.2
1271,9878,2025-10-17 17:28:17.546000+00:00,29.0,39.3,55.0,994.1,0,277,1.7
1271,9878,2025-10-17 17:29:17.558000+00:00,29.0,40.4,55.0,994.3,0,322,1.3
1271,9878,2025-10-17 17:30:17.556000+00:00,29.1,40.4,54.0,994.3,0,17,0.8
1271,9878,2025-10-17 17:31:17.582000+00:00,29.2,40.0,54.0,994.4,0,270,1.4
1271,9878,2025-10-17 17:32:17.567000+00:00,29.3,39.7,53.0,994.2,0,252,1.4
1271,9878,2025-10-17 17:33:17.602000+00:00,29.3,39.2,54.0,994.2,0,288,0.7
1271,9878,2025-10-17 17:34:17.609000+00:00,29.3,40.1,53.0,994.1,0,310,1.4
1271,9878,2025-10-17 17:35:17.627000+00:00,29.3,40.1,53.0,994.1,0,310,1.4
1271,9878,2025-10-17 17:36:17.640000+00:00,29.5,40.1,53.0,994.1,0,310,1.4
1271,9878,2025-10-17 17:37:17.637000+00:00,29.7,41.9,52.0,994.0,0,355,2.0
1271,9878,2025-10-17 17:38:17.647000+00:00,29.9,41.9,52.0,994.0,0,307,1.9
1271,9878,2025-10-17 17:39:17.649000+00:00,29.9,42.0,51.0,994.1,0,52,2.2
1271,9878,2025-10-17 17:40:17.661000+00:00,29.9,42.4,51.0,993.9,0,340,2.2
1271,9878,2025-10-17 17:41:17.669000+00:00,29.9,42.6,51.0,994.0,0,47,1.7
1271,9878,2025-10-17 17:42:17.684000+00:00,29.8,43.1,50.0,994.0,0,87,4.4
1271,9878,2025-10-17 17:43:17.683000+00:00,29.8,43.2,50.0,993.9,0,120,3.4
1271,9878,2025-10-17 17:44:17.671000+00:00,29.8,43.0,50.0,994.0,0,107,2.6
1271,9878,2025-10-17 17:45:17.680000+00:00,29.8,43.1,50.0,993.9,0,64,2.6
1271,9878,2025-10-17 17:46:17.677000+00:00,30.0,43.0,50.0,994.0,0,69,1.9
1271,9878,2025-10-17 17:47:17.684000+00:00,30.1,41.9,50.0,993.9,0,174,2.0
1271,9878,2025-10-17 17:48:17.683000+00:00,29.9,40.9,50.0,993.9,0,94,2.3
1271,9878,2025-10-17 17:49:17.691000+00:00,29.9,40.5,50.0,994.0,0,93,1.9
1271,9878,2025-10-17 17:50:17.689000+00:00,29.9,41.5,50.0,993.9,0,347,0.6
1271,9878,2025-10-17 17:51:17.686000+00:00,30.0,42.3,50.0,993.8,0,90,0.9
1271,9878,2025-10-17 17:52:17.677000+00:00,30.1,42.7,49.0,993.8,0,339,0.7
1271,9878,2025-10-17 17:53:17.692000+00:00,30.1,43.4,49.0,993.8,0,336,1.9
1271,9878,2025-10-17 17:54:17.688000+00:00,30.1,43.7,49.0,993.8,0,104,0.9
1271,9878,2025-10-17 17:55:18.102000+00:00,30.2,43.6,48.0,993.8,0,105,2.2
1271,9878,2025-10-17 17:56:17.686000+00:00,30.2,42.9,47.0,993.8,0,92,3.6
1271,9878,2025-10-17 17:57:17.690000+00:00,30.2,41.8,48.0,993.6,0,102,6.0
1271,9878,2025-10-17 17:58:17.680000+00:00,30.3,42.2,49.0,993.7,0,103,3.4
1271,9878,2025-10-17 17:59:17.695000+00:00,30.3,42.4,49.0,993.8,0,96,3.8
1271,9878,2025-10-17 18:00:17.690000+00:00,30.3,42.4,49.0,993.6,0,70,3.2
1271,9878,2025-10-17 18:01:17.709000+00:00,30.5,42.3,49.0,993.7,0,103,2.2
1271,9878,2025-10-17 18:02:17.705000+00:00,30.5,42.3,48.0,993.6,0,110,2.6
1271,9878,2025-10-17 18:03:17.682000+00:00,30.6,41.8,48.0,993.7,0,120,2.4
1271,9878,2025-10-17 18:04:17.698000+00:00,30.6,41.6,48.0,993.7,0,91,0.9
1271,9878,2025-10-17 18:05:17.689000+00:00,30.5,41.9,48.0,993.7,0,83,1.9
1271,9878,2025-10-17 18:06:17.693000+00:00,30.3,42.4,49.0,993.6,0,47,1.5
1271,9878,2025-10-17 18:07:17.716000+00:00,30.1,42.7,49.0,993.4,0,81,1.4
1271,9878,2025-10-17 18:08:17.694000+00:00,29.9,43.5,49.0,993.5,0,90,2.2
1271,9878,2025-10-17 18:09:17.697000+00:00,29.9,43.6,50.0,993.4,0,66,4.1
1271,9878,2025-10-17 18:10:17.707000+00:00,29.9,43.7,50.0,993.4,0,96,2.9
1271,9878,2025-10-17 18:11:17.699000+00:00,29.9,44.3,50.0,993.5,0,118,2.1
1271,9878,2025-10-17 18:12:17.715000+00:00,30.1,44.8,49.0,993.4,0,81,1.9
1271,9878,2025-10-17 18:13:17.703000+00:00,30.4,44.8,48.0,993.3,0,24,2.5
1271,9878,2025-10-17 18:14:17.712000+00:00,30.4,45.1,48.0,993.3,0,100,2.2
1271,9878,2025-10-17 18:15:17.715000+00:00,30.5,45.1,47.0,993.3,0,101,3.2
1271,9878,2025-10-17 18:16:17.710000+00:00,30.5,44.6,47.0,993.3,0,103,3.3
1271,9878,2025-10-17 18:17:18.548000+00:00,30.4,44.5,48.0,993.2,0,88,3.1
1271,9878,2025-10-17 18:18:17.745000+00:00,30.3,44.7,48.0,993.3,0,99,1.8
1271,9878,2025-10-17 18:19:17.744000+00:00,30.2,44.9,48.0,993.1,0,106,2.5
1271,9878,2025-10-17 18:20:17.773000+00:00,30.2,45.2,46.0,993.2,0,104,3.4
1271,9878,2025-10-17 18:21:17.777000+00:00,30.3,45.0,46.0,993.2,0,96,2.9
1271,9878,2025-10-17 18:22:17.760000+00:00,30.5,42.6,47.0,993.1,0,78,3.7
1271,9878,2025-10-17 18:23:17.793000+00:00,30.5,41.8,48.0,993.1,0,99,3.5
1271,9878,2025-10-17 18:24:17.772000+00:00,30.4,41.8,48.0,993.1,0,99,2.7
1271,9878,2025-10-17 18:25:17.782000+00:00,30.4,42.7,46.0,993.1,0,93,3.8
1271,9878,2025-10-17 18:26:17.810000+00:00,30.6,44.4,46.0,993.1,0,94,1.9
1271,9878,2025-10-17 18:27:18.406000+00:00,30.8,44.4,45.0,992.9,0,96,3.0
1271,9878,2025-10-17 18:28:17.804000+00:00,30.9,43.6,45.0,993.0,0,105,3.5
1271,9878,2025-10-17 18:29:17.796000+00:00,31.0,43.6,45.0,993.0,0,101,4.6
1271,9878,2025-10-17 18:30:17.803000+00:00,30.9,43.6,46.0,993.1,0,109,4.9
1271,9878,2025-10-17 18:31:17.809000+00:00,30.7,43.6,47.0,993.1,0,101,3.0
1271,9878,2025-10-17 18:32:17.808000+00:00,30.5,45.3,47.0,992.9,0,97,2.2
1271,9878,2025-10-17 18:33:17.803000+00:00,30.7,45.3,46.0,993.1,0,90,3.5
1271,9878,2025-10-17 18:34:17.818000+00:00,30.9,44.8,47.0,992.9,0,76,5.2
1271,9878,2025-10-17 18:35:17.817000+00:00,30.9,44.8,47.0,992.9,0,93,4.6
1271,9878,2025-10-17 18:36:17.825000+00:00,30.8,45.3,47.0,992.9,0,109,5.0
1271,9879,2025-10-17 21:18:18.720000+00:00,32.0,43.0,40.0,990.4,0,101,4.1
1271,9879,2025-10-17 21:19:18.719000+00:00,32.3,43.3,40.0,990.5,0,112,4.1
1271,9879,2025-10-17 21:20:18.718000+00:00,32.5,43.4,40.0,990.5,0,102,3.3
1271,9879,2025-10-17 21:21:18.721000+00:00,32.6,43.7,40.0,990.4,0,96,5.8
1271,9879,2025-10-17 21:22:18.719000+00:00,32.6,43.3,40.0,990.5,0,95,5.7
1271,9879,2025-10-17 21:23:18.721000+00:00,32.5,43.3,40.0,990.4,0,137,5.0
1271,9879,2025-10-17 21:24:19.426000+00:00,32.5,43.4,40.0,990.5,0,117,3.6
1271,9879,2025-10-17 21:25:19.492000+00:00,32.5,43.9,40.0,990.4,0,112,3.3
1271,9879,2025-10-17 21:26:18.720000+00:00,32.5,44.0,40.0,990.4,0,113,3.0
1271,9879,2025-10-17 21:27:18.721000+00:00,32.7,44.1,39.0,990.4,0,103,4.6
1271,9879,2025-10-17 21:28:18.721000+00:00,32.8,44.0,39.0,990.4,0,116,5.3
1271,9879,2025-10-17 21:29:18.722000+00:00,32.8,43.9,39.0,990.3,0,99,4.4
1271,9879,2025-10-17 21:30:18.722000+00:00,32.8,43.6,39.0,990.3,0,106,6.0
1271,9879,2025-10-17 21:31:18.728000+00:00,32.8,44.0,39.0,990.4,0,104,4.9
1271,9879,2025-10-17 21:32:18.720000+00:00,32.8,43.9,39.0,990.4,0,109,4.7
1271,9879,2025-10-17 21:33:18.722000+00:00,32.9,43.9,39.0,990.4,0,98,4.1
1271,9879,2025-10-17 21:34:18.737000+00:00,32.9,43.5,39.0,990.2,0,76,5.5
1271,9879,2025-10-17 21:35:18.734000+00:00,32.8,43.7,39.0,990.4,0,84,5.0
1271,9879,2025-10-17 21:36:18.723000+00:00,32.7,43.9,40.0,990.3,0,98,6.9
1271,9879,2025-10-17 21:37:18.722000+00:00,32.7,43.9,40.0,990.3,0,95,7.3
1271,9879,2025-10-17 21:38:18.736000+00:00,32.7,43.6,40.0,990.3,0,109,5.9
1271,9879,2025-10-17 21:39:19.300000+00:00,32.6,44.1,40.0,990.5,0,127,3.0
1271,9879,2025-10-17 21:40:18.735000+00:00,32.6,44.1,39.0,990.4,0,112,1.6
1271,9879,2025-10-17 21:41:18.736000+00:00,32.6,44.2,39.0,990.4,0,104,2.5
1271,9879,2025-10-17 21:42:18.736000+00:00,32.6,44.2,39.0,990.4,0,113,3.9
1271,9879,2025-10-17 21:43:18.735000+00:00,32.6,43.5,39.0,990.4,0,104,3.7
1271,9879,2025-10-17 21:44:18.739000+00:00,32.6,43.5,39.0,990.3,0,102,3.0
1271,9879,2025-10-17 21:45:18.737000+00:00,32.6,43.7,39.0,990.3,0,114,1.3
1271,9879,2025-10-17 21:46:19.224000+00:00,32.6,43.7,38.0,990.4,0,326,1.7
1271,9879,2025-10-17 21:47:18.742000+00:00,32.8,43.9,37.0,990.2,0,91,3.8
1271,9879,2025-10-17 21:48:18.736000+00:00,32.8,42.9,38.0,990.3,0,101,4.7
1271,9879,2025-10-17 21:49:18.737000+00:00,32.8,42.9,38.0,990.2,0,90,2.8
1271,9879,2025-10-17 21:50:18.738000+00:00,32.8,43.0,38.0,990.2,0,147,3.6
1271,9879,2025-10-17 21:51:18.737000+00:00,32.8,42.8,38.0,990.2,0,148,2.6
1271,9879,2025-10-17 21:52:19.083000+00:00,32.8,42.7,38.0,990.3,0,189,1.2
1271,9879,2025-10-17 21:53:18.740000+00:00,32.9,43.1,38.0,990.2,0,287,0.7
1271,9879,2025-10-17 21:54:18.747000+00:00,32.9,43.1,38.0,990.2,0,84,1.1
1271,9879,2025-10-17 21:55:18.739000+00:00,32.9,43.1,38.0,990.2,0,86,2.5
1271,9879,2025-10-17 21:56:18.746000+00:00,32.9,43.1,38.0,990.2,0,82,1.6
1271,9879,2025-10-17 21:57:18.751000+00:00,33.0,42.8,38.0,990.2,0,69,3.5
1271,9879,2025-10-17 21:58:18.748000+00:00,33.0,42.7,38.0,990.1,0,104,2.6
1271,9879,2025-10-17 21:59:18.745000+00:00,32.9,43.0,38.0,990.1,0,101,2.4
1271,9879,2025-10-17 22:00:18.753000+00:00,32.9,43.1,38.0,990.1,0,106,2.7
1271,9879,2025-10-17 22:01:18.751000+00:00,32.8,43.0,38.0,990.2,0,194,1.7
1271,9879,2025-10-17 22:02:18.739000+00:00,32.8,43.0,37.0,990.2,0,96,2.0
1271,9879,2025-10-17 22:03:18.753000+00:00,32.9,42.4,38.0,990.0,0,76,5.3
1271,9879,2025-10-17 22:04:18.754000+00:00,32.8,42.3,38.0,990.2,0,116,2.7
1271,9879,2025-10-17 22:05:18.764000+00:00,32.7,42.3,38.0,990.2,0,129,1.5
1271,9879,2025-10-17 22:06:18.754000+00:00,32.7,42.3,38.0,990.0,0,92,1.4
1271,9879,2025-10-17 22:07:19.442000+00:00,32.7,42.2,38.0,990.2,0,125,2.1
1271,9879,2025-10-17 22:08:18.754000+00:00,32.7,42.2,38.0,990.1,0,93,2.3
1271,9879,2025-10-17 22:09:18.763000+00:00,32.7,42.1,38.0,990.1,0,112,1.6
1271,9879,2025-10-17 22:10:18.763000+00:00,32.8,42.0,38.0,990.1,0,142,2.2
1271,9879,2025-10-17 22:11:18.765000+00:00,32.8,42.0,38.0,990.1,0,93,1.9
1271,9879,2025-10-17 22:12:18.764000+00:00,32.8,41.8,38.0,990.2,0,170,2.4
1271,9879,2025-10-17 22:13:18.763000+00:00,32.8,42.2,38.0,990.1,0,42,0.9
1271,9879,2025-10-17 22:14:18.766000+00:00,32.8,42.4,37.0,990.0,0,346,1.9
1271,9879,2025-10-17 22:15:18.766000+00:00,32.8,42.1,37.0,990.1,0,306,1.5
1271,9879,2025-10-17 22:16:18.764000+00:00,32.9,42.2,37.0,990.1,0,87,0.7
1271,9879,2025-10-17 22:17:18.755000+00:00,33.0,42.2,37.0,990.0,0,90,1.7
1271,9883,2025-10-18 16:16:23.461000+00:00,28.9,41.0,60.0,992.4,0,135,2.2
1271,9883,2025-10-18 16:17:23.456000+00:00,29.0,41.3,60.0,992.6,0,331,1.4
1271,9883,2025-10-18 16:18:23.460000+00:00,29.1,41.3,60.0,992.6,0,13,1.7
1271,9883,2025-10-18 16:19:23.451000+00:00,29.0,41.2,60.0,992.5,0,321,0.9
1271,9883,2025-10-18 16:20:23.452000+00:00,29.0,41.3,60.0,992.5,0,331,1.7
1271,9883,2025-10-18 16:21:23.457000+00:00,29.0,41.7,59.0,992.3,0,107,2.5
1271,9883,2025-10-18 16:22:23.466000+00:00,29.0,41.5,59.0,992.3,0,75,5.5
1271,9883,2025-10-18 16:23:23.454000+00:00,29.0,41.1,60.0,992.3,0,99,5.1
1271,9883,2025-10-18 16:24:23.451000+00:00,29.1,41.1,61.0,992.1,0,87,6.2
1271,9883,2025-10-18 16:25:23.459000+00:00,29.1,41.5,61.0,992.2,0,86,6.3
1271,9883,2025-10-18 16:26:23.468000+00:00,29.0,41.6,61.0,992.1,0,89,5.7
1271,9883,2025-10-18 16:27:23.460000+00:00,28.9,41.9,61.0,992.0,0,78,5.8
1271,9883,2025-10-18 16:28:23.476000+00:00,28.9,41.9,61.0,991.9,0,94,5.7
1271,9883,2025-10-18 16:29:23.479000+00:00,28.9,41.9,61.0,991.9,0,104,5.4
1271,9883,2025-10-18 16:30:23.474000+00:00,29.0,42.1,61.0,991.8,0,75,4.6
1271,9883,2025-10-18 16:31:23.477000+00:00,29.1,42.5,60.0,991.9,0,101,4.8
1271,9883,2025-10-18 16:32:23.480000+00:00,29.2,42.7,60.0,992.0,0,146,5.7
1271,9883,2025-10-18 16:33:23.491000+00:00,29.3,42.8,59.0,992.1,0,106,2.3
1271,9883,2025-10-18 16:34:23.480000+00:00,29.5,42.8,58.0,992.1,0,135,3.5
1271,9883,2025-10-18 16:35:23.499000+00:00,29.5,42.7,58.0,992.2,0,88,2.6
1271,9883,2025-10-18 16:36:23.508000+00:00,29.4,42.7,57.0,992.0,0,0,3.4
1271,9883,2025-10-18 16:37:23.509000+00:00,29.4,42.9,57.0,992.1,0,64,1.9
1271,9883,2025-10-18 16:38:23.522000+00:00,29.3,43.0,57.0,992.0,0,78,4.4
1271,9883,2025-10-18 16:39:23.535000+00:00,29.3,42.8,57.0,992.0,0,101,4.1
1271,9883,2025-10-18 16:40:23.530000+00:00,29.4,42.6,57.0,991.9,0,84,4.8
1271,9883,2025-10-18 16:41:23.552000+00:00,29.3,42.2,58.0,991.9,0,81,5.9
1271,9883,2025-10-18 16:42:23.554000+00:00,29.3,41.9,59.0,991.9,0,83,7.2
1271,9883,2025-10-18 16:43:23.578000+00:00,29.2,41.9,59.0,991.8,0,97,7.0
1271,9883,2025-10-18 16:44:23.574000+00:00,29.3,42.1,60.0,991.8,0,86,6.4
1271,9883,2025-10-18 16:45:23.576000+00:00,29.3,42.3,60.0,991.9,0,100,5.7
1271,9883,2025-10-18 16:46:23.596000+00:00,29.4,42.8,60.0,991.8,0,88,4.6
1271,9883,2025-10-18 16:47:23.615000+00:00,29.5,43.3,59.0,991.8,0,95,3.1
1271,9883,2025-10-18 16:48:23.616000+00:00,29.5,43.4,59.0,991.8,0,86,4.8
1271,9883,2025-10-18 16:49:23.601000+00:00,29.5,43.6,59.0,991.8,0,122,3.0
1271,9883,2025-10-18 16:50:23.619000+00:00,29.5,43.7,58.0,991.9,0,104,1.3
1271,9883,2025-10-18 16:51:23.629000+00:00,29.6,43.8,57.0,991.8,0,99,2.0
1271,9883,2025-10-18 16:52:23.639000+00:00,29.8,43.9,57.0,991.9,0,138,2.7
1271,9883,2025-10-18 16:53:23.626000+00:00,29.8,43.8,57.0,991.9,0,115,2.1
1271,9883,2025-10-18 16:54:23.647000+00:00,29.7,43.5,58.0,991.9,0,82,2.4
1271,9883,2025-10-18 16:55:23.665000+00:00,29.6,43.7,58.0,991.9,0,88,1.5
1271,9883,2025-10-18 16:56:23.662000+00:00,29.6,43.5,58.0,992.0,0,102,1.5
1271,9883,2025-10-18 16:57:23.683000+00:00,29.7,43.2,58.0,992.0,0,90,3.8
1271,9883,2025-10-18 16:58:23.700000+00:00,29.7,43.0,58.0,991.9,0,104,3.3
1271,9883,2025-10-18 16:59:23.701000+00:00,29.6,43.4,58.0,991.9,0,98,1.5
1271,9883,2025-10-18 17:00:23.721000+00:00,29.6,43.4,57.0,991.8,0,100,3.6
1271,9883,2025-10-18 17:01:23.731000+00:00,29.6,43.8,58.0,991.9,0,78,2.3
1271,9883,2025-10-18 17:02:23.736000+00:00,29.5,43.7,57.0,991.9,0,140,1.3
1271,9883,2025-10-18 17:03:23.750000+00:00,29.6,43.1,57.0,991.9,0,145,1.4
1271,9883,2025-10-18 17:04:23.751000+00:00,29.7,42.6,56.0,992.0,0,344,1.8
1271,9883,2025-10-18 17:05:23.751000+00:00,29.8,42.4,56.0,991.8,0,350,3.2
1271,9883,2025-10-18 17:06:23.747000+00:00,29.8,42.6,57.0,991.9,0,343,3.3
1271,9883,2025-10-18 17:07:23.754000+00:00,29.8,42.8,57.0,991.9,0,339,3.2
1271,9883,2025-10-18 17:08:23.747000+00:00,29.8,43.6,57.0,992.0,0,15,1.9
1271,9883,2025-10-18 17:09:23.752000+00:00,29.9,44.3,57.0,992.0,0,126,1.4
1271,9883,2025-10-18 17:10:23.753000+00:00,30.0,44.1,55.0,992.0,0,291,1.3
1271,9883,2025-10-18 17:11:23.755000+00:00,30.1,44.1,55.0,992.0,0,84,2.0
1271,9883,2025-10-18 17:12:23.763000+00:00,30.0,44.5,55.0,992.0,0,90,1.6
1271,9883,2025-10-18 17:13:23.753000+00:00,30.0,44.5,54.0,992.1,0,288,2.2
1271,9883,2025-10-18 17:14:23.750000+00:00,30.1,44.2,54.0,992.0,0,272,3.2
1271,9883,2025-10-18 17:15:23.750000+00:00,30.2,43.1,54.0,992.1,0,349,2.7
1271,9883,2025-10-18 17:16:23.751000+00:00,30.3,42.3,55.0,992.0,0,352,2.3
1271,9883,2025-10-18 17:17:23.757000+00:00,30.3,41.5,55.0,992.0,0,301,2.4
1271,9883,2025-10-18 17:18:23.745000+00:00,30.4,41.5,55.0,992.2,0,316,2.8
1271,9883,2025-10-18 17:19:23.764000+00:00,30.5,41.8,55.0,992.2,0,341,2.6
1271,9883,2025-10-18 17:20:23.750000+00:00,30.5,42.1,55.0,992.1,0,325,2.9
1271,9883,2025-10-18 17:21:23.748000+00:00,30.4,42.9,55.0,992.3,0,284,3.0
1271,9883,2025-10-18 17:22:23.755000+00:00,30.3,43.8,55.0,992.3,0,290,2.8
1271,9883,2025-10-18 17:23:23.762000+00:00,30.4,44.5,54.0,992.3,0,291,2.5
1271,9883,2025-10-18 17:24:23.769000+00:00,30.5,44.6,53.0,992.4,0,288,4.0
1271,9883,2025-10-18 17:25:23.766000+00:00,30.7,44.6,54.0,992.5,0,294,4.5
1271,9883,2025-10-18 17:26:23.770000+00:00,30.7,44.6,54.0,992.3,0,293,3.7
1271,9883,2025-10-18 17:27:23.760000+00:00,30.8,44.6,53.0,992.6,0,294,3.9
1271,9883,2025-10-18 17:28:23.767000+00:00,30.8,43.9,54.0,992.5,0,299,4.0
1271,9883,2025-10-18 17:29:23.769000+00:00,30.9,42.9,54.0,992.5,0,285,3.8
1271,9883,2025-10-18 17:30:23.769000+00:00,30.6,42.7,54.0,992.5,0,300,2.9
1271,9883,2025-10-18 17:31:23.767000+00:00,30.6,42.7,55.0,992.6,0,22,2.4
1271,9883,2025-10-18 17:32:23.765000+00:00,30.5,42.2,54.0,992.5,0,327,2.8
1271,9883,2025-10-18 17:33:23.784000+00:00,30.6,42.7,53.0,992.4,0,320,2.1
1271,9883,2025-10-18 17:34:23.783000+00:00,30.7,43.4,53.0,992.5,0,316,3.3
1271,9883,2025-10-18 17:35:23.804000+00:00,30.7,42.9,52.0,992.6,0,340,2.9
1271,9883,2025-10-18 17:36:23.816000+00:00,30.8,41.7,53.0,992.4,0,296,2.8
1271,9883,2025-10-18 17:37:23.820000+00:00,30.8,41.2,53.0,992.3,0,5,3.5
1271,9883,2025-10-18 17:38:23.838000+00:00,30.6,40.9,53.0,992.4,0,349,2.5
1271,9883,2025-10-18 17:39:23.847000+00:00,30.5,40.5,54.0,992.4,0,309,2.9
1271,9883,2025-10-18 17:40:23.832000+00:00,30.3,40.6,54.0,992.2,0,291,1.8
1271,9883,2025-10-18 17:41:23.856000+00:00,30.3,40.8,54.0,992.3,0,302,2.3
1271,9883,2025-10-18 17:42:23.862000+00:00,30.3,41.1,53.0,992.3,0,330,3.0
1271,9883,2025-10-18 17:43:23.881000+00:00,30.3,40.5,52.0,992.3,0,320,3.1
1271,9883,2025-10-18 17:44:23.904000+00:00,30.3,40.0,53.0,992.2,0,331,2.5
1271,9884,2025-10-18 20:47:24.904000+00:00,33.6,47.7,38.0,989.5,0,106,1.8
1271,9884,2025-10-18 20:48:24.901000+00:00,33.7,47.2,37.0,989.6,0,104,2.4
1271,9884,2025-10-18 20:49:24.916000+00:00,33.7,47.2,38.0,989.5,0,98,3.8
1271,9884,2025-10-18 20:50:24.909000+00:00,33.6,47.5,38.0,989.4,0,91,5.2
1271,9884,2025-10-18 20:51:24.914000+00:00,33.5,47.2,39.0,989.5,0,133,4.0
1271,9884,2025-10-18 20:52:24.922000+00:00,33.6,47.1,39.0,989.6,0,121,2.5
1271,9884,2025-10-18 20:53:24.925000+00:00,33.6,47.1,38.0,989.5,0,97,1.7
1271,9884,2025-10-18 20:54:24.925000+00:00,33.6,47.1,38.0,989.5,0,61,2.9
1271,9884,2025-10-18 20:55:24.917000+00:00,33.5,47.1,38.0,989.5,0,60,2.0
1271,9884,2025-10-18 20:56:24.926000+00:00,33.5,47.5,38.0,989.5,0,313,1.9
1271,9884,2025-10-18 20:57:24.923000+00:00,33.5,47.5,38.0,989.4,0,290,1.6
1271,9884,2025-10-18 20:58:24.930000+00:00,33.6,47.8,37.0,989.5,0,251,1.3
1271,9884,2025-10-18 20:59:24.931000+00:00,33.8,48.1,37.0,989.4,0,8,2.1
1271,9884,2025-10-18 21:00:24.916000+00:00,33.9,48.0,36.0,989.5,0,96,1.6
1271,9884,2025-10-18 21:01:24.931000+00:00,33.9,47.8,36.0,989.4,0,86,2.4
1271,9884,2025-10-18 21:02:24.922000+00:00,33.8,47.4,37.0,989.5,0,103,1.5
1271,9884,2025-10-18 21:03:24.942000+00:00,33.8,47.4,36.0,989.4,0,162,1.6
1271,9884,2025-10-18 21:04:24.953000+00:00,33.8,47.6,36.0,989.5,0,67,0.7
1271,9884,2025-10-18 21:05:24.956000+00:00,33.9,47.9,36.0,989.5,0,303,0.5
1271,9884,2025-10-18 21:06:24.966000+00:00,34.0,48.0,35.0,989.5,0,90,1.7
1271,9884,2025-10-18 21:07:24.983000+00:00,34.1,47.7,35.0,989.5,0,89,2.2
1271,9884,2025-10-18 21:08:24.982000+00:00,34.0,47.4,36.0,989.4,0,144,3.3
1271,9884,2025-10-18 21:09:24.983000+00:00,34.0,46.8,36.0,989.6,0,149,2.6
1271,9884,2025-10-18 21:10:24.998000+00:00,33.9,47.1,37.0,989.6,0,121,1.5
1271,9884,2025-10-18 21:11:25.008000+00:00,34.0,47.3,36.0,989.6,0,346,1.3
1271,9884,2025-10-18 21:12:25.028000+00:00,34.0,47.1,36.0,989.6,0,132,1.2
1271,9884,2025-10-18 21:13:25.042000+00:00,34.1,47.1,36.0,989.6,0,118,2.6
1271,9884,2025-10-18 21:14:25.068000+00:00,34.0,47.0,37.0,989.5,0,44,1.5
1271,9884,2025-10-18 21:15:25.068000+00:00,34.0,47.1,36.0,989.5,0,303,2.8
1271,9884,2025-10-18 21:16:25.068000+00:00,33.9,46.2,37.0,989.5,0,297,2.8
1271,9884,2025-10-18 21:17:25.072000+00:00,33.8,46.2,37.0,989.4,0,322,2.2
1271,9884,2025-10-18 21:18:25.077000+00:00,33.8,46.1,37.0,989.5,0,285,1.6
1271,9884,2025-10-18 21:19:25.068000+00:00,33.8,46.5,37.0,989.6,0,297,1.6
1271,9884,2025-10-18 21:20:25.077000+00:00,33.8,46.8,36.0,989.4,0,323,1.8
1271,9884,2025-10-18 21:21:25.068000+00:00,33.8,46.8,36.0,989.5,0,76,2.6
1271,9884,2025-10-18 21:22:25.077000+00:00,33.9,47.0,36.0,989.5,0,318,1.5
1271,9884,2025-10-18 21:23:25.072000+00:00,34.0,46.3,36.0,989.4,0,333,1.8
1271,9884,2025-10-18 21:24:25.073000+00:00,34.0,46.3,36.0,989.4,0,21,1.1
1271,9884,2025-10-18 21:25:25.074000+00:00,34.0,46.3,36.0,989.5,0,161,0.7
1271,9884,2025-10-18 21:26:25.079000+00:00,34.0,46.6,36.0,989.4,0,354,1.2
1271,9884,2025-10-18 21:27:25.077000+00:00,34.0,46.5,36.0,989.3,0,198,1.7
1271,9884,2025-10-18 21:28:25.074000+00:00,34.2,46.5,35.0,989.4,0,83,1.0
1271,9884,2025-10-18 21:29:25.072000+00:00,34.3,46.4,35.0,989.4,0,273,1.2
1271,9884,2025-10-18 21:30:25.079000+00:00,34.1,45.6,36.0,989.4,0,333,1.8
1271,9884,2025-10-18 21:31:25.079000+00:00,34.0,45.5,36.0,989.3,0,299,2.5
1271,9884,2025-10-18 21:32:25.078000+00:00,34.0,45.5,36.0,989.3,0,319,2.8
1271,9884,2025-10-18 21:33:25.078000+00:00,34.1,45.6,36.0,989.1,0,312,3.3
1271,9884,2025-10-18 21:34:25.079000+00:00,34.0,45.8,36.0,989.4,0,213,1.9
1271,9884,2025-10-18 21:35:25.079000+00:00,34.0,45.6,36.0,989.4,0,104,1.6
1271,9884,2025-10-18 21:36:25.083000+00:00,34.0,44.8,36.0,989.4,0,164,1.9
1271,9884,2025-10-18 21:37:25.080000+00:00,33.8,44.2,36.0,989.4,0,116,0.9
1271,9884,2025-10-18 21:38:25.087000+00:00,33.7,44.1,37.0,989.4,0,356,1.0
1271,9884,2025-10-18 21:39:25.080000+00:00,33.7,44.1,36.0,989.3,0,318,1.8
1271,9884,2025-10-18 21:40:25.098000+00:00,33.7,44.0,37.0,989.3,0,262,2.0
1271,9884,2025-10-18 21:41:25.101000+00:00,33.6,44.1,37.0,989.3,0,291,2.0
1271,9884,2025-10-18 21:42:25.102000+00:00,33.7,44.1,37.0,989.3,0,326,2.2
1271,9884,2025-10-18 21:43:25.118000+00:00,33.8,44.3,37.0,989.2,0,310,2.3
1271,9884,2025-10-18 21:44:25.131000+00:00,34.0,44.7,37.0,989.4,0,333,1.9
1271,9884,2025-10-18 21:45:25.135000+00:00,34.2,45.3,36.0,989.3,0,0,1.2
1271,9884,2025-10-18 21:46:25.139000+00:00,34.2,45.3,36.0,989.4,0,347,0.7
1271,9884,2025-10-18 21:47:25.139000+00:00,34.3,44.3,36.0,989.3,0,277,1.7
1271,9884,2025-10-18 21:48:25.140000+00:00,34.2,44.3,36.0,989.2,0,334,1.0
1271,9884,2025-10-18 21:49:25.152000+00:00,34.1,44.3,36.0,989.3,0,28,1.4
1271,9884,2025-10-18 21:50:25.177000+00:00,34.1,44.5,36.0,989.1,0,100,1.6
1271,9884,2025-10-18 21:51:25.179000+00:00,34.0,44.7,36.0,989.3,0,321,2.0
1271,9884,2025-10-18 21:52:25.179000+00:00,34.0,44.7,36.0,989.3,0,325,2.3
1271,9884,2025-10-18 21:53:25.203000+00:00,34.1,44.5,36.0,989.3,0,333,1.7
1271,9884,2025-10-18 21:54:25.217000+00:00,34.1,44.6,35.0,989.3,0,99,2.2
1271,9884,2025-10-18 21:55:25.206000+00:00,34.1,44.6,36.0,989.3,0,113,2.6
1271,9884,2025-10-18 21:56:25.218000+00:00,34.1,44.5,36.0,989.4,0,160,1.7
1271,9884,2025-10-18 21:57:25.217000+00:00,34.0,44.3,36.0,989.3,0,121,1.1
1271,9884,2025-10-18 21:58:25.218000+00:00,34.0,44.3,36.0,989.3,0,96,1.5
1271,9884,2025-10-18 21:59:25.230000+00:00,33.9,44.2,36.0,989.2,0,0,2.1
1271,9884,2025-10-18 22:00:25.246000+00:00,33.9,44.3,36.0,989.3,0,3,0.6
1271,9884,2025-10-18 22:01:25.268000+00:00,34.0,44.4,35.0,989.2,0,28,0.6
1271,9884,2025-10-18 22:02:25.266000+00:00,34.0,44.3,35.0,989.2,0,97,1.3
1271,9884,2025-10-18 22:03:25.273000+00:00,34.0,44.3,35.0,989.2,0,260,1.6
1271,9884,2025-10-18 22:04:25.281000+00:00,34.0,43.9,35.0,989.2,0,301,2.0
1271,9884,2025-10-18 22:05:25.292000+00:00,34.0,43.7,36.0,989.2,0,307,2.7
1271,9884,2025-10-18 22:06:25.293000+00:00,34.0,43.4,36.0,989.3,0,296,2.5
1271,9884,2025-10-18 22:07:25.306000+00:00,34.1,43.6,36.0,989.2,0,296,2.7
1271,9884,2025-10-18 22:08:25.326000+00:00,34.1,43.6,36.0,989.2,0,297,2.4
1271,9884,2025-10-18 22:09:25.321000+00:00,34.1,43.7,36.0,989.2,0,99,1.9
1271,9884,2025-10-18 22:10:25.307000+00:00,34.1,43.7,36.0,989.3,0,20,1.7
1271,9884,2025-10-18 22:11:25.342000+00:00,34.0,43.3,36.0,989.2,0,319,1.9
1271,9884,2025-10-18 22:12:25.357000+00:00,34.0,43.5,36.0,989.2,0,289,2.1
1271,9884,2025-10-18 22:13:25.355000+00:00,34.0,43.5,36.0,989.2,0,303,1.2
1271,9884,2025-10-18 22:14:25.355000+00:00,34.0,43.8,36.0,989.2,0,78,0.9
1271,9888,2025-10-19 18:07:29.925000+00:00,26.4,42.1,30.0,1002.1,0,282,2.9
1271,9888,2025-10-19 18:08:29.930000+00:00,26.4,42.4,30.0,1002.1,0,278,2.4
1271,9888,2025-10-19 18:09:29.931000+00:00,26.5,42.4,29.0,1002.1,0,275,3.1
1271,9888,2025-10-19 18:10:29.944000+00:00,26.6,42.4,29.0,1002.0,0,271,2.8
1271,9888,2025-10-19 18:11:29.957000+00:00,26.7,42.6,29.0,1002.1,0,283,2.2
1271,9888,2025-10-19 18:12:29.979000+00:00,26.8,43.0,29.0,1002.1,0,290,2.3
1271,9888,2025-10-19 18:13:29.981000+00:00,26.7,43.0,28.0,1002.1,0,257,2.1
1271,9888,2025-10-19 18:14:29.975000+00:00,26.6,42.9,28.0,1002.1,0,278,2.5
1271,9888,2025-10-19 18:15:30.005000+00:00,26.6,42.9,28.0,1002.1,0,260,3.1
1271,9888,2025-10-19 18:16:30.005000+00:00,26.6,43.0,28.0,1002.0,0,273,2.6
1271,9888,2025-10-19 18:17:30.033000+00:00,26.6,42.9,28.0,1002.1,0,267,2.8
1271,9888,2025-10-19 18:18:30.019000+00:00,26.8,42.9,28.0,1002.0,0,296,3.3
1271,9888,2025-10-19 18:19:30.019000+00:00,26.9,43.0,28.0,1002.0,0,245,1.7
1271,9888,2025-10-19 18:20:30.020000+00:00,26.9,43.3,27.0,1001.9,0,228,2.1
1271,9888,2025-10-19 18:21:30.020000+00:00,26.9,43.7,27.0,1002.0,0,273,2.2
1271,9888,2025-10-19 18:22:30.020000+00:00,27.0,43.8,26.0,1002.0,0,282,1.7
1271,9888,2025-10-19 18:23:30.020000+00:00,27.0,43.8,26.0,1002.0,0,286,2.0
1271,9888,2025-10-19 18:24:30.020000+00:00,27.1,43.8,27.0,1001.8,0,257,3.1
1271,9888,2025-10-19 18:25:30.022000+00:00,27.2,43.7,27.0,1001.8,0,273,4.9
1271,9888,2025-10-19 18:26:30.019000+00:00,27.1,43.7,27.0,1001.8,0,264,2.5
1271,9888,2025-10-19 18:27:30.020000+00:00,27.1,43.8,26.0,1001.8,0,281,2.0
1271,9888,2025-10-19 18:28:30.021000+00:00,27.1,43.8,26.0,1001.8,0,278,3.2
1271,9888,2025-10-19 18:29:30.030000+00:00,27.0,43.6,26.0,1001.8,0,277,4.6
1271,9888,2025-10-19 18:30:30.027000+00:00,27.0,43.5,26.0,1001.6,0,274,3.9
1271,9888,2025-10-19 18:31:30.031000+00:00,27.2,43.6,26.0,1001.7,0,250,2.8
1271,9888,2025-10-19 18:32:30.023000+00:00,27.3,43.8,26.0,1001.7,0,238,2.6
1271,9888,2025-10-19 18:33:30.028000+00:00,27.3,43.8,26.0,1001.8,0,292,2.8
1271,9888,2025-10-19 18:34:30.036000+00:00,27.3,43.9,26.0,1001.7,0,241,2.0
1271,9888,2025-10-19 18:35:30.032000+00:00,27.5,44.0,25.0,1001.5,0,288,3.2
1271,9888,2025-10-19 18:36:30.033000+00:00,27.7,44.0,25.0,1001.7,0,262,2.5
1271,9888,2025-10-19 18:37:30.031000+00:00,27.8,44.0,25.0,1001.6,0,285,2.8
1271,9888,2025-10-19 18:38:30.026000+00:00,27.7,43.9,25.0,1001.6,0,276,3.7
1271,9888,2025-10-19 18:39:30.033000+00:00,27.6,43.9,25.0,1001.5,0,260,3.1
1271,9888,2025-10-19 18:40:30.033000+00:00,27.4,43.9,24.0,1001.6,0,294,2.9
1271,9888,2025-10-19 18:41:30.037000+00:00,27.5,44.0,24.0,1001.5,0,262,3.3
1271,9888,2025-10-19 18:42:30.038000+00:00,27.5,44.3,24.0,1001.5,0,272,2.5
1271,9888,2025-10-19 18:43:30.029000+00:00,27.5,44.4,23.0,1001.5,0,287,3.0
1271,9888,2025-10-19 18:44:30.026000+00:00,27.5,44.4,23.0,1001.5,0,162,1.7
1271,9888,2025-10-19 18:45:30.034000+00:00,27.6,44.4,23.0,1001.6,0,136,3.0
1271,9888,2025-10-19 18:46:30.034000+00:00,27.6,44.5,23.0,1001.4,0,93,1.8
1271,9888,2025-10-19 18:47:30.041000+00:00,27.8,44.7,23.0,1001.5,0,344,1.3
1271,9888,2025-10-19 18:48:30.045000+00:00,27.9,44.8,23.0,1001.4,0,265,1.2
1271,9888,2025-10-19 18:49:30.040000+00:00,28.0,44.9,24.0,1001.4,0,269,2.5
1271,9888,2025-10-19 18:50:30.039000+00:00,28.0,45.1,23.0,1001.4,0,242,1.3
1271,9888,2025-10-19 18:51:30.040000+00:00,28.1,45.2,23.0,1001.3,0,261,1.9
1271,9888,2025-10-19 18:52:30.058000+00:00,28.1,45.2,22.0,1001.4,0,286,2.6
1271,9888,2025-10-19 18:53:30.045000+00:00,28.1,44.9,22.0,1001.3,0,267,3.0
1271,9888,2025-10-19 18:54:30.040000+00:00,28.0,44.9,22.0,1001.2,0,277,3.6
1271,9888,2025-10-19 18:55:30.042000+00:00,27.8,44.6,22.0,1001.3,0,259,3.4
1271,9888,2025-10-19 18:56:30.048000+00:00,27.7,44.6,23.0,1001.4,0,288,3.6
1271,9888,2025-10-19 18:57:30.042000+00:00,27.8,44.7,23.0,1001.3,0,287,3.8
1271,9888,2025-10-19 18:58:30.042000+00:00,27.8,44.6,23.0,1001.2,0,270,3.8
1271,9888,2025-10-19 18:59:30.042000+00:00,28.0,44.7,23.0,1001.3,0,259,2.3
1271,9888,2025-10-19 19:00:30.044000+00:00,28.0,45.0,23.0,1001.3,0,282,1.6
1271,9888,2025-10-19 19:01:30.054000+00:00,27.9,45.1,22.0,1001.2,0,261,3.1
1271,9888,2025-10-19 19:02:30.053000+00:00,27.9,44.9,22.0,1001.2,0,292,1.8
1271,9888,2025-10-19 19:03:30.054000+00:00,28.0,45.0,22.0,1001.2,0,304,1.4
1271,9888,2025-10-19 19:04:30.055000+00:00,28.2,45.1,22.0,1001.2,0,232,1.5
1271,9888,2025-10-19 19:05:30.054000+00:00,28.2,45.6,22.0,1001.1,0,316,2.0
1271,9888,2025-10-19 19:06:30.056000+00:00,28.1,45.1,21.0,1001.1,0,105,1.2
1271,9888,2025-10-19 19:07:30.055000+00:00,28.1,45.1,22.0,1001.1,0,277,1.9
1271,9888,2025-10-19 19:08:30.056000+00:00,28.3,45.5,22.0,1001.1,0,80,1.0
1271,9888,2025-10-19 19:09:30.057000+00:00,28.4,45.5,21.0,1001.2,0,192,1.2
1271,9888,2025-10-19 19:10:30.057000+00:00,28.5,45.4,21.0,1001.1,0,263,1.8
1271,9888,2025-10-19 19:11:30.057000+00:00,28.6,45.8,22.0,1001.1,0,212,1.4
1271,9888,2025-10-19 19:12:30.056000+00:00,28.7,45.9,21.0,1001.0,0,244,1.9
1271,9888,2025-10-19 19:13:30.056000+00:00,28.6,45.9,21.0,1001.2,0,13,1.1
1271,9888,2025-10-19 19:14:30.056000+00:00,28.8,45.9,21.0,1001.1,0,288,0.6
1271,9888,2025-10-19 19:15:30.063000+00:00,28.8,45.5,22.0,1001.0,0,283,2.8
1271,9888,2025-10-19 19:16:30.057000+00:00,28.7,45.5,22.0,1001.1,0,218,1.3
1271,9888,2025-10-19 19:17:30.071000+00:00,28.7,45.9,21.0,1001.2,0,286,1.6
1271,9888,2025-10-19 19:18:30.057000+00:00,28.7,46.0,21.0,1001.1,0,259,1.6
1271,9888,2025-10-19 19:19:30.057000+00:00,28.6,46.0,20.0,1001.2,0,182,2.1
1271,9888,2025-10-19 19:20:30.058000+00:00,28.5,45.8,21.0,1001.1,0,262,1.1
1271,9888,2025-10-19 19:21:30.058000+00:00,28.5,46.0,21.0,1001.1,0,189,1.2
1271,9888,2025-10-19 19:22:30.058000+00:00,28.4,46.0,21.0,1001.2,0,203,1.3
1271,9888,2025-10-19 19:23:30.059000+00:00,28.5,46.0,21.0,1001.1,0,266,1.0
1271,9888,2025-10-19 19:24:30.058000+00:00,28.5,46.0,21.0,1001.1,0,200,1.8
1271,9888,2025-10-19 19:25:30.074000+00:00,28.6,46.2,21.0,1001.1,0,245,2.0
1271,9888,2025-10-19 19:26:30.070000+00:00,28.8,46.2,21.0,1000.9,0,280,1.4
1271,9888,2025-10-19 19:27:30.066000+00:00,28.8,46.3,21.0,1001.0,0,198,1.4
1271,9888,2025-10-19 19:28:30.070000+00:00,28.7,46.1,21.0,1001.0,0,280,1.9
1271,9888,2025-10-19 19:29:30.070000+00:00,28.8,46.1,21.0,1001.0,0,156,1.3
1271,9888,2025-10-19 19:30:30.073000+00:00,28.6,46.1,21.0,1000.9,0,293,1.5
1271,9888,2025-10-19 19:31:30.074000+00:00,28.7,45.9,20.0,1000.9,0,342,2.0
1271,9888,2025-10-19 19:32:30.063000+00:00,28.7,46.0,20.0,1000.9,0,258,1.4
1271,9888,2025-10-19 19:33:30.074000+00:00,28.6,46.0,20.0,1000.9,0,212,1.6
1271,9888,2025-10-19 19:34:30.074000+00:00,28.6,45.9,21.0,1000.9,0,6,1.4
1271,9888,2025-10-19 19:35:30.075000+00:00,28.7,45.8,21.0,1001.0,0,285,0.7
1271,9888,2025-10-19 19:36:30.075000+00:00,28.9,45.8,21.0,1000.9,0,265,2.4
1271,9888,2025-10-19 19:37:30.075000+00:00,28.9,45.8,21.0,1001.0,0,240,2.8
1271,9888,2025-10-19 19:38:30.075000+00:00,28.8,46.0,21.0,1000.9,0,43,1.7
1271,9888,2025-10-19 19:39:30.075000+00:00,28.8,46.1,21.0,1000.8,0,324,0.8
1271,9888,2025-10-19 19:40:30.076000+00:00,28.9,46.3,21.0,1000.9,0,270,1.0
1271,9888,2025-10-19 19:41:30.077000+00:00,28.9,46.3,21.0,1001.0,0,323,1.6
1271,9888,2025-10-19 19:42:30.076000+00:00,28.9,46.2,20.0,1000.9,0,274,1.2
1271,9888,2025-10-19 19:43:30.076000+00:00,28.9,46.1,20.0,1000.8,0,243,1.5
1271,9888,2025-10-19 19:44:30.077000+00:00,28.8,46.1,21.0,1000.8,0,264,1.4
1271,9888,2025-10-19 19:45:30.094000+00:00,28.9,45.9,20.0,1000.8,0,274,2.7
1271,9888,2025-10-19 19:46:30.077000+00:00,28.9,45.8,21.0,1000.7,0,259,2.5
1271,9888,2025-10-19 19:47:30.077000+00:00,28.9,45.8,21.0,1000.8,0,263,3.3
1271,9888,2025-10-19 19:48:30.078000+00:00,28.8,45.7,21.0,1000.7,0,261,4.9
1271,9888,2025-10-19 19:49:30.093000+00:00,28.7,45.6,21.0,1000.7,0,268,4.8
1271,9888,2025-10-19 19:50:30.088000+00:00,28.6,45.6,21.0,1000.7,0,297,2.5
1271,9888,2025-10-19 19:51:30.083000+00:00,28.6,45.5,21.0,1000.7,0,255,2.6
1271,9888,2025-10-19 19:52:30.082000+00:00,28.6,45.4,21.0,1000.8,0,299,3.0
1271,9888,2025-10-19 19:53:30.079000+00:00,28.5,45.4,21.0,1000.7,0,163,2.3
1271,9888,2025-10-19 19:54:30.087000+00:00,28.5,45.8,21.0,1000.6,0,189,1.5
1271,9888,2025-10-19 19:55:30.090000+00:00,28.6,45.8,21.0,1000.6,0,297,1.0
1271,9888,2025-10-19 19:56:30.096000+00:00,28.8,45.8,21.0,1000.7,0,343,1.2
1271,9888,2025-10-19 19:57:30.091000+00:00,28.9,45.9,21.0,1000.7,0,246,1.4
1271,9888,2025-10-19 19:58:30.087000+00:00,28.9,45.9,21.0,1000.7,0,295,2.7
1271,9888,2025-10-19 19:59:30.085000+00:00,28.8,45.7,21.0,1000.7,0,233,2.0
1271,9888,2025-10-19 20:00:30.086000+00:00,28.7,45.9,21.0,1000.7,0,203,1.3
1271,9888,2025-10-19 20:01:30.097000+00:00,28.6,45.9,21.0,1000.7,0,4,1.2
1271,9888,2025-10-19 20:02:30.094000+00:00,28.5,45.9,21.0,1000.6,0,257,2.0
1271,9888,2025-10-19 20:03:30.104000+00:00,28.6,45.7,21.0,1000.7,0,0,1.1
1271,9888,2025-10-19 20:04:30.099000+00:00,28.6,45.7,21.0,1000.6,0,251,1.3
1271,9888,2025-10-19 20:05:30.098000+00:00,28.9,45.8,21.0,1000.6,0,270,1.0
1271,9888,2025-10-19 20:06:30.098000+00:00,29.0,45.9,21.0,1000.6,0,250,1.2
1271,9888,2025-10-19 20:07:30.100000+00:00,29.1,45.8,20.0,1000.5,0,160,1.9
1271,9888,2025-10-19 20:08:30.102000+00:00,29.1,45.9,21.0,1000.6,0,269,1.7
1271,9888,2025-10-19 20:09:30.099000+00:00,29.0,45.5,21.0,1000.5,0,286,2.4
1271,9888,2025-10-19 20:10:30.130000+00:00,29.0,45.6,21.0,1000.6,0,241,2.0
1271,9888,2025-10-19 20:11:30.146000+00:00,28.9,45.8,20.0,1000.6,0,297,1.4
1271,9888,2025-10-19 20:12:30.143000+00:00,29.0,45.6,20.0,1000.6,0,277,1.6
1271,9888,2025-10-19 20:13:30.184000+00:00,29.1,45.7,20.0,1000.6,0,283,1.0
1271,9888,2025-10-19 20:14:30.200000+00:00,29.3,45.8,20.0,1000.5,0,267,1.3
1271,9888,2025-10-19 20:15:30.204000+00:00,29.2,45.6,20.0,1000.6,0,261,3.2
1271,9888,2025-10-19 20:16:30.213000+00:00,29.1,45.3,21.0,1000.5,0,248,3.0
1271,9888,2025-10-19 20:17:30.230000+00:00,29.1,45.3,21.0,1000.6,0,262,2.0
1271,9888,2025-10-19 20:18:30.231000+00:00,29.1,45.4,21.0,1000.7,0,56,1.5
1271,9888,2025-10-19 20:19:30.230000+00:00,29.0,45.7,21.0,1000.6,0,269,1.0
1271,9888,2025-10-19 20:20:30.231000+00:00,29.0,45.7,21.0,1000.4,0,163,1.4
1271,9888,2025-10-19 20:21:30.236000+00:00,29.0,45.5,21.0,1000.6,0,294,1.8
1271,9888,2025-10-19 20:22:30.231000+00:00,29.0,45.3,21.0,1000.5,0,272,2.0
1271,9888,2025-10-19 20:23:30.233000+00:00,29.0,45.3,21.0,1000.5,0,258,1.2
1271,9888,2025-10-19 20:24:30.246000+00:00,29.0,45.6,21.0,1000.5,0,132,1.3
1271,9888,2025-10-19 20:25:30.232000+00:00,29.0,45.6,21.0,1000.5,0,147,0.7
1271,9888,2025-10-19 20:26:30.233000+00:00,29.0,45.6,21.0,1000.5,0,147,0.7
1271,9888,2025-10-19 20:27:30.254000+00:00,29.2,45.6,21.0,1000.5,0,147,0.7
1271,9888,2025-10-19 20:28:30.235000+00:00,29.3,45.7,21.0,1000.5,0,154,0.9
1271,9888,2025-10-19 20:29:30.246000+00:00,29.3,45.8,21.0,1000.6,0,258,1.4
1271,9888,2025-10-19 20:30:30.245000+00:00,29.1,45.7,21.0,1000.5,0,244,1.7
1271,9888,2025-10-19 20:31:30.247000+00:00,29.1,45.7,21.0,1000.5,0,258,1.2
1271,9888,2025-10-19 20:32:30.247000+00:00,29.2,45.6,21.0,1000.6,0,182,1.0
1271,9888,2025-10-19 20:33:30.246000+00:00,29.2,45.6,20.0,1000.6,0,285,1.7
1271,9888,2025-10-19 20:34:30.246000+00:00,29.2,45.3,20.0,1000.6,0,255,2.8
1271,9888,2025-10-19 20:35:30.262000+00:00,29.2,44.8,21.0,1000.6,0,265,3.4
1271,9888,2025-10-19 20:36:30.274000+00:00,29.1,44.8,21.0,1000.5,0,252,3.3
1271,9888,2025-10-19 20:37:30.298000+00:00,29.0,45.0,21.0,1000.5,0,252,2.5
1271,9888,2025-10-19 20:38:30.296000+00:00,29.0,44.9,21.0,1000.5,0,185,2.0
1271,9888,2025-10-19 20:39:30.298000+00:00,29.1,44.9,21.0,1000.5,0,251,1.6
1271,9888,2025-10-19 20:40:30.297000+00:00,29.0,45.0,21.0,1000.6,0,159,1.6
1272,9870,2025-10-24 18:17:54.621000+00:00,22.5,46.9,34.0,783.8,0,148,1.0
1272,9870,2025-10-24 18:18:15.780000+00:00,22.9,46.9,34.0,783.8,0,148,1.0
1272,9870,2025-10-24 18:19:15.781000+00:00,22.9,47.4,34.0,783.8,0,267,1.0
1272,9870,2025-10-24 18:20:15.800000+00:00,23.0,47.6,33.0,783.7,0,26,1.8
1272,9870,2025-10-24 18:21:15.814000+00:00,23.1,47.6,33.0,783.7,0,347,2.4
1272,9870,2025-10-24 18:22:15.796000+00:00,23.2,48.2,33.0,783.7,0,267,1.7
1272,9870,2025-10-24 18:23:15.796000+00:00,23.1,48.3,33.0,783.8,0,268,1.9
1272,9870,2025-10-24 18:24:15.814000+00:00,23.1,48.2,34.0,783.8,0,337,2.6
1272,9870,2025-10-24 18:25:15.813000+00:00,23.1,47.6,34.0,783.7,0,0,0.6
1272,9870,2025-10-24 18:29:36.589000+00:00,23.1,48.2,34.0,783.5,0,287,1.6
1272,9871,2025-10-24 21:45:19.320000+00:00,25.5,44.4,25.0,781.1,0,305,1.3
1272,9871,2025-10-24 21:46:16.570000+00:00,25.6,44.3,26.0,781.1,0,302,1.1
1272,9871,2025-10-24 21:47:16.571000+00:00,25.6,44.4,25.0,781.2,0,246,0.7
1272,9871,2025-10-24 21:48:16.571000+00:00,25.6,44.2,25.0,781.1,0,90,1.7
1272,9871,2025-10-24 21:49:16.581000+00:00,25.5,43.7,25.0,781.1,0,0,0.8
1272,9871,2025-10-24 21:50:16.593000+00:00,25.5,43.7,26.0,781.1,0,162,0.0
1272,9871,2025-10-24 21:51:16.619000+00:00,25.7,43.8,26.0,781.1,0,342,0.8
1272,9871,2025-10-24 21:52:16.619000+00:00,25.7,43.8,26.0,781.1,0,278,0.8
1272,9871,2025-10-24 21:53:16.613000+00:00,25.6,43.9,25.0,781.1,0,263,1.1
1272,9871,2025-10-24 21:54:16.613000+00:00,25.6,43.8,25.0,781.1,0,154,1.4
1272,9871,2025-10-24 21:55:16.638000+00:00,25.6,43.7,25.0,781.1,0,167,0.6
1272,9871,2025-10-24 21:56:16.654000+00:00,25.6,43.8,25.0,781.0,0,141,1.6
1272,9871,2025-10-24 21:57:16.654000+00:00,25.6,43.7,26.0,781.0,0,199,1.9
1272,9871,2025-10-24 21:58:16.655000+00:00,25.6,43.7,26.0,781.1,0,32,1.0
1272,9871,2025-10-24 21:59:16.655000+00:00,25.7,43.4,25.0,781.0,0,36,0.3
1272,9871,2025-10-24 22:00:16.655000+00:00,25.6,43.3,25.0,781.1,0,113,1.6
1272,9871,2025-10-24 22:01:16.655000+00:00,25.7,43.3,26.0,781.0,0,131,0.7
1272,9871,2025-10-24 22:02:16.653000+00:00,25.7,43.0,26.0,781.0,0,133,1.5
1272,9871,2025-10-24 22:03:16.656000+00:00,25.6,42.9,25.0,781.0,0,53,2.2
1272,9871,2025-10-24 22:04:16.647000+00:00,25.6,42.5,26.0,781.0,0,123,1.4
1272,9871,2025-10-24 22:05:16.650000+00:00,25.7,42.5,26.0,781.0,0,0,1.2
1272,9871,2025-10-24 22:06:16.666000+00:00,25.7,42.6,25.0,781.0,0,203,0.0
1272,9871,2025-10-24 22:07:16.651000+00:00,25.5,42.1,26.0,781.0,0,60,0.6
1272,9871,2025-10-24 22:08:16.667000+00:00,25.5,42.1,26.0,781.1,0,285,0.4
1272,9871,2025-10-24 22:09:16.661000+00:00,25.6,42.1,26.0,780.9,0,244,0.6
1272,9871,2025-10-24 22:10:16.670000+00:00,25.6,42.0,26.0,781.0,0,261,0.7
1272,9871,2025-10-24 22:11:16.746000+00:00,25.5,41.9,26.0,781.0,0,287,1.8
1272,9871,2025-10-24 22:12:16.714000+00:00,25.5,41.9,26.0,781.0,0,274,1.8
1272,9871,2025-10-24 22:13:16.717000+00:00,25.6,41.7,26.0,781.0,0,211,0.8
1272,9871,2025-10-24 22:14:16.743000+00:00,25.5,41.7,26.0,780.9,0,224,1.8
1272,9871,2025-10-24 22:15:16.745000+00:00,25.5,41.7,26.0,781.0,0,140,1.3
1272,9871,2025-10-24 22:16:16.764000+00:00,25.5,41.7,26.0,780.9,0,163,1.5
1272,9871,2025-10-24 22:17:16.759000+00:00,25.5,41.3,26.0,781.0,0,75,1.8
1272,9871,2025-10-24 22:18:16.772000+00:00,25.5,41.1,26.0,781.0,0,106,1.0
1272,9871,2025-10-24 22:19:16.794000+00:00,25.7,40.2,26.0,780.9,0,0,0.7
1272,9871,2025-10-24 22:20:16.797000+00:00,25.6,39.8,26.0,781.0,0,219,1.6
1272,9871,2025-10-24 22:21:16.804000+00:00,25.6,39.9,26.0,781.0,0,256,1.5
1272,9871,2025-10-24 22:22:16.792000+00:00,25.6,39.6,26.0,781.0,0,278,1.7
1272,9871,2025-10-24 22:23:16.792000+00:00,25.5,39.1,26.0,780.9,0,263,1.0
1272,9871,2025-10-24 22:24:16.871000+00:00,25.4,38.9,26.0,781.0,0,187,0.3
1272,9871,2025-10-24 22:25:16.802000+00:00,25.4,38.3,27.0,780.9,0,161,0.6
1272,9871,2025-10-24 22:26:16.865000+00:00,25.3,38.0,27.0,780.8,0,0,1.2
1272,9871,2025-10-24 22:27:16.796000+00:00,25.3,38.0,27.0,780.9,0,285,0.0
1272,9871,2025-10-24 22:28:16.812000+00:00,25.2,38.0,27.0,781.0,0,317,1.1
1272,9871,2025-10-24 22:29:16.803000+00:00,25.2,38.7,26.0,780.8,0,308,2.2
1272,9871,2025-10-24 22:30:16.804000+00:00,25.2,38.2,27.0,780.9,0,229,1.4
1272,9871,2025-10-24 22:31:16.804000+00:00,25.1,38.1,27.0,780.9,0,285,1.3
1272,9871,2025-10-24 22:32:16.804000+00:00,25.1,38.1,27.0,780.9,0,79,1.4
1272,9871,2025-10-24 22:33:16.804000+00:00,25.1,38.0,27.0,780.9,0,141,0.8
1272,9871,2025-10-24 22:34:16.804000+00:00,25.1,37.5,27.0,780.8,0,175,1.0
1272,9871,2025-10-24 22:35:16.820000+00:00,25.3,37.5,27.0,780.9,0,242,1.4
1272,9871,2025-10-24 22:36:16.805000+00:00,25.4,37.4,27.0,780.8,0,235,1.1
1272,9871,2025-10-24 22:37:16.821000+00:00,25.5,37.2,27.0,780.8,0,249,1.6
1272,9871,2025-10-24 22:38:16.814000+00:00,25.5,37.0,27.0,780.8,0,243,2.0
1272,9871,2025-10-24 22:39:16.814000+00:00,25.4,37.0,27.0,780.9,0,196,1.3
1272,9871,2025-10-24 22:40:16.830000+00:00,25.4,36.8,27.0,780.8,0,130,1.4
1272,9871,2025-10-24 22:41:16.831000+00:00,25.3,36.6,27.0,780.9,0,244,1.1
1272,9871,2025-10-24 22:42:16.847000+00:00,25.3,36.5,27.0,780.8,0,0,1.1
1272,9871,2025-10-24 22:43:16.863000+00:00,25.1,36.6,27.0,780.8,0,130,0.7
1272,9871,2025-10-24 22:44:16.854000+00:00,25.1,36.6,27.0,780.9,0,172,1.7
1272,9871,2025-10-24 22:45:16.851000+00:00,25.1,36.2,26.0,780.8,0,211,0.9
1272,9871,2025-10-24 22:46:16.860000+00:00,25.0,36.1,27.0,780.9,0,135,0.8
1272,9871,2025-10-24 22:47:16.860000+00:00,25.0,36.2,27.0,780.9,0,263,1.1
1272,9871,2025-10-24 22:48:16.861000+00:00,25.2,36.2,27.0,780.8,0,127,1.7
1272,9871,2025-10-24 22:49:16.861000+00:00,25.1,35.7,27.0,780.8,0,79,1.1
1272,9871,2025-10-24 22:50:16.871000+00:00,25.3,35.6,27.0,780.9,0,359,0.4
1272,9871,2025-10-24 22:51:16.887000+00:00,25.3,36.0,27.0,780.9,0,103,0.4
1272,9871,2025-10-24 22:52:16.918000+00:00,25.2,36.0,27.0,780.9,0,270,0.6
1272,9871,2025-10-24 22:53:16.919000+00:00,25.1,36.0,27.0,780.9,0,313,1.1
1272,9871,2025-10-24 22:54:16.909000+00:00,25.1,36.0,27.0,780.8,0,328,1.5
1272,9871,2025-10-24 22:55:16.909000+00:00,25.1,35.8,27.0,780.9,0,245,1.0
1272,9871,2025-10-24 22:56:16.925000+00:00,25.1,35.6,27.0,780.7,0,289,1.3
1272,9871,2025-10-24 22:57:16.935000+00:00,25.3,35.8,27.0,780.8,0,141,1.1
1272,9871,2025-10-24 22:58:16.935000+00:00,25.2,35.8,27.0,780.9,0,92,2.5
1272,9871,2025-10-24 22:59:16.935000+00:00,25.3,35.7,26.0,780.9,0,0,1.3
1272,9871,2025-10-24 23:00:16.942000+00:00,25.3,35.3,26.0,780.9,0,67,0.9
1272,9871,2025-10-24 23:01:16.942000+00:00,25.3,35.2,26.0,781.0,0,126,1.1
1272,9871,2025-10-24 23:02:16.958000+00:00,25.1,35.1,26.0,781.0,0,141,1.5
1272,9871,2025-10-24 23:03:16.958000+00:00,25.1,35.1,26.0,780.9,0,126,1.3
1272,9871,2025-10-24 23:04:16.943000+00:00,25.0,34.9,26.0,781.0,0,154,1.0
1272,9871,2025-10-24 23:05:16.952000+00:00,25.0,34.5,26.0,780.9,0,60,0.7
1272,9871,2025-10-24 23:06:16.952000+00:00,25.1,34.5,26.0,780.9,0,92,0.7
1272,9871,2025-10-24 23:07:16.956000+00:00,25.0,34.5,26.0,780.9,0,116,1.3
1272,9871,2025-10-24 23:08:16.956000+00:00,25.0,34.5,26.0,780.8,0,74,1.6
1272,9872,2025-10-25 17:16:21.056000+00:00,22.5,42.9,38.0,784.3,0,250,1.3
1272,9872,2025-10-25 17:17:21.088000+00:00,22.5,43.3,39.0,784.2,0,176,0.9
1272,9872,2025-10-25 17:18:21.094000+00:00,22.5,43.2,38.0,784.2,0,281,2.0
1272,9872,2025-10-25 17:19:21.092000+00:00,22.5,43.3,37.0,784.2,0,308,1.6
1272,9872,2025-10-25 17:20:21.095000+00:00,22.6,44.4,37.0,784.1,0,151,1.2
1272,9872,2025-10-25 17:21:21.111000+00:00,22.6,44.6,36.0,784.1,0,122,2.3
1272,9872,2025-10-25 17:22:21.111000+00:00,22.7,44.3,37.0,784.2,0,0,2.9
1272,9872,2025-10-25 17:23:21.111000+00:00,22.8,44.1,36.0,784.1,0,321,1.1
1272,9872,2025-10-25 17:24:21.111000+00:00,22.8,43.9,37.0,784.1,0,289,1.8
1272,9872,2025-10-25 17:25:21.127000+00:00,22.7,43.9,37.0,784.0,0,310,1.7
1272,9872,2025-10-25 17:26:21.123000+00:00,22.5,43.6,38.0,784.1,0,271,2.1
1272,9872,2025-10-25 17:27:21.123000+00:00,22.6,43.8,38.0,784.1,0,282,1.3
1272,9872,2025-10-25 17:28:21.139000+00:00,22.6,43.8,38.0,784.0,0,284,1.1
1272,9872,2025-10-25 17:29:21.155000+00:00,22.6,43.8,38.0,784.1,0,6,0.8
1272,9872,2025-10-25 17:30:21.140000+00:00,22.7,43.8,38.0,784.0,0,192,0.5
1272,9872,2025-10-25 17:31:21.144000+00:00,22.8,44.7,36.0,784.0,0,174,1.1
1272,9872,2025-10-25 17:32:21.150000+00:00,22.9,44.7,36.0,784.0,0,248,2.2
1272,9872,2025-10-25 17:33:21.144000+00:00,23.1,45.1,36.0,784.0,0,341,1.7
1272,9872,2025-10-25 17:34:21.148000+00:00,23.1,45.5,35.0,783.9,0,340,1.7
1272,9872,2025-10-25 17:35:21.145000+00:00,23.2,45.2,35.0,784.0,0,260,1.4
1272,9872,2025-10-25 17:36:21.151000+00:00,23.2,45.2,35.0,784.0,0,263,3.2
1272,9872,2025-10-25 17:37:21.152000+00:00,23.2,45.3,35.0,783.9,0,248,2.2
1272,9872,2025-10-25 17:38:21.149000+00:00,23.1,45.5,35.0,783.9,0,275,3.3
1272,9872,2025-10-25 17:39:21.146000+00:00,23.0,45.4,35.0,783.9,0,232,3.5
1272,9872,2025-10-25 17:40:21.158000+00:00,23.0,45.4,36.0,783.7,0,259,2.4
1272,9872,2025-10-25 17:41:21.156000+00:00,23.1,45.5,36.0,783.8,0,271,2.0
1272,9872,2025-10-25 17:42:21.162000+00:00,23.3,45.8,36.0,783.9,0,237,2.5
1272,9872,2025-10-25 17:43:21.162000+00:00,23.4,45.8,36.0,783.9,0,238,2.4
1272,9872,2025-10-25 17:44:21.158000+00:00,23.4,45.7,36.0,783.8,0,245,1.2
1272,9872,2025-10-25 17:45:21.159000+00:00,23.5,45.3,36.0,783.8,0,217,1.1
1272,9872,2025-10-25 17:46:21.153000+00:00,23.5,45.3,36.0,783.8,0,220,2.0
1272,9872,2025-10-25 17:47:21.163000+00:00,23.5,45.6,37.0,783.7,0,269,2.2
1272,9872,2025-10-25 17:48:21.157000+00:00,23.5,45.6,37.0,783.7,0,290,1.1
1272,9872,2025-10-25 17:49:21.163000+00:00,23.5,46.1,36.0,783.8,0,250,0.0
1272,9872,2025-10-25 17:50:21.163000+00:00,23.6,46.1,35.0,783.6,0,216,0.0
1272,9872,2025-10-25 17:51:21.163000+00:00,23.8,46.6,35.0,783.7,0,281,1.7
1272,9872,2025-10-25 17:52:21.158000+00:00,23.7,45.8,36.0,783.7,0,286,2.5
1272,9872,2025-10-25 17:53:21.160000+00:00,23.5,45.6,37.0,783.8,0,267,2.2
1272,9872,2025-10-25 17:54:21.265000+00:00,23.5,45.3,37.0,783.8,0,259,1.6
1272,9872,2025-10-25 17:55:21.284000+00:00,23.5,45.3,38.0,783.7,0,255,1.5
1272,9872,2025-10-25 17:56:21.296000+00:00,23.5,45.7,38.0,783.6,0,265,0.9
1272,9872,2025-10-25 17:57:21.290000+00:00,23.5,45.8,38.0,783.6,0,279,0.0
1272,9872,2025-10-25 17:58:21.296000+00:00,23.4,46.5,37.0,783.6,0,315,0.6
1272,9872,2025-10-25 17:59:21.300000+00:00,23.4,46.7,37.0,783.6,0,209,2.3
1272,9872,2025-10-25 18:00:21.294000+00:00,23.5,46.8,37.0,783.6,0,180,2.4
1272,9872,2025-10-25 18:01:21.305000+00:00,23.5,46.9,37.0,783.6,0,234,1.0
1272,9872,2025-10-25 18:02:21.290000+00:00,23.5,46.9,37.0,783.6,0,262,2.6
1272,9872,2025-10-25 18:03:21.292000+00:00,23.4,46.9,38.0,783.6,0,311,2.3
1272,9872,2025-10-25 18:04:21.292000+00:00,23.4,46.6,38.0,783.6,0,172,1.4
1272,9872,2025-10-25 18:05:21.292000+00:00,23.5,46.9,37.0,783.5,0,79,0.7
1272,9872,2025-10-25 18:06:21.305000+00:00,23.6,47.1,37.0,783.6,0,40,1.0
1272,9872,2025-10-25 18:07:21.296000+00:00,23.7,47.1,37.0,783.5,0,316,0.8
1272,9872,2025-10-25 18:08:21.297000+00:00,23.8,47.2,36.0,783.4,0,258,1.8
1272,9872,2025-10-25 18:09:21.309000+00:00,23.8,47.4,37.0,783.4,0,296,2.2
1272,9872,2025-10-25 18:10:21.310000+00:00,23.8,47.4,37.0,783.5,0,255,1.6
1272,9872,2025-10-25 18:11:21.303000+00:00,23.8,47.4,35.0,783.4,0,258,2.9
1272,9872,2025-10-25 18:12:21.300000+00:00,23.7,46.9,36.0,783.5,0,283,2.6
1272,9872,2025-10-25 18:13:21.295000+00:00,23.7,46.9,36.0,783.4,0,263,2.6
1272,9872,2025-10-25 18:14:21.306000+00:00,23.7,47.1,36.0,783.3,0,268,2.4
1272,9872,2025-10-25 18:15:21.301000+00:00,23.7,47.0,36.0,783.3,0,271,3.4
1272,9872,2025-10-25 18:16:21.317000+00:00,23.8,46.6,37.0,783.3,0,287,3.3
1272,9872,2025-10-25 18:17:21.308000+00:00,23.9,46.6,35.0,783.3,0,289,1.9
1272,9872,2025-10-25 18:18:21.308000+00:00,23.9,46.5,36.0,783.3,0,267,1.9
1272,9872,2025-10-25 18:19:21.308000+00:00,23.9,46.7,36.0,783.3,0,260,2.2
1272,9872,2025-10-25 18:20:21.317000+00:00,24.0,46.7,35.0,783.3,0,259,1.7
1272,9872,2025-10-25 18:21:21.318000+00:00,24.0,47.0,35.0,783.2,0,263,1.3
1272,9872,2025-10-25 18:22:21.307000+00:00,24.0,47.4,34.0,783.2,0,254,2.1
1272,9872,2025-10-25 18:23:21.307000+00:00,23.9,47.6,33.0,783.2,0,0,2.0
1272,9872,2025-10-25 18:24:21.313000+00:00,23.8,47.5,33.0,783.2,0,309,1.6
1272,9872,2025-10-25 18:25:21.307000+00:00,23.9,47.5,34.0,783.2,0,271,1.5
1272,9872,2025-10-25 18:26:21.316000+00:00,24.0,47.5,34.0,783.2,0,253,2.0
1272,9872,2025-10-25 18:27:21.335000+00:00,24.0,47.0,35.0,783.2,0,250,1.5
1272,9872,2025-10-25 18:28:21.339000+00:00,24.1,47.1,36.0,783.1,0,250,1.5
1272,9872,2025-10-25 18:29:21.342000+00:00,24.0,47.3,36.0,783.2,0,240,0.8
1272,9872,2025-10-25 18:30:21.364000+00:00,24.0,47.6,35.0,783.1,0,239,1.0
1272,9872,2025-10-25 18:31:21.360000+00:00,23.9,48.1,35.0,783.1,0,261,1.9
1272,9872,2025-10-25 18:32:21.362000+00:00,23.8,48.2,35.0,782.9,0,24,1.6
1272,9872,2025-10-25 18:33:21.393000+00:00,23.9,48.4,34.0,783.0,0,130,1.0
1272,9872,2025-10-25 18:34:21.402000+00:00,23.8,47.9,32.0,783.0,0,136,1.0
1272,9872,2025-10-25 18:35:21.421000+00:00,23.9,47.6,34.0,783.0,0,293,0.5
1272,9872,2025-10-25 18:36:21.440000+00:00,23.8,47.4,34.0,783.0,0,313,0.8
1272,9872,2025-10-25 18:37:21.441000+00:00,23.9,47.7,33.0,782.9,0,0,0.9
1272,9872,2025-10-25 18:38:21.456000+00:00,24.0,48.4,32.0,783.0,0,286,0.9
1272,9873,2025-10-25 20:47:21.931000+00:00,25.9,49.8,27.0,780.8,0,296,2.0
1272,9873,2025-10-25 20:48:21.925000+00:00,25.9,49.5,27.0,780.7,0,280,2.2
1272,9873,2025-10-25 20:49:21.932000+00:00,25.9,49.1,27.0,780.7,0,295,3.5
1272,9873,2025-10-25 20:50:21.926000+00:00,26.1,48.9,27.0,780.8,0,304,2.5
1272,9873,2025-10-25 20:51:21.926000+00:00,26.1,49.0,27.0,780.7,0,331,2.2
1272,9873,2025-10-25 20:52:21.931000+00:00,26.2,49.1,27.0,780.8,0,295,1.5
1272,9873,2025-10-25 20:53:21.926000+00:00,26.3,49.1,27.0,780.7,0,271,2.4
1272,9873,2025-10-25 20:54:21.932000+00:00,26.3,48.6,27.0,780.7,0,295,3.0
1272,9873,2025-10-25 20:55:21.929000+00:00,26.1,48.7,28.0,780.7,0,263,2.4
1272,9873,2025-10-25 20:56:21.928000+00:00,26.0,48.7,28.0,780.8,0,283,3.0
1272,9873,2025-10-25 20:57:21.928000+00:00,26.1,48.7,27.0,780.7,0,320,2.3
1272,9873,2025-10-25 20:58:21.917000+00:00,26.2,48.7,28.0,780.7,0,302,1.5
1272,9873,2025-10-25 20:59:21.929000+00:00,26.3,48.7,27.0,780.7,0,299,1.0
1272,9873,2025-10-25 21:00:21.933000+00:00,26.4,48.8,27.0,780.6,0,271,1.2
1272,9873,2025-10-25 21:01:21.921000+00:00,26.4,48.7,26.0,780.7,0,305,1.9
1272,9873,2025-10-25 21:02:21.945000+00:00,26.3,47.9,27.0,780.6,0,334,1.2
1272,9873,2025-10-25 21:03:21.927000+00:00,26.3,47.9,27.0,780.7,0,264,0.4
1272,9873,2025-10-25 21:04:21.924000+00:00,26.3,48.2,27.0,780.6,0,0,0.8
1272,9873,2025-10-25 21:05:21.935000+00:00,26.3,47.7,27.0,780.7,0,278,0.9
1272,9873,2025-10-25 21:06:21.935000+00:00,26.3,47.6,27.0,780.6,0,285,1.9
1272,9873,2025-10-25 21:07:21.935000+00:00,26.4,47.7,27.0,780.6,0,0,1.8
1272,9873,2025-10-25 21:08:21.933000+00:00,26.3,47.8,28.0,780.7,0,213,1.3
1272,9873,2025-10-25 21:09:21.931000+00:00,26.3,47.8,27.0,780.7,0,286,1.9
1272,9873,2025-10-25 21:10:21.941000+00:00,26.3,47.8,28.0,780.6,0,265,2.3
1272,9873,2025-10-25 21:11:21.931000+00:00,26.3,47.3,28.0,780.5,0,284,1.2
1272,9873,2025-10-25 21:12:21.940000+00:00,26.3,47.1,28.0,780.5,0,268,2.5
1272,9873,2025-10-25 21:13:21.933000+00:00,26.4,47.1,28.0,780.6,0,268,2.3
1272,9873,2025-10-25 21:14:21.937000+00:00,26.4,47.1,28.0,780.5,0,320,4.0
1272,9873,2025-10-25 21:15:22.003000+00:00,26.2,46.9,28.0,780.5,0,256,1.6
1272,9873,2025-10-25 21:16:22.003000+00:00,26.3,46.9,28.0,780.5,0,238,2.4
1272,9873,2025-10-25 21:17:21.992000+00:00,26.3,46.9,28.0,780.5,0,252,2.9
1272,9873,2025-10-25 21:18:22.003000+00:00,26.3,47.3,28.0,780.5,0,265,1.6
1272,9873,2025-10-25 21:19:22.010000+00:00,26.3,47.2,28.0,780.5,0,267,2.2
1272,9873,2025-10-25 21:20:22.034000+00:00,26.3,46.8,28.0,780.5,0,265,2.7
1272,9873,2025-10-25 21:21:22.016000+00:00,26.3,46.6,28.0,780.5,0,267,2.7
1272,9873,2025-10-25 21:22:22.042000+00:00,26.4,46.2,27.0,780.5,0,269,3.2
1272,9873,2025-10-25 21:23:22.054000+00:00,26.3,46.1,28.0,780.4,0,286,2.1
1272,9873,2025-10-25 21:24:22.061000+00:00,26.0,45.9,28.0,780.4,0,272,3.1
1272,9873,2025-10-25 21:25:22.052000+00:00,25.9,45.7,28.0,780.4,0,286,2.1
1272,9873,2025-10-25 21:26:22.078000+00:00,26.0,45.7,28.0,780.4,0,264,2.5
1272,9873,2025-10-25 21:27:22.078000+00:00,26.0,46.0,28.0,780.5,0,251,2.4
1272,9873,2025-10-25 21:28:22.076000+00:00,26.0,45.8,28.0,780.5,0,290,0.8
1272,9873,2025-10-25 21:29:22.080000+00:00,26.1,45.8,28.0,780.4,0,322,1.3
1272,9873,2025-10-25 21:30:22.080000+00:00,26.1,45.9,28.0,780.5,0,288,0.9
1272,9873,2025-10-25 21:31:22.080000+00:00,26.1,45.8,28.0,780.5,0,254,1.7
1272,9873,2025-10-25 21:32:22.083000+00:00,26.2,45.8,28.0,780.5,0,214,1.8
1272,9873,2025-10-25 21:33:22.129000+00:00,26.3,45.6,28.0,780.4,0,348,1.8
1272,9873,2025-10-25 21:34:22.129000+00:00,26.4,45.4,28.0,780.5,0,198,0.8
1272,9873,2025-10-25 21:35:22.083000+00:00,26.3,45.5,27.0,780.4,0,263,2.8
1272,9873,2025-10-25 21:36:22.083000+00:00,26.3,45.7,27.0,780.4,0,264,2.3
1272,9873,2025-10-25 21:37:22.076000+00:00,26.2,45.6,27.0,780.5,0,256,2.4
1272,9873,2025-10-25 21:38:22.078000+00:00,26.2,45.1,27.0,780.4,0,280,2.0
1272,9873,2025-10-25 21:39:22.087000+00:00,26.3,44.7,27.0,780.4,0,257,2.2
1272,9873,2025-10-25 21:40:22.082000+00:00,26.2,44.6,27.0,780.4,0,264,3.1
1272,9873,2025-10-25 21:41:22.091000+00:00,26.1,44.3,28.0,780.5,0,285,2.5
1272,9873,2025-10-25 21:42:22.078000+00:00,26.0,44.3,27.0,780.5,0,312,1.3
1272,9873,2025-10-25 21:43:22.079000+00:00,26.1,44.3,27.0,780.4,0,264,1.8
1272,9873,2025-10-25 21:44:22.080000+00:00,26.0,44.1,27.0,780.4,0,304,1.8
1272,9873,2025-10-25 21:45:22.095000+00:00,26.0,44.1,27.0,780.4,0,252,2.3
1272,9873,2025-10-25 21:46:22.096000+00:00,26.0,44.0,28.0,780.4,0,216,1.9
1272,9873,2025-10-25 21:47:22.081000+00:00,26.0,43.9,27.0,780.5,0,281,2.6
1272,9873,2025-10-25 21:48:22.097000+00:00,26.1,43.9,27.0,780.5,0,185,2.1
1272,9873,2025-10-25 21:49:22.085000+00:00,26.3,44.0,27.0,780.4,0,21,0.9
1272,9873,2025-10-25 21:50:22.099000+00:00,26.3,43.7,27.0,780.4,0,301,1.1
1272,9873,2025-10-25 21:51:22.086000+00:00,26.3,43.6,27.0,780.5,0,264,1.7
1272,9873,2025-10-25 21:52:22.091000+00:00,26.2,43.5,27.0,780.4,0,306,1.1
1272,9873,2025-10-25 21:53:22.098000+00:00,26.2,43.6,27.0,780.4,0,260,1.3
1272,9873,2025-10-25 21:54:22.101000+00:00,26.2,43.5,27.0,780.4,0,248,1.2
1272,9873,2025-10-25 21:55:22.101000+00:00,26.3,43.2,27.0,780.5,0,266,2.1
1272,9873,2025-10-25 21:56:22.101000+00:00,26.3,43.2,27.0,780.4,0,312,1.8
1272,9873,2025-10-25 21:57:22.097000+00:00,26.3,43.1,27.0,780.4,0,306,2.0
1272,9873,2025-10-25 21:58:22.107000+00:00,26.1,42.7,28.0,780.5,0,291,1.0
1272,9873,2025-10-25 21:59:22.092000+00:00,26.0,42.7,28.0,780.5,0,283,0.7
1272,9873,2025-10-25 22:00:22.103000+00:00,26.0,42.8,28.0,780.4,0,234,2.1
1272,9873,2025-10-25 22:01:22.091000+00:00,26.0,42.8,28.0,780.5,0,263,2.8
1272,9873,2025-10-25 22:02:22.107000+00:00,26.1,42.5,28.0,780.5,0,250,3.7
1272,9873,2025-10-25 22:03:22.107000+00:00,26.1,42.0,28.0,780.4,0,231,3.2
1272,9873,2025-10-25 22:04:22.095000+00:00,26.1,42.4,28.0,780.4,0,262,1.4
1272,9877,2025-10-26 19:06:27.287000+00:00,25.5,51.4,26.0,781.8,0,288,2.3
1272,9877,2025-10-26 19:07:27.279000+00:00,25.6,51.4,26.0,781.8,0,303,1.8
1272,9877,2025-10-26 19:08:27.282000+00:00,25.5,51.6,26.0,781.8,0,0,1.0
1272,9877,2025-10-26 19:09:27.281000+00:00,25.5,51.8,25.0,781.7,0,22,0.4
1272,9877,2025-10-26 19:10:27.281000+00:00,25.5,52.1,25.0,781.8,0,135,1.0
1272,9877,2025-10-26 19:11:27.281000+00:00,25.6,52.1,25.0,781.8,0,162,2.2
1272,9877,2025-10-26 19:12:27.278000+00:00,25.6,52.3,25.0,781.7,0,117,2.3
1272,9877,2025-10-26 19:13:27.282000+00:00,25.5,52.8,25.0,781.7,0,120,2.5
1272,9877,2025-10-26 19:14:27.286000+00:00,25.5,53.1,25.0,781.6,0,131,1.3
1272,9877,2025-10-26 19:15:27.282000+00:00,25.4,53.1,25.0,781.6,0,113,2.8
1272,9877,2025-10-26 19:16:27.284000+00:00,25.4,53.1,25.0,781.7,0,132,1.6
1272,9877,2025-10-26 19:17:27.284000+00:00,25.4,53.1,25.0,781.6,0,148,1.3
1272,9877,2025-10-26 19:18:27.287000+00:00,25.4,53.2,25.0,781.5,0,291,2.3
1272,9877,2025-10-26 19:19:27.286000+00:00,25.5,53.1,24.0,781.6,0,317,1.8
1272,9877,2025-10-26 19:20:27.296000+00:00,25.6,53.1,24.0,781.6,0,216,2.0
1272,9877,2025-10-26 19:21:27.295000+00:00,25.6,53.1,24.0,781.6,0,287,1.4
1272,9877,2025-10-26 19:22:27.284000+00:00,25.7,52.8,24.0,781.6,0,337,1.4
1272,9877,2025-10-26 19:23:27.288000+00:00,25.8,52.8,24.0,781.5,0,310,0.8
1272,9877,2025-10-26 19:24:27.293000+00:00,25.6,52.8,24.0,781.6,0,244,0.6
1272,9877,2025-10-26 19:25:27.287000+00:00,25.6,53.1,24.0,781.5,0,238,1.4
1272,9877,2025-10-26 19:26:27.299000+00:00,25.6,53.1,25.0,781.5,0,226,1.6
1272,9877,2025-10-26 19:27:27.298000+00:00,25.8,52.6,25.0,781.4,0,0,1.3
1272,9877,2025-10-26 19:28:27.294000+00:00,25.9,53.1,24.0,781.4,0,149,1.5
1272,9877,2025-10-26 19:29:27.292000+00:00,26.0,52.5,24.0,781.4,0,141,1.3
1272,9877,2025-10-26 19:30:27.299000+00:00,26.0,52.5,25.0,781.4,0,144,1.8
1272,9877,2025-10-26 19:31:27.301000+00:00,25.9,52.7,25.0,781.3,0,43,1.1
1272,9877,2025-10-26 19:32:27.334000+00:00,25.9,52.7,25.0,781.4,0,219,1.4
1272,9877,2025-10-26 19:33:27.301000+00:00,25.9,52.9,25.0,781.4,0,330,1.6
1272,9877,2025-10-26 19:34:27.300000+00:00,25.8,53.0,25.0,781.4,0,302,1.7
1272,9877,2025-10-26 19:35:27.300000+00:00,25.8,53.0,24.0,781.3,0,300,2.1
1272,9877,2025-10-26 19:36:27.302000+00:00,25.9,53.0,24.0,781.4,0,279,1.8
1272,9877,2025-10-26 19:37:27.317000+00:00,25.8,52.6,25.0,781.4,0,318,1.0
1272,9877,2025-10-26 19:38:27.305000+00:00,25.9,52.8,24.0,781.4,0,228,0.9
1272,9877,2025-10-26 19:39:27.302000+00:00,26.0,52.8,24.0,781.3,0,270,1.6
1272,9877,2025-10-26 19:40:27.302000+00:00,25.8,52.7,24.0,781.3,0,293,1.1
1272,9877,2025-10-26 19:41:27.302000+00:00,25.9,52.4,24.0,781.3,0,293,2.2
1272,9877,2025-10-26 19:42:27.308000+00:00,25.9,52.4,25.0,781.2,0,268,2.6
1272,9877,2025-10-26 19:43:27.299000+00:00,26.0,52.5,26.0,781.3,0,259,2.2
1272,9877,2025-10-26 19:44:27.307000+00:00,25.9,52.6,26.0,781.1,0,250,2.4
1272,9877,2025-10-26 19:45:27.307000+00:00,25.9,53.0,26.0,781.3,0,246,1.8
1272,9877,2025-10-26 19:46:27.305000+00:00,25.8,53.0,25.0,781.2,0,142,1.9
1272,9877,2025-10-26 19:47:27.311000+00:00,25.6,52.8,25.0,781.2,0,193,1.6
1272,9877,2025-10-26 19:48:27.306000+00:00,25.6,52.8,24.0,781.2,0,170,2.7
1272,9877,2025-10-26 19:49:27.320000+00:00,25.6,52.9,25.0,781.2,0,230,1.3
1272,9877,2025-10-26 19:50:27.305000+00:00,25.6,53.1,25.0,781.2,0,121,0.0
1272,9877,2025-10-26 19:51:27.316000+00:00,25.7,52.8,25.0,781.1,0,162,1.6
1272,9877,2025-10-26 19:52:27.306000+00:00,25.8,52.7,25.0,781.1,0,39,2.5
1272,9877,2025-10-26 19:53:27.318000+00:00,25.9,52.8,26.0,781.1,0,308,1.2
1272,9877,2025-10-26 19:54:27.307000+00:00,26.0,53.1,25.0,781.1,0,207,2.3
1272,9877,2025-10-26 19:55:27.307000+00:00,26.1,52.9,25.0,781.0,0,224,2.7
1272,9877,2025-10-26 19:56:27.309000+00:00,26.1,52.8,25.0,781.0,0,228,2.3
1272,9877,2025-10-26 19:57:27.325000+00:00,26.2,52.6,25.0,781.1,0,129,3.4
1272,9877,2025-10-26 19:58:27.315000+00:00,26.1,52.5,26.0,781.1,0,256,2.4
1272,9877,2025-10-26 19:59:27.322000+00:00,26.3,52.2,26.0,781.2,0,265,1.0
1272,9877,2025-10-26 20:00:27.324000+00:00,26.2,52.3,25.0,781.0,0,274,1.4
1272,9877,2025-10-26 20:01:27.324000+00:00,26.2,52.2,25.0,781.1,0,283,2.3
1272,9877,2025-10-26 20:02:27.322000+00:00,26.2,52.1,25.0,781.0,0,212,1.6
1272,9877,2025-10-26 20:03:27.327000+00:00,26.3,52.0,25.0,781.0,0,168,1.3
1272,9877,2025-10-26 20:04:27.319000+00:00,26.3,51.9,26.0,781.0,0,243,2.3
1272,9877,2025-10-26 20:05:27.321000+00:00,26.1,52.0,26.0,781.0,0,238,1.0
1272,9877,2025-10-26 20:06:27.314000+00:00,26.2,52.0,25.0,780.9,0,165,1.7
1272,9877,2025-10-26 20:07:27.319000+00:00,26.3,52.1,26.0,781.0,0,103,1.9
1272,9877,2025-10-26 20:08:27.329000+00:00,26.4,52.7,25.0,780.8,0,108,1.8
1272,9877,2025-10-26 20:09:27.330000+00:00,26.4,52.6,25.0,781.0,0,299,1.7
1272,9877,2025-10-26 20:10:27.328000+00:00,26.4,52.2,24.0,780.9,0,237,1.8
1272,9877,2025-10-26 20:11:27.336000+00:00,26.4,52.2,25.0,780.9,0,278,1.9
1272,9877,2025-10-26 20:12:27.333000+00:00,26.4,52.0,24.0,780.9,0,267,1.5
1272,9877,2025-10-26 20:13:27.328000+00:00,26.4,51.9,25.0,780.9,0,258,2.7
1272,9877,2025-10-26 20:14:27.330000+00:00,26.4,51.8,24.0,780.9,0,273,3.1
1272,9877,2025-10-26 20:15:27.335000+00:00,26.5,51.7,24.0,780.8,0,297,1.9
1272,9877,2025-10-26 20:16:27.332000+00:00,26.5,51.7,24.0,780.8,0,297,1.9
1272,9877,2025-10-26 20:17:27.333000+00:00,26.6,51.7,24.0,780.8,0,297,1.9
1272,9877,2025-10-26 20:18:27.334000+00:00,26.6,51.1,24.0,780.8,0,289,2.6
1272,9877,2025-10-26 20:19:27.332000+00:00,26.8,51.5,24.0,780.8,0,273,1.6
1272,9877,2025-10-26 20:20:27.340000+00:00,26.8,51.4,24.0,780.8,0,268,2.4
1272,9877,2025-10-26 20:21:27.342000+00:00,26.6,51.3,24.0,780.9,0,274,3.0
1272,9877,2025-10-26 20:22:27.331000+00:00,26.6,51.4,24.0,780.9,0,275,1.8
1272,9877,2025-10-26 20:23:27.325000+00:00,26.6,51.4,24.0,780.7,0,300,1.4
1272,9877,2025-10-26 20:24:27.336000+00:00,26.8,51.3,24.0,780.8,0,256,1.7
1272,9877,2025-10-26 20:25:27.326000+00:00,26.8,51.4,24.0,780.7,0,237,2.7
1272,9877,2025-10-26 20:26:27.342000+00:00,26.6,51.5,24.0,780.8,0,249,1.7
1272,9877,2025-10-26 20:27:27.335000+00:00,26.6,51.5,23.0,780.8,0,248,3.6
1272,9877,2025-10-26 20:28:27.345000+00:00,26.8,51.4,24.0,780.9,0,249,2.2
1272,9877,2025-10-26 20:29:27.340000+00:00,26.8,51.4,24.0,780.9,0,263,2.1
1272,9877,2025-10-26 20:30:27.340000+00:00,26.9,51.3,24.0,780.9,0,285,3.6
1272,9877,2025-10-26 20:31:27.336000+00:00,26.8,50.7,24.0,780.8,0,242,1.8
1272,9877,2025-10-26 20:32:27.345000+00:00,26.7,50.4,24.0,780.8,0,286,1.4
1272,9877,2025-10-26 20:33:27.348000+00:00,26.7,50.4,23.0,780.8,0,298,1.0
1272,9877,2025-10-26 20:34:27.391000+00:00,26.7,50.3,24.0,780.7,0,292,0.6
1272,9877,2025-10-26 20:35:27.377000+00:00,26.6,50.4,24.0,780.8,0,199,1.4
1272,9877,2025-10-26 20:36:27.360000+00:00,26.6,50.7,23.0,780.8,0,180,1.7
1272,9877,2025-10-26 20:37:27.382000+00:00,26.5,50.7,23.0,780.7,0,248,1.6
1272,9877,2025-10-26 20:38:27.379000+00:00,26.5,50.7,23.0,780.7,0,296,1.9
1272,9877,2025-10-26 20:39:27.381000+00:00,26.5,51.0,23.0,780.8,0,145,1.6
1272,9877,2025-10-26 20:40:27.388000+00:00,26.5,51.0,23.0,780.7,0,151,1.5
1272,9877,2025-10-26 20:41:27.437000+00:00,26.6,50.6,23.0,780.7,0,256,1.8
1272,9877,2025-10-26 20:42:27.403000+00:00,26.6,50.6,23.0,780.6,0,279,2.6
1272,9877,2025-10-26 20:43:27.422000+00:00,26.6,50.7,23.0,780.6,0,233,2.9
1272,9877,2025-10-26 20:44:27.410000+00:00,26.5,50.7,23.0,780.7,0,183,3.2
1272,9877,2025-10-26 20:45:27.406000+00:00,26.4,50.3,23.0,780.6,0,254,1.7
1272,9877,2025-10-26 20:46:27.394000+00:00,26.5,50.3,23.0,780.5,0,239,1.5
1272,9877,2025-10-26 20:47:27.407000+00:00,26.6,50.6,23.0,780.5,0,158,1.1
1272,9877,2025-10-26 20:48:27.424000+00:00,26.7,50.8,22.0,780.6,0,246,2.2
1272,9877,2025-10-26 20:49:27.444000+00:00,27.0,50.6,22.0,780.7,0,21,0.7
1272,9877,2025-10-26 20:50:27.457000+00:00,26.9,50.5,21.0,780.6,0,306,1.4
1272,9877,2025-10-26 20:51:27.450000+00:00,26.8,50.4,21.0,780.5,0,252,1.6
1272,9877,2025-10-26 20:52:27.465000+00:00,26.6,50.4,21.0,780.5,0,283,2.1
1272,9877,2025-10-26 20:53:27.466000+00:00,26.8,50.6,21.0,780.5,0,262,2.1
1272,9877,2025-10-26 20:54:27.454000+00:00,26.8,50.6,21.0,780.6,0,203,2.1
1272,9877,2025-10-26 20:55:27.465000+00:00,26.8,50.4,20.0,780.6,0,237,2.3
1272,9877,2025-10-26 20:56:27.462000+00:00,26.6,49.9,21.0,780.6,0,201,2.7
1272,9877,2025-10-26 20:57:27.491000+00:00,26.5,49.6,21.0,780.6,0,178,1.7
1272,9877,2025-10-26 20:58:27.491000+00:00,26.5,50.2,21.0,780.6,0,247,1.1
1272,9877,2025-10-26 20:59:27.505000+00:00,26.5,50.1,21.0,780.5,0,243,1.7
1272,9877,2025-10-26 21:00:27.490000+00:00,26.6,49.7,21.0,780.5,0,144,1.2
1272,9877,2025-10-26 21:01:27.493000+00:00,26.8,49.6,20.0,780.6,0,126,1.5
1272,9877,2025-10-26 21:02:27.491000+00:00,26.9,49.4,20.0,780.5,0,113,1.1
1272,9877,2025-10-26 21:03:27.495000+00:00,27.0,49.3,20.0,780.5,0,201,0.6
1272,9877,2025-10-26 21:04:27.500000+00:00,27.0,49.1,21.0,780.5,0,333,0.6
1272,9877,2025-10-26 21:05:27.506000+00:00,26.9,49.1,21.0,780.5,0,295,1.6
1272,9877,2025-10-26 21:06:27.492000+00:00,26.8,49.1,21.0,780.5,0,300,1.1
1272,9877,2025-10-26 21:07:27.492000+00:00,26.8,49.1,22.0,780.5,0,272,2.5
1272,9877,2025-10-26 21:08:27.509000+00:00,27.0,49.1,22.0,780.5,0,265,2.3
1272,9877,2025-10-26 21:09:27.493000+00:00,27.1,48.9,21.0,780.5,0,246,2.9
1272,9877,2025-10-26 21:10:27.497000+00:00,27.1,48.3,21.0,780.5,0,249,2.1
1272,9877,2025-10-26 21:11:27.501000+00:00,27.1,48.1,22.0,780.5,0,262,3.2
1272,9877,2025-10-26 21:12:27.506000+00:00,27.1,48.1,22.0,780.5,0,261,2.1
1272,9877,2025-10-26 21:13:27.509000+00:00,27.1,48.1,21.0,780.5,0,245,3.9
1272,9877,2025-10-26 21:14:27.506000+00:00,27.1,48.0,22.0,780.5,0,277,3.2
1272,9877,2025-10-26 21:15:27.500000+00:00,27.0,47.9,22.0,780.6,0,280,2.7
1272,9877,2025-10-26 21:16:27.504000+00:00,26.9,47.8,22.0,780.5,0,262,3.0
1272,9877,2025-10-26 21:17:27.512000+00:00,26.9,47.8,22.0,780.5,0,259,2.2
1272,9877,2025-10-26 21:18:27.507000+00:00,26.9,48.0,22.0,780.5,0,294,2.0
1272,9877,2025-10-26 21:19:27.504000+00:00,26.9,48.0,22.0,780.5,0,253,2.0
1272,9877,2025-10-26 21:20:27.510000+00:00,26.8,47.8,22.0,780.5,0,273,2.2
1272,9877,2025-10-26 21:21:27.511000+00:00,26.8,47.9,22.0,780.4,0,288,1.5
1272,9877,2025-10-26 21:22:27.511000+00:00,26.8,47.5,22.0,780.5,0,285,2.5
1272,9877,2025-10-26 21:23:27.509000+00:00,26.8,47.5,22.0,780.6,0,237,1.6
1272,9877,2025-10-26 21:24:27.513000+00:00,26.9,47.7,22.0,780.5,0,275,0.9
1272,9877,2025-10-26 21:25:27.512000+00:00,27.0,47.7,22.0,780.4,0,284,2.6
1272,9877,2025-10-26 21:26:27.514000+00:00,27.1,47.6,22.0,780.4,0,288,3.3
1272,9877,2025-10-26 21:27:27.513000+00:00,27.1,47.4,22.0,780.5,0,287,3.4
1272,9877,2025-10-26 21:28:27.511000+00:00,27.0,46.9,22.0,780.5,0,247,1.4
1272,9877,2025-10-26 21:29:27.516000+00:00,27.0,47.0,22.0,780.4,0,222,1.4
1272,9877,2025-10-26 21:30:27.508000+00:00,27.0,47.1,21.0,780.4,0,277,2.1
1272,9877,2025-10-26 21:31:27.526000+00:00,26.9,47.1,20.0,780.4,0,245,1.2
1272,9877,2025-10-26 21:32:27.525000+00:00,27.0,46.8,21.0,780.4,0,287,1.2
1272,9877,2025-10-26 21:33:27.515000+00:00,27.0,46.7,21.0,780.5,0,257,1.4
1272,9877,2025-10-26 21:34:27.523000+00:00,27.1,46.7,21.0,780.5,0,249,3.0
1272,9877,2025-10-26 21:35:27.516000+00:00,27.0,46.7,20.0,780.4,0,157,1.5
1272,9877,2025-10-26 21:36:27.540000+00:00,26.9,46.7,20.0,780.4,0,146,2.3
1272,9877,2025-10-26 21:37:27.556000+00:00,26.9,46.5,20.0,780.3,0,264,1.0
1272,9877,2025-10-26 21:38:27.567000+00:00,26.9,46.5,20.0,780.4,0,117,1.5
1272,9877,2025-10-26 21:39:27.579000+00:00,26.8,46.1,20.0,780.4,0,174,1.7
1272,9877,2025-10-26 21:40:27.559000+00:00,26.8,45.8,21.0,780.4,0,237,2.0
1272,9877,2025-10-26 21:41:27.566000+00:00,26.8,45.8,21.0,780.5,0,308,1.6
1272,9877,2025-10-26 21:42:27.617000+00:00,26.9,45.7,21.0,780.4,0,147,1.0
1272,9877,2025-10-26 21:43:27.584000+00:00,26.9,45.7,20.0,780.3,0,264,1.2
1272,9877,2025-10-26 21:44:27.569000+00:00,26.9,45.7,20.0,780.4,0,247,2.2
1272,9877,2025-10-26 21:45:27.583000+00:00,26.9,45.7,20.0,780.4,0,245,2.4
1272,9877,2025-10-26 21:46:27.585000+00:00,27.0,45.7,21.0,780.4,0,285,0.8
1272,9877,2025-10-26 21:47:27.620000+00:00,27.0,45.8,20.0,780.3,0,284,1.4
1273,9859,2025-11-07 14:15:02.742000+00:00,19.0,33.0,70.0,924.6,0,148,0.7
1273,9859,2025-11-07 14:16:02.742000+00:00,19.1,33.1,70.0,924.6,0,166,0.5
1273,9859,2025-11-07 14:17:02.752000+00:00,19.2,35.2,69.0,924.5,0,0,0.4
1273,9859,2025-11-07 14:18:02.745000+00:00,19.4,36.0,69.0,924.5,0,175,0.0
1273,9859,2025-11-07 14:19:02.748000+00:00,19.5,36.0,68.0,924.4,0,217,0.6
1273,9859,2025-11-07 14:20:02.755000+00:00,19.5,35.8,69.0,924.4,0,181,0.7
1273,9859,2025-11-07 14:21:02.751000+00:00,19.5,35.8,68.0,924.4,0,178,1.1
1273,9859,2025-11-07 14:22:02.746000+00:00,19.5,35.5,68.0,924.4,0,162,1.6
1273,9859,2025-11-07 14:23:02.749000+00:00,19.4,35.5,70.0,924.3,0,246,1.3
1273,9859,2025-11-07 14:24:02.758000+00:00,19.4,35.5,69.0,924.3,0,242,0.5
1273,9859,2025-11-07 14:25:02.755000+00:00,19.4,35.5,69.0,924.2,0,118,0.5
1273,9859,2025-11-07 14:26:02.765000+00:00,19.4,35.3,68.0,924.2,0,166,1.0
1273,9859,2025-11-07 14:27:02.752000+00:00,19.3,35.6,68.0,924.2,0,217,1.0
1273,9859,2025-11-07 14:28:02.751000+00:00,19.4,35.8,68.0,924.2,0,129,0.8
1273,9859,2025-11-07 14:29:02.764000+00:00,19.5,37.1,69.0,924.2,0,167,1.3
1273,9859,2025-11-07 14:30:02.762000+00:00,19.6,37.1,69.0,924.2,0,0,1.1
1273,9859,2025-11-07 14:31:02.765000+00:00,19.7,35.9,69.0,924.1,0,150,0.5
1273,9859,2025-11-07 14:32:02.766000+00:00,19.7,35.8,69.0,924.2,0,132,0.6
1273,9859,2025-11-07 14:33:02.754000+00:00,19.6,35.8,68.0,924.2,0,170,0.8
1273,9859,2025-11-07 14:34:02.769000+00:00,19.6,35.4,68.0,924.2,0,195,0.8
1273,9859,2025-11-07 14:35:02.771000+00:00,19.6,35.3,68.0,924.3,0,172,1.1
1273,9859,2025-11-07 14:36:02.768000+00:00,19.7,35.9,68.0,924.1,0,211,0.9
1273,9859,2025-11-07 14:37:02.757000+00:00,19.8,36.3,70.0,924.2,0,181,0.7
1273,9859,2025-11-07 14:38:02.776000+00:00,19.9,37.8,69.0,924.1,0,181,1.5
1273,9859,2025-11-07 14:39:02.770000+00:00,19.9,38.4,69.0,924.1,0,180,1.4
1273,9859,2025-11-07 14:40:02.773000+00:00,19.9,38.6,69.0,924.1,0,200,2.1
1273,9859,2025-11-07 14:41:02.769000+00:00,20.0,38.8,69.0,924.1,0,155,1.3
1273,9859,2025-11-07 14:42:02.768000+00:00,20.0,39.2,69.0,924.0,0,201,1.4
1273,9859,2025-11-07 14:43:02.772000+00:00,20.0,39.9,69.0,924.0,0,160,0.8
1273,9859,2025-11-07 14:44:02.773000+00:00,20.0,40.3,69.0,924.0,0,124,1.6
1273,9859,2025-11-07 14:45:02.771000+00:00,20.1,40.5,68.0,923.9,0,121,1.0
1273,9859,2025-11-07 14:46:02.787000+00:00,20.2,41.4,68.0,924.0,0,151,1.2
1273,9859,2025-11-07 14:47:02.806000+00:00,20.3,41.3,68.0,924.0,0,191,1.2
1273,9859,2025-11-07 14:48:02.826000+00:00,20.1,41.3,68.0,923.9,0,188,1.1
1273,9859,2025-11-07 14:49:02.833000+00:00,20.3,41.3,69.0,924.0,0,187,2.3
1273,9859,2025-11-07 14:50:02.827000+00:00,20.2,41.3,69.0,923.9,0,176,1.5
1273,9859,2025-11-07 14:51:02.827000+00:00,20.1,41.8,69.0,923.9,0,111,1.0
1273,9859,2025-11-07 14:52:02.840000+00:00,20.1,42.3,69.0,923.8,0,176,1.3
1273,9859,2025-11-07 14:53:02.827000+00:00,20.2,42.3,68.0,923.8,0,193,0.7
1273,9859,2025-11-07 14:54:02.838000+00:00,20.2,42.6,67.0,923.7,0,212,0.8
1273,9859,2025-11-07 14:55:02.854000+00:00,20.1,42.5,68.0,923.7,0,111,1.1
1273,9859,2025-11-07 14:56:02.873000+00:00,20.1,42.3,68.0,923.7,0,120,0.5
1273,9859,2025-11-07 14:57:02.872000+00:00,20.3,42.7,68.0,923.5,0,200,1.1
1273,9859,2025-11-07 14:58:02.877000+00:00,20.3,42.9,69.0,923.5,0,215,1.8
1273,9859,2025-11-07 14:59:02.872000+00:00,20.3,43.1,70.0,923.5,0,178,1.3
1273,9859,2025-11-07 15:00:02.890000+00:00,20.3,43.3,69.0,923.4,0,195,1.3
1273,9859,2025-11-07 15:01:02.910000+00:00,20.4,43.7,68.0,923.3,0,181,1.8
1273,9859,2025-11-07 15:02:02.919000+00:00,20.4,43.8,68.0,923.3,0,161,1.1
1273,9859,2025-11-07 15:03:02.907000+00:00,20.4,44.0,68.0,923.4,0,195,1.2
1273,9859,2025-11-07 15:04:02.915000+00:00,20.3,44.0,69.0,923.4,0,187,0.9
1273,9859,2025-11-07 15:05:02.911000+00:00,20.4,44.3,68.0,923.3,0,311,1.2
1273,9859,2025-11-07 15:06:02.910000+00:00,20.4,44.7,68.0,923.3,0,177,1.6
1273,9859,2025-11-07 15:07:02.916000+00:00,20.5,45.1,68.0,923.3,0,39,0.8
1273,9859,2025-11-07 15:08:02.912000+00:00,20.6,45.6,66.0,923.3,0,191,0.9
1273,9859,2025-11-07 15:09:02.911000+00:00,20.7,44.5,66.0,923.3,0,178,1.4
1273,9859,2025-11-07 15:10:02.911000+00:00,20.8,44.5,67.0,923.3,0,230,0.8
1273,9859,2025-11-07 15:11:02.911000+00:00,20.8,45.3,67.0,923.2,0,194,1.0
1273,9859,2025-11-07 15:12:02.909000+00:00,20.9,45.3,68.0,923.2,0,86,1.6
1273,9859,2025-11-07 15:13:02.912000+00:00,21.0,45.8,66.0,923.1,0,176,1.8
1273,9859,2025-11-07 15:14:02.945000+00:00,21.0,46.1,66.0,923.1,0,189,1.4
1273,9859,2025-11-07 15:15:02.941000+00:00,21.0,45.6,67.0,923.0,0,170,1.8
1273,9859,2025-11-07 15:16:02.958000+00:00,21.1,46.1,67.0,923.2,0,151,1.5
1273,9859,2025-11-07 15:17:02.974000+00:00,21.1,46.2,67.0,923.1,0,134,0.7
1273,9859,2025-11-07 15:18:02.979000+00:00,21.1,46.2,67.0,923.1,0,189,1.6
1273,9859,2025-11-07 15:19:02.977000+00:00,21.1,45.9,68.0,923.1,0,193,2.1
1273,9859,2025-11-07 15:20:02.972000+00:00,21.0,45.9,68.0,923.1,0,142,1.6
1273,9859,2025-11-07 15:21:02.968000+00:00,20.9,46.3,67.0,923.1,0,146,0.7
1273,9859,2025-11-07 15:22:02.973000+00:00,20.9,47.2,66.0,923.0,0,206,1.7
1273,9859,2025-11-07 15:23:02.987000+00:00,20.9,46.2,67.0,922.9,0,165,1.3
1273,9859,2025-11-07 15:24:03.002000+00:00,20.9,46.0,66.0,922.9,0,149,1.6
1273,9859,2025-11-07 15:25:02.997000+00:00,20.8,46.1,67.0,922.9,0,185,1.4
1273,9859,2025-11-07 15:26:03.015000+00:00,20.8,46.5,67.0,922.9,0,172,0.9
1273,9859,2025-11-07 15:27:03.016000+00:00,20.9,47.3,66.0,922.9,0,178,0.9
1273,9859,2025-11-07 15:28:03.029000+00:00,21.0,46.9,66.0,922.9,0,202,1.5
1273,9859,2025-11-07 15:29:03.023000+00:00,21.0,46.7,66.0,922.8,0,184,0.8
1273,9859,2025-11-07 15:30:03.029000+00:00,21.0,46.7,66.0,922.9,0,191,1.0
1273,9859,2025-11-07 15:31:03.023000+00:00,21.0,46.5,65.0,922.9,0,166,1.9
1273,9859,2025-11-07 15:32:03.049000+00:00,21.0,46.8,66.0,922.8,0,187,0.9
1273,9859,2025-11-07 15:33:03.055000+00:00,21.1,47.1,65.0,922.8,0,76,0.9
1273,9859,2025-11-07 15:34:03.061000+00:00,21.1,47.4,65.0,922.8,0,141,1.5
1273,9859,2025-11-07 15:35:03.066000+00:00,21.1,47.1,64.0,922.9,0,159,1.2
1273,9859,2025-11-07 15:36:03.065000+00:00,21.0,47.2,63.0,922.8,0,147,0.9
1273,9859,2025-11-07 15:37:03.076000+00:00,21.1,47.4,65.0,922.8,0,132,1.3
1273,9859,2025-11-07 15:38:03.059000+00:00,21.1,47.6,65.0,922.8,0,181,1.6
1273,9859,2025-11-07 15:39:03.051000+00:00,21.1,47.9,65.0,922.8,0,136,1.2
1273,9859,2025-11-07 15:40:03.065000+00:00,21.2,48.1,64.0,922.8,0,164,1.6
1273,9859,2025-11-07 15:41:03.065000+00:00,21.4,48.1,64.0,922.7,0,0,0.8
1273,9860,2025-11-07 18:17:03.692000+00:00,19.4,43.7,72.0,920.6,0,0,1.2
1273,9860,2025-11-07 18:18:03.684000+00:00,19.3,43.6,71.0,920.6,0,140,0.5
1273,9860,2025-11-07 18:19:03.684000+00:00,19.3,43.5,71.0,920.6,0,187,1.0
1273,9860,2025-11-07 18:20:03.687000+00:00,19.3,43.3,71.0,920.6,0,175,1.4
1273,9860,2025-11-07 18:21:03.686000+00:00,19.3,43.3,71.0,920.6,0,141,1.3
1273,9860,2025-11-07 18:22:03.689000+00:00,19.3,43.3,72.0,920.5,0,127,0.5
1273,9860,2025-11-07 18:23:03.685000+00:00,19.2,43.5,71.0,920.6,0,158,1.1
1273,9860,2025-11-07 18:24:03.695000+00:00,19.1,43.5,72.0,920.5,0,157,1.4
1273,9860,2025-11-07 18:25:03.685000+00:00,19.1,43.4,72.0,920.5,0,230,1.7
1273,9860,2025-11-07 18:26:03.686000+00:00,19.2,43.2,72.0,920.6,0,140,1.1
1273,9860,2025-11-07 18:27:03.697000+00:00,19.2,42.8,73.0,920.6,0,121,1.2
1273,9860,2025-11-07 18:28:03.687000+00:00,19.3,42.8,73.0,920.6,0,121,1.2
1273,9860,2025-11-07 18:29:03.687000+00:00,19.3,42.3,73.0,920.5,0,160,1.8
1273,9860,2025-11-07 18:30:03.703000+00:00,19.3,41.7,74.0,920.4,0,155,2.0
1273,9860,2025-11-07 18:31:03.712000+00:00,19.1,41.3,74.0,920.4,0,185,1.4
1273,9860,2025-11-07 18:32:03.736000+00:00,19.0,41.3,74.0,920.4,0,185,1.4
1273,9860,2025-11-07 18:33:03.730000+00:00,19.0,41.3,74.0,920.4,0,185,1.4
1273,9860,2025-11-07 18:34:03.730000+00:00,18.9,40.2,72.0,920.3,0,182,1.0
1273,9860,2025-11-07 18:35:03.732000+00:00,19.0,39.6,71.0,920.5,0,183,1.2
1273,9860,2025-11-07 18:36:03.740000+00:00,19.0,39.6,71.0,920.5,0,183,1.2
1273,9860,2025-11-07 18:37:03.748000+00:00,19.1,39.0,72.0,920.4,0,153,1.6
1273,9860,2025-11-07 18:38:03.754000+00:00,19.1,39.0,72.0,920.4,0,238,0.9
1273,9860,2025-11-07 18:39:03.759000+00:00,19.3,38.9,71.0,920.4,0,182,0.7
1273,9860,2025-11-07 18:40:03.772000+00:00,19.2,38.5,72.0,920.4,0,133,1.3
1273,9860,2025-11-07 18:41:03.786000+00:00,19.2,37.9,73.0,920.2,0,196,1.7
1273,9860,2025-11-07 18:42:03.806000+00:00,19.2,37.4,72.0,920.2,0,214,1.2
1273,9860,2025-11-07 18:43:03.796000+00:00,19.2,37.0,72.0,920.2,0,163,1.6
1273,9860,2025-11-07 18:44:03.805000+00:00,19.1,36.9,73.0,920.3,0,206,1.2
1273,9860,2025-11-07 18:45:03.813000+00:00,19.0,36.9,73.0,920.2,0,127,0.8
1273,9860,2025-11-07 18:46:03.810000+00:00,18.9,36.6,72.0,920.2,0,126,1.0
1273,9860,2025-11-07 18:47:03.834000+00:00,19.0,36.5,72.0,920.3,0,265,1.0
1273,9860,2025-11-07 18:48:03.834000+00:00,19.0,36.5,72.0,920.2,0,184,0.8
1273,9860,2025-11-07 18:49:03.833000+00:00,19.0,36.5,72.0,920.2,0,116,0.7
1273,9860,2025-11-07 18:50:03.834000+00:00,19.0,35.4,72.0,920.2,0,124,0.7
1273,9860,2025-11-07 18:51:03.839000+00:00,19.0,35.5,72.0,920.1,0,102,1.1
1273,9860,2025-11-07 18:52:03.836000+00:00,19.0,35.6,72.0,920.2,0,222,0.6
1273,9860,2025-11-07 18:53:03.833000+00:00,19.1,35.5,72.0,920.2,0,175,0.8
1273,9860,2025-11-07 18:54:03.842000+00:00,19.1,35.3,71.0,920.2,0,68,1.0
1273,9860,2025-11-07 18:55:03.852000+00:00,19.0,35.1,73.0,920.2,0,129,1.0
1273,9860,2025-11-07 18:56:03.830000+00:00,18.9,35.1,73.0,920.1,0,256,1.3
1273,9860,2025-11-07 18:57:03.843000+00:00,18.8,35.2,72.0,920.2,0,112,1.0
1273,9860,2025-11-07 18:58:03.828000+00:00,18.8,35.2,73.0,920.3,0,212,1.1
1273,9860,2025-11-07 18:59:03.840000+00:00,18.9,35.1,72.0,920.2,0,187,1.6
1273,9860,2025-11-07 19:00:03.838000+00:00,18.9,34.7,73.0,920.2,0,169,1.8
1273,9860,2025-11-07 19:01:03.845000+00:00,18.8,34.3,74.0,920.1,0,177,1.6
1273,9860,2025-11-07 19:02:03.841000+00:00,18.6,34.3,75.0,920.2,0,160,2.2
1273,9860,2025-11-07 19:03:03.847000+00:00,18.5,34.3,74.0,920.3,0,192,1.0
1273,9860,2025-11-07 19:04:03.855000+00:00,18.5,34.9,74.0,920.2,0,191,1.3
1273,9860,2025-11-07 19:05:03.836000+00:00,18.5,34.9,74.0,920.2,0,179,1.5
1273,9860,2025-11-07 19:06:03.842000+00:00,18.5,34.4,74.0,920.1,0,179,1.3
1273,9860,2025-11-07 19:07:03.840000+00:00,18.6,34.3,74.0,920.1,0,157,1.5
1273,9860,2025-11-07 19:08:03.867000+00:00,18.6,34.2,75.0,920.2,0,159,1.9
1273,9860,2025-11-07 19:09:03.915000+00:00,18.6,34.3,76.0,920.3,0,180,1.2
1273,9860,2025-11-07 19:10:03.896000+00:00,18.5,34.3,75.0,920.2,0,166,1.1
1273,9860,2025-11-07 19:11:03.910000+00:00,18.5,34.2,76.0,920.2,0,144,1.5
1273,9860,2025-11-07 19:12:03.912000+00:00,18.4,34.2,75.0,920.2,0,162,1.5
1273,9860,2025-11-07 19:13:03.922000+00:00,18.3,34.4,75.0,920.2,0,144,1.3
1273,9860,2025-11-07 19:14:03.945000+00:00,18.2,34.0,75.0,920.1,0,0,0.9
1273,9860,2025-11-07 19:15:03.949000+00:00,18.1,33.6,76.0,920.1,0,154,0.8
1273,9860,2025-11-07 19:16:03.940000+00:00,18.0,33.5,76.0,920.1,0,117,1.3
1273,9860,2025-11-07 19:17:03.938000+00:00,17.9,33.6,77.0,920.2,0,134,1.4
1273,9864,2025-11-08 13:15:08.164000+00:00,22.5,25.5,75.0,919.0,0,359,1.5
1273,9864,2025-11-08 13:16:08.171000+00:00,22.5,24.9,76.0,919.1,0,83,1.4
1273,9864,2025-11-08 13:17:08.178000+00:00,22.5,24.9,76.0,919.0,0,62,1.5
1273,9864,2025-11-08 13:18:08.184000+00:00,22.5,24.9,75.0,919.1,0,12,2.0
1273,9864,2025-11-08 13:19:08.190000+00:00,22.5,24.7,75.0,919.2,0,28,2.2
1273,9864,2025-11-08 13:20:08.208000+00:00,22.5,24.7,76.0,919.3,0,69,2.1
1273,9864,2025-11-08 13:21:08.210000+00:00,22.4,24.7,76.0,919.3,0,0,1.3
1273,9864,2025-11-08 13:22:08.215000+00:00,22.4,24.7,76.0,919.3,1,318,0.9
1273,9864,2025-11-08 13:23:08.222000+00:00,22.4,24.7,76.0,919.2,0,44,0.7
1273,9864,2025-11-08 13:24:08.225000+00:00,22.4,24.6,76.0,919.3,0,85,1.7
1273,9864,2025-11-08 13:25:08.252000+00:00,22.4,24.6,76.0,919.2,0,349,1.3
1273,9864,2025-11-08 13:26:08.242000+00:00,22.4,24.8,76.0,919.3,0,60,1.5
1273,9864,2025-11-08 13:27:08.242000+00:00,22.4,24.8,76.0,919.2,0,66,1.0
1273,9864,2025-11-08 13:28:08.259000+00:00,22.4,24.7,76.0,919.3,0,39,3.2
1273,9864,2025-11-08 13:29:08.263000+00:00,22.4,24.4,76.0,919.2,0,65,3.1
1273,9864,2025-11-08 13:30:08.279000+00:00,22.4,24.5,76.0,919.3,0,42,2.5
1273,9864,2025-11-08 13:31:08.281000+00:00,22.4,24.5,76.0,919.3,0,25,1.2
1273,9864,2025-11-08 13:32:08.283000+00:00,22.4,24.5,77.0,919.2,0,57,2.4
1273,9864,2025-11-08 13:33:08.305000+00:00,22.4,24.5,76.0,919.2,0,30,1.9
1273,9864,2025-11-08 13:34:08.310000+00:00,22.4,24.5,76.0,919.1,0,21,2.0
1273,9864,2025-11-08 13:35:08.322000+00:00,22.4,24.6,76.0,919.1,0,41,3.1
1273,9864,2025-11-08 13:36:08.320000+00:00,22.4,24.6,76.0,919.1,0,49,2.5
1273,9864,2025-11-08 13:37:08.315000+00:00,22.4,24.7,76.0,919.1,0,18,1.6
1273,9864,2025-11-08 13:38:08.324000+00:00,22.4,24.7,76.0,919.0,0,19,1.6
1273,9864,2025-11-08 13:39:08.323000+00:00,22.4,25.0,75.0,919.0,0,50,1.2
1273,9864,2025-11-08 13:40:08.310000+00:00,22.4,25.1,76.0,919.2,0,27,2.4
1273,9864,2025-11-08 13:41:08.317000+00:00,22.5,25.1,76.0,919.1,0,11,2.5
1273,9864,2025-11-08 13:42:08.322000+00:00,22.5,25.3,76.0,919.2,0,48,1.7
1273,9864,2025-11-08 13:43:08.326000+00:00,22.5,25.9,75.0,919.1,0,16,2.5
1273,9864,2025-11-08 13:44:08.330000+00:00,22.5,25.9,75.0,919.2,0,37,1.7
1273,9864,2025-11-08 13:45:08.315000+00:00,22.6,25.7,75.0,919.1,0,16,3.3
1273,9864,2025-11-08 13:46:08.323000+00:00,22.6,25.7,75.0,919.1,0,32,2.8
1273,9864,2025-11-08 13:47:08.324000+00:00,22.6,25.6,75.0,919.3,0,30,3.0
1273,9864,2025-11-08 13:48:08.328000+00:00,22.6,25.4,75.0,919.2,0,31,3.1
1273,9864,2025-11-08 13:49:08.322000+00:00,22.6,25.4,75.0,919.2,0,61,3.4
1273,9864,2025-11-08 13:50:08.328000+00:00,22.6,25.4,75.0,919.3,0,37,2.6
1273,9864,2025-11-08 13:51:08.332000+00:00,22.6,25.4,75.0,919.3,0,28,2.1
1273,9864,2025-11-08 13:52:08.333000+00:00,22.6,25.3,75.0,919.3,0,101,2.0
1273,9864,2025-11-08 13:53:08.326000+00:00,22.6,25.2,75.0,919.0,0,74,2.2
1273,9864,2025-11-08 13:54:08.334000+00:00,22.6,25.2,75.0,919.3,0,14,2.5
1273,9864,2025-11-08 13:55:08.326000+00:00,22.6,25.1,75.0,919.4,0,41,1.3
1273,9864,2025-11-08 13:56:08.333000+00:00,22.6,25.1,75.0,919.3,0,50,1.4
1273,9864,2025-11-08 13:57:08.334000+00:00,22.5,25.1,75.0,919.3,0,28,1.7
1273,9864,2025-11-08 13:58:08.326000+00:00,22.5,25.1,75.0,919.3,0,56,3.0
1273,9864,2025-11-08 13:59:08.328000+00:00,22.5,25.2,75.0,919.3,0,35,2.1
1273,9864,2025-11-08 14:00:08.330000+00:00,22.6,25.3,75.0,919.3,0,65,2.2
1273,9864,2025-11-08 14:01:08.334000+00:00,22.6,25.4,75.0,919.4,0,83,1.3
1273,9864,2025-11-08 14:02:08.337000+00:00,22.7,25.9,75.0,919.4,0,356,1.8
1273,9864,2025-11-08 14:03:08.340000+00:00,22.7,26.1,75.0,919.6,0,123,0.8
1273,9864,2025-11-08 14:04:08.347000+00:00,22.8,25.9,75.0,919.5,0,315,2.8
1273,9864,2025-11-08 14:05:08.336000+00:00,22.9,25.9,74.0,919.6,0,27,1.7
1273,9864,2025-11-08 14:06:08.335000+00:00,22.8,25.5,74.0,919.6,0,1,3.7
1273,9864,2025-11-08 14:07:08.335000+00:00,22.8,25.5,74.0,919.6,0,46,3.7
1273,9864,2025-11-08 14:08:08.341000+00:00,22.8,25.5,75.0,919.6,0,343,4.3
1273,9864,2025-11-08 14:09:08.344000+00:00,22.8,25.6,74.0,919.7,0,55,1.9
1273,9864,2025-11-08 14:10:08.346000+00:00,22.9,26.0,74.0,919.5,0,61,1.5
1273,9864,2025-11-08 14:11:08.348000+00:00,22.9,26.5,74.0,919.6,0,29,1.3
1273,9864,2025-11-08 14:12:08.406000+00:00,23.0,26.7,73.0,919.5,0,40,2.2
1273,9864,2025-11-08 14:13:08.357000+00:00,23.0,26.7,73.0,919.5,0,33,2.9
1273,9864,2025-11-08 14:14:08.378000+00:00,23.0,26.8,73.0,919.6,0,59,2.7
1273,9864,2025-11-08 14:15:08.393000+00:00,23.0,26.9,72.0,919.5,0,13,2.3
1273,9864,2025-11-08 14:16:08.412000+00:00,23.1,27.3,73.0,919.6,0,0,1.6
1273,9864,2025-11-08 14:17:08.408000+00:00,23.2,27.9,72.0,919.6,0,36,0.9
1273,9864,2025-11-08 14:18:08.434000+00:00,23.3,28.0,71.0,919.5,0,122,1.5
1273,9864,2025-11-08 14:19:08.427000+00:00,23.3,28.1,70.0,919.5,0,91,1.3
1273,9864,2025-11-08 14:20:08.427000+00:00,23.4,28.1,70.0,919.5,0,17,1.7
1273,9864,2025-11-08 14:21:08.442000+00:00,23.4,28.0,71.0,919.5,0,6,1.6
1273,9864,2025-11-08 14:22:08.458000+00:00,23.4,28.1,70.0,919.5,0,9,1.1
1273,9864,2025-11-08 14:23:08.465000+00:00,23.4,28.4,69.0,919.4,0,20,1.5
1273,9864,2025-11-08 14:24:08.469000+00:00,23.5,28.0,69.0,919.4,0,33,2.9
1273,9864,2025-11-08 14:25:08.468000+00:00,23.4,28.0,71.0,919.4,0,15,2.2
1273,9864,2025-11-08 14:26:08.475000+00:00,23.4,28.0,70.0,919.2,0,49,2.0
1273,9864,2025-11-08 14:27:08.468000+00:00,23.4,28.2,70.0,919.2,0,23,2.3
1273,9864,2025-11-08 14:28:08.501000+00:00,23.4,28.3,70.0,919.2,0,46,2.7
1273,9864,2025-11-08 14:29:08.498000+00:00,23.5,28.3,70.0,919.3,0,48,2.4
1273,9864,2025-11-08 14:30:08.514000+00:00,23.4,28.5,69.0,919.2,0,45,2.2
1273,9864,2025-11-08 14:31:08.524000+00:00,23.5,28.6,70.0,919.2,0,48,2.2
1273,9864,2025-11-08 14:32:08.526000+00:00,23.5,28.7,69.0,919.3,0,40,1.6
1273,9864,2025-11-08 14:33:08.532000+00:00,23.5,28.7,69.0,919.2,0,18,4.0
1273,9864,2025-11-08 14:34:08.525000+00:00,23.5,28.9,70.0,919.2,0,34,2.2
1273,9864,2025-11-08 14:35:08.533000+00:00,23.5,29.2,69.0,919.2,0,66,1.0
1273,9864,2025-11-08 14:36:08.541000+00:00,23.6,29.3,69.0,919.3,0,79,2.0
1273,9864,2025-11-08 14:37:08.534000+00:00,23.6,29.7,68.0,919.2,0,91,1.3
1273,9864,2025-11-08 14:38:08.530000+00:00,23.6,29.8,67.0,919.2,0,69,2.1
1273,9864,2025-11-08 14:39:08.528000+00:00,23.6,29.8,68.0,919.1,0,28,1.1
1273,9864,2025-11-08 14:40:08.531000+00:00,23.5,29.5,66.0,919.1,0,46,3.2
1273,9864,2025-11-08 14:41:08.529000+00:00,23.5,29.4,67.0,919.1,0,55,3.6
1273,9864,2025-11-08 14:42:08.553000+00:00,23.5,29.2,68.0,919.1,0,60,1.8
1273,9864,2025-11-08 14:43:08.569000+00:00,23.4,29.2,67.0,919.0,0,6,2.4
1273,9864,2025-11-08 14:44:08.582000+00:00,23.5,29.3,67.0,919.1,0,27,2.4
1273,9864,2025-11-08 14:45:08.600000+00:00,23.4,29.0,67.0,919.0,0,46,2.1
1273,9864,2025-11-08 14:46:08.604000+00:00,23.4,28.7,67.0,918.9,0,43,1.1
1273,9864,2025-11-08 14:47:08.618000+00:00,23.5,28.8,67.0,919.1,0,18,2.2
1273,9864,2025-11-08 14:48:08.631000+00:00,23.5,28.7,67.0,919.1,0,31,3.3
1273,9864,2025-11-08 14:49:08.638000+00:00,23.4,28.7,67.0,919.1,0,95,2.7
1273,9864,2025-11-08 14:50:08.620000+00:00,23.4,28.7,68.0,919.1,0,47,1.7
1273,9864,2025-11-08 14:51:08.620000+00:00,23.4,28.9,68.0,919.0,0,32,2.0
1273,9864,2025-11-08 14:52:08.620000+00:00,23.4,29.2,67.0,919.0,0,30,1.9
1273,9864,2025-11-08 14:53:08.624000+00:00,23.4,29.2,67.0,918.9,0,59,2.7
1273,9864,2025-11-08 14:54:08.621000+00:00,23.5,29.4,67.0,919.0,0,25,1.6
1273,9864,2025-11-08 14:55:08.621000+00:00,23.5,29.5,67.0,919.0,0,355,1.8
1273,9864,2025-11-08 14:56:08.619000+00:00,23.5,29.4,67.0,919.0,0,26,3.3
1273,9864,2025-11-08 14:57:08.624000+00:00,23.5,29.2,67.0,919.1,0,46,2.3
1273,9864,2025-11-08 14:58:08.623000+00:00,23.5,29.2,67.0,919.1,0,16,2.7
1273,9865,2025-11-08 17:46:15.136000+00:00,26.1,48.5,54.0,918.3,0,31,1.6
1273,9865,2025-11-08 17:47:15.138000+00:00,26.1,47.1,54.0,918.3,0,28,2.8
1273,9865,2025-11-08 17:48:15.134000+00:00,26.0,46.6,55.0,918.3,0,45,3.5
1273,9865,2025-11-08 17:49:15.132000+00:00,25.9,45.3,57.0,918.2,0,1,3.6
1273,9865,2025-11-08 17:50:15.132000+00:00,25.9,44.7,57.0,918.2,0,54,3.1
1273,9865,2025-11-08 17:51:15.139000+00:00,25.8,44.3,58.0,918.3,0,19,2.2
1273,9865,2025-11-08 17:52:15.141000+00:00,25.9,44.3,57.0,918.3,0,26,2.1
1273,9865,2025-11-08 17:53:15.137000+00:00,26.1,45.2,57.0,918.4,0,37,2.8
1273,9865,2025-11-08 17:54:15.140000+00:00,26.2,45.0,57.0,918.3,0,74,2.3
1273,9865,2025-11-08 17:55:15.140000+00:00,26.2,44.1,56.0,918.4,0,336,1.5
1273,9865,2025-11-08 17:56:15.140000+00:00,26.0,43.5,56.0,918.4,0,0,0.7
1273,9865,2025-11-08 17:57:15.141000+00:00,26.0,43.3,56.0,918.3,0,349,2.0
1273,9865,2025-11-08 17:58:15.154000+00:00,25.8,44.0,56.0,918.4,0,10,1.8
1273,9865,2025-11-08 17:59:15.174000+00:00,25.8,44.2,56.0,918.4,0,54,1.8
1273,9865,2025-11-08 18:00:15.183000+00:00,25.9,44.1,56.0,918.3,0,38,1.2
1273,9865,2025-11-08 18:01:15.192000+00:00,26.0,43.7,56.0,918.3,0,22,1.3
1273,9865,2025-11-08 18:02:15.202000+00:00,25.9,43.2,56.0,918.3,0,39,2.2
1273,9865,2025-11-08 18:03:15.224000+00:00,25.8,42.4,56.0,918.4,0,49,2.3
1273,9865,2025-11-08 18:04:15.235000+00:00,25.8,42.2,57.0,918.3,0,24,1.3
1273,9865,2025-11-08 18:05:15.245000+00:00,25.9,42.2,57.0,918.3,0,29,1.3
1273,9865,2025-11-08 18:06:15.243000+00:00,26.0,42.5,56.0,918.3,0,7,1.3
1273,9865,2025-11-08 18:07:15.450000+00:00,26.0,42.4,55.0,918.3,0,18,0.8
1273,9865,2025-11-08 18:08:15.257000+00:00,26.0,42.5,54.0,918.3,0,42,1.5
1273,9865,2025-11-08 18:09:15.273000+00:00,26.1,43.3,56.0,918.3,0,17,3.0
1273,9865,2025-11-08 18:10:15.280000+00:00,26.0,42.7,55.0,918.3,0,17,1.8
1273,9865,2025-11-08 18:11:15.273000+00:00,26.1,42.3,54.0,918.2,0,0,1.9
1273,9865,2025-11-08 18:12:15.264000+00:00,26.1,41.8,54.0,918.2,0,325,1.0
1273,9865,2025-11-08 18:13:15.268000+00:00,26.2,41.7,54.0,918.3,0,18,1.4
1273,9865,2025-11-08 18:14:15.283000+00:00,26.3,41.5,54.0,918.3,0,26,2.4
1273,9865,2025-11-08 18:15:15.269000+00:00,26.2,41.3,55.0,918.3,0,29,2.9
1273,9865,2025-11-08 18:16:15.270000+00:00,26.1,41.3,56.0,918.3,0,16,2.5
1273,9865,2025-11-08 18:17:15.274000+00:00,26.1,41.3,56.0,918.4,0,43,1.9
1273,9865,2025-11-08 18:18:15.288000+00:00,26.1,41.2,57.0,918.4,0,15,1.0
1273,9865,2025-11-08 18:19:15.290000+00:00,26.0,40.9,56.0,918.4,0,268,0.8
1273,9865,2025-11-08 18:20:15.280000+00:00,26.0,41.7,55.0,918.4,0,111,0.8
1273,9865,2025-11-08 18:21:15.283000+00:00,26.0,41.7,56.0,918.4,0,40,1.9
1273,9865,2025-11-08 18:22:15.289000+00:00,26.0,41.1,57.0,918.4,0,37,1.8
1273,9865,2025-11-08 18:23:15.276000+00:00,26.0,40.2,57.0,918.4,0,48,1.4
1273,9865,2025-11-08 18:24:15.287000+00:00,25.9,40.1,58.0,918.4,0,23,2.5
1273,9865,2025-11-08 18:25:15.292000+00:00,25.9,40.1,58.0,918.5,0,5,2.7
1273,9865,2025-11-08 18:26:15.315000+00:00,25.9,39.7,59.0,918.4,0,81,1.9
1273,9865,2025-11-08 18:27:15.319000+00:00,25.9,39.5,59.0,918.5,0,328,0.9
1273,9865,2025-11-08 18:28:15.342000+00:00,25.8,39.3,58.0,918.4,0,11,0.9
1273,9865,2025-11-08 18:29:15.320000+00:00,25.7,38.8,59.0,918.4,0,52,3.0
1273,9865,2025-11-08 18:30:15.364000+00:00,25.6,39.0,59.0,918.5,0,33,2.4
1273,9865,2025-11-08 18:31:15.342000+00:00,25.6,38.6,60.0,918.5,0,38,2.6
1273,9865,2025-11-08 18:32:15.334000+00:00,25.5,38.1,60.0,918.5,0,348,2.1
1273,9865,2025-11-08 18:33:15.346000+00:00,25.5,38.1,60.0,918.6,0,16,2.1
1273,9865,2025-11-08 18:34:15.343000+00:00,25.5,38.1,61.0,918.5,0,15,1.6
1273,9865,2025-11-08 18:35:15.338000+00:00,25.4,38.1,60.0,918.4,0,26,1.4
1273,9865,2025-11-08 18:36:15.412000+00:00,25.5,38.1,60.0,918.5,0,26,1.8
1273,9865,2025-11-08 18:37:15.329000+00:00,25.4,37.8,60.0,918.5,0,43,2.4
1273,9865,2025-11-08 18:38:15.345000+00:00,25.4,37.7,60.0,918.4,0,21,1.8
1273,9865,2025-11-08 18:39:15.333000+00:00,25.6,37.7,60.0,918.4,0,39,1.3
1273,9865,2025-11-08 18:40:15.332000+00:00,25.8,38.4,58.0,918.5,0,45,0.7
1273,9865,2025-11-08 18:41:15.348000+00:00,25.9,38.5,58.0,918.4,0,354,0.4
1273,9865,2025-11-08 18:42:15.347000+00:00,26.0,38.0,58.0,918.4,0,51,0.9
1273,9865,2025-11-08 18:43:15.348000+00:00,26.0,38.2,57.0,918.3,0,139,0.6
1273,9865,2025-11-08 18:44:15.368000+00:00,26.0,38.3,57.0,918.3,0,19,0.8
1273,9865,2025-11-08 18:45:15.377000+00:00,26.1,38.3,56.0,918.4,0,33,1.0
1273,9865,2025-11-08 18:46:15.385000+00:00,26.1,38.2,57.0,918.3,0,343,0.5
1273,9865,2025-11-08 18:47:15.392000+00:00,26.1,38.0,56.0,918.4,0,353,1.0
1273,9865,2025-11-08 18:48:15.400000+00:00,26.2,38.1,56.0,918.2,0,65,0.9
1273,9865,2025-11-08 18:49:15.399000+00:00,26.3,38.1,55.0,918.3,0,12,1.5
1273,9865,2025-11-08 18:50:15.398000+00:00,26.3,37.7,56.0,918.3,0,134,0.5
1273,9865,2025-11-08 18:51:15.384000+00:00,26.2,37.2,56.0,918.3,0,10,0.8
1273,9865,2025-11-08 18:52:15.418000+00:00,26.2,37.4,55.0,918.4,0,19,1.0
1273,9865,2025-11-08 18:53:15.423000+00:00,26.2,37.3,55.0,918.3,0,64,0.7
1273,9865,2025-11-08 18:54:15.427000+00:00,26.2,37.3,56.0,918.4,0,64,0.9
1273,9865,2025-11-08 18:55:15.435000+00:00,26.2,37.3,55.0,918.4,0,33,0.4
1273,9865,2025-11-08 18:56:15.427000+00:00,26.2,37.4,55.0,918.4,0,0,0.9
1273,9865,2025-11-08 18:57:15.432000+00:00,26.2,37.1,55.0,918.3,0,68,0.8
1273,9865,2025-11-08 18:58:15.435000+00:00,26.1,37.0,55.0,918.4,0,56,1.2
1273,9865,2025-11-08 18:59:15.431000+00:00,26.1,36.6,55.0,918.4,0,60,0.8
1273,9865,2025-11-08 19:00:15.432000+00:00,26.1,36.4,55.0,918.3,0,60,0.5
1273,9865,2025-11-08 19:01:15.437000+00:00,26.1,36.6,55.0,918.3,0,345,0.8
1273,9865,2025-11-08 19:02:15.435000+00:00,26.1,36.1,54.0,918.4,0,13,1.1
1273,9865,2025-11-08 19:03:15.444000+00:00,26.0,36.1,55.0,918.5,0,34,0.6
1273,9865,2025-11-08 19:04:15.428000+00:00,26.1,36.3,55.0,918.5,0,18,0.7
1273,9865,2025-11-08 19:05:15.438000+00:00,26.1,36.4,54.0,918.5,0,13,0.8
1273,9865,2025-11-08 19:06:15.442000+00:00,26.1,36.3,54.0,918.5,0,47,1.2
1273,9865,2025-11-08 19:07:15.449000+00:00,26.1,36.3,54.0,918.4,0,53,1.5
1273,9869,2025-11-09 16:07:20.633000+00:00,17.9,32.7,70.0,929.9,0,124,1.0
1273,9869,2025-11-09 16:08:20.631000+00:00,17.9,32.7,70.0,929.9,0,160,1.3
1273,9869,2025-11-09 16:09:20.631000+00:00,17.9,32.8,70.0,930.0,0,178,1.5
1273,9869,2025-11-09 16:10:20.633000+00:00,18.0,32.8,70.0,929.9,0,158,2.0
1273,9869,2025-11-09 16:11:20.632000+00:00,17.9,32.3,70.0,930.0,0,177,1.9
1273,9869,2025-11-09 16:12:20.633000+00:00,17.9,32.2,71.0,930.0,0,194,1.8
1273,9869,2025-11-09 16:13:20.641000+00:00,17.9,31.6,71.0,929.9,0,181,2.0
1273,9869,2025-11-09 16:14:20.635000+00:00,17.9,31.2,71.0,929.9,0,154,2.7
1273,9869,2025-11-09 16:15:20.634000+00:00,17.8,30.7,72.0,930.0,0,203,2.2
1273,9869,2025-11-09 16:16:20.641000+00:00,17.8,30.4,73.0,929.9,0,194,2.1
1273,9869,2025-11-09 16:17:20.633000+00:00,17.6,30.0,74.0,929.9,0,141,1.7
1273,9869,2025-11-09 16:18:20.635000+00:00,17.5,29.8,73.0,929.9,0,203,2.4
1273,9869,2025-11-09 16:19:20.634000+00:00,17.4,29.7,73.0,929.9,0,196,2.2
1273,9869,2025-11-09 16:20:20.634000+00:00,17.2,29.7,73.0,929.8,0,206,1.7
1273,9869,2025-11-09 16:21:20.634000+00:00,17.1,29.7,73.0,929.8,0,153,1.7
1273,9869,2025-11-09 16:22:20.647000+00:00,17.0,29.6,73.0,930.0,0,189,2.4
1273,9869,2025-11-09 16:23:20.640000+00:00,17.0,29.5,73.0,929.9,0,156,2.2
1273,9869,2025-11-09 16:24:20.656000+00:00,17.0,29.5,74.0,929.9,0,200,1.5
1273,9869,2025-11-09 16:25:20.665000+00:00,17.0,29.5,74.0,929.9,0,190,1.6
1273,9869,2025-11-09 16:26:20.678000+00:00,17.1,29.5,75.0,929.9,0,0,0.8
1273,9869,2025-11-09 16:27:20.701000+00:00,17.1,29.8,74.0,929.9,0,335,0.6
1273,9869,2025-11-09 16:28:20.691000+00:00,17.0,29.8,73.0,929.9,0,147,1.0
1273,9869,2025-11-09 16:29:20.691000+00:00,17.0,29.7,73.0,929.9,0,181,0.9
1273,9869,2025-11-09 16:30:20.707000+00:00,17.0,29.6,73.0,929.9,0,183,1.3
1273,9869,2025-11-09 16:31:20.723000+00:00,16.9,29.4,74.0,929.9,0,128,1.2
1273,9869,2025-11-09 16:32:20.737000+00:00,16.8,29.4,75.0,930.0,0,202,1.8
1273,9869,2025-11-09 16:33:20.730000+00:00,16.8,29.3,74.0,929.9,0,177,1.0
1273,9869,2025-11-09 16:34:20.727000+00:00,16.8,29.4,75.0,929.9,0,199,1.0
1273,9869,2025-11-09 16:35:20.755000+00:00,16.7,29.5,75.0,930.0,0,161,1.7
1273,9869,2025-11-09 16:36:20.774000+00:00,16.7,29.8,75.0,929.9,0,194,0.9
1273,9869,2025-11-09 16:37:20.778000+00:00,16.6,29.8,73.0,929.9,0,206,1.6
1273,9869,2025-11-09 16:38:20.777000+00:00,16.6,29.8,73.0,929.9,0,176,1.8
1273,9869,2025-11-09 16:39:20.775000+00:00,16.6,29.9,72.0,929.9,0,177,1.6
1273,9869,2025-11-09 16:40:20.768000+00:00,16.7,30.1,72.0,929.9,0,167,2.2
1273,9869,2025-11-09 16:41:20.771000+00:00,16.9,30.4,72.0,929.8,0,161,0.7
1273,9869,2025-11-09 16:42:20.764000+00:00,17.0,30.4,71.0,929.9,0,129,1.3
1273,9869,2025-11-09 16:43:20.777000+00:00,17.0,30.4,71.0,929.9,0,178,1.2
1273,9869,2025-11-09 16:44:20.779000+00:00,17.1,30.5,72.0,929.9,0,138,2.1
1273,9869,2025-11-09 16:45:20.772000+00:00,17.1,30.4,72.0,929.9,0,197,2.4
1273,9869,2025-11-09 16:46:20.782000+00:00,17.1,30.4,73.0,929.9,0,133,1.6
1273,9869,2025-11-09 16:47:20.778000+00:00,17.2,30.7,72.0,929.9,0,171,0.7
1273,9869,2025-11-09 16:48:20.784000+00:00,17.3,31.0,71.0,929.8,0,162,0.6
1273,9869,2025-11-09 16:49:20.787000+00:00,17.3,31.1,70.0,929.8,0,125,1.0
1273,9869,2025-11-09 16:50:20.793000+00:00,17.4,30.9,70.0,929.8,0,203,1.1
1273,9869,2025-11-09 16:51:20.817000+00:00,17.5,30.8,71.0,929.8,0,154,0.9
1273,9869,2025-11-09 16:52:20.836000+00:00,17.4,31.0,70.0,929.9,0,170,0.9
1273,9869,2025-11-09 16:53:20.836000+00:00,17.4,31.2,70.0,929.8,0,144,1.1
1273,9869,2025-11-09 16:54:20.836000+00:00,17.5,31.1,70.0,929.8,0,212,1.1
1273,9869,2025-11-09 16:55:20.833000+00:00,17.5,30.7,70.0,929.8,0,149,1.9
1273,9869,2025-11-09 16:56:20.845000+00:00,17.5,30.7,70.0,929.9,0,162,1.1
1273,9869,2025-11-09 16:57:20.868000+00:00,17.5,30.8,70.0,929.8,0,122,0.9
1273,9869,2025-11-09 16:58:20.884000+00:00,17.5,30.9,69.0,929.7,0,130,0.4
1273,9869,2025-11-09 16:59:20.887000+00:00,17.5,30.9,69.0,929.8,0,149,1.4
1273,9869,2025-11-09 17:00:20.867000+00:00,17.5,30.8,70.0,929.8,0,171,1.1
1273,9869,2025-11-09 17:01:20.880000+00:00,17.5,31.1,70.0,929.9,0,162,0.6
1273,9869,2025-11-09 17:02:20.888000+00:00,17.5,30.7,70.0,929.8,0,0,1.7
1273,9869,2025-11-09 17:03:20.886000+00:00,17.5,30.8,69.0,929.8,0,123,0.4
1273,9869,2025-11-09 17:04:20.899000+00:00,17.5,30.7,70.0,929.9,0,158,1.7
1273,9869,2025-11-09 17:05:20.919000+00:00,17.5,30.7,70.0,929.8,0,161,1.9
1273,9869,2025-11-09 17:06:20.924000+00:00,17.5,30.6,70.0,929.9,0,140,1.1
1273,9869,2025-11-09 17:07:20.922000+00:00,17.5,30.5,70.0,929.8,0,175,1.4
1273,9869,2025-11-09 17:08:20.924000+00:00,17.4,30.5,70.0,929.9,0,152,1.8
1273,9869,2025-11-09 17:09:20.925000+00:00,17.4,30.5,70.0,929.9,0,118,1.3
1273,9869,2025-11-09 17:10:20.928000+00:00,17.4,30.5,71.0,929.9,0,139,1.3
1273,9869,2025-11-09 17:11:20.923000+00:00,17.4,30.4,71.0,929.9,0,155,1.5
1273,9869,2025-11-09 17:12:20.924000+00:00,17.3,30.5,71.0,929.9,0,219,1.8
1273,9869,2025-11-09 17:13:20.921000+00:00,17.3,30.4,70.0,929.8,0,192,2.0
1273,9869,2025-11-09 17:14:20.933000+00:00,17.3,30.3,71.0,929.9,0,220,1.7
1273,9869,2025-11-09 17:15:20.932000+00:00,17.2,30.5,71.0,929.9,0,169,1.0
1273,9869,2025-11-09 17:16:20.940000+00:00,17.3,30.5,70.0,929.8,0,181,1.2
1273,9869,2025-11-09 17:17:20.922000+00:00,17.3,30.2,70.0,929.9,0,182,1.5
1273,9869,2025-11-09 17:18:20.933000+00:00,17.3,30.1,70.0,929.8,0,143,0.9
1273,9869,2025-11-09 17:19:20.928000+00:00,17.3,30.1,70.0,929.9,0,0,0.9
1273,9869,2025-11-09 17:20:20.934000+00:00,17.3,30.1,69.0,929.9,0,173,2.1
1273,9869,2025-11-09 17:21:20.938000+00:00,17.3,30.2,69.0,929.9,0,174,1.8
1273,9869,2025-11-09 17:22:20.936000+00:00,17.4,30.3,69.0,929.8,0,179,1.2
1273,9869,2025-11-09 17:23:20.929000+00:00,17.5,30.4,69.0,929.8,0,212,1.3
1273,9869,2025-11-09 17:24:20.935000+00:00,17.5,30.4,69.0,929.8,0,353,0.9
1273,9869,2025-11-09 17:25:20.936000+00:00,17.5,30.7,68.0,929.8,0,181,0.6
1273,9869,2025-11-09 17:26:20.936000+00:00,17.5,30.7,68.0,929.8,0,173,1.5
1273,9869,2025-11-09 17:27:20.936000+00:00,17.6,30.8,68.0,929.7,0,0,0.4
1273,9869,2025-11-09 17:28:20.936000+00:00,17.6,31.0,67.0,929.8,0,197,2.0
1273,9869,2025-11-09 17:29:20.955000+00:00,17.6,30.9,68.0,929.7,0,157,1.9
1273,9869,2025-11-09 17:30:20.958000+00:00,17.6,31.3,68.0,929.7,0,158,1.5
1273,9869,2025-11-09 17:31:20.976000+00:00,17.6,31.3,68.0,929.7,0,168,2.2
1273,9869,2025-11-09 17:32:20.969000+00:00,17.6,31.4,69.0,929.7,0,150,1.3
1273,9869,2025-11-09 17:33:20.980000+00:00,17.7,31.4,68.0,929.7,0,160,1.1
1273,9869,2025-11-09 17:34:21.038000+00:00,17.7,31.7,67.0,929.6,0,165,1.5
1273,9869,2025-11-09 17:35:21.006000+00:00,17.7,31.7,67.0,929.6,0,185,1.9
1273,9869,2025-11-09 17:36:21.008000+00:00,17.7,31.5,68.0,929.6,0,149,1.3
1273,9869,2025-11-09 17:37:21.010000+00:00,17.7,31.1,67.0,929.7,0,181,1.6
1273,9869,2025-11-09 17:38:21.010000+00:00,17.7,31.1,67.0,929.6,0,170,1.6
1273,9869,2025-11-09 17:39:21.008000+00:00,17.6,30.8,69.0,929.7,0,179,1.8
1273,9869,2025-11-09 17:40:21.030000+00:00,17.6,31.0,68.0,929.7,0,220,1.5
1273,9869,2025-11-09 17:41:21.040000+00:00,17.5,31.1,68.0,929.7,0,174,1.7
1273,9869,2025-11-09 17:42:21.053000+00:00,17.5,31.2,68.0,929.6,0,0,1.4
1273,9869,2025-11-09 17:43:21.054000+00:00,17.5,31.1,68.0,929.6,0,164,0.7
1273,9869,2025-11-09 17:44:21.081000+00:00,17.5,31.0,67.0,929.6,0,257,1.1
1273,9869,2025-11-09 17:45:21.076000+00:00,17.5,30.8,68.0,929.6,0,140,1.5
1273,9869,2025-11-09 17:46:21.074000+00:00,17.4,30.9,68.0,929.7,0,194,1.1
1273,9869,2025-11-09 17:47:21.077000+00:00,17.5,30.9,68.0,929.6,0,204,1.5
1273,9869,2025-11-09 17:48:21.064000+00:00,17.5,30.8,68.0,929.6,0,127,0.6
1273,9869,2025-11-09 17:49:21.080000+00:00,17.4,30.4,68.0,929.6,0,188,1.7
1273,9869,2025-11-09 17:50:21.079000+00:00,17.4,30.3,69.0,929.6,0,167,2.4
1273,9869,2025-11-09 17:51:21.067000+00:00,17.4,30.3,69.0,929.6,0,143,1.3
1273,9869,2025-11-09 17:52:21.079000+00:00,17.3,30.3,70.0,929.6,0,199,1.7
1273,9869,2025-11-09 17:53:21.083000+00:00,17.3,30.3,70.0,929.6,0,175,2.4
1273,9869,2025-11-09 17:54:21.073000+00:00,17.3,30.2,71.0,929.5,0,183,1.0
1273,9869,2025-11-09 17:55:21.085000+00:00,17.2,30.2,71.0,929.5,0,201,1.7
1273,9869,2025-11-09 17:56:21.085000+00:00,17.2,30.1,71.0,929.6,0,139,1.4
1273,9869,2025-11-09 17:57:21.079000+00:00,17.2,30.3,70.0,929.4,0,170,1.0
1273,9869,2025-11-09 17:58:21.087000+00:00,17.2,30.3,70.0,929.5,0,196,1.2
1273,9869,2025-11-09 17:59:21.077000+00:00,17.2,30.2,71.0,929.4,0,140,1.7
1273,9869,2025-11-09 18:00:21.078000+00:00,17.2,30.2,71.0,929.4,0,132,1.3
1273,9869,2025-11-09 18:01:21.088000+00:00,17.2,30.2,71.0,929.6,0,187,1.5
1273,9869,2025-11-09 18:02:21.092000+00:00,17.2,30.2,71.0,929.5,0,167,1.8
1273,9869,2025-11-09 18:03:21.093000+00:00,17.1,30.0,71.0,929.5,0,187,2.0
1273,9869,2025-11-09 18:04:21.090000+00:00,17.1,30.2,71.0,929.5,0,183,1.6
1273,9869,2025-11-09 18:05:21.094000+00:00,17.1,30.3,71.0,929.3,0,156,1.1
1273,9869,2025-11-09 18:06:21.086000+00:00,17.1,30.6,70.0,929.4,0,204,0.9
1273,9869,2025-11-09 18:07:21.213000+00:00,17.2,30.6,69.0,929.4,0,161,1.0
1273,9869,2025-11-09 18:08:21.217000+00:00,17.2,30.5,69.0,929.4,0,150,2.2
1273,9869,2025-11-09 18:09:21.237000+00:00,17.2,30.4,70.0,929.4,0,143,1.9
1273,9869,2025-11-09 18:10:21.240000+00:00,17.3,30.6,70.0,929.4,0,126,1.3
1273,9869,2025-11-09 18:11:21.254000+00:00,17.4,30.8,71.0,929.4,0,156,2.7
1273,9869,2025-11-09 18:12:21.265000+00:00,17.5,31.2,71.0,929.4,0,168,1.2
1273,9869,2025-11-09 18:13:21.265000+00:00,17.5,31.4,70.0,929.5,0,171,1.9
1273,9869,2025-11-09 18:14:21.277000+00:00,17.5,31.4,70.0,929.4,0,0,1.7
1273,9869,2025-11-09 18:15:21.271000+00:00,17.5,31.4,70.0,929.4,0,170,0.9
1273,9869,2025-11-09 18:16:21.261000+00:00,17.4,31.5,70.0,929.5,0,171,1.7
1273,9869,2025-11-09 18:17:21.265000+00:00,17.4,31.4,70.0,929.4,0,194,2.0
1273,9869,2025-11-09 18:18:21.261000+00:00,17.5,31.1,71.0,929.5,0,207,1.7
1273,9869,2025-11-09 18:19:21.278000+00:00,17.5,31.1,71.0,929.5,0,165,1.7
1273,9869,2025-11-09 18:20:21.285000+00:00,17.4,31.4,71.0,929.4,0,267,1.9
1273,9869,2025-11-09 18:21:21.297000+00:00,17.5,31.8,70.0,929.4,0,182,1.8
1273,9869,2025-11-09 18:22:21.317000+00:00,17.5,31.8,70.0,929.4,0,169,2.8
1273,9869,2025-11-09 18:23:21.315000+00:00,17.4,31.2,72.0,929.4,0,245,2.9
1273,9869,2025-11-09 18:24:21.317000+00:00,17.3,31.2,72.0,929.5,0,198,1.8
1273,9869,2025-11-09 18:25:21.325000+00:00,17.2,31.0,72.0,929.5,0,194,2.7
1273,9869,2025-11-09 18:26:21.318000+00:00,17.3,31.0,72.0,929.5,0,128,2.5
1273,9869,2025-11-09 18:27:21.343000+00:00,17.3,30.9,72.0,929.5,0,203,1.4
1273,9869,2025-11-09 18:28:21.364000+00:00,17.2,31.0,72.0,929.5,0,144,1.6
1273,9869,2025-11-09 18:29:21.353000+00:00,17.3,31.0,72.0,929.4,0,179,1.4
1273,9869,2025-11-09 18:30:21.362000+00:00,17.3,31.0,72.0,929.4,0,146,2.1
1273,9869,2025-11-09 18:31:21.367000+00:00,17.2,31.0,72.0,929.4,0,130,1.9
1273,9869,2025-11-09 18:32:21.361000+00:00,17.2,31.2,71.0,929.4,0,148,1.8
1273,9869,2025-11-09 18:33:21.363000+00:00,17.2,31.3,71.0,929.5,0,155,1.4
1273,9869,2025-11-09 18:34:21.372000+00:00,17.2,31.3,72.0,929.5,0,165,1.9
1273,9869,2025-11-09 18:35:21.399000+00:00,17.4,31.5,71.0,929.5,0,190,1.1
1273,9869,2025-11-09 18:36:21.402000+00:00,17.4,31.5,71.0,929.5,0,189,2.1
1273,9869,2025-11-09 18:37:21.408000+00:00,17.4,31.3,70.0,929.4,0,122,1.0
1273,9869,2025-11-09 18:38:21.409000+00:00,17.4,31.4,70.0,929.4,0,196,0.7
1274,9851,2025-11-21 00:15:05.236000+00:00,14.1,19.2,53.0,939.5,0,6,2.1
1274,9851,2025-11-21 00:16:05.234000+00:00,14.1,19.2,53.0,939.5,0,342,1.5
1274,9851,2025-11-21 00:17:05.231000+00:00,14.1,19.2,53.0,939.4,0,10,1.8
1274,9851,2025-11-21 00:18:05.227000+00:00,14.1,19.1,53.0,939.5,0,359,2.7
1274,9851,2025-11-21 00:19:05.240000+00:00,14.1,19.1,53.0,939.5,0,31,2.6
1274,9851,2025-11-21 00:20:05.235000+00:00,14.1,19.0,53.0,939.4,0,10,2.2
1274,9851,2025-11-21 00:21:05.244000+00:00,14.1,19.0,53.0,939.5,0,352,2.2
1274,9851,2025-11-21 00:22:05.269000+00:00,14.1,18.9,53.0,939.5,0,358,2.1
1274,9851,2025-11-21 00:23:05.275000+00:00,14.1,18.9,53.0,939.5,0,21,1.8
1274,9851,2025-11-21 00:24:05.288000+00:00,14.0,18.9,53.0,939.4,0,15,2.1
1274,9851,2025-11-21 00:25:05.288000+00:00,14.0,18.9,53.0,939.5,0,9,1.5
1274,9851,2025-11-21 00:26:05.298000+00:00,14.0,18.8,53.0,939.5,0,6,2.4
1274,9851,2025-11-21 00:27:05.298000+00:00,14.0,18.8,53.0,939.5,0,4,2.2
1274,9851,2025-11-21 00:28:05.321000+00:00,14.0,18.8,53.0,939.5,0,9,2.4
1274,9851,2025-11-21 00:29:05.323000+00:00,14.1,18.7,54.0,939.4,0,339,2.1
1274,9851,2025-11-21 00:30:05.325000+00:00,14.0,18.7,54.0,939.5,0,25,0.7
1274,9851,2025-11-21 00:31:05.326000+00:00,14.0,18.7,54.0,939.5,0,3,2.0
1274,9851,2025-11-21 00:32:05.324000+00:00,14.1,18.7,54.0,939.5,0,4,1.5
1274,9851,2025-11-21 00:33:05.327000+00:00,14.1,18.6,54.0,939.5,0,16,2.1
1274,9851,2025-11-21 00:34:05.333000+00:00,14.1,18.6,54.0,939.4,0,8,2.4
1274,9851,2025-11-21 00:35:05.339000+00:00,14.1,18.6,54.0,939.6,0,9,1.8
1274,9851,2025-11-21 00:36:05.371000+00:00,14.0,18.6,54.0,939.5,0,352,2.3
1274,9851,2025-11-21 00:37:05.340000+00:00,14.1,18.6,54.0,939.5,0,347,1.7
1274,9851,2025-11-21 00:38:05.335000+00:00,14.1,18.6,54.0,939.5,0,0,2.3
1274,9851,2025-11-21 00:39:05.340000+00:00,14.1,18.6,54.0,939.5,0,5,1.0
1274,9851,2025-11-21 00:40:05.341000+00:00,14.3,18.6,54.0,939.5,0,9,1.6
1274,9851,2025-11-21 00:41:05.339000+00:00,14.3,18.6,53.0,939.4,0,24,1.2
1274,9851,2025-11-21 00:42:05.380000+00:00,14.3,18.6,53.0,939.4,0,339,0.8
1274,9851,2025-11-21 00:43:05.348000+00:00,14.3,18.5,53.0,939.4,0,349,1.6
1274,9851,2025-11-21 00:44:05.368000+00:00,14.3,18.5,54.0,939.5,0,25,1.8
1274,9851,2025-11-21 00:45:05.399000+00:00,14.3,18.4,54.0,939.4,0,47,1.2
1274,9851,2025-11-21 00:46:05.402000+00:00,14.3,18.5,54.0,939.4,0,346,1.6
1274,9851,2025-11-21 00:47:05.418000+00:00,14.3,18.5,54.0,939.5,0,2,2.2
1274,9851,2025-11-21 00:48:05.428000+00:00,14.3,18.5,54.0,939.5,0,200,1.4
1274,9851,2025-11-21 00:49:05.452000+00:00,14.3,18.4,54.0,939.4,0,334,1.7
1274,9851,2025-11-21 00:50:05.444000+00:00,14.4,18.3,54.0,939.4,0,78,2.0
1274,9851,2025-11-21 00:51:05.457000+00:00,14.3,18.3,54.0,939.5,0,12,1.2
1274,9851,2025-11-21 00:52:05.472000+00:00,14.3,18.2,54.0,939.6,0,358,1.8
1274,9851,2025-11-21 00:53:05.466000+00:00,14.3,18.2,54.0,939.5,0,356,2.2
1274,9851,2025-11-21 00:54:05.467000+00:00,14.3,18.2,54.0,939.5,0,49,1.6
1274,9851,2025-11-21 00:55:05.502000+00:00,14.3,18.3,54.0,939.5,0,0,1.0
1274,9851,2025-11-21 00:56:05.493000+00:00,14.3,18.3,54.0,939.6,0,40,0.9
1274,9851,2025-11-21 00:57:05.497000+00:00,14.2,18.2,54.0,939.5,0,4,1.5
1274,9851,2025-11-21 00:58:05.514000+00:00,14.2,18.2,54.0,939.6,0,331,1.7
1274,9851,2025-11-21 00:59:05.501000+00:00,14.2,18.1,55.0,939.6,0,7,1.7
1274,9851,2025-11-21 01:00:05.516000+00:00,14.2,18.1,55.0,939.7,0,7,0.9
1274,9851,2025-11-21 01:01:05.534000+00:00,14.1,18.1,55.0,939.6,0,17,3.0
1274,9851,2025-11-21 01:02:05.520000+00:00,14.1,18.0,55.0,939.6,0,2,2.2
1274,9851,2025-11-21 01:03:05.526000+00:00,14.1,18.0,55.0,939.6,0,12,1.9
1274,9851,2025-11-21 01:04:05.530000+00:00,14.0,18.0,55.0,939.6,0,4,2.4
1274,9851,2025-11-21 01:05:05.524000+00:00,14.0,18.0,55.0,939.6,0,31,2.8
1274,9851,2025-11-21 01:06:05.522000+00:00,14.1,18.0,55.0,939.7,0,29,1.8
1274,9851,2025-11-21 01:07:05.536000+00:00,14.1,18.1,56.0,939.6,0,26,1.8
1274,9851,2025-11-21 01:08:05.569000+00:00,14.1,18.1,55.0,939.7,0,2,1.9
1274,9851,2025-11-21 01:09:05.578000+00:00,14.1,18.1,55.0,939.6,0,0,1.7
1274,9851,2025-11-21 01:10:05.591000+00:00,14.1,18.1,55.0,939.7,0,16,2.1
1274,9851,2025-11-21 01:11:05.580000+00:00,14.1,18.0,55.0,939.7,0,353,1.1
1274,9851,2025-11-21 01:12:05.588000+00:00,14.1,17.9,56.0,939.6,0,6,1.0
1274,9851,2025-11-21 01:13:05.598000+00:00,14.1,18.0,56.0,939.7,0,6,1.8
1274,9851,2025-11-21 01:14:05.600000+00:00,14.1,18.2,55.0,939.7,0,115,2.0
1274,9851,2025-11-21 01:15:05.625000+00:00,14.1,18.2,55.0,939.7,0,65,0.9
1274,9851,2025-11-21 01:16:05.621000+00:00,14.1,18.2,55.0,939.7,0,357,0.7
1274,9851,2025-11-21 01:17:05.627000+00:00,14.1,18.2,55.0,939.7,0,7,1.5
1274,9851,2025-11-21 01:18:05.614000+00:00,14.1,18.0,55.0,939.8,0,4,1.9
1274,9851,2025-11-21 01:19:05.621000+00:00,14.1,18.0,55.0,939.8,0,7,1.7
1274,9851,2025-11-21 01:20:05.624000+00:00,14.1,18.0,55.0,939.9,0,350,1.1
1274,9851,2025-11-21 01:21:05.618000+00:00,14.1,18.0,55.0,939.8,0,355,1.4
1274,9851,2025-11-21 01:22:05.615000+00:00,14.1,18.0,55.0,939.9,0,7,1.2
1274,9851,2025-11-21 01:23:05.629000+00:00,14.2,18.1,55.0,939.8,0,6,1.1
1274,9851,2025-11-21 01:24:05.623000+00:00,14.2,18.1,55.0,939.9,0,2,1.0
1274,9851,2025-11-21 01:25:05.619000+00:00,14.2,18.0,55.0,939.9,0,8,0.8
1274,9851,2025-11-21 01:26:05.624000+00:00,14.2,18.1,55.0,940.0,0,133,0.7
1274,9851,2025-11-21 01:27:05.638000+00:00,14.3,18.0,55.0,939.9,0,11,0.8
1274,9851,2025-11-21 01:28:05.628000+00:00,14.2,18.0,55.0,939.9,0,322,1.4
1274,9851,2025-11-21 01:29:05.631000+00:00,14.2,17.9,55.0,939.9,0,41,0.9
1274,9851,2025-11-21 01:30:05.641000+00:00,14.3,17.9,55.0,939.9,0,331,1.1
1274,9851,2025-11-21 01:31:05.628000+00:00,14.3,17.9,55.0,939.9,0,326,1.9
1274,9851,2025-11-21 01:32:05.627000+00:00,14.3,17.9,55.0,939.9,0,45,1.5
1274,9851,2025-11-21 01:33:05.626000+00:00,14.3,17.8,55.0,940.0,0,52,1.5
1274,9851,2025-11-21 01:34:05.638000+00:00,14.2,17.8,55.0,939.9,0,292,1.3
1274,9851,2025-11-21 01:35:05.653000+00:00,14.3,19.5,55.0,939.9,0,260,1.3
1274,9851,2025-11-21 01:36:05.655000+00:00,14.3,19.5,55.0,940.0,1,5,1.4
1274,9851,2025-11-21 01:37:05.681000+00:00,14.2,18.3,55.0,939.9,0,14,1.7
1274,9851,2025-11-21 01:38:05.686000+00:00,14.2,18.0,54.0,939.9,0,349,1.5
1274,9852,2025-11-21 03:46:22.749000+00:00,13.9,17.2,57.0,940.2,1,156,0.5
1274,9852,2025-11-21 03:47:22.749000+00:00,13.9,16.9,57.0,940.2,1,355,0.7
1274,9852,2025-11-21 03:48:22.750000+00:00,13.9,16.8,57.0,940.3,0,4,1.0
1274,9852,2025-11-21 03:49:22.759000+00:00,13.9,16.8,57.0,940.2,0,3,1.9
1274,9852,2025-11-21 03:50:22.757000+00:00,13.8,16.7,57.0,940.3,0,3,2.4
1274,9852,2025-11-21 03:51:22.750000+00:00,13.8,16.6,58.0,940.3,1,1,1.9
1274,9852,2025-11-21 03:52:22.751000+00:00,13.8,16.5,57.0,940.3,1,328,2.0
1274,9852,2025-11-21 03:53:22.750000+00:00,13.7,16.6,58.0,940.3,1,293,0.9
1274,9852,2025-11-21 03:54:22.758000+00:00,13.7,16.7,58.0,940.3,1,26,0.5
1274,9852,2025-11-21 03:55:22.753000+00:00,13.7,16.7,58.0,940.3,1,355,1.4
1274,9852,2025-11-21 03:56:22.754000+00:00,13.7,16.7,58.0,940.3,1,12,1.6
1274,9852,2025-11-21 03:57:22.763000+00:00,13.7,16.7,58.0,940.2,1,13,1.4
1274,9852,2025-11-21 03:58:22.752000+00:00,13.7,16.7,58.0,940.3,0,49,1.5
1274,9852,2025-11-21 03:59:22.769000+00:00,13.7,16.7,58.0,940.4,0,7,1.1
1274,9852,2025-11-21 04:00:22.768000+00:00,13.7,16.7,58.0,940.3,0,357,1.2
1274,9852,2025-11-21 04:01:22.768000+00:00,13.7,16.8,57.0,940.4,0,11,0.9
1274,9852,2025-11-21 04:02:22.768000+00:00,13.7,16.8,57.0,940.4,0,34,1.7
1274,9852,2025-11-21 04:03:22.771000+00:00,13.8,16.8,58.0,940.3,0,357,1.3
1274,9852,2025-11-21 04:04:22.761000+00:00,13.8,16.8,58.0,940.4,0,16,1.1
1274,9852,2025-11-21 04:05:22.770000+00:00,13.7,16.8,58.0,940.5,0,5,1.4
1274,9852,2025-11-21 04:06:22.772000+00:00,13.7,16.8,57.0,940.4,0,0,2.0
1274,9852,2025-11-21 04:07:22.774000+00:00,13.7,16.8,58.0,940.5,0,16,1.4
1274,9852,2025-11-21 04:08:22.770000+00:00,13.7,16.8,57.0,940.4,0,6,1.9
1274,9852,2025-11-21 04:09:22.771000+00:00,13.7,16.8,57.0,940.5,0,32,1.4
1274,9852,2025-11-21 04:10:22.767000+00:00,13.7,16.8,57.0,940.5,0,29,1.1
1274,9852,2025-11-21 04:11:22.764000+00:00,13.8,16.9,57.0,940.6,0,7,1.4
1274,9852,2025-11-21 04:12:22.777000+00:00,13.8,16.9,57.0,940.5,0,7,1.8
1274,9852,2025-11-21 04:13:22.781000+00:00,13.9,17.0,57.0,940.5,0,339,1.3
1274,9852,2025-11-21 04:14:22.755000+00:00,13.9,17.0,57.0,940.7,0,15,2.1
1274,9852,2025-11-21 04:15:22.785000+00:00,14.0,16.9,56.0,940.6,0,265,2.0
1274,9852,2025-11-21 04:16:22.823000+00:00,14.0,16.9,56.0,940.7,0,343,1.2
1274,9852,2025-11-21 04:17:22.769000+00:00,14.1,17.0,56.0,940.7,0,330,0.7
1274,9852,2025-11-21 04:18:22.775000+00:00,14.1,17.0,56.0,940.6,0,83,1.0
1274,9852,2025-11-21 04:19:22.799000+00:00,14.1,16.9,56.0,940.6,0,357,1.0
1274,9852,2025-11-21 04:20:22.784000+00:00,14.1,16.7,56.0,940.7,0,285,0.9
1274,9852,2025-11-21 04:21:22.778000+00:00,14.1,16.8,56.0,940.6,0,1,0.9
1274,9852,2025-11-21 04:22:22.774000+00:00,14.1,16.8,56.0,940.6,0,353,1.7
1274,9852,2025-11-21 04:23:22.785000+00:00,14.1,16.8,56.0,940.7,0,294,2.2
1274,9852,2025-11-21 04:24:22.796000+00:00,14.2,16.9,56.0,940.7,0,212,1.4
1274,9852,2025-11-21 04:25:22.799000+00:00,14.2,16.9,56.0,940.7,0,357,1.4
1274,9852,2025-11-21 04:26:22.804000+00:00,14.3,16.9,56.0,940.7,0,351,1.5
1274,9852,2025-11-21 04:27:22.836000+00:00,14.3,16.9,56.0,940.7,0,201,1.7
1274,9852,2025-11-21 04:28:22.841000+00:00,14.3,16.8,56.0,940.7,0,236,1.3
1274,9852,2025-11-21 04:29:22.842000+00:00,14.2,16.8,56.0,940.8,0,200,1.7
1274,9852,2025-11-21 04:30:22.841000+00:00,14.1,16.8,56.0,940.8,0,264,1.4
1274,9852,2025-11-21 04:31:22.828000+00:00,14.1,16.6,56.0,940.7,0,250,0.8
1274,9852,2025-11-21 04:32:22.846000+00:00,14.1,16.6,57.0,940.8,0,226,0.5
1274,9852,2025-11-21 04:33:22.843000+00:00,14.1,16.7,57.0,940.8,0,219,1.9
1274,9852,2025-11-21 04:34:22.844000+00:00,14.0,16.7,57.0,940.7,0,209,2.8
1274,9852,2025-11-21 04:35:22.842000+00:00,14.0,16.6,57.0,940.8,0,239,1.6
1274,9852,2025-11-21 04:36:22.840000+00:00,14.0,16.6,57.0,940.7,0,189,2.1
1274,9852,2025-11-21 04:37:22.854000+00:00,14.0,16.7,57.0,940.8,0,254,1.5
1274,9852,2025-11-21 04:38:22.847000+00:00,14.1,16.8,57.0,940.8,0,0,1.2
1274,9852,2025-11-21 04:39:22.842000+00:00,14.2,16.8,57.0,940.9,0,14,0.6
1274,9852,2025-11-21 04:40:22.844000+00:00,14.2,16.8,57.0,940.8,0,7,1.3
1274,9852,2025-11-21 04:41:22.852000+00:00,14.2,16.8,57.0,940.8,0,34,1.6
1274,9852,2025-11-21 04:42:22.839000+00:00,14.1,16.6,57.0,940.8,0,20,1.2
1274,9852,2025-11-21 04:43:22.872000+00:00,14.0,16.6,57.0,940.9,0,233,1.3
1274,9852,2025-11-21 04:44:22.868000+00:00,14.0,16.5,57.0,940.8,1,208,1.1
1274,9852,2025-11-21 04:45:22.894000+00:00,13.9,16.5,57.0,940.8,0,235,1.5
1274,9852,2025-11-21 04:46:22.907000+00:00,13.8,16.4,57.0,940.9,0,235,1.5
1274,9852,2025-11-21 04:47:22.921000+00:00,13.8,16.4,58.0,940.9,0,170,0.8
1274,9852,2025-11-21 04:48:22.907000+00:00,13.8,16.4,58.0,940.9,0,146,0.8
1274,9852,2025-11-21 04:49:22.920000+00:00,13.8,16.5,58.0,940.9,0,302,0.8
1274,9852,2025-11-21 04:50:22.963000+00:00,13.8,16.5,58.0,940.9,0,221,1.0
1274,9852,2025-11-21 04:51:22.938000+00:00,13.7,16.5,58.0,941.0,0,219,2.3
1274,9852,2025-11-21 04:52:22.963000+00:00,13.7,16.4,58.0,941.0,0,266,1.4
1274,9852,2025-11-21 04:53:22.946000+00:00,13.7,16.5,59.0,941.1,0,197,1.3
1274,9852,2025-11-21 04:54:22.944000+00:00,13.7,16.5,59.0,941.0,0,216,1.7
1274,9852,2025-11-21 04:55:22.964000+00:00,13.7,16.5,59.0,941.0,0,215,2.2
1274,9852,2025-11-21 04:56:22.985000+00:00,13.6,16.4,59.0,941.1,0,220,1.9
1274,9852,2025-11-21 04:57:22.990000+00:00,13.7,16.4,59.0,941.1,1,196,1.8
1274,9852,2025-11-21 04:58:23.002000+00:00,13.7,16.4,59.0,941.1,0,203,2.5
1274,9852,2025-11-21 04:59:23.024000+00:00,13.8,16.4,59.0,941.1,0,218,1.9
1274,9853,2025-11-22 00:16:27.745000+00:00,12.9,13.9,55.0,944.8,0,188,1.0
1274,9853,2025-11-22 00:17:27.742000+00:00,12.9,13.8,55.0,944.8,0,0,0.4
1274,9853,2025-11-22 00:18:27.746000+00:00,12.9,13.8,56.0,944.8,0,0,0.0
1274,9853,2025-11-22 00:19:27.750000+00:00,12.9,13.8,56.0,944.8,0,0,0.0
1274,9853,2025-11-22 00:20:27.740000+00:00,12.9,13.8,55.0,944.8,0,0,0.0
1274,9853,2025-11-22 00:21:27.734000+00:00,12.9,13.8,55.0,944.8,0,0,0.6
1274,9853,2025-11-22 00:22:27.750000+00:00,12.9,13.9,56.0,944.9,0,0,0.0
1274,9853,2025-11-22 00:23:27.760000+00:00,12.9,13.9,55.0,944.9,0,336,1.1
1274,9853,2025-11-22 00:24:27.748000+00:00,12.9,13.9,55.0,944.9,0,150,0.7
1274,9853,2025-11-22 00:25:27.756000+00:00,12.9,13.8,55.0,944.9,0,0,0.0
1274,9853,2025-11-22 00:26:27.774000+00:00,12.9,13.8,55.0,944.9,0,187,0.0
1274,9853,2025-11-22 00:27:27.754000+00:00,12.9,13.8,55.0,944.9,0,183,1.1
1274,9853,2025-11-22 00:28:27.745000+00:00,12.9,13.7,54.0,945.0,0,0,0.8
1274,9853,2025-11-22 00:29:27.752000+00:00,12.9,13.7,54.0,944.9,0,184,0.4
1274,9853,2025-11-22 00:30:27.774000+00:00,12.9,13.7,55.0,944.9,0,0,0.0
1274,9853,2025-11-22 00:31:27.768000+00:00,12.9,13.7,55.0,945.0,0,0,0.0
1274,9853,2025-11-22 00:32:27.785000+00:00,12.9,13.7,55.0,944.9,0,118,0.0
1274,9853,2025-11-22 00:33:27.809000+00:00,12.9,13.7,54.0,944.9,0,265,0.0
1274,9853,2025-11-22 00:34:27.809000+00:00,12.9,13.7,54.0,945.0,0,191,0.4
1274,9853,2025-11-22 00:35:27.806000+00:00,12.9,13.7,55.0,944.9,0,186,0.5
1274,9853,2025-11-22 00:36:27.820000+00:00,12.9,13.7,55.0,944.9,0,193,0.5
1274,9853,2025-11-22 00:37:27.813000+00:00,12.9,13.7,55.0,945.0,0,188,0.4
1274,9853,2025-11-22 00:38:27.807000+00:00,12.9,13.7,55.0,944.9,0,69,0.0
1274,9853,2025-11-22 00:39:27.819000+00:00,12.9,13.7,54.0,944.9,0,308,0.5
1274,9853,2025-11-22 00:40:27.819000+00:00,12.9,13.7,55.0,945.0,0,215,0.5
1274,9853,2025-11-22 00:41:27.819000+00:00,13.0,13.7,55.0,945.0,0,135,1.4
1274,9853,2025-11-22 00:42:27.819000+00:00,13.0,13.6,55.0,945.0,0,0,1.0
1274,9853,2025-11-22 00:43:27.821000+00:00,13.0,13.6,56.0,945.0,0,0,0.7
1274,9853,2025-11-22 00:44:27.818000+00:00,13.0,13.6,56.0,945.0,0,264,0.5
1274,9853,2025-11-22 00:45:27.820000+00:00,13.1,13.6,55.0,945.0,0,230,0.9
1274,9853,2025-11-22 00:46:27.813000+00:00,13.1,13.5,55.0,945.0,0,48,0.6
1274,9853,2025-11-22 00:47:27.822000+00:00,13.1,13.5,56.0,945.0,0,238,0.4
1274,9853,2025-11-22 00:48:27.825000+00:00,13.1,13.5,55.0,945.0,0,217,0.5
1274,9853,2025-11-22 00:49:27.869000+00:00,13.1,13.5,56.0,945.0,0,331,1.1
1274,9853,2025-11-22 00:50:27.828000+00:00,13.1,13.5,55.0,945.0,0,294,0.5
1274,9853,2025-11-22 00:51:27.824000+00:00,13.1,13.4,54.0,945.0,0,277,0.9
1274,9853,2025-11-22 00:52:27.829000+00:00,13.2,13.4,56.0,945.0,0,178,0.9
1274,9853,2025-11-22 00:53:27.827000+00:00,13.2,13.4,56.0,944.9,0,95,1.3
1274,9853,2025-11-22 00:54:27.818000+00:00,13.2,13.3,56.0,944.9,0,277,0.6
1274,9853,2025-11-22 00:55:27.829000+00:00,13.2,13.3,56.0,944.9,0,151,0.6
1274,9853,2025-11-22 00:56:27.827000+00:00,13.2,13.3,56.0,944.9,0,192,0.8
1274,9853,2025-11-22 00:57:27.826000+00:00,13.2,13.3,56.0,944.9,0,299,0.3
1274,9853,2025-11-22 00:58:27.838000+00:00,13.2,13.4,56.0,945.0,0,254,0.4
1274,9853,2025-11-22 00:59:27.827000+00:00,13.2,13.3,56.0,944.9,0,196,0.9
1274,9853,2025-11-22 01:00:27.826000+00:00,13.2,13.3,55.0,944.9,0,0,0.9
1274,9853,2025-11-22 01:01:27.832000+00:00,13.1,13.3,56.0,945.0,0,315,0.0
1274,9853,2025-11-22 01:02:27.836000+00:00,13.1,13.3,56.0,945.0,0,277,0.7
1274,9853,2025-11-22 01:03:27.836000+00:00,13.0,13.2,56.0,945.1,0,0,0.4
1274,9853,2025-11-22 01:04:27.838000+00:00,13.0,13.2,56.0,945.1,0,248,0.0
1274,9853,2025-11-22 01:05:27.841000+00:00,13.0,13.4,56.0,945.0,0,202,0.6
1274,9853,2025-11-22 01:06:27.858000+00:00,12.9,13.3,56.0,945.1,0,236,0.6
1274,9853,2025-11-22 01:07:27.853000+00:00,12.9,13.3,56.0,945.0,0,131,0.6
1274,9853,2025-11-22 01:08:27.859000+00:00,12.9,13.3,57.0,945.0,0,174,1.2
1274,9853,2025-11-22 01:09:27.857000+00:00,13.0,13.3,56.0,945.0,0,200,1.4
1274,9853,2025-11-22 01:10:27.857000+00:00,13.1,13.2,56.0,945.1,0,185,0.8
1274,9853,2025-11-22 01:11:27.860000+00:00,13.1,13.2,56.0,945.1,0,189,0.6
1274,9853,2025-11-22 01:12:27.891000+00:00,13.1,13.2,56.0,945.1,0,244,0.8
1274,9853,2025-11-22 01:13:27.894000+00:00,13.1,13.2,55.0,945.1,0,204,1.1
1274,9853,2025-11-22 01:14:27.893000+00:00,13.2,13.2,55.0,945.1,0,257,1.1
1274,9853,2025-11-22 01:15:27.896000+00:00,13.2,13.3,55.0,945.2,0,0,1.0
1274,9853,2025-11-22 01:16:27.879000+00:00,13.3,13.3,56.0,945.1,0,213,1.0
1274,9853,2025-11-22 01:17:27.899000+00:00,13.3,13.3,56.0,945.1,0,231,0.9
1274,9853,2025-11-22 01:18:27.883000+00:00,13.3,13.3,56.0,945.2,0,250,0.8
1274,9853,2025-11-22 01:19:27.894000+00:00,13.3,13.2,56.0,945.2,0,190,1.0
1274,9853,2025-11-22 01:20:27.916000+00:00,13.4,13.2,56.0,945.2,0,190,1.7
1274,9853,2025-11-22 01:21:27.916000+00:00,13.4,13.1,56.0,945.2,0,187,1.4
1274,9853,2025-11-22 01:22:27.926000+00:00,13.4,13.1,56.0,945.2,0,119,1.7
1274,9853,2025-11-22 01:23:27.928000+00:00,13.3,13.0,56.0,945.2,0,197,1.1
1274,9853,2025-11-22 01:24:27.929000+00:00,13.4,13.0,56.0,945.2,0,198,1.6
1274,9853,2025-11-22 01:25:27.934000+00:00,13.3,13.0,56.0,945.2,0,177,0.9
1274,9853,2025-11-22 01:26:27.934000+00:00,13.3,13.1,57.0,945.2,0,176,0.4
1274,9853,2025-11-22 01:27:27.944000+00:00,13.3,13.0,57.0,945.2,0,239,0.9
1274,9853,2025-11-22 01:28:27.927000+00:00,13.3,13.0,57.0,945.2,0,0,0.7
1274,9853,2025-11-22 01:29:27.927000+00:00,13.3,13.0,57.0,945.3,0,0,0.7
1274,9853,2025-11-22 01:30:27.929000+00:00,13.3,13.0,57.0,945.2,1,352,0.7
1274,9853,2025-11-22 01:31:27.944000+00:00,13.3,13.1,58.0,945.2,1,351,0.7
1274,9853,2025-11-22 01:32:27.944000+00:00,13.3,13.1,57.0,945.2,1,212,0.6
1274,9853,2025-11-22 01:33:27.941000+00:00,13.3,13.1,57.0,945.3,1,127,0.7
1274,9853,2025-11-22 01:34:27.941000+00:00,13.3,13.0,59.0,945.3,1,345,0.9
1274,9853,2025-11-22 01:35:27.942000+00:00,13.3,13.0,58.0,945.3,1,203,1.1
1274,9853,2025-11-22 01:36:27.930000+00:00,13.3,13.0,59.0,945.4,1,198,1.0
1274,9853,2025-11-22 01:37:27.939000+00:00,13.2,12.9,59.0,945.3,1,214,1.2
1274,9854,2025-11-22 03:45:28.183000+00:00,11.9,12.7,68.0,945.9,1,223,1.0
1274,9854,2025-11-22 03:46:28.183000+00:00,11.8,12.7,68.0,945.9,1,216,1.3
1274,9854,2025-11-22 03:47:28.188000+00:00,11.7,12.7,69.0,945.9,1,297,1.3
1274,9854,2025-11-22 03:48:28.190000+00:00,11.7,12.7,69.0,945.9,1,179,0.7
1274,9854,2025-11-22 03:49:28.223000+00:00,11.7,12.9,70.0,945.9,1,187,1.3
1274,9854,2025-11-22 03:50:28.235000+00:00,11.7,12.9,69.0,945.8,1,169,1.9
1274,9854,2025-11-22 03:51:28.251000+00:00,11.6,12.8,68.0,945.9,1,160,1.4
1274,9854,2025-11-22 03:52:28.252000+00:00,11.6,12.8,69.0,945.8,1,188,1.1
1274,9854,2025-11-22 03:53:28.268000+00:00,11.6,12.8,69.0,945.8,1,178,1.4
1274,9854,2025-11-22 03:54:28.289000+00:00,11.6,12.8,68.0,945.8,1,162,1.3
1274,9854,2025-11-22 03:55:28.275000+00:00,11.6,12.9,69.0,945.9,1,178,1.4
1274,9854,2025-11-22 03:56:28.286000+00:00,11.6,12.9,67.0,945.9,1,163,1.8
1274,9854,2025-11-22 03:57:28.290000+00:00,11.6,12.9,66.0,945.8,1,181,1.4
1274,9854,2025-11-22 03:58:28.292000+00:00,11.6,12.9,67.0,945.8,1,180,1.4
1274,9854,2025-11-22 03:59:28.278000+00:00,11.7,12.9,66.0,945.9,1,167,1.7
1274,9854,2025-11-22 04:00:28.292000+00:00,11.7,12.8,65.0,945.9,1,164,1.6
1274,9854,2025-11-22 04:01:28.296000+00:00,11.7,12.8,64.0,945.9,1,162,1.6
1274,9854,2025-11-22 04:02:28.305000+00:00,11.8,12.8,64.0,945.9,1,161,1.6
1274,9854,2025-11-22 04:03:28.308000+00:00,11.8,12.8,64.0,945.8,1,148,1.7
1274,9854,2025-11-22 04:04:28.326000+00:00,11.8,12.8,64.0,945.9,1,150,1.4
1274,9854,2025-11-22 04:05:28.327000+00:00,11.8,12.7,66.0,945.8,1,175,1.6
1274,9854,2025-11-22 04:06:28.329000+00:00,11.7,12.7,66.0,945.7,1,172,1.8
1274,9854,2025-11-22 04:07:28.372000+00:00,11.7,12.6,66.0,945.8,1,183,2.3
1274,9854,2025-11-22 04:08:28.329000+00:00,11.6,12.6,67.0,945.8,1,171,2.9
1274,9854,2025-11-22 04:09:28.340000+00:00,11.6,12.6,68.0,945.8,1,178,2.2
1274,9854,2025-11-22 04:10:28.328000+00:00,11.7,12.7,68.0,945.7,1,189,2.0
1274,9854,2025-11-22 04:11:28.328000+00:00,11.6,12.7,68.0,945.7,1,179,2.4
1274,9854,2025-11-22 04:12:28.340000+00:00,11.6,12.7,68.0,945.7,1,173,2.4
1274,9854,2025-11-22 04:13:28.338000+00:00,11.7,12.6,68.0,945.7,1,182,2.7
1274,9854,2025-11-22 04:14:28.338000+00:00,11.7,12.5,66.0,945.7,1,178,2.5
1274,9854,2025-11-22 04:15:28.338000+00:00,11.7,12.5,66.0,945.7,1,183,2.5
1274,9854,2025-11-22 04:16:28.340000+00:00,11.8,12.5,66.0,945.7,1,181,2.2
1274,9854,2025-11-22 04:17:28.357000+00:00,11.8,12.5,66.0,945.7,1,168,2.7
1274,9854,2025-11-22 04:18:28.342000+00:00,11.8,12.5,65.0,945.7,1,176,2.4
1274,9854,2025-11-22 04:19:28.342000+00:00,11.9,12.4,65.0,945.8,0,168,2.4
1274,9854,2025-11-22 04:20:28.352000+00:00,11.8,12.5,65.0,945.7,0,175,2.5
1274,9854,2025-11-22 04:21:28.343000+00:00,11.8,12.5,66.0,945.8,0,176,2.3
1274,9854,2025-11-22 04:22:28.343000+00:00,11.8,12.5,65.0,945.8,0,179,1.7
1274,9854,2025-11-22 04:23:28.331000+00:00,11.8,12.6,66.0,945.9,0,190,1.5
1274,9854,2025-11-22 04:24:28.353000+00:00,11.8,12.6,65.0,945.9,0,177,1.8
1274,9854,2025-11-22 04:25:28.353000+00:00,11.8,12.5,66.0,945.9,0,196,1.2
1274,9854,2025-11-22 04:26:28.354000+00:00,11.7,12.5,65.0,946.0,0,164,1.0
1274,9854,2025-11-22 04:27:28.354000+00:00,11.7,12.5,65.0,946.0,0,11,0.5
1274,9854,2025-11-22 04:28:28.344000+00:00,11.7,12.7,67.0,946.0,0,24,0.6
1274,9854,2025-11-22 04:29:28.351000+00:00,11.7,12.8,68.0,946.0,0,37,0.8
1274,9854,2025-11-22 04:30:28.347000+00:00,11.7,12.8,67.0,946.0,0,38,0.9
1274,9854,2025-11-22 04:31:28.354000+00:00,11.7,12.8,67.0,946.1,0,64,0.9
1274,9854,2025-11-22 04:32:28.355000+00:00,11.7,12.8,68.0,946.1,0,11,0.8
1274,9854,2025-11-22 04:33:28.346000+00:00,11.7,12.8,68.0,946.1,0,33,0.7
1274,9854,2025-11-22 04:34:28.355000+00:00,11.7,12.8,68.0,946.1,0,0,0.3
1274,9854,2025-11-22 04:35:28.356000+00:00,11.7,12.8,69.0,946.1,0,231,0.4
1274,9854,2025-11-22 04:36:28.356000+00:00,11.8,12.8,68.0,946.1,0,181,0.9
1274,9854,2025-11-22 04:37:28.356000+00:00,11.7,12.7,66.0,946.0,0,170,1.6
1274,9854,2025-11-22 04:38:28.356000+00:00,11.8,12.6,66.0,946.0,0,189,1.5
1274,9854,2025-11-22 04:39:28.363000+00:00,11.8,12.6,65.0,946.1,0,189,1.7
1274,9854,2025-11-22 04:40:28.356000+00:00,11.8,12.5,65.0,946.1,0,190,1.7
1274,9854,2025-11-22 04:41:28.363000+00:00,11.8,12.5,64.0,946.1,0,184,1.6
1274,9854,2025-11-22 04:42:28.354000+00:00,11.8,12.5,64.0,946.1,0,193,1.1
1274,9854,2025-11-22 04:43:28.365000+00:00,11.8,12.5,64.0,946.1,0,198,1.9
1274,9854,2025-11-22 04:44:28.353000+00:00,11.9,12.4,64.0,946.1,0,213,1.6
1274,9854,2025-11-22 04:45:28.363000+00:00,11.8,12.4,63.0,946.1,0,195,1.3
1274,9854,2025-11-22 04:46:28.367000+00:00,11.8,12.4,63.0,946.1,0,183,1.6
1274,9854,2025-11-22 04:47:28.377000+00:00,11.9,12.4,63.0,946.1,0,190,1.9
1274,9854,2025-11-22 04:48:28.365000+00:00,11.9,12.2,63.0,946.1,0,189,2.3
1274,9854,2025-11-22 04:49:28.365000+00:00,11.9,12.1,63.0,946.0,0,179,3.0
1274,9854,2025-11-22 04:50:28.356000+00:00,11.8,12.1,63.0,946.1,0,159,2.8
1274,9854,2025-11-22 04:51:28.366000+00:00,11.8,12.1,63.0,946.1,0,171,1.9
1274,9854,2025-11-22 04:52:28.365000+00:00,11.7,12.1,63.0,946.1,0,164,2.3
1274,9854,2025-11-22 04:53:28.379000+00:00,11.6,12.2,63.0,946.1,0,184,1.8
1274,9854,2025-11-22 04:54:28.415000+00:00,11.6,12.2,63.0,946.1,0,168,2.0
1274,9854,2025-11-22 04:55:28.366000+00:00,11.6,12.2,63.0,946.1,0,184,1.9
1274,9854,2025-11-22 04:56:28.369000+00:00,11.6,12.4,64.0,946.1,0,174,0.9
1274,9854,2025-11-22 04:57:28.384000+00:00,11.6,12.4,63.0,946.1,0,181,1.0
1274,9854,2025-11-22 04:58:28.424000+00:00,11.6,12.4,63.0,946.1,0,199,1.1
1274,9854,2025-11-22 04:59:28.367000+00:00,11.7,12.4,63.0,946.1,0,204,1.2
1274,9854,2025-11-22 05:00:28.384000+00:00,11.7,12.4,63.0,946.1,0,198,0.7
1274,9854,2025-11-22 05:01:28.382000+00:00,11.7,12.3,63.0,946.1,0,188,1.6
1274,9854,2025-11-22 05:02:28.381000+00:00,11.8,12.3,63.0,946.2,0,181,1.6
1274,9854,2025-11-22 05:03:28.380000+00:00,11.7,12.2,63.0,946.2,0,173,1.5
1274,9854,2025-11-22 05:04:28.385000+00:00,11.7,12.2,63.0,946.2,0,223,1.0
1274,9854,2025-11-22 05:05:28.386000+00:00,11.7,12.2,63.0,946.2,0,189,1.1
1274,9854,2025-11-22 05:06:28.381000+00:00,11.8,12.2,63.0,946.2,0,205,0.9
1274,9854,2025-11-22 05:07:28.379000+00:00,11.8,12.1,64.0,946.2,0,180,1.1
1274,9854,2025-11-22 05:08:28.386000+00:00,11.8,12.1,64.0,946.3,0,175,1.1
1274,9854,2025-11-22 05:09:28.388000+00:00,11.8,12.0,63.0,946.2,0,167,1.6
1274,9858,2025-11-23 03:06:32.953000+00:00,16.9,18.0,38.0,942.1,0,126,0.7
1274,9858,2025-11-23 03:07:32.950000+00:00,16.9,17.6,38.0,942.1,0,133,0.7
1274,9858,2025-11-23 03:08:32.953000+00:00,16.9,17.6,38.0,942.2,0,80,0.6
1274,9858,2025-11-23 03:09:32.953000+00:00,16.9,17.7,38.0,942.1,0,62,0.0
1274,9858,2025-11-23 03:10:32.955000+00:00,16.9,17.7,38.0,942.1,0,269,1.1
1274,9858,2025-11-23 03:11:32.956000+00:00,16.9,17.9,38.0,942.1,0,66,0.7
1274,9858,2025-11-23 03:12:32.955000+00:00,17.0,17.8,37.0,942.0,0,0,0.6
1274,9858,2025-11-23 03:13:32.955000+00:00,17.0,17.9,37.0,942.1,0,179,0.3
1274,9858,2025-11-23 03:14:32.949000+00:00,17.1,18.0,37.0,942.0,0,93,0.5
1274,9858,2025-11-23 03:15:32.957000+00:00,17.1,18.1,37.0,942.0,0,101,0.4
1274,9858,2025-11-23 03:16:32.965000+00:00,17.1,18.1,37.0,942.1,0,207,0.6
1274,9858,2025-11-23 03:17:32.959000+00:00,17.1,18.0,37.0,942.0,0,0,0.5
1274,9858,2025-11-23 03:18:32.974000+00:00,17.1,17.7,37.0,942.1,0,184,0.0
1274,9858,2025-11-23 03:19:32.962000+00:00,17.1,17.7,37.0,942.0,0,124,0.7
1274,9858,2025-11-23 03:20:32.966000+00:00,17.1,17.6,37.0,942.1,0,159,0.8
1274,9858,2025-11-23 03:21:32.975000+00:00,17.1,17.7,37.0,942.0,0,0,0.0
1274,9858,2025-11-23 03:22:32.967000+00:00,17.1,17.7,37.0,942.0,0,143,0.6
1274,9858,2025-11-23 03:23:32.961000+00:00,17.1,17.7,37.0,942.0,0,147,0.5
1274,9858,2025-11-23 03:24:32.965000+00:00,17.1,17.7,37.0,942.0,0,82,0.5
1274,9858,2025-11-23 03:25:32.968000+00:00,17.1,17.7,37.0,942.0,0,107,0.6
1274,9858,2025-11-23 03:26:32.971000+00:00,17.1,17.8,37.0,942.0,0,123,0.6
1274,9858,2025-11-23 03:27:32.968000+00:00,17.1,17.7,37.0,942.1,0,94,1.0
1274,9858,2025-11-23 03:28:32.962000+00:00,17.1,17.7,37.0,942.0,0,200,1.0
1274,9858,2025-11-23 03:29:32.972000+00:00,17.1,17.7,37.0,942.0,0,189,0.4
1274,9858,2025-11-23 03:30:32.963000+00:00,17.1,17.9,37.0,942.1,0,187,0.8
1274,9858,2025-11-23 03:31:32.965000+00:00,17.1,18.5,36.0,942.1,0,14,0.5
1274,9858,2025-11-23 03:32:32.966000+00:00,17.2,18.0,36.0,942.0,0,125,0.3
1274,9858,2025-11-23 03:33:32.967000+00:00,17.2,23.9,36.0,942.0,0,181,0.7
1274,9858,2025-11-23 03:34:32.979000+00:00,17.2,24.6,35.0,941.9,0,0,0.6
1274,9858,2025-11-23 03:35:32.973000+00:00,17.1,28.2,36.0,941.9,0,136,0.0
1274,9858,2025-11-23 03:36:32.966000+00:00,17.1,29.0,36.0,942.0,0,142,0.3
1274,9858,2025-11-23 03:37:32.978000+00:00,17.1,29.5,36.0,941.9,0,110,1.1
1274,9858,2025-11-23 03:38:32.977000+00:00,17.0,29.3,36.0,942.0,0,110,0.9
1274,9858,2025-11-23 03:39:32.992000+00:00,17.0,28.7,37.0,941.9,0,165,0.8
1274,9858,2025-11-23 03:40:33.019000+00:00,17.0,28.7,37.0,942.0,0,126,0.7
1274,9858,2025-11-23 03:41:33.026000+00:00,17.0,29.2,36.0,942.0,0,224,0.7
1274,9858,2025-11-23 03:42:33.032000+00:00,17.0,29.2,36.0,942.0,0,126,0.7
1274,9858,2025-11-23 03:43:33.025000+00:00,17.0,28.2,37.0,942.1,0,148,0.4
1274,9858,2025-11-23 03:44:33.034000+00:00,16.9,27.7,36.0,942.0,0,187,0.8
1274,9858,2025-11-23 03:45:33.057000+00:00,17.0,27.2,36.0,941.9,0,130,0.7
1274,9858,2025-11-23 03:46:33.054000+00:00,16.9,27.2,37.0,941.9,0,211,1.2
1274,9858,2025-11-23 03:47:33.071000+00:00,16.9,27.2,36.0,942.0,0,212,1.8
1274,9858,2025-11-23 03:48:33.058000+00:00,16.9,27.7,37.0,941.9,0,0,0.8
1274,9858,2025-11-23 03:49:33.058000+00:00,16.9,28.9,37.0,941.9,0,250,1.2
1274,9858,2025-11-23 03:50:33.076000+00:00,16.8,28.7,37.0,941.9,0,188,1.0
1274,9858,2025-11-23 03:51:33.146000+00:00,16.9,28.3,36.0,941.9,0,163,1.7
1274,9858,2025-11-23 03:52:33.121000+00:00,16.8,28.3,37.0,941.9,0,197,1.2
1274,9858,2025-11-23 03:53:33.113000+00:00,16.8,28.5,37.0,942.0,0,153,1.2
1274,9858,2025-11-23 03:54:33.110000+00:00,16.8,27.2,38.0,941.9,0,190,0.5
1274,9858,2025-11-23 03:55:33.126000+00:00,16.8,25.3,37.0,941.9,0,166,0.8
1274,9858,2025-11-23 03:56:33.122000+00:00,16.8,24.2,37.0,941.9,0,179,1.2
1274,9858,2025-11-23 03:57:33.124000+00:00,16.8,24.2,38.0,942.0,0,163,1.1
1274,9858,2025-11-23 03:58:33.122000+00:00,16.7,24.4,38.0,942.0,0,240,0.9
1274,9858,2025-11-23 03:59:33.130000+00:00,16.8,24.7,37.0,942.0,0,126,1.0
1274,9858,2025-11-23 04:00:33.126000+00:00,16.7,24.2,37.0,941.9,0,192,1.1
1274,9858,2025-11-23 04:01:33.127000+00:00,16.7,25.1,37.0,942.0,0,166,1.6
1274,9858,2025-11-23 04:02:33.148000+00:00,16.7,23.8,38.0,942.0,0,162,0.9
1274,9858,2025-11-23 04:03:33.146000+00:00,16.7,18.5,37.0,942.0,0,197,1.8
1274,9858,2025-11-23 04:04:33.140000+00:00,16.7,18.2,38.0,941.9,0,183,1.3
1274,9858,2025-11-23 04:05:33.143000+00:00,16.8,18.2,38.0,942.0,0,208,1.9
1274,9858,2025-11-23 04:06:33.169000+00:00,16.8,18.7,38.0,942.0,0,182,1.2
1274,9858,2025-11-23 04:07:33.154000+00:00,16.8,18.7,37.0,941.9,0,178,1.5
1274,9858,2025-11-23 04:08:33.179000+00:00,16.9,18.2,38.0,942.0,0,175,2.1
1274,9858,2025-11-23 04:09:33.198000+00:00,16.9,18.2,38.0,942.0,0,189,1.6
1274,9858,2025-11-23 04:10:33.231000+00:00,16.9,18.1,38.0,941.9,0,186,1.5
1274,9858,2025-11-23 04:11:33.231000+00:00,16.9,18.0,38.0,941.9,0,197,2.1
1274,9858,2025-11-23 04:12:33.233000+00:00,16.9,18.0,38.0,941.9,0,185,1.2
1274,9858,2025-11-23 04:13:33.231000+00:00,16.8,17.8,38.0,941.9,0,187,2.1
1274,9858,2025-11-23 04:14:33.240000+00:00,16.9,17.9,38.0,941.9,0,185,2.0
1274,9858,2025-11-23 04:15:33.256000+00:00,16.9,17.9,38.0,941.9,0,206,1.6
1274,9858,2025-11-23 04:16:33.266000+00:00,17.0,17.9,38.0,941.8,0,193,1.7
1274,9858,2025-11-23 04:17:33.290000+00:00,17.0,17.9,38.0,941.8,0,180,2.2
1274,9858,2025-11-23 04:18:33.268000+00:00,17.0,17.9,38.0,941.9,0,191,1.9
1274,9858,2025-11-23 04:19:33.272000+00:00,17.0,17.8,38.0,942.0,0,206,1.7
1274,9858,2025-11-23 04:20:33.261000+00:00,17.0,17.9,38.0,941.9,0,177,1.5
1274,9858,2025-11-23 04:21:33.272000+00:00,17.0,17.8,38.0,942.0,0,185,1.5
1274,9858,2025-11-23 04:22:33.268000+00:00,17.0,17.9,38.0,941.9,0,181,2.0
1274,9858,2025-11-23 04:23:33.277000+00:00,17.0,17.8,37.0,941.9,0,194,1.7
1274,9858,2025-11-23 04:24:33.287000+00:00,17.0,17.7,37.0,941.8,0,192,2.0
1274,9858,2025-11-23 04:25:33.287000+00:00,17.0,17.7,38.0,941.8,0,197,2.3
1274,9858,2025-11-23 04:26:33.313000+00:00,16.9,17.7,38.0,941.8,0,191,2.2
1274,9858,2025-11-23 04:27:33.316000+00:00,16.9,17.7,38.0,941.7,0,174,1.8
1274,9858,2025-11-23 04:28:33.316000+00:00,16.9,17.7,38.0,941.7,0,200,1.8
1274,9858,2025-11-23 04:29:33.326000+00:00,16.9,17.6,38.0,941.7,0,201,2.1
1274,9858,2025-11-23 04:30:33.321000+00:00,16.9,17.6,38.0,941.8,0,188,1.8
1274,9858,2025-11-23 04:31:33.332000+00:00,16.9,17.6,38.0,941.9,0,197,1.4
1274,9858,2025-11-23 04:32:33.323000+00:00,16.8,17.5,38.0,941.7,0,178,2.1
1274,9858,2025-11-23 04:33:33.340000+00:00,16.7,17.6,38.0,941.8,0,209,1.2
1274,9858,2025-11-23 04:34:33.480000+00:00,16.7,17.5,38.0,941.8,0,231,0.9
1274,9858,2025-11-23 04:35:33.321000+00:00,16.6,17.5,38.0,941.8,0,192,1.6
1274,9858,2025-11-23 04:36:33.324000+00:00,16.6,17.4,38.0,941.7,0,187,1.5
1274,9858,2025-11-23 04:37:33.349000+00:00,16.6,17.4,38.0,941.7,0,212,1.9
1274,9858,2025-11-23 04:38:33.370000+00:00,16.6,17.5,38.0,941.8,0,188,1.8
1274,9858,2025-11-23 04:39:33.384000+00:00,16.6,17.4,38.0,941.8,0,192,2.0
1274,9858,2025-11-23 04:40:33.382000+00:00,16.6,17.4,38.0,941.8,0,191,2.5
1274,9858,2025-11-23 04:41:33.400000+00:00,16.6,17.3,38.0,941.8,0,187,1.4
1274,9858,2025-11-23 04:42:33.410000+00:00,16.5,17.3,38.0,941.9,0,194,1.2
1274,9858,2025-11-23 04:43:33.417000+00:00,16.5,17.3,38.0,941.9,0,183,2.1
1274,9858,2025-11-23 04:44:33.476000+00:00,16.4,17.3,38.0,941.9,0,217,1.5
1274,9858,2025-11-23 04:45:33.429000+00:00,16.4,17.3,38.0,941.8,0,207,1.5
1274,9858,2025-11-23 04:46:33.430000+00:00,16.4,17.3,38.0,941.9,0,221,1.6
1274,9858,2025-11-23 04:47:33.451000+00:00,16.4,17.3,38.0,941.8,0,194,1.6
1274,9858,2025-11-23 04:48:33.468000+00:00,16.4,17.3,38.0,941.8,0,198,1.4
1274,9858,2025-11-23 04:49:33.487000+00:00,16.4,17.0,39.0,941.8,0,178,1.8
1274,9858,2025-11-23 04:50:33.480000+00:00,16.4,17.2,39.0,941.8,0,179,1.8
1274,9858,2025-11-23 04:51:33.502000+00:00,16.4,17.2,39.0,941.8,0,200,1.4
1274,9858,2025-11-23 04:52:33.528000+00:00,16.4,17.2,39.0,941.8,0,186,1.8
1274,9858,2025-11-23 04:53:33.520000+00:00,16.3,17.2,39.0,941.7,0,183,2.0
1274,9858,2025-11-23 04:54:33.535000+00:00,16.3,17.2,39.0,941.8,0,214,2.0
1274,9858,2025-11-23 04:55:33.528000+00:00,16.3,17.2,39.0,941.8,0,180,2.2
1274,9858,2025-11-23 04:56:33.529000+00:00,16.3,17.2,39.0,941.8,0,212,2.6
1274,9858,2025-11-23 04:57:33.542000+00:00,16.3,17.0,39.0,941.7,0,194,1.7
1274,9858,2025-11-23 04:58:33.556000+00:00,16.4,17.0,39.0,941.8,0,187,1.8
1274,9858,2025-11-23 04:59:33.553000+00:00,16.4,17.2,39.0,941.7,0,203,2.2
1274,9858,2025-11-23 05:00:33.568000+00:00,16.4,17.2,39.0,941.7,0,194,2.5
1274,9858,2025-11-23 05:01:33.561000+00:00,16.3,17.0,38.0,941.7,0,190,2.1
1274,9858,2025-11-23 05:02:33.565000+00:00,16.3,17.0,39.0,941.8,0,187,2.3
1274,9858,2025-11-23 05:03:33.555000+00:00,16.3,17.0,39.0,941.8,0,187,2.3
1274,9858,2025-11-23 05:04:33.568000+00:00,16.3,17.0,39.0,941.8,0,188,2.4
1274,9858,2025-11-23 05:05:33.566000+00:00,16.3,17.0,39.0,941.7,0,184,2.5
1274,9858,2025-11-23 05:06:33.561000+00:00,16.3,17.0,39.0,941.9,0,189,2.4
1274,9858,2025-11-23 05:07:33.564000+00:00,16.3,17.0,39.0,941.8,0,186,2.4
1274,9858,2025-11-23 05:08:33.591000+00:00,16.3,16.9,39.0,941.9,0,179,2.8
1274,9858,2025-11-23 05:09:33.561000+00:00,16.3,16.9,39.0,941.9,0,179,2.8
1274,9858,2025-11-23 05:10:33.569000+00:00,16.3,16.9,39.0,941.8,0,199,1.9
1274,9858,2025-11-23 05:11:33.566000+00:00,16.3,16.9,39.0,941.8,0,201,2.3
1274,9858,2025-11-23 05:12:33.552000+00:00,16.3,16.9,39.0,941.9,0,198,2.2
1274,9858,2025-11-23 05:13:33.580000+00:00,16.3,16.9,39.0,941.9,0,191,2.1
1274,9858,2025-11-23 05:14:33.572000+00:00,16.3,16.9,39.0,941.8,0,199,1.8
1274,9858,2025-11-23 05:15:33.593000+00:00,16.3,16.8,39.0,941.8,0,183,1.8
1274,9858,2025-11-23 05:16:33.565000+00:00,16.3,16.9,39.0,941.8,0,184,1.9
1274,9858,2025-11-23 05:17:33.578000+00:00,16.3,16.9,39.0,941.8,0,187,1.4
1274,9858,2025-11-23 05:18:33.572000+00:00,16.3,16.9,38.0,941.7,0,211,1.9
1274,9858,2025-11-23 05:19:33.571000+00:00,16.3,16.9,38.0,941.7,0,211,1.9
1274,9858,2025-11-23 05:20:33.573000+00:00,16.3,16.9,38.0,941.8,0,192,2.0
1274,9858,2025-11-23 05:21:33.563000+00:00,16.3,16.8,38.0,941.8,0,205,2.2
1274,9858,2025-11-23 05:22:33.576000+00:00,16.3,16.8,39.0,941.8,0,207,2.2
1274,9858,2025-11-23 05:23:33.589000+00:00,16.3,16.8,39.0,941.8,0,195,2.5
1274,9858,2025-11-23 05:24:33.579000+00:00,16.3,16.8,39.0,941.8,0,189,2.0
1274,9858,2025-11-23 05:25:33.568000+00:00,16.3,16.7,39.0,941.8,0,213,2.5
1274,9858,2025-11-23 05:26:33.572000+00:00,16.3,16.7,39.0,941.8,0,200,2.3
1275,9840,2025-11-28 13:20:28.293000+00:00,25.7,33.2,64.0,1016.5,0,345,1.2
1275,9840,2025-11-28 13:21:28.306000+00:00,25.7,33.3,64.0,1016.5,0,310,1.2
1275,9840,2025-11-28 13:22:28.296000+00:00,25.6,33.3,63.0,1016.6,0,340,1.3
1275,9840,2025-11-28 13:23:28.317000+00:00,25.6,33.1,63.0,1016.5,0,325,1.1
1275,9840,2025-11-28 13:24:28.296000+00:00,25.5,33.2,63.0,1016.5,0,33,0.8
1275,9840,2025-11-28 13:25:28.312000+00:00,25.6,33.2,62.0,1016.6,0,311,0.9
1275,9840,2025-11-28 13:26:28.306000+00:00,25.6,33.0,62.0,1016.5,0,302,1.1
1275,9840,2025-11-28 13:27:28.309000+00:00,25.5,32.9,62.0,1016.6,0,328,1.0
1275,9840,2025-11-28 13:28:28.307000+00:00,25.6,32.9,63.0,1016.6,0,343,0.8
1275,9840,2025-11-28 13:29:28.309000+00:00,25.7,32.9,63.0,1016.6,0,326,0.9
1275,9840,2025-11-28 13:30:28.308000+00:00,25.8,33.0,63.0,1016.5,0,331,1.0
1275,9840,2025-11-28 13:31:28.319000+00:00,25.8,33.2,63.0,1016.5,0,337,1.3
1275,9840,2025-11-28 13:32:28.319000+00:00,25.9,33.1,61.0,1016.5,0,329,0.9
1275,9840,2025-11-28 13:33:28.307000+00:00,25.9,33.2,59.0,1016.5,0,342,0.9
1275,9840,2025-11-28 13:34:28.315000+00:00,25.9,33.8,59.0,1016.6,0,0,0.5
1275,9840,2025-11-28 13:35:28.302000+00:00,26.0,34.5,55.0,1016.5,0,129,0.5
1275,9840,2025-11-28 13:36:28.312000+00:00,26.0,34.5,51.0,1016.5,0,340,0.6
1275,9840,2025-11-28 13:37:28.307000+00:00,26.0,34.2,49.0,1016.5,0,351,1.2
1275,9840,2025-11-28 13:38:28.322000+00:00,26.1,33.8,47.0,1016.5,0,340,2.2
1275,9840,2025-11-28 13:39:28.325000+00:00,26.2,33.7,47.0,1016.5,0,353,1.5
1275,9840,2025-11-28 13:40:28.331000+00:00,26.3,33.9,46.0,1016.6,0,230,0.6
1275,9840,2025-11-28 13:41:28.337000+00:00,26.4,33.8,47.0,1016.6,0,0,0.7
1275,9840,2025-11-28 13:42:28.341000+00:00,26.4,33.8,46.0,1016.7,0,0,0.9
1275,9840,2025-11-28 13:43:28.352000+00:00,26.4,33.7,47.0,1016.7,0,101,0.0
1275,9840,2025-11-28 13:44:28.381000+00:00,26.3,33.3,47.0,1016.6,0,0,0.7
1275,9840,2025-11-28 13:45:28.388000+00:00,26.3,33.3,47.0,1016.7,0,224,0.6
1275,9840,2025-11-28 13:46:28.372000+00:00,26.3,33.3,47.0,1016.7,0,283,0.0
1275,9840,2025-11-28 13:47:28.401000+00:00,26.3,33.2,47.0,1016.7,0,26,0.5
1275,9840,2025-11-28 13:48:28.390000+00:00,26.3,33.2,47.0,1016.7,0,345,0.6
1275,9840,2025-11-28 13:49:28.403000+00:00,26.3,32.8,48.0,1016.7,0,1,1.1
1275,9840,2025-11-28 13:50:28.428000+00:00,26.3,32.8,47.0,1016.7,0,343,0.9
1275,9840,2025-11-28 13:51:28.425000+00:00,26.2,32.8,47.0,1016.7,0,330,0.7
1275,9840,2025-11-28 13:52:28.425000+00:00,26.2,32.5,47.0,1016.7,0,346,1.8
1275,9840,2025-11-28 13:53:28.424000+00:00,26.2,32.5,47.0,1016.8,0,332,2.2
1275,9840,2025-11-28 13:54:28.422000+00:00,26.1,32.5,47.0,1016.7,0,342,2.2
1275,9840,2025-11-28 13:55:28.443000+00:00,26.1,32.6,47.0,1016.8,0,340,1.8
1275,9840,2025-11-28 13:56:28.460000+00:00,26.1,32.5,47.0,1016.8,0,350,2.1
1275,9840,2025-11-28 13:57:28.466000+00:00,26.1,32.4,47.0,1016.7,0,14,1.4
1275,9840,2025-11-28 13:58:28.461000+00:00,26.1,32.4,47.0,1016.8,0,333,2.4
1275,9840,2025-11-28 13:59:28.525000+00:00,26.1,32.2,47.0,1016.9,0,346,1.2
1275,9840,2025-11-28 14:00:28.549000+00:00,26.1,32.2,48.0,1016.9,0,341,1.5
1275,9840,2025-11-28 14:01:28.547000+00:00,26.0,32.2,47.0,1016.8,0,325,2.2
1275,9840,2025-11-28 14:02:28.558000+00:00,26.0,32.0,48.0,1016.8,0,330,1.3
1275,9840,2025-11-28 14:03:28.558000+00:00,26.0,32.1,48.0,1016.9,0,353,1.5
1275,9840,2025-11-28 14:04:28.558000+00:00,26.0,32.1,47.0,1016.9,0,335,1.2
1275,9840,2025-11-28 14:05:28.559000+00:00,26.0,32.1,47.0,1016.9,0,276,1.5
1275,9840,2025-11-28 14:06:28.575000+00:00,26.0,32.1,47.0,1016.9,0,328,1.0
1275,9840,2025-11-28 14:07:28.587000+00:00,25.9,32.1,47.0,1017.0,0,350,0.8
1275,9840,2025-11-28 14:08:28.581000+00:00,25.9,31.9,47.0,1017.0,0,301,1.6
1275,9840,2025-11-28 14:09:28.587000+00:00,25.9,31.9,48.0,1016.9,0,356,1.3
1275,9840,2025-11-28 14:10:28.587000+00:00,25.9,31.8,48.0,1016.9,0,335,1.5
1275,9840,2025-11-28 14:11:28.587000+00:00,25.8,31.3,48.0,1017.0,0,359,2.1
1275,9840,2025-11-28 14:12:28.599000+00:00,25.8,31.5,48.0,1016.9,0,359,2.1
1275,9840,2025-11-28 14:13:28.592000+00:00,25.8,31.6,48.0,1017.0,0,349,1.6
1275,9840,2025-11-28 14:14:28.627000+00:00,25.7,31.6,48.0,1016.9,0,355,2.0
1275,9840,2025-11-28 14:15:28.602000+00:00,25.7,31.6,48.0,1016.9,0,357,1.9
1275,9840,2025-11-28 14:16:28.610000+00:00,25.7,31.4,48.0,1017.0,0,339,1.7
1275,9840,2025-11-28 14:17:28.599000+00:00,25.6,31.3,48.0,1017.1,0,345,1.1
1275,9840,2025-11-28 14:18:28.598000+00:00,25.5,31.3,48.0,1017.0,0,338,2.2
1275,9840,2025-11-28 14:19:28.599000+00:00,25.5,31.2,48.0,1017.0,0,337,2.0
1275,9840,2025-11-28 14:20:28.599000+00:00,25.5,31.2,49.0,1017.1,0,337,2.0
1275,9840,2025-11-28 14:21:28.600000+00:00,25.5,31.2,49.0,1017.0,0,351,2.0
1275,9840,2025-11-28 14:22:28.612000+00:00,25.5,31.1,49.0,1017.1,0,345,2.5
1275,9840,2025-11-28 14:23:28.600000+00:00,25.4,31.2,49.0,1017.0,0,333,1.3
1275,9840,2025-11-28 14:24:28.622000+00:00,25.4,31.2,49.0,1017.1,0,0,1.1
1275,9840,2025-11-28 14:25:28.619000+00:00,25.4,31.2,49.0,1017.1,0,22,1.5
1275,9840,2025-11-28 14:26:28.614000+00:00,25.4,31.2,49.0,1017.1,0,317,1.3
1275,9840,2025-11-28 14:27:28.614000+00:00,25.4,31.2,49.0,1017.2,0,31,1.2
1275,9840,2025-11-28 14:28:28.630000+00:00,25.4,31.2,49.0,1017.1,0,343,1.2
1275,9840,2025-11-28 14:29:28.642000+00:00,25.3,31.0,49.0,1017.2,0,326,1.3
1275,9840,2025-11-28 14:30:28.638000+00:00,25.3,31.0,49.0,1017.1,0,335,1.2
1275,9840,2025-11-28 14:31:28.654000+00:00,25.3,31.0,49.0,1017.1,0,289,1.6
1275,9840,2025-11-28 14:32:28.681000+00:00,25.3,31.0,49.0,1017.1,0,316,0.8
1275,9840,2025-11-28 14:33:28.709000+00:00,25.2,31.0,50.0,1017.3,0,358,1.0
1275,9840,2025-11-28 14:34:28.742000+00:00,25.2,30.9,50.0,1017.2,0,353,1.3
1275,9840,2025-11-28 14:35:28.656000+00:00,25.1,30.8,50.0,1017.2,0,350,1.4
1275,9840,2025-11-28 14:36:28.671000+00:00,25.1,30.8,50.0,1017.2,0,346,1.7
1275,9841,2025-11-28 17:17:29.277000+00:00,21.8,26.5,64.0,1017.7,0,9,1.2
1275,9841,2025-11-28 17:18:29.268000+00:00,21.8,26.5,64.0,1017.8,0,2,1.2
1275,9841,2025-11-28 17:19:29.283000+00:00,21.7,26.3,64.0,1017.7,0,333,1.5
1275,9841,2025-11-28 17:20:29.269000+00:00,21.7,26.2,64.0,1017.7,0,354,1.3
1275,9841,2025-11-28 17:21:29.282000+00:00,21.6,26.2,64.0,1017.7,0,16,1.2
1275,9841,2025-11-28 17:22:29.282000+00:00,21.6,26.3,64.0,1017.6,0,351,1.3
1275,9841,2025-11-28 17:23:29.278000+00:00,21.6,26.3,64.0,1017.7,0,359,1.2
1275,9841,2025-11-28 17:24:29.266000+00:00,21.6,26.3,64.0,1017.8,0,356,1.2
1275,9841,2025-11-28 17:25:29.279000+00:00,21.6,26.2,64.0,1017.8,0,332,1.1
1275,9841,2025-11-28 17:26:29.279000+00:00,21.6,26.1,64.0,1017.8,0,332,1.1
1275,9841,2025-11-28 17:27:29.274000+00:00,21.6,26.1,65.0,1017.7,0,341,1.0
1275,9841,2025-11-28 17:28:29.274000+00:00,21.6,26.1,65.0,1017.7,0,350,1.1
1275,9841,2025-11-28 17:29:29.311000+00:00,21.6,26.1,65.0,1017.7,0,325,1.2
1275,9841,2025-11-28 17:30:29.284000+00:00,21.6,26.3,65.0,1017.8,0,353,1.3
1275,9841,2025-11-28 17:31:29.283000+00:00,21.6,26.4,65.0,1017.8,0,13,1.3
1275,9841,2025-11-28 17:32:29.297000+00:00,21.6,26.2,65.0,1017.8,0,327,1.3
1275,9841,2025-11-28 17:33:29.288000+00:00,21.6,26.2,65.0,1017.6,0,338,0.9
1275,9841,2025-11-28 17:34:29.290000+00:00,21.6,26.2,66.0,1017.7,0,322,0.7
1275,9841,2025-11-28 17:35:29.287000+00:00,21.6,26.4,66.0,1017.7,0,21,0.9
1275,9841,2025-11-28 17:36:29.295000+00:00,21.6,26.4,66.0,1017.8,0,281,0.9
1275,9841,2025-11-28 17:37:29.286000+00:00,21.6,26.4,66.0,1017.8,0,34,0.6
1275,9841,2025-11-28 17:38:29.295000+00:00,21.6,26.4,66.0,1017.8,0,33,1.0
1275,9841,2025-11-28 17:39:29.295000+00:00,21.6,26.4,66.0,1017.8,0,3,0.4
1275,9841,2025-11-28 17:40:29.286000+00:00,21.6,26.1,66.0,1017.7,0,29,0.9
1275,9841,2025-11-28 17:41:29.302000+00:00,21.6,26.1,67.0,1017.6,0,28,0.5
1275,9841,2025-11-28 17:42:29.336000+00:00,21.6,26.1,67.0,1017.6,0,22,1.1
1275,9841,2025-11-28 17:43:29.286000+00:00,21.6,26.2,67.0,1017.7,0,177,0.9
1275,9841,2025-11-28 17:44:29.290000+00:00,21.6,26.4,67.0,1017.7,0,24,0.7
1275,9841,2025-11-28 17:45:29.290000+00:00,21.6,26.4,67.0,1017.6,0,274,0.8
1275,9841,2025-11-28 17:46:29.302000+00:00,21.6,26.2,67.0,1017.7,0,309,0.7
1275,9841,2025-11-28 17:47:29.299000+00:00,21.5,26.1,68.0,1017.6,0,341,0.4
1275,9841,2025-11-28 17:48:29.293000+00:00,21.6,25.8,68.0,1017.7,0,10,1.0
1275,9841,2025-11-28 17:49:29.293000+00:00,21.6,26.0,68.0,1017.6,0,11,1.0
1275,9841,2025-11-28 17:50:29.312000+00:00,21.6,26.1,68.0,1017.7,0,358,1.1
1275,9841,2025-11-28 17:51:29.318000+00:00,21.6,26.1,68.0,1017.5,0,350,1.1
1275,9841,2025-11-28 17:52:29.350000+00:00,21.6,26.1,69.0,1017.6,0,3,1.5
1275,9841,2025-11-28 17:53:29.345000+00:00,21.6,26.0,69.0,1017.6,0,0,1.4
1275,9841,2025-11-28 17:54:29.373000+00:00,21.5,26.1,69.0,1017.6,0,19,1.2
1275,9841,2025-11-28 17:55:29.389000+00:00,21.6,26.2,69.0,1017.5,0,0,1.2
1275,9841,2025-11-28 17:56:29.398000+00:00,21.6,26.3,69.0,1017.6,0,0,0.6
1275,9841,2025-11-28 17:57:29.402000+00:00,21.6,26.2,69.0,1017.6,0,290,0.5
1275,9841,2025-11-28 17:58:29.403000+00:00,21.5,26.3,69.0,1017.5,0,0,0.9
1275,9841,2025-11-28 17:59:29.401000+00:00,21.5,26.3,69.0,1017.6,0,22,0.8
1275,9841,2025-11-28 18:00:29.413000+00:00,21.5,26.3,69.0,1017.5,0,90,0.7
1275,9841,2025-11-28 18:01:29.405000+00:00,21.5,26.2,69.0,1017.6,0,0,0.6
1275,9841,2025-11-28 18:02:29.413000+00:00,21.5,26.1,70.0,1017.6,0,0,0.0
1275,9841,2025-11-28 18:03:29.403000+00:00,21.5,26.2,69.0,1017.6,0,14,0.8
1275,9841,2025-11-28 18:04:29.407000+00:00,21.5,26.2,69.0,1017.5,0,14,0.5
1275,9841,2025-11-28 18:05:29.407000+00:00,21.5,25.6,69.0,1017.5,0,15,1.0
1275,9841,2025-11-28 18:06:29.423000+00:00,21.5,25.5,70.0,1017.5,0,331,0.8
1275,9841,2025-11-28 18:07:29.411000+00:00,21.4,25.6,70.0,1017.6,0,22,0.8
1275,9841,2025-11-28 18:08:29.414000+00:00,21.4,25.7,70.0,1017.6,0,8,1.1
1275,9841,2025-11-28 18:09:29.430000+00:00,21.5,25.8,70.0,1017.6,0,356,0.9
1275,9841,2025-11-28 18:10:29.441000+00:00,21.5,25.8,70.0,1017.5,0,0,0.6
1275,9841,2025-11-28 18:11:29.455000+00:00,21.5,26.0,70.0,1017.6,0,11,1.2
1275,9841,2025-11-28 18:12:29.455000+00:00,21.5,26.0,70.0,1017.6,0,3,0.8
1275,9841,2025-11-28 18:13:29.455000+00:00,21.5,26.0,70.0,1017.6,0,4,0.6
1275,9841,2025-11-28 18:14:29.454000+00:00,21.5,25.5,70.0,1017.6,0,0,1.1
1275,9841,2025-11-28 18:15:29.470000+00:00,21.4,25.6,71.0,1017.6,0,320,0.7
1275,9841,2025-11-28 18:16:29.456000+00:00,21.5,25.6,71.0,1017.5,0,10,1.0
1275,9841,2025-11-28 18:17:29.450000+00:00,21.5,25.8,71.0,1017.6,0,6,1.0
1275,9841,2025-11-28 18:18:29.455000+00:00,21.5,25.6,71.0,1017.6,0,9,0.9
1275,9841,2025-11-28 18:19:29.465000+00:00,21.4,25.3,71.0,1017.5,0,11,1.2
1275,9845,2025-11-29 13:18:34.948000+00:00,26.0,32.6,47.0,1015.0,0,340,2.9
1275,9845,2025-11-29 13:19:34.949000+00:00,26.0,32.6,47.0,1015.1,0,353,3.0
1275,9845,2025-11-29 13:20:34.961000+00:00,25.9,32.6,47.0,1015.0,0,344,2.8
1275,9845,2025-11-29 13:21:34.958000+00:00,25.9,32.6,47.0,1015.0,0,338,2.7
1275,9845,2025-11-29 13:22:34.950000+00:00,25.9,32.6,47.0,1015.1,0,352,2.5
1275,9845,2025-11-29 13:23:35.042000+00:00,25.9,32.6,47.0,1015.1,0,352,2.5
1275,9845,2025-11-29 13:24:35.021000+00:00,25.9,32.6,47.0,1015.1,0,352,2.5
1275,9845,2025-11-29 13:25:35.037000+00:00,25.8,32.3,47.0,1015.0,0,335,2.6
1275,9845,2025-11-29 13:26:35.028000+00:00,25.8,32.3,47.0,1015.0,0,342,2.7
1275,9845,2025-11-29 13:27:35.041000+00:00,25.8,32.2,48.0,1015.0,0,351,3.0
1275,9845,2025-11-29 13:28:35.033000+00:00,25.8,32.4,48.0,1015.0,0,348,2.9
1275,9845,2025-11-29 13:29:35.038000+00:00,25.7,32.5,48.0,1015.1,0,342,3.0
1275,9845,2025-11-29 13:30:35.030000+00:00,25.7,32.5,48.0,1015.0,0,342,3.1
1275,9845,2025-11-29 13:31:35.038000+00:00,25.7,32.5,48.0,1015.1,0,334,3.2
1275,9845,2025-11-29 13:32:35.041000+00:00,25.7,32.3,48.0,1015.1,0,348,3.4
1275,9845,2025-11-29 13:33:35.043000+00:00,25.7,32.3,49.0,1015.1,0,352,2.5
1275,9845,2025-11-29 13:34:35.028000+00:00,25.6,32.2,48.0,1015.1,0,344,2.3
1275,9845,2025-11-29 13:35:35.032000+00:00,25.7,32.3,48.0,1015.1,0,345,2.1
1275,9845,2025-11-29 13:36:35.045000+00:00,25.6,32.3,48.0,1015.1,0,336,2.3
1275,9845,2025-11-29 13:37:35.044000+00:00,25.6,32.2,48.0,1015.1,0,347,2.7
1275,9845,2025-11-29 13:38:35.035000+00:00,25.6,32.1,48.0,1015.1,0,334,2.7
1275,9845,2025-11-29 13:39:35.047000+00:00,25.6,32.1,48.0,1015.2,0,336,2.4
1275,9845,2025-11-29 13:40:35.057000+00:00,25.6,32.1,48.0,1015.2,0,342,2.1
1275,9845,2025-11-29 13:41:35.048000+00:00,25.6,32.1,48.0,1015.2,0,341,2.6
1275,9845,2025-11-29 13:42:35.048000+00:00,25.5,31.9,48.0,1015.2,0,343,2.5
1275,9845,2025-11-29 13:43:35.052000+00:00,25.5,32.2,48.0,1015.2,0,0,2.3
1275,9845,2025-11-29 13:44:35.049000+00:00,25.5,32.2,48.0,1015.1,0,356,1.9
1275,9845,2025-11-29 13:45:35.040000+00:00,25.5,32.1,48.0,1015.2,0,332,2.7
1275,9845,2025-11-29 13:46:35.047000+00:00,25.4,31.9,48.0,1015.2,0,348,2.1
1275,9845,2025-11-29 13:47:35.067000+00:00,25.4,32.1,48.0,1015.2,0,343,2.4
1275,9845,2025-11-29 13:48:35.053000+00:00,25.4,31.8,48.0,1015.3,0,344,2.3
1275,9845,2025-11-29 13:49:35.059000+00:00,25.3,31.8,48.0,1015.2,0,333,2.8
1275,9845,2025-11-29 13:50:35.069000+00:00,25.3,31.8,49.0,1015.2,0,338,2.7
1275,9845,2025-11-29 13:51:35.085000+00:00,25.2,31.6,49.0,1015.3,0,342,2.4
1275,9845,2025-11-29 13:52:35.071000+00:00,25.2,31.5,49.0,1015.3,0,348,2.9
1275,9845,2025-11-29 13:53:35.054000+00:00,25.2,31.5,49.0,1015.3,0,346,2.5
1275,9845,2025-11-29 13:54:35.055000+00:00,25.2,31.4,49.0,1015.2,0,355,2.4
1275,9845,2025-11-29 13:55:35.069000+00:00,25.2,31.6,49.0,1015.4,0,347,2.7
1275,9845,2025-11-29 13:56:35.065000+00:00,25.1,31.7,49.0,1015.2,0,342,2.3
1275,9845,2025-11-29 13:57:35.059000+00:00,25.1,31.7,49.0,1015.4,0,350,2.5
1275,9845,2025-11-29 13:58:35.060000+00:00,25.1,31.4,49.0,1015.4,0,345,3.0
1275,9845,2025-11-29 13:59:35.065000+00:00,25.1,31.4,50.0,1015.4,0,347,2.4
1275,9845,2025-11-29 14:00:35.063000+00:00,25.1,31.4,50.0,1015.3,0,356,2.2
1275,9845,2025-11-29 14:01:35.054000+00:00,25.1,31.4,50.0,1015.4,0,344,2.7
1275,9845,2025-11-29 14:02:35.069000+00:00,25.0,31.3,50.0,1015.3,0,340,2.6
1275,9845,2025-11-29 14:03:35.070000+00:00,25.0,31.3,50.0,1015.4,0,346,2.8
1275,9845,2025-11-29 14:04:35.068000+00:00,25.0,31.2,50.0,1015.4,0,1,2.3
1275,9845,2025-11-29 14:05:35.095000+00:00,25.0,31.3,50.0,1015.4,0,348,2.5
1275,9845,2025-11-29 14:06:35.079000+00:00,25.0,31.4,50.0,1015.5,0,346,2.4
1275,9845,2025-11-29 14:07:35.057000+00:00,25.0,31.2,50.0,1015.4,0,331,1.5
1275,9845,2025-11-29 14:08:35.072000+00:00,25.0,31.0,50.0,1015.5,0,167,2.1
1275,9845,2025-11-29 14:09:35.065000+00:00,25.0,31.0,50.0,1015.4,0,349,1.7
1275,9845,2025-11-29 14:10:35.078000+00:00,25.0,31.1,50.0,1015.6,0,342,1.7
1275,9845,2025-11-29 14:11:35.066000+00:00,24.9,31.1,50.0,1015.6,0,356,1.8
1275,9845,2025-11-29 14:12:35.073000+00:00,24.9,30.9,50.0,1015.5,0,355,1.3
1275,9845,2025-11-29 14:13:35.290000+00:00,24.9,30.9,50.0,1015.5,0,323,1.5
1275,9845,2025-11-29 14:14:35.076000+00:00,24.8,30.9,51.0,1015.5,0,348,2.1
1275,9845,2025-11-29 14:15:35.081000+00:00,24.8,30.9,50.0,1015.6,0,357,0.9
1275,9845,2025-11-29 14:16:35.071000+00:00,24.8,31.0,50.0,1015.5,0,334,1.6
1275,9845,2025-11-29 14:17:35.085000+00:00,24.8,30.7,51.0,1015.5,0,339,1.6
1275,9845,2025-11-29 14:18:35.076000+00:00,24.8,30.7,50.0,1015.6,0,349,1.8
1275,9845,2025-11-29 14:19:35.077000+00:00,24.7,30.7,50.0,1015.6,0,19,1.7
1275,9845,2025-11-29 14:20:35.084000+00:00,24.7,30.7,50.0,1015.6,0,324,1.9
1275,9845,2025-11-29 14:21:35.083000+00:00,24.6,30.7,51.0,1015.6,0,127,1.8
1275,9845,2025-11-29 14:22:35.085000+00:00,24.6,30.7,50.0,1015.7,0,336,2.6
1275,9845,2025-11-29 14:23:35.090000+00:00,24.6,30.7,50.0,1015.7,0,336,2.6
1275,9845,2025-11-29 14:24:35.095000+00:00,24.6,30.7,50.0,1015.7,0,266,1.7
1275,9845,2025-11-29 14:25:35.085000+00:00,24.5,30.7,50.0,1015.7,0,2,1.3
1275,9845,2025-11-29 14:26:35.082000+00:00,24.5,30.8,50.0,1015.6,0,6,1.3
1275,9845,2025-11-29 14:27:35.108000+00:00,24.5,30.6,50.0,1015.7,0,10,1.0
1275,9845,2025-11-29 14:28:35.124000+00:00,24.5,30.6,50.0,1015.8,0,359,1.5
1275,9845,2025-11-29 14:29:35.124000+00:00,24.5,30.2,50.0,1015.7,0,352,1.5
1275,9845,2025-11-29 14:30:35.143000+00:00,24.5,30.2,51.0,1015.7,0,321,1.6
1275,9845,2025-11-29 14:31:35.127000+00:00,24.4,30.3,51.0,1015.8,0,20,2.1
1275,9845,2025-11-29 14:32:35.133000+00:00,24.4,30.3,51.0,1015.8,0,276,0.8
1275,9845,2025-11-29 14:33:35.159000+00:00,24.4,30.3,51.0,1015.7,0,317,0.9
1275,9846,2025-11-29 17:48:35.829000+00:00,21.0,26.3,74.0,1016.6,0,328,0.9
1275,9846,2025-11-29 17:49:35.829000+00:00,20.9,26.3,74.0,1016.7,0,18,1.0
1275,9846,2025-11-29 17:50:35.844000+00:00,20.9,26.2,74.0,1016.7,0,15,1.0
1275,9846,2025-11-29 17:51:35.829000+00:00,20.9,26.1,74.0,1016.6,0,16,1.2
1275,9846,2025-11-29 17:52:35.844000+00:00,20.9,26.1,74.0,1016.6,0,353,0.9
1275,9846,2025-11-29 17:53:35.864000+00:00,20.8,26.1,75.0,1016.7,0,9,0.9
1275,9846,2025-11-29 17:54:35.886000+00:00,20.9,26.2,75.0,1016.6,0,18,1.1
1275,9846,2025-11-29 17:55:35.876000+00:00,20.9,26.2,75.0,1016.7,0,353,1.2
1275,9846,2025-11-29 17:56:35.910000+00:00,20.8,26.2,75.0,1016.6,0,7,1.0
1275,9846,2025-11-29 17:57:35.906000+00:00,20.8,26.1,75.0,1016.6,0,48,1.1
1275,9846,2025-11-29 17:58:35.906000+00:00,20.8,26.1,75.0,1016.7,0,351,0.9
1275,9846,2025-11-29 17:59:35.918000+00:00,20.7,25.6,75.0,1016.7,0,19,0.7
1275,9846,2025-11-29 18:00:35.924000+00:00,20.7,25.6,75.0,1016.6,0,325,0.9
1275,9846,2025-11-29 18:01:35.940000+00:00,20.6,25.6,75.0,1016.7,0,345,1.2
1275,9846,2025-11-29 18:02:35.915000+00:00,20.6,25.7,75.0,1016.5,0,27,1.3
1275,9846,2025-11-29 18:03:35.925000+00:00,20.6,25.7,75.0,1016.6,0,20,1.0
1275,9846,2025-11-29 18:04:35.913000+00:00,20.6,25.8,75.0,1016.6,0,2,1.1
1275,9846,2025-11-29 18:05:35.922000+00:00,20.7,25.9,75.0,1016.6,0,23,0.9
1275,9846,2025-11-29 18:06:35.920000+00:00,20.7,26.0,75.0,1016.5,0,25,0.9
1275,9846,2025-11-29 18:07:35.938000+00:00,20.7,26.1,75.0,1016.6,0,14,0.6
1275,9846,2025-11-29 18:08:35.923000+00:00,20.7,26.2,75.0,1016.6,0,206,0.7
1275,9846,2025-11-29 18:09:35.923000+00:00,20.8,26.2,74.0,1016.6,0,324,0.5
1275,9846,2025-11-29 18:10:35.919000+00:00,20.7,26.1,74.0,1016.6,0,285,0.6
1275,9846,2025-11-29 18:11:35.920000+00:00,20.7,25.7,74.0,1016.6,0,276,0.7
1275,9846,2025-11-29 18:12:35.920000+00:00,20.7,25.7,74.0,1016.6,0,276,0.7
1275,9846,2025-11-29 18:13:35.940000+00:00,20.7,25.7,74.0,1016.6,0,276,0.7
1275,9846,2025-11-29 18:14:35.925000+00:00,20.7,26.0,74.0,1016.6,0,232,0.5
1275,9846,2025-11-29 18:15:35.933000+00:00,20.8,26.0,74.0,1016.6,0,27,0.8
1275,9846,2025-11-29 18:16:35.933000+00:00,20.7,26.0,74.0,1016.6,0,24,0.7
1275,9846,2025-11-29 18:17:35.934000+00:00,20.7,26.1,74.0,1016.6,0,196,0.7
1275,9846,2025-11-29 18:18:35.932000+00:00,20.7,25.9,74.0,1016.7,0,330,1.1
1275,9846,2025-11-29 18:19:35.932000+00:00,20.7,25.7,74.0,1016.6,0,232,0.5
1275,9846,2025-11-29 18:20:35.940000+00:00,20.7,25.7,74.0,1016.6,0,0,0.8
1275,9846,2025-11-29 18:21:35.947000+00:00,20.7,25.7,74.0,1016.7,0,0,0.0
1275,9846,2025-11-29 18:22:35.927000+00:00,20.7,25.7,74.0,1016.6,0,336,0.5
1275,9846,2025-11-29 18:23:35.942000+00:00,20.6,25.6,74.0,1016.6,0,344,0.6
1275,9846,2025-11-29 18:24:35.948000+00:00,20.6,25.3,74.0,1016.6,0,304,0.8
1275,9846,2025-11-29 18:25:35.943000+00:00,20.6,25.3,75.0,1016.6,0,354,0.9
1275,9846,2025-11-29 18:26:35.936000+00:00,20.5,25.3,75.0,1016.6,0,327,0.6
1275,9846,2025-11-29 18:27:35.937000+00:00,20.5,25.3,75.0,1016.5,0,322,0.7
1275,9846,2025-11-29 18:28:35.943000+00:00,20.5,25.3,75.0,1016.5,0,328,0.7
1275,9846,2025-11-29 18:29:35.943000+00:00,20.5,25.4,75.0,1016.4,0,329,0.7
1275,9846,2025-11-29 18:30:35.943000+00:00,20.5,25.6,75.0,1016.6,0,216,0.7
1275,9846,2025-11-29 18:31:35.959000+00:00,20.5,25.8,75.0,1016.5,0,349,0.3
1275,9846,2025-11-29 18:32:35.938000+00:00,20.5,25.8,75.0,1016.6,0,341,0.8
1275,9846,2025-11-29 18:33:35.976000+00:00,20.5,25.8,75.0,1016.5,0,298,0.6
1275,9846,2025-11-29 18:34:35.984000+00:00,20.5,25.7,75.0,1016.6,0,0,0.7
1275,9846,2025-11-29 18:35:35.953000+00:00,20.5,25.8,74.0,1016.6,0,0,0.0
1275,9846,2025-11-29 18:36:35.932000+00:00,20.5,25.6,74.0,1016.6,0,189,0.6
1275,9846,2025-11-29 18:37:35.951000+00:00,20.5,25.8,74.0,1016.6,0,243,0.8
1275,9846,2025-11-29 18:38:35.942000+00:00,20.5,25.8,74.0,1016.6,0,330,0.4
1275,9846,2025-11-29 18:39:35.949000+00:00,20.4,25.6,74.0,1016.5,0,333,1.0
1275,9846,2025-11-29 18:40:35.951000+00:00,20.4,25.3,74.0,1016.5,0,319,1.0
1275,9846,2025-11-29 18:41:35.942000+00:00,20.4,25.3,74.0,1016.5,0,332,1.0
1275,9846,2025-11-29 18:42:35.962000+00:00,20.4,25.3,74.0,1016.5,0,356,0.8
1275,9846,2025-11-29 18:43:35.951000+00:00,20.4,25.5,74.0,1016.5,0,329,0.6
1275,9846,2025-11-29 18:44:36.023000+00:00,20.4,25.5,74.0,1016.5,0,0,0.6
1275,9846,2025-11-29 18:45:35.950000+00:00,20.4,25.3,74.0,1016.4,0,301,0.5
1275,9846,2025-11-29 18:46:35.959000+00:00,20.4,24.9,74.0,1016.5,0,0,0.4
1275,9846,2025-11-29 18:47:35.965000+00:00,20.3,24.9,75.0,1016.5,0,34,0.6
1275,9846,2025-11-29 18:48:35.962000+00:00,20.3,25.2,75.0,1016.4,0,356,0.9
1275,9846,2025-11-29 18:49:35.954000+00:00,20.3,25.0,75.0,1016.5,0,4,0.8
1275,9846,2025-11-29 18:50:35.970000+00:00,20.3,24.8,75.0,1016.4,0,0,0.7
1275,9846,2025-11-29 18:51:36.001000+00:00,20.3,24.8,75.0,1016.5,0,0,0.6
1275,9846,2025-11-29 18:52:36.001000+00:00,20.3,24.9,75.0,1016.5,0,1,0.4
1275,9846,2025-11-29 18:53:36.023000+00:00,20.3,24.9,76.0,1016.5,0,14,1.2
1275,9846,2025-11-29 18:54:36.038000+00:00,20.2,24.9,75.0,1016.5,0,336,1.0
1275,9846,2025-11-29 18:55:36.023000+00:00,20.3,25.0,76.0,1016.6,0,15,0.9
1275,9846,2025-11-29 18:56:36.024000+00:00,20.3,25.0,75.0,1016.5,0,298,0.9
1275,9846,2025-11-29 18:57:36.042000+00:00,20.3,25.0,75.0,1016.5,0,0,0.0
1275,9846,2025-11-29 18:58:36.054000+00:00,20.3,24.9,75.0,1016.5,0,1,0.6
1275,9846,2025-11-29 18:59:36.085000+00:00,20.2,24.9,75.0,1016.5,0,354,1.3
1275,9846,2025-11-29 19:00:36.072000+00:00,20.2,24.7,75.0,1016.5,0,4,1.1
1275,9846,2025-11-29 19:01:36.078000+00:00,20.2,24.7,76.0,1016.5,0,26,0.9
1275,9846,2025-11-29 19:02:36.079000+00:00,20.2,24.6,75.0,1016.5,0,10,0.8
1275,9846,2025-11-29 19:03:36.082000+00:00,20.2,24.7,76.0,1016.5,0,2,1.0
1275,9846,2025-11-29 19:04:36.113000+00:00,20.1,24.7,76.0,1016.5,0,334,0.5
1275,9846,2025-11-29 19:05:36.139000+00:00,20.1,25.0,75.0,1016.6,0,18,1.0
1275,9846,2025-11-29 19:06:36.108000+00:00,20.1,25.0,75.0,1016.6,0,20,0.8
1275,9846,2025-11-29 19:07:36.103000+00:00,20.2,24.9,75.0,1016.4,0,38,0.6
1275,9846,2025-11-29 19:08:36.103000+00:00,20.2,24.9,75.0,1016.6,0,316,0.3
1275,9846,2025-11-29 19:09:36.104000+00:00,20.1,24.7,75.0,1016.5,0,353,0.3
1275,9846,2025-11-29 19:10:36.114000+00:00,20.1,24.7,75.0,1016.5,0,0,0.7
1275,9846,2025-11-29 19:11:36.104000+00:00,20.1,24.8,75.0,1016.5,0,12,0.8
1275,9846,2025-11-29 19:12:36.127000+00:00,20.1,24.8,75.0,1016.5,0,12,0.8
1275,9846,2025-11-29 19:13:36.127000+00:00,20.1,24.8,75.0,1016.5,0,13,0.8
1275,9850,2025-11-30 15:05:41.032000+00:00,23.7,29.8,65.0,1015.6,0,356,2.6
1275,9850,2025-11-30 15:06:41.034000+00:00,23.6,29.8,65.0,1015.6,0,348,2.1
1275,9850,2025-11-30 15:07:41.047000+00:00,23.6,29.6,65.0,1015.6,0,335,2.2
1275,9850,2025-11-30 15:08:41.060000+00:00,23.6,29.6,66.0,1015.6,0,359,2.5
1275,9850,2025-11-30 15:09:41.070000+00:00,23.6,29.5,65.0,1015.6,0,353,2.6
1275,9850,2025-11-30 15:10:41.079000+00:00,23.6,29.5,66.0,1015.6,0,343,1.8
1275,9850,2025-11-30 15:11:41.083000+00:00,23.5,29.4,66.0,1015.5,0,358,2.3
1275,9850,2025-11-30 15:12:41.098000+00:00,23.5,29.4,66.0,1015.6,0,344,2.4
1275,9850,2025-11-30 15:13:41.098000+00:00,23.5,29.4,66.0,1015.7,0,343,2.3
1275,9850,2025-11-30 15:14:41.118000+00:00,23.5,29.4,66.0,1015.6,0,8,1.9
1275,9850,2025-11-30 15:15:41.107000+00:00,23.5,29.7,66.0,1015.7,0,351,2.1
1275,9850,2025-11-30 15:16:41.121000+00:00,23.5,29.6,66.0,1015.6,0,356,2.0
1275,9850,2025-11-30 15:17:41.112000+00:00,23.5,29.4,66.0,1015.7,0,344,2.7
1275,9850,2025-11-30 15:18:41.127000+00:00,23.4,29.6,66.0,1015.8,0,4,2.1
1275,9850,2025-11-30 15:19:41.122000+00:00,23.4,29.6,66.0,1015.7,0,355,2.3
1275,9850,2025-11-30 15:20:41.124000+00:00,23.4,29.5,66.0,1015.8,0,351,2.4
1275,9850,2025-11-30 15:21:41.123000+00:00,23.4,29.3,66.0,1015.7,0,341,2.3
1275,9850,2025-11-30 15:22:41.122000+00:00,23.4,29.3,66.0,1015.8,0,343,1.9
1275,9850,2025-11-30 15:23:41.123000+00:00,23.3,29.4,66.0,1015.8,0,359,1.4
1275,9850,2025-11-30 15:24:41.122000+00:00,23.4,29.4,66.0,1015.8,0,359,1.4
1275,9850,2025-11-30 15:25:41.122000+00:00,23.4,29.4,66.0,1015.8,0,359,1.4
1275,9850,2025-11-30 15:26:41.136000+00:00,23.4,29.6,65.0,1015.8,0,340,1.6
1275,9850,2025-11-30 15:27:41.127000+00:00,23.4,29.8,65.0,1015.8,0,16,1.6
1275,9850,2025-11-30 15:28:41.120000+00:00,23.4,29.7,65.0,1015.9,0,343,1.9
1275,9850,2025-11-30 15:29:41.130000+00:00,23.4,29.6,65.0,1015.9,0,325,1.4
1275,9850,2025-11-30 15:30:41.124000+00:00,23.3,29.6,65.0,1016.0,0,327,1.6
1275,9850,2025-11-30 15:31:41.124000+00:00,23.3,29.7,65.0,1015.8,0,334,1.4
1275,9850,2025-11-30 15:32:41.125000+00:00,23.3,29.8,65.0,1015.9,0,334,1.6
1275,9850,2025-11-30 15:33:41.138000+00:00,23.3,29.5,65.0,1016.0,0,353,2.2
1275,9850,2025-11-30 15:34:41.138000+00:00,23.3,29.5,65.0,1016.0,0,353,2.2
1275,9850,2025-11-30 15:35:41.138000+00:00,23.2,29.3,66.0,1016.0,0,331,1.4
1275,9850,2025-11-30 15:36:41.141000+00:00,23.2,29.2,66.0,1016.0,0,334,1.1
1275,9850,2025-11-30 15:37:41.160000+00:00,23.2,29.1,66.0,1016.0,0,358,1.2
1275,9850,2025-11-30 15:38:41.159000+00:00,23.1,28.9,66.0,1016.0,0,353,2.2
1275,9850,2025-11-30 15:39:41.151000+00:00,23.1,28.7,66.0,1016.1,0,351,1.4
1275,9850,2025-11-30 15:40:41.184000+00:00,23.1,28.9,66.0,1016.1,0,345,1.7
1275,9850,2025-11-30 15:41:41.174000+00:00,23.1,28.9,66.0,1016.0,0,338,1.5
1275,9850,2025-11-30 15:42:41.190000+00:00,23.0,28.9,67.0,1016.0,0,4,2.0
1275,9850,2025-11-30 15:43:41.195000+00:00,23.0,28.6,67.0,1016.1,0,9,1.9
1275,9850,2025-11-30 15:44:41.181000+00:00,23.0,28.6,67.0,1016.1,0,359,1.9
1275,9850,2025-11-30 15:45:41.209000+00:00,23.0,28.6,67.0,1016.1,0,335,1.8
1275,9850,2025-11-30 15:46:41.218000+00:00,23.0,28.6,67.0,1016.1,0,336,1.8
1275,9850,2025-11-30 15:47:41.205000+00:00,23.0,28.7,67.0,1016.1,0,9,1.8
1275,9850,2025-11-30 15:48:41.207000+00:00,22.9,28.7,67.0,1016.0,0,348,1.9
1275,9850,2025-11-30 15:49:41.232000+00:00,22.9,29.1,67.0,1016.0,0,348,2.0
1275,9850,2025-11-30 15:50:41.247000+00:00,22.9,28.5,67.0,1016.1,0,359,1.6
1275,9850,2025-11-30 15:51:41.258000+00:00,22.9,28.5,67.0,1016.0,0,355,1.5
1275,9850,2025-11-30 15:52:41.252000+00:00,22.9,28.5,67.0,1016.0,0,344,1.8
1275,9850,2025-11-30 15:53:41.238000+00:00,22.9,28.5,68.0,1016.2,0,351,1.5
1275,9850,2025-11-30 15:54:41.245000+00:00,22.8,28.4,68.0,1016.1,0,352,1.6
1275,9850,2025-11-30 15:55:41.244000+00:00,22.8,28.5,67.0,1016.1,0,347,1.7
1275,9850,2025-11-30 15:56:41.306000+00:00,22.8,28.7,68.0,1016.1,0,4,1.3
1275,9850,2025-11-30 15:57:41.326000+00:00,22.8,28.5,67.0,1016.0,0,353,1.3
1275,9850,2025-11-30 15:58:41.327000+00:00,22.8,28.6,68.0,1016.1,0,337,1.2
1275,9850,2025-11-30 15:59:41.327000+00:00,22.7,28.6,68.0,1016.1,0,354,1.3
1275,9850,2025-11-30 16:00:41.344000+00:00,22.7,28.6,68.0,1016.0,0,337,1.0
1275,9850,2025-11-30 16:01:41.359000+00:00,22.7,28.3,68.0,1016.1,0,342,1.8
1275,9850,2025-11-30 16:02:41.374000+00:00,22.7,28.3,68.0,1016.1,0,343,1.3
1275,9850,2025-11-30 16:03:41.407000+00:00,22.7,28.5,68.0,1016.0,0,345,1.3
1275,9850,2025-11-30 16:04:41.407000+00:00,22.6,28.6,68.0,1016.1,0,348,1.6
1275,9850,2025-11-30 16:05:41.417000+00:00,22.6,28.5,69.0,1016.1,0,343,1.6
1275,9850,2025-11-30 16:06:41.408000+00:00,22.7,28.4,69.0,1016.1,0,332,1.4
1275,9850,2025-11-30 16:07:41.414000+00:00,22.7,28.3,69.0,1016.2,0,342,1.3
1275,9850,2025-11-30 16:08:41.430000+00:00,22.7,28.1,69.0,1016.2,0,155,1.4
1275,9850,2025-11-30 16:09:41.430000+00:00,22.7,28.3,69.0,1016.1,0,331,1.5
1275,9850,2025-11-30 16:10:41.432000+00:00,22.7,28.4,69.0,1016.1,0,329,1.2
1275,9850,2025-11-30 16:11:41.436000+00:00,22.7,28.5,68.0,1016.1,0,202,0.6
1275,9850,2025-11-30 16:12:41.434000+00:00,22.7,28.4,68.0,1016.2,0,11,0.6
1275,9850,2025-11-30 16:13:41.438000+00:00,22.7,28.4,68.0,1016.2,0,301,0.6
1275,9850,2025-11-30 16:14:41.453000+00:00,22.7,28.4,68.0,1016.1,0,276,1.2
1275,9850,2025-11-30 16:15:41.465000+00:00,22.7,28.4,68.0,1016.1,0,0,0.0
1275,9850,2025-11-30 16:16:41.474000+00:00,22.7,28.3,68.0,1016.2,0,352,0.0
1275,9850,2025-11-30 16:17:41.473000+00:00,22.6,28.2,68.0,1016.2,0,331,0.3
1275,9850,2025-11-30 16:18:41.473000+00:00,22.6,28.1,68.0,1016.1,0,113,0.9
1275,9850,2025-11-30 16:19:41.473000+00:00,22.6,28.2,68.0,1016.2,0,9,0.8
1275,9850,2025-11-30 16:20:41.476000+00:00,22.6,28.2,68.0,1016.2,0,359,0.7
1275,9850,2025-11-30 16:21:41.499000+00:00,22.5,28.0,69.0,1016.1,0,327,0.8
1275,9850,2025-11-30 16:22:41.505000+00:00,22.5,27.9,69.0,1016.1,0,348,0.9
1275,9850,2025-11-30 16:23:41.514000+00:00,22.5,28.0,69.0,1016.2,0,7,1.5
1275,9850,2025-11-30 16:24:41.531000+00:00,22.5,28.0,69.0,1016.1,0,211,1.0
1275,9850,2025-11-30 16:25:41.550000+00:00,22.5,28.0,69.0,1016.1,0,306,1.1
1275,9850,2025-11-30 16:26:41.562000+00:00,22.5,27.9,69.0,1016.0,0,0,1.3
1275,9850,2025-11-30 16:27:41.564000+00:00,22.5,28.0,69.0,1016.1,0,242,0.3
1275,9850,2025-11-30 16:28:41.564000+00:00,22.5,28.0,69.0,1016.1,0,31,1.3
1275,9850,2025-11-30 16:29:41.564000+00:00,22.5,28.1,69.0,1016.1,0,79,1.6
1275,9850,2025-11-30 16:30:41.562000+00:00,22.5,27.8,69.0,1016.2,0,331,0.6
1275,9850,2025-11-30 16:31:41.553000+00:00,22.5,27.7,70.0,1016.2,0,358,0.6
1275,9850,2025-11-30 16:32:41.562000+00:00,22.4,27.9,70.0,1016.2,0,0,1.1
1275,9850,2025-11-30 16:33:41.554000+00:00,22.5,28.0,70.0,1016.3,0,25,0.6
1275,9850,2025-11-30 16:34:41.555000+00:00,22.5,27.9,69.0,1016.2,0,29,0.8
1275,9850,2025-11-30 16:35:41.573000+00:00,22.5,27.9,70.0,1016.3,0,342,1.1
1275,9850,2025-11-30 16:36:41.617000+00:00,22.5,27.8,70.0,1016.2,0,8,1.4
1275,9850,2025-11-30 16:37:41.555000+00:00,22.5,27.8,70.0,1016.2,0,25,1.5
1275,9850,2025-11-30 16:38:41.571000+00:00,22.4,27.8,71.0,1016.2,0,0,0.5
1275,9850,2025-11-30 16:39:41.570000+00:00,22.4,27.8,71.0,1016.2,0,305,0.6
1275,9850,2025-11-30 16:40:41.565000+00:00,22.4,27.7,71.0,1016.3,0,0,1.2
1275,9850,2025-11-30 16:41:41.568000+00:00,22.3,27.7,71.0,1016.2,0,354,1.0
1275,9850,2025-11-30 16:42:41.584000+00:00,22.3,27.6,71.0,1016.2,0,43,0.9
1275,9850,2025-11-30 16:43:41.569000+00:00,22.3,27.6,71.0,1016.2,0,318,1.1
1275,9850,2025-11-30 16:44:41.585000+00:00,22.3,27.6,71.0,1016.2,0,214,1.2
1275,9850,2025-11-30 16:45:41.576000+00:00,22.2,27.6,71.0,1016.2,0,177,1.0
1275,9850,2025-11-30 16:46:41.570000+00:00,22.2,27.6,71.0,1016.2,0,5,0.6
1275,9850,2025-11-30 16:47:41.582000+00:00,22.2,27.7,71.0,1016.3,0,113,1.2
1275,9850,2025-11-30 16:48:41.588000+00:00,22.2,27.6,71.0,1016.2,0,157,0.8
1275,9850,2025-11-30 16:49:41.572000+00:00,22.2,27.6,71.0,1016.2,0,0,0.8
1275,9850,2025-11-30 16:50:41.588000+00:00,22.2,27.7,71.0,1016.2,0,236,0.5
1275,9850,2025-11-30 16:51:41.588000+00:00,22.3,27.9,71.0,1016.2,0,230,0.6
1275,9850,2025-11-30 16:52:41.589000+00:00,22.2,27.8,71.0,1016.1,0,45,1.1
1275,9850,2025-11-30 16:53:41.580000+00:00,22.2,27.4,71.0,1016.2,0,38,0.8
1275,9850,2025-11-30 16:54:41.581000+00:00,22.2,27.4,71.0,1016.2,0,182,0.6
1275,9850,2025-11-30 16:55:41.578000+00:00,22.2,27.4,71.0,1016.2,0,342,0.3
1275,9850,2025-11-30 16:56:41.594000+00:00,22.2,27.4,71.0,1016.2,0,132,0.6
1275,9850,2025-11-30 16:57:41.580000+00:00,22.1,27.6,71.0,1016.3,0,272,0.3
1275,9850,2025-11-30 16:58:41.590000+00:00,22.1,27.8,71.0,1016.2,0,205,0.4
1275,9850,2025-11-30 16:59:41.612000+00:00,22.1,27.8,71.0,1016.3,0,246,0.6
1275,9850,2025-11-30 17:00:41.610000+00:00,22.1,27.6,71.0,1016.2,0,308,0.7
1275,9850,2025-11-30 17:01:41.602000+00:00,22.1,27.4,71.0,1016.2,0,11,0.9
1275,9850,2025-11-30 17:02:41.634000+00:00,22.1,27.4,71.0,1016.3,0,0,0.7
1275,9850,2025-11-30 17:03:41.622000+00:00,22.1,27.4,72.0,1016.2,0,39,0.5
1275,9850,2025-11-30 17:04:41.637000+00:00,22.0,27.3,72.0,1016.2,0,176,0.7
1275,9850,2025-11-30 17:05:41.642000+00:00,22.0,27.3,72.0,1016.2,0,35,1.0
1275,9850,2025-11-30 17:06:41.639000+00:00,22.0,27.3,72.0,1016.3,0,339,1.1
1275,9850,2025-11-30 17:07:41.658000+00:00,22.0,27.1,72.0,1016.3,0,63,0.7
1275,9850,2025-11-30 17:08:41.638000+00:00,22.0,27.4,72.0,1016.2,0,21,0.0
1275,9850,2025-11-30 17:09:41.651000+00:00,22.0,27.4,72.0,1016.3,0,346,1.7
1275,9850,2025-11-30 17:10:41.654000+00:00,22.0,27.3,72.0,1016.3,0,23,1.0
1275,9850,2025-11-30 17:11:41.654000+00:00,21.9,27.3,72.0,1016.3,0,18,1.4
1275,9850,2025-11-30 17:12:41.657000+00:00,21.9,27.2,73.0,1016.3,0,15,1.3
1275,9850,2025-11-30 17:13:41.656000+00:00,21.9,27.1,73.0,1016.2,0,8,1.3
1275,9850,2025-11-30 17:14:41.672000+00:00,21.9,27.2,73.0,1016.3,0,20,1.1
1275,9850,2025-11-30 17:15:41.703000+00:00,21.9,27.1,73.0,1016.4,0,269,0.6
1275,9850,2025-11-30 17:16:41.701000+00:00,21.9,27.1,73.0,1016.3,0,10,0.6
1275,9850,2025-11-30 17:17:41.693000+00:00,21.8,27.0,73.0,1016.4,0,45,0.8
1275,9850,2025-11-30 17:18:41.709000+00:00,21.8,27.1,73.0,1016.4,0,304,1.3
1275,9850,2025-11-30 17:19:41.740000+00:00,21.8,27.0,73.0,1016.4,0,327,0.6
1275,9850,2025-11-30 17:20:41.726000+00:00,21.7,27.0,73.0,1016.3,0,240,0.9
1275,9850,2025-11-30 17:21:41.731000+00:00,21.7,27.1,73.0,1016.3,0,3,1.2
1275,9850,2025-11-30 17:22:41.728000+00:00,21.7,27.1,73.0,1016.4,0,290,0.7
1275,9850,2025-11-30 17:23:41.728000+00:00,21.7,27.0,73.0,1016.4,0,20,0.8
1275,9850,2025-11-30 17:24:41.742000+00:00,21.7,26.8,73.0,1016.3,0,1,1.1
1275,9850,2025-11-30 17:25:41.743000+00:00,21.6,26.9,74.0,1016.3,0,0,0.9
1275,9850,2025-11-30 17:26:41.743000+00:00,21.6,26.9,73.0,1016.3,0,325,0.9
1275,9850,2025-11-30 17:27:41.748000+00:00,21.6,26.9,73.0,1016.4,0,8,1.1
1275,9850,2025-11-30 17:28:41.733000+00:00,21.6,26.5,73.0,1016.4,0,37,1.4
1275,9850,2025-11-30 17:29:41.743000+00:00,21.6,25.2,74.0,1016.3,0,92,0.7
1275,9850,2025-11-30 17:30:41.746000+00:00,21.6,25.2,74.0,1016.3,0,92,0.7
1275,9850,2025-11-30 17:31:41.748000+00:00,21.6,25.2,74.0,1016.3,0,92,0.7
1275,9850,2025-11-30 17:32:41.743000+00:00,21.6,25.2,74.0,1016.3,0,92,0.7
1275,9850,2025-11-30 17:33:41.744000+00:00,21.6,25.2,74.0,1016.3,0,92,0.7
1276,9832,2025-12-05 09:15:55.203000+00:00,27.1,34.4,48.0,1017.1,0,122,1.0
1276,9832,2025-12-05 09:16:55.209000+00:00,27.1,34.4,48.0,1017.1,0,261,0.7
1276,9832,2025-12-05 09:17:55.221000+00:00,27.1,33.9,46.0,1017.1,0,188,0.6
1276,9832,2025-12-05 09:18:55.203000+00:00,27.1,33.9,46.0,1017.0,0,135,1.1
1276,9832,2025-12-05 09:19:55.904000+00:00,27.2,34.1,46.0,1017.1,0,128,2.0
1276,9832,2025-12-05 09:20:55.218000+00:00,27.3,34.4,47.0,1017.1,0,136,2.0
1276,9832,2025-12-05 09:21:55.204000+00:00,27.3,34.6,46.0,1017.0,0,113,1.9
1276,9832,2025-12-05 09:22:55.211000+00:00,27.3,34.5,45.0,1017.1,0,111,1.2
1276,9832,2025-12-05 09:23:55.217000+00:00,27.3,34.6,45.0,1017.1,0,120,1.4
1276,9832,2025-12-05 09:24:55.217000+00:00,27.4,34.9,44.0,1017.1,0,116,1.7
1276,9832,2025-12-05 09:25:55.211000+00:00,27.4,34.9,45.0,1017.2,0,159,1.1
1276,9832,2025-12-05 09:27:02.723000+00:00,27.5,35.0,44.0,1017.1,0,209,1.1
1276,9832,2025-12-05 09:27:55.209000+00:00,27.6,35.0,44.0,1017.1,0,226,1.3
1276,9832,2025-12-05 09:28:55.219000+00:00,27.6,35.0,44.0,1017.0,0,148,1.4
1276,9832,2025-12-05 09:29:55.217000+00:00,27.7,35.0,44.0,1017.0,0,170,1.2
1276,9832,2025-12-05 09:30:55.842000+00:00,27.7,35.0,44.0,1017.0,0,135,1.1
1276,9832,2025-12-05 09:31:55.208000+00:00,27.7,34.9,45.0,1017.1,0,222,1.5
1276,9832,2025-12-05 09:32:56.561000+00:00,27.9,34.7,45.0,1017.1,0,239,1.2
1276,9832,2025-12-05 09:33:55.661000+00:00,27.9,34.0,46.0,1017.2,0,231,1.1
1276,9832,2025-12-05 09:34:55.759000+00:00,27.9,34.0,45.0,1017.2,0,239,1.1
1276,9832,2025-12-05 09:35:55.853000+00:00,27.9,33.9,45.0,1017.2,0,246,1.2
1276,9832,2025-12-05 09:36:55.225000+00:00,27.9,34.0,45.0,1017.2,0,248,1.4
1276,9832,2025-12-05 09:37:55.229000+00:00,27.9,33.8,44.0,1017.2,0,260,2.2
1276,9832,2025-12-05 09:38:55.689000+00:00,27.9,33.5,45.0,1017.2,0,290,1.1
1276,9832,2025-12-05 09:39:55.223000+00:00,27.8,33.5,45.0,1017.0,0,260,0.8
1276,9832,2025-12-05 09:40:55.951000+00:00,27.8,33.7,44.0,1017.1,0,241,1.4
1276,9832,2025-12-05 09:41:55.227000+00:00,27.7,33.4,45.0,1017.0,0,271,1.0
1276,9832,2025-12-05 09:42:55.223000+00:00,27.7,33.1,46.0,1016.9,0,266,1.2
1276,9832,2025-12-05 09:43:55.230000+00:00,27.8,33.3,45.0,1017.0,0,244,1.6
1276,9832,2025-12-05 09:44:55.876000+00:00,27.7,33.5,44.0,1016.8,0,291,1.7
1276,9832,2025-12-05 09:45:55.963000+00:00,27.8,33.5,44.0,1016.8,0,258,1.9
1276,9832,2025-12-05 09:46:55.551000+00:00,27.9,33.4,44.0,1016.9,0,240,1.0
1276,9832,2025-12-05 09:47:55.641000+00:00,27.9,33.3,44.0,1017.0,0,240,0.8
1276,9832,2025-12-05 09:48:55.720000+00:00,27.9,33.4,44.0,1016.9,0,235,1.6
1276,9832,2025-12-05 09:49:55.287000+00:00,27.9,33.3,44.0,1016.9,0,291,1.2
1276,9832,2025-12-05 09:50:55.314000+00:00,27.9,33.2,45.0,1016.7,0,296,1.1
1276,9832,2025-12-05 09:51:55.930000+00:00,27.8,33.3,45.0,1016.8,0,318,1.5
1276,9832,2025-12-05 09:52:55.339000+00:00,27.7,33.2,44.0,1016.8,0,88,1.0
1276,9832,2025-12-05 09:53:55.593000+00:00,27.7,33.2,44.0,1016.7,0,313,1.0
1276,9832,2025-12-05 09:54:55.672000+00:00,27.6,32.9,44.0,1016.8,0,269,1.0
1276,9832,2025-12-05 09:55:55.360000+00:00,27.6,32.9,45.0,1016.8,0,248,0.7
1276,9832,2025-12-05 09:56:55.369000+00:00,27.6,32.9,46.0,1016.8,0,297,1.5
1276,9832,2025-12-05 09:57:55.377000+00:00,27.7,32.9,46.0,1016.8,0,277,0.6
1276,9832,2025-12-05 09:58:55.545000+00:00,27.8,32.8,47.0,1016.8,0,238,1.3
1276,9832,2025-12-05 09:59:55.669000+00:00,27.7,32.8,48.0,1016.9,0,280,1.6
1276,9832,2025-12-05 10:00:55.376000+00:00,27.8,32.8,49.0,1016.9,0,286,1.8
1276,9832,2025-12-05 10:01:55.372000+00:00,27.7,32.9,50.0,1016.9,0,304,2.2
1276,9832,2025-12-05 10:02:55.364000+00:00,27.7,32.8,50.0,1016.9,0,260,1.1
1276,9832,2025-12-05 10:03:55.507000+00:00,27.5,32.9,48.0,1016.8,0,252,1.2
1276,9832,2025-12-05 10:04:56.093000+00:00,27.5,33.1,47.0,1016.9,0,320,0.9
1276,9832,2025-12-05 10:05:55.408000+00:00,27.6,33.4,47.0,1016.8,0,278,1.0
1276,9832,2025-12-05 10:06:55.411000+00:00,27.8,34.0,49.0,1016.8,0,297,1.4
1276,9832,2025-12-05 10:07:55.421000+00:00,27.8,34.2,48.0,1016.9,0,355,1.6
1276,9832,2025-12-05 10:08:56.112000+00:00,27.8,33.6,49.0,1016.9,0,287,1.8
1276,9832,2025-12-05 10:09:55.440000+00:00,27.8,33.4,49.0,1016.9,0,282,1.6
1276,9832,2025-12-05 10:10:55.463000+00:00,27.8,33.6,50.0,1016.9,0,284,1.9
1276,9832,2025-12-05 10:11:55.466000+00:00,27.8,33.7,49.0,1016.9,0,289,2.1
1276,9832,2025-12-05 10:12:55.986000+00:00,27.7,33.9,50.0,1016.9,0,278,1.9
1276,9832,2025-12-05 10:13:55.528000+00:00,27.6,33.9,49.0,1017.0,0,356,1.6
1276,9832,2025-12-05 10:14:55.506000+00:00,27.5,34.0,49.0,1016.8,0,284,1.0
1276,9832,2025-12-05 10:15:55.696000+00:00,27.5,34.3,49.0,1017.0,0,4,1.5
1276,9832,2025-12-05 10:16:55.516000+00:00,27.6,34.2,48.0,1017.0,0,282,1.4
1276,9832,2025-12-05 10:17:55.870000+00:00,27.5,34.1,48.0,1016.9,0,310,1.0
1276,9832,2025-12-05 10:18:55.985000+00:00,27.5,35.1,49.0,1016.9,0,276,1.1
1276,9832,2025-12-05 10:19:56.098000+00:00,27.6,35.2,49.0,1016.9,0,270,1.1
1276,9832,2025-12-05 10:20:56.193000+00:00,27.7,35.7,48.0,1016.8,0,265,1.0
1276,9832,2025-12-05 10:21:55.803000+00:00,27.8,35.7,48.0,1016.8,0,306,1.3
1276,9832,2025-12-05 10:22:55.515000+00:00,28.0,36.2,48.0,1016.8,0,281,1.7
1276,9832,2025-12-05 10:23:55.511000+00:00,28.1,36.3,46.0,1016.8,0,285,2.2
1276,9832,2025-12-05 10:24:55.523000+00:00,28.3,36.2,46.0,1016.7,0,267,1.7
1276,9832,2025-12-05 10:25:55.760000+00:00,28.3,36.2,45.0,1016.8,0,296,1.8
1276,9832,2025-12-05 10:26:55.529000+00:00,28.4,36.4,45.0,1016.7,0,299,1.8
1276,9832,2025-12-05 10:27:55.520000+00:00,28.4,36.4,45.0,1016.7,0,280,1.7
1276,9832,2025-12-05 10:28:56.143000+00:00,28.3,35.9,46.0,1016.7,0,251,1.8
1276,9832,2025-12-05 10:29:55.735000+00:00,28.3,35.6,46.0,1016.7,0,266,1.6
1276,9832,2025-12-05 10:30:56.300000+00:00,28.3,35.7,50.0,1016.8,0,268,1.6
1276,9832,2025-12-05 10:31:55.528000+00:00,28.3,35.5,50.0,1016.8,0,269,1.5
1276,9832,2025-12-05 10:32:55.537000+00:00,28.3,34.7,51.0,1016.8,0,277,2.3
1276,9832,2025-12-05 10:33:55.559000+00:00,28.2,34.5,51.0,1016.8,0,284,1.6
1276,9832,2025-12-05 10:34:55.577000+00:00,28.1,33.8,52.0,1016.8,0,258,1.7
1276,9832,2025-12-05 10:35:55.595000+00:00,27.9,33.6,53.0,1016.9,0,255,1.6
1276,9832,2025-12-05 10:36:55.606000+00:00,27.8,33.6,54.0,1016.7,0,249,2.1
1276,9833,2025-12-05 12:46:56.165000+00:00,25.8,30.9,62.0,1017.4,0,16,2.3
1276,9833,2025-12-05 12:47:56.176000+00:00,25.8,30.9,62.0,1017.4,0,346,2.2
1276,9833,2025-12-05 12:48:56.159000+00:00,25.8,31.1,61.0,1017.3,0,322,1.7
1276,9833,2025-12-05 12:49:56.160000+00:00,25.8,31.1,61.0,1017.4,0,333,1.9
1276,9833,2025-12-05 12:50:56.162000+00:00,25.8,31.1,61.0,1017.4,0,324,2.0
1276,9833,2025-12-05 12:51:56.163000+00:00,25.8,30.8,62.0,1017.4,0,14,1.7
1276,9833,2025-12-05 12:52:56.748000+00:00,25.7,30.7,62.0,1017.4,0,348,2.4
1276,9833,2025-12-05 12:53:56.826000+00:00,25.7,30.7,62.0,1017.4,0,322,3.2
1276,9833,2025-12-05 12:54:56.166000+00:00,25.6,30.7,62.0,1017.5,0,297,2.3
1276,9833,2025-12-05 12:55:56.165000+00:00,25.6,30.7,62.0,1017.5,0,316,1.1
1276,9833,2025-12-05 12:56:56.156000+00:00,25.6,30.9,62.0,1017.5,0,339,1.5
1276,9833,2025-12-05 12:57:56.164000+00:00,25.6,30.9,62.0,1017.5,0,297,1.9
1276,9833,2025-12-05 12:58:56.679000+00:00,25.6,30.7,61.0,1017.5,0,350,2.2
1276,9833,2025-12-05 12:59:56.240000+00:00,25.6,30.7,61.0,1017.5,0,341,1.6
1276,9833,2025-12-05 13:00:56.181000+00:00,25.6,30.4,61.0,1017.6,0,299,2.2
1276,9833,2025-12-05 13:01:56.174000+00:00,25.6,30.6,61.0,1017.5,0,315,2.3
1276,9833,2025-12-05 13:02:56.187000+00:00,25.6,30.6,60.0,1017.4,0,336,1.5
1276,9833,2025-12-05 13:03:56.191000+00:00,25.6,30.7,60.0,1017.5,0,334,2.2
1276,9833,2025-12-05 13:04:56.210000+00:00,25.6,30.5,60.0,1017.5,0,320,1.6
1276,9833,2025-12-05 13:05:56.212000+00:00,25.6,30.4,59.0,1017.5,0,289,1.7
1276,9833,2025-12-05 13:06:56.209000+00:00,25.6,30.4,59.0,1017.5,0,25,1.4
1276,9833,2025-12-05 13:07:56.302000+00:00,25.6,30.4,60.0,1017.5,0,332,1.1
1276,9833,2025-12-05 13:08:56.210000+00:00,25.6,30.4,59.0,1017.5,0,288,1.2
1276,9833,2025-12-05 13:09:56.238000+00:00,25.6,30.4,59.0,1017.5,0,332,1.8
1276,9833,2025-12-05 13:10:56.233000+00:00,25.6,30.3,58.0,1017.4,0,292,1.9
1276,9833,2025-12-05 13:11:56.230000+00:00,25.6,30.2,58.0,1017.3,0,354,2.1
1276,9833,2025-12-05 13:12:56.259000+00:00,25.6,29.8,58.0,1017.4,0,333,2.0
1276,9833,2025-12-05 13:13:56.277000+00:00,25.6,29.9,58.0,1017.4,0,351,1.8
1276,9833,2025-12-05 13:14:56.287000+00:00,25.6,29.9,58.0,1017.5,0,302,1.6
1276,9833,2025-12-05 13:15:56.285000+00:00,25.6,30.0,58.0,1017.5,0,300,1.6
1276,9833,2025-12-05 13:16:56.302000+00:00,25.6,30.0,58.0,1017.5,0,309,2.0
1276,9833,2025-12-05 13:17:56.305000+00:00,25.6,30.0,57.0,1017.5,0,328,1.6
1276,9833,2025-12-05 13:18:56.299000+00:00,25.5,29.9,58.0,1017.5,0,316,2.0
1276,9833,2025-12-05 13:19:56.734000+00:00,25.5,29.8,57.0,1017.5,0,347,1.8
1276,9833,2025-12-05 13:20:56.310000+00:00,25.6,29.8,57.0,1017.4,0,358,2.2
1276,9833,2025-12-05 13:21:56.315000+00:00,25.6,29.7,57.0,1017.4,0,312,1.5
1276,9833,2025-12-05 13:22:56.315000+00:00,25.5,29.7,56.0,1017.4,0,342,1.5
1276,9833,2025-12-05 13:23:56.315000+00:00,25.5,29.5,57.0,1017.4,0,8,2.1
1276,9833,2025-12-05 13:24:56.315000+00:00,25.5,29.5,57.0,1017.4,0,327,1.9
1276,9833,2025-12-05 13:25:56.315000+00:00,25.5,29.5,57.0,1017.5,0,8,1.8
1276,9833,2025-12-05 13:26:56.312000+00:00,25.5,29.4,57.0,1017.5,0,305,1.2
1276,9833,2025-12-05 13:27:56.316000+00:00,25.5,29.4,57.0,1017.5,0,12,1.2
1276,9833,2025-12-05 13:28:56.334000+00:00,25.5,29.5,57.0,1017.5,0,3,1.1
1276,9833,2025-12-05 13:29:56.308000+00:00,25.5,29.5,57.0,1017.5,0,345,0.7
1276,9833,2025-12-05 13:30:56.314000+00:00,25.5,29.6,57.0,1017.3,0,328,1.0
1276,9833,2025-12-05 13:31:56.313000+00:00,25.5,29.5,57.0,1017.5,0,6,1.3
1276,9833,2025-12-05 13:32:56.323000+00:00,25.5,29.2,57.0,1017.6,0,296,1.3
1276,9833,2025-12-05 13:33:56.307000+00:00,25.5,29.4,56.0,1017.5,0,309,1.5
1276,9833,2025-12-05 13:34:56.326000+00:00,25.5,29.4,55.0,1017.6,0,341,1.2
1276,9833,2025-12-05 13:35:56.320000+00:00,25.4,29.4,55.0,1017.5,0,344,1.4
1276,9833,2025-12-05 13:36:56.341000+00:00,25.4,29.3,53.0,1017.5,0,6,1.7
1276,9833,2025-12-05 13:37:56.351000+00:00,25.5,29.2,53.0,1017.6,0,16,1.7
1276,9833,2025-12-05 13:38:56.356000+00:00,25.5,29.2,53.0,1017.5,0,336,1.5
1276,9833,2025-12-05 13:39:56.377000+00:00,25.5,29.2,52.0,1017.5,0,359,1.5
1276,9833,2025-12-05 13:40:56.405000+00:00,25.5,29.1,52.0,1017.6,0,6,1.5
1276,9833,2025-12-05 13:41:56.409000+00:00,25.5,29.1,52.0,1017.6,0,46,1.1
1276,9833,2025-12-05 13:42:56.426000+00:00,25.5,29.1,52.0,1017.5,0,23,0.9
1276,9833,2025-12-05 13:43:56.428000+00:00,25.5,29.1,52.0,1017.6,0,327,1.4
1276,9833,2025-12-05 13:44:56.429000+00:00,25.5,29.0,52.0,1017.5,0,299,1.5
1276,9833,2025-12-05 13:45:56.413000+00:00,25.5,29.0,51.0,1017.6,0,331,1.4
1276,9833,2025-12-05 13:46:56.420000+00:00,25.5,29.0,50.0,1017.6,0,340,1.5
1276,9833,2025-12-05 13:47:56.469000+00:00,25.4,29.0,50.0,1017.5,0,348,1.7
1276,9833,2025-12-05 13:48:56.453000+00:00,25.4,28.9,51.0,1017.5,0,292,1.3
1276,9833,2025-12-05 13:49:56.444000+00:00,25.5,29.1,51.0,1017.5,0,333,0.9
1276,9833,2025-12-05 13:50:56.457000+00:00,25.5,29.1,51.0,1017.5,0,333,0.9
1276,9833,2025-12-05 13:51:56.452000+00:00,25.5,29.2,49.0,1017.6,0,294,1.0
1276,9833,2025-12-05 13:52:56.474000+00:00,25.5,29.0,49.0,1017.6,0,284,2.1
1276,9833,2025-12-05 13:53:56.486000+00:00,25.5,29.0,49.0,1017.6,0,300,1.6
1276,9833,2025-12-05 13:54:56.492000+00:00,25.5,29.0,49.0,1017.6,0,324,1.7
1276,9833,2025-12-05 13:55:56.520000+00:00,25.5,28.7,49.0,1017.6,0,306,1.8
1276,9833,2025-12-05 13:56:56.496000+00:00,25.5,28.7,49.0,1017.7,0,336,1.6
1276,9833,2025-12-05 13:57:56.877000+00:00,25.5,28.8,49.0,1017.7,0,297,1.7
1276,9833,2025-12-05 13:58:56.502000+00:00,25.5,28.8,49.0,1017.7,0,298,1.9
1276,9833,2025-12-05 13:59:56.521000+00:00,25.5,28.6,49.0,1017.6,0,311,1.9
1276,9833,2025-12-05 14:00:56.535000+00:00,25.5,28.6,49.0,1017.7,0,334,1.4
1276,9833,2025-12-05 14:01:56.521000+00:00,25.5,28.6,49.0,1017.6,0,335,1.3
1276,9833,2025-12-05 14:02:56.522000+00:00,25.5,28.5,49.0,1017.8,0,313,1.6
1276,9833,2025-12-05 14:03:56.566000+00:00,25.5,28.6,49.0,1017.6,0,321,1.9
1276,9833,2025-12-05 14:04:56.530000+00:00,25.4,28.4,49.0,1017.7,0,305,1.0
1276,9833,2025-12-05 14:05:56.703000+00:00,25.4,28.4,50.0,1017.7,0,312,1.2
1276,9834,2025-12-06 10:15:01.142000+00:00,27.5,39.2,63.0,1017.0,0,294,3.0
1276,9834,2025-12-06 10:16:01.144000+00:00,27.4,39.3,62.0,1016.9,0,22,2.1
1276,9834,2025-12-06 10:17:01.164000+00:00,27.3,39.3,62.0,1017.0,0,320,2.1
1276,9834,2025-12-06 10:18:01.176000+00:00,27.3,39.0,63.0,1016.9,0,290,2.1
1276,9834,2025-12-06 10:19:01.182000+00:00,27.3,38.7,64.0,1016.9,0,289,2.5
1276,9834,2025-12-06 10:20:01.195000+00:00,27.3,39.3,63.0,1016.8,0,344,2.6
1276,9834,2025-12-06 10:21:01.216000+00:00,27.4,39.3,63.0,1016.9,0,335,2.3
1276,9834,2025-12-06 10:22:01.207000+00:00,27.3,39.0,64.0,1016.8,0,351,2.7
1276,9834,2025-12-06 10:23:01.215000+00:00,27.3,39.0,64.0,1016.8,0,353,2.2
1276,9834,2025-12-06 10:24:01.196000+00:00,27.3,38.8,65.0,1016.8,0,350,1.9
1276,9834,2025-12-06 10:25:01.215000+00:00,27.4,38.9,65.0,1016.8,0,333,2.4
1276,9834,2025-12-06 10:26:01.216000+00:00,27.4,39.0,64.0,1016.7,0,348,1.9
1276,9834,2025-12-06 10:27:01.217000+00:00,27.4,39.2,64.0,1016.8,0,17,2.2
1276,9834,2025-12-06 10:28:01.247000+00:00,27.3,38.9,64.0,1016.7,0,309,2.1
1276,9834,2025-12-06 10:29:01.248000+00:00,27.3,38.9,64.0,1016.7,0,4,3.1
1276,9834,2025-12-06 10:30:01.535000+00:00,27.2,39.1,63.0,1016.8,0,12,1.9
1276,9834,2025-12-06 10:31:01.249000+00:00,27.3,39.0,64.0,1016.8,0,299,1.9
1276,9834,2025-12-06 10:32:01.248000+00:00,27.3,38.8,64.0,1016.9,0,287,2.1
1276,9834,2025-12-06 10:33:01.252000+00:00,27.3,38.5,65.0,1016.9,0,283,1.8
1276,9834,2025-12-06 10:34:01.256000+00:00,27.2,38.7,65.0,1016.9,0,332,2.2
1276,9834,2025-12-06 10:35:01.250000+00:00,27.2,38.7,64.0,1016.8,0,290,2.1
1276,9834,2025-12-06 10:36:01.252000+00:00,27.2,38.1,64.0,1016.8,0,291,2.1
1276,9834,2025-12-06 10:37:01.253000+00:00,27.1,37.8,64.0,1016.8,0,288,1.9
1276,9834,2025-12-06 10:38:01.251000+00:00,27.2,37.8,65.0,1016.7,0,12,2.3
1276,9834,2025-12-06 10:39:01.250000+00:00,27.2,37.7,65.0,1016.8,0,300,2.1
1276,9834,2025-12-06 10:40:01.251000+00:00,27.2,37.7,65.0,1016.6,0,324,2.0
1276,9834,2025-12-06 10:41:01.254000+00:00,27.2,37.9,66.0,1016.7,0,18,1.8
1276,9834,2025-12-06 10:42:01.256000+00:00,27.2,37.9,65.0,1016.6,0,329,1.4
1276,9834,2025-12-06 10:43:01.256000+00:00,27.2,37.8,65.0,1016.6,0,299,2.8
1276,9834,2025-12-06 10:44:01.265000+00:00,27.1,37.7,65.0,1016.7,0,301,2.1
1276,9834,2025-12-06 10:45:01.261000+00:00,27.1,37.7,66.0,1016.8,0,314,1.7
1276,9834,2025-12-06 10:46:01.265000+00:00,27.0,38.2,65.0,1016.7,0,301,2.3
1276,9834,2025-12-06 10:47:01.275000+00:00,27.1,38.2,66.0,1016.7,0,334,2.6
1276,9834,2025-12-06 10:48:01.266000+00:00,27.1,37.9,66.0,1016.7,0,294,2.7
1276,9834,2025-12-06 10:49:01.257000+00:00,27.1,38.8,65.0,1016.7,0,288,2.3
1276,9834,2025-12-06 10:50:01.273000+00:00,27.2,38.6,65.0,1016.6,0,56,2.2
1276,9834,2025-12-06 10:51:01.274000+00:00,27.2,37.9,65.0,1016.8,0,337,1.8
1276,9834,2025-12-06 10:52:01.270000+00:00,27.2,37.9,65.0,1016.7,0,342,2.4
1276,9834,2025-12-06 10:53:01.354000+00:00,27.2,37.9,65.0,1016.6,0,311,3.2
1276,9834,2025-12-06 10:54:01.275000+00:00,27.1,38.0,65.0,1016.7,0,22,2.3
1276,9834,2025-12-06 10:55:01.274000+00:00,27.2,37.7,66.0,1016.7,0,319,2.9
1276,9834,2025-12-06 10:56:01.274000+00:00,27.1,37.7,66.0,1016.7,0,295,3.0
1276,9834,2025-12-06 10:57:01.275000+00:00,27.1,37.7,66.0,1016.7,0,332,2.2
1276,9834,2025-12-06 10:58:01.275000+00:00,27.1,37.5,66.0,1016.6,0,287,2.9
1276,9834,2025-12-06 10:59:01.278000+00:00,27.1,37.5,65.0,1016.7,0,285,2.9
1276,9834,2025-12-06 11:00:01.278000+00:00,27.1,37.7,65.0,1016.6,0,327,3.0
1276,9834,2025-12-06 11:01:01.282000+00:00,27.1,37.7,65.0,1016.7,0,331,1.6
1276,9834,2025-12-06 11:02:01.284000+00:00,27.1,37.8,64.0,1016.6,0,302,2.2
1276,9834,2025-12-06 11:03:01.301000+00:00,27.1,37.7,64.0,1016.6,0,9,2.2
1276,9834,2025-12-06 11:04:01.289000+00:00,27.0,37.7,64.0,1016.6,0,289,2.6
1276,9834,2025-12-06 11:05:01.308000+00:00,27.0,37.4,64.0,1016.7,0,350,2.6
1276,9834,2025-12-06 11:06:01.295000+00:00,27.0,37.4,65.0,1016.6,0,302,2.7
1276,9834,2025-12-06 11:07:01.295000+00:00,26.9,37.4,64.0,1016.6,0,306,1.8
1276,9834,2025-12-06 11:08:01.640000+00:00,27.0,37.3,64.0,1016.5,0,357,2.5
1276,9834,2025-12-06 11:09:01.318000+00:00,27.0,37.3,65.0,1016.6,0,329,2.8
1276,9834,2025-12-06 11:10:01.329000+00:00,27.0,37.3,65.0,1016.6,0,354,2.3
1276,9834,2025-12-06 11:11:01.328000+00:00,26.9,37.3,65.0,1016.6,0,354,2.3
1276,9834,2025-12-06 11:12:01.330000+00:00,26.9,37.3,65.0,1016.6,0,354,2.3
1276,9834,2025-12-06 11:13:01.348000+00:00,26.8,37.0,66.0,1016.6,0,289,2.0
1276,9834,2025-12-06 11:14:01.348000+00:00,26.8,37.8,65.0,1016.6,0,296,2.0
1276,9834,2025-12-06 11:15:01.359000+00:00,26.9,37.2,65.0,1016.6,0,284,2.3
1276,9834,2025-12-06 11:16:01.387000+00:00,27.0,36.8,64.0,1016.5,0,332,2.2
1276,9834,2025-12-06 11:17:01.387000+00:00,27.0,36.7,64.0,1016.6,0,285,2.4
1276,9834,2025-12-06 11:18:01.388000+00:00,27.0,36.8,65.0,1016.5,0,335,2.8
1276,9834,2025-12-06 11:19:01.392000+00:00,27.0,36.7,64.0,1016.6,0,316,2.6
1276,9834,2025-12-06 11:20:01.406000+00:00,27.0,37.0,65.0,1016.6,0,287,2.8
1276,9834,2025-12-06 11:21:01.395000+00:00,26.9,36.8,65.0,1016.6,0,292,2.5
1276,9834,2025-12-06 11:22:01.395000+00:00,26.9,36.7,65.0,1016.7,0,333,2.2
1276,9834,2025-12-06 11:23:01.398000+00:00,27.0,36.7,65.0,1016.6,0,315,1.8
1276,9834,2025-12-06 11:24:01.394000+00:00,27.0,36.7,65.0,1016.6,0,281,2.3
1276,9834,2025-12-06 11:25:01.420000+00:00,27.0,36.5,65.0,1016.6,0,334,2.7
1276,9834,2025-12-06 11:26:01.431000+00:00,27.0,36.7,64.0,1016.5,0,282,2.1
1276,9834,2025-12-06 11:27:01.427000+00:00,27.0,36.5,64.0,1016.5,0,306,2.4
1276,9834,2025-12-06 11:28:01.431000+00:00,27.0,36.3,65.0,1016.5,0,346,2.0
1276,9834,2025-12-06 11:29:01.632000+00:00,27.0,36.3,65.0,1016.6,0,349,2.8
1276,9834,2025-12-06 11:30:01.433000+00:00,26.9,36.3,65.0,1016.5,0,330,2.1
1276,9834,2025-12-06 11:31:01.433000+00:00,26.9,36.2,65.0,1016.4,0,54,2.0
1276,9834,2025-12-06 11:32:01.432000+00:00,26.9,36.2,65.0,1016.5,0,296,1.7
1276,9834,2025-12-06 11:33:01.436000+00:00,27.0,36.0,65.0,1016.5,0,284,2.2
1276,9834,2025-12-06 11:34:01.438000+00:00,26.9,36.0,64.0,1016.5,0,302,1.7
1276,9834,2025-12-06 11:35:01.442000+00:00,26.9,36.4,65.0,1016.5,0,356,2.1
1276,9834,2025-12-06 11:36:01.434000+00:00,26.8,36.2,65.0,1016.4,0,311,1.7
1276,9835,2025-12-06 13:47:02.017000+00:00,25.2,29.8,75.0,1016.9,0,342,1.4
1276,9835,2025-12-06 13:48:02.036000+00:00,25.2,29.9,75.0,1017.0,0,288,1.0
1276,9835,2025-12-06 13:49:02.023000+00:00,25.2,29.9,75.0,1017.0,0,353,1.1
1276,9835,2025-12-06 13:50:02.033000+00:00,25.2,29.9,75.0,1017.0,0,287,1.1
1276,9835,2025-12-06 13:51:02.029000+00:00,25.2,29.9,75.0,1017.0,0,283,1.1
1276,9835,2025-12-06 13:52:02.033000+00:00,25.2,29.9,75.0,1017.1,0,324,1.4
1276,9835,2025-12-06 13:53:02.030000+00:00,25.2,29.8,75.0,1017.1,0,350,1.9
1276,9835,2025-12-06 13:54:02.040000+00:00,25.2,29.7,75.0,1017.0,0,285,1.3
1276,9835,2025-12-06 13:55:02.040000+00:00,25.2,29.8,75.0,1017.1,0,306,1.7
1276,9835,2025-12-06 13:56:02.047000+00:00,25.2,29.6,76.0,1017.0,0,290,1.6
1276,9835,2025-12-06 13:57:02.040000+00:00,25.2,29.7,75.0,1017.1,0,327,1.6
1276,9835,2025-12-06 13:58:02.040000+00:00,25.2,29.6,76.0,1017.1,0,313,1.1
1276,9835,2025-12-06 13:59:02.041000+00:00,25.2,29.7,76.0,1017.1,0,299,1.6
1276,9835,2025-12-06 14:00:02.035000+00:00,25.2,29.7,76.0,1017.1,0,31,0.8
1276,9835,2025-12-06 14:01:02.043000+00:00,25.2,29.7,76.0,1017.1,0,279,1.0
1276,9835,2025-12-06 14:02:02.047000+00:00,25.2,29.7,76.0,1017.1,0,275,1.1
1276,9835,2025-12-06 14:03:02.045000+00:00,25.2,29.6,76.0,1017.1,0,279,1.6
1276,9835,2025-12-06 14:04:02.041000+00:00,25.1,29.4,76.0,1017.0,0,281,1.6
1276,9835,2025-12-06 14:05:02.041000+00:00,25.2,29.5,76.0,1017.1,0,291,1.6
1276,9835,2025-12-06 14:06:02.068000+00:00,25.2,29.5,76.0,1017.1,0,280,1.3
1276,9835,2025-12-06 14:07:02.091000+00:00,25.2,29.3,76.0,1017.1,0,281,1.2
1276,9835,2025-12-06 14:08:02.083000+00:00,25.2,29.3,77.0,1017.1,0,269,1.8
1276,9835,2025-12-06 14:09:02.076000+00:00,25.2,29.3,77.0,1017.1,0,271,1.6
1276,9835,2025-12-06 14:10:02.087000+00:00,25.2,29.4,77.0,1017.2,0,289,1.3
1276,9835,2025-12-06 14:11:02.088000+00:00,25.2,29.5,77.0,1017.1,0,295,1.5
1276,9835,2025-12-06 14:12:02.077000+00:00,25.2,29.4,76.0,1017.1,0,349,1.2
1276,9835,2025-12-06 14:13:02.073000+00:00,25.2,29.4,76.0,1017.1,0,356,0.7
1276,9835,2025-12-06 14:14:02.091000+00:00,25.2,29.2,77.0,1017.2,0,355,1.0
1276,9835,2025-12-06 14:15:02.091000+00:00,25.2,29.1,77.0,1017.1,0,315,0.8
1276,9835,2025-12-06 14:16:02.090000+00:00,25.1,29.0,77.0,1017.1,0,359,0.7
1276,9835,2025-12-06 14:17:02.092000+00:00,25.1,29.1,77.0,1017.1,0,295,0.9
1276,9835,2025-12-06 14:18:02.091000+00:00,25.1,29.3,77.0,1017.2,0,281,1.1
1276,9835,2025-12-06 14:19:02.094000+00:00,25.2,29.3,77.0,1017.1,0,306,1.2
1276,9835,2025-12-06 14:20:02.093000+00:00,25.2,29.5,76.0,1017.2,0,289,1.6
1276,9835,2025-12-06 14:21:02.093000+00:00,25.1,29.5,76.0,1017.2,0,285,1.5
1276,9835,2025-12-06 14:22:02.095000+00:00,25.2,29.2,76.0,1017.2,0,311,0.5
1276,9835,2025-12-06 14:23:02.093000+00:00,25.2,29.0,76.0,1017.2,0,290,1.1
1276,9835,2025-12-06 14:24:02.114000+00:00,25.2,28.9,77.0,1017.1,0,305,0.9
1276,9835,2025-12-06 14:25:02.132000+00:00,25.1,28.7,77.0,1017.2,0,285,0.9
1276,9835,2025-12-06 14:26:02.146000+00:00,25.1,28.6,77.0,1017.3,0,291,1.2
1276,9835,2025-12-06 14:27:02.163000+00:00,25.0,28.6,77.0,1017.2,0,287,1.2
1276,9835,2025-12-06 14:28:02.183000+00:00,25.0,28.7,78.0,1017.2,0,290,1.1
1276,9835,2025-12-06 14:29:02.211000+00:00,25.0,28.7,78.0,1017.2,0,289,1.0
1276,9835,2025-12-06 14:30:02.211000+00:00,25.0,28.7,78.0,1017.2,0,282,1.0
1276,9835,2025-12-06 14:31:02.241000+00:00,25.0,28.8,78.0,1017.3,0,284,1.5
1276,9835,2025-12-06 14:32:02.239000+00:00,25.0,28.8,78.0,1017.2,0,285,1.5
1276,9835,2025-12-06 14:33:02.231000+00:00,25.0,28.9,77.0,1017.2,0,278,1.1
1276,9835,2025-12-06 14:34:02.233000+00:00,25.0,29.0,77.0,1017.2,0,273,1.2
1276,9835,2025-12-06 14:35:02.237000+00:00,25.1,28.9,77.0,1017.2,0,290,1.0
1276,9835,2025-12-06 14:36:02.235000+00:00,25.1,28.9,77.0,1017.2,0,0,1.0
1276,9835,2025-12-06 14:37:02.232000+00:00,25.0,28.9,77.0,1017.2,0,280,0.5
1276,9835,2025-12-06 14:38:02.245000+00:00,25.0,28.9,77.0,1017.2,0,303,1.1
1276,9835,2025-12-06 14:39:02.240000+00:00,25.0,28.9,77.0,1017.3,0,292,0.9
1276,9835,2025-12-06 14:40:02.235000+00:00,25.0,28.9,77.0,1017.3,0,282,1.5
1276,9835,2025-12-06 14:41:02.242000+00:00,25.0,29.1,77.0,1017.3,0,285,1.4
1276,9835,2025-12-06 14:42:02.245000+00:00,25.0,29.1,77.0,1017.4,0,281,1.5
1276,9835,2025-12-06 14:43:02.233000+00:00,25.1,29.0,76.0,1017.4,0,289,1.1
1276,9835,2025-12-06 14:44:02.238000+00:00,25.1,28.9,76.0,1017.3,0,38,1.4
1276,9835,2025-12-06 14:45:02.248000+00:00,25.1,28.8,77.0,1017.3,0,282,0.9
1276,9835,2025-12-06 14:46:02.925000+00:00,25.0,28.8,77.0,1017.3,0,279,0.7
1276,9835,2025-12-06 14:47:02.233000+00:00,25.0,28.7,77.0,1017.4,0,277,1.3
1276,9835,2025-12-06 14:48:02.249000+00:00,25.0,28.5,77.0,1017.3,0,284,1.3
1276,9835,2025-12-06 14:49:02.248000+00:00,25.0,28.5,77.0,1017.3,0,283,0.9
1276,9835,2025-12-06 14:50:02.248000+00:00,25.0,28.5,78.0,1017.3,0,285,0.9
1276,9835,2025-12-06 14:51:02.260000+00:00,25.0,28.5,78.0,1017.4,0,276,1.0
1276,9835,2025-12-06 14:52:02.283000+00:00,24.9,28.5,78.0,1017.4,0,283,0.8
1276,9835,2025-12-06 14:53:02.286000+00:00,24.9,28.6,78.0,1017.4,0,276,1.1
1276,9835,2025-12-06 14:54:02.281000+00:00,25.0,28.7,78.0,1017.3,0,254,0.8
1276,9835,2025-12-06 14:55:02.294000+00:00,25.0,28.6,78.0,1017.3,0,269,0.7
1276,9835,2025-12-06 14:56:02.295000+00:00,25.0,28.6,78.0,1017.3,0,269,0.7
1276,9835,2025-12-06 14:57:02.291000+00:00,25.0,28.6,78.0,1017.4,0,294,0.8
1276,9835,2025-12-06 14:58:02.299000+00:00,25.0,28.5,78.0,1017.4,0,287,0.9
1276,9835,2025-12-06 14:59:02.303000+00:00,24.9,28.5,78.0,1017.4,0,311,1.0
1276,9835,2025-12-06 15:00:02.288000+00:00,24.9,28.5,78.0,1017.4,0,311,1.0
1276,9835,2025-12-06 15:01:02.296000+00:00,25.0,28.6,78.0,1017.4,0,286,0.6
1276,9835,2025-12-06 15:02:02.317000+00:00,25.0,28.8,77.0,1017.5,0,278,0.9
1276,9835,2025-12-06 15:03:02.321000+00:00,25.0,28.7,77.0,1017.4,0,18,1.3
1276,9839,2025-12-07 12:06:07.170000+00:00,27.4,34.6,55.0,1016.4,0,67,3.0
1276,9839,2025-12-07 12:07:07.186000+00:00,27.4,34.4,54.0,1016.4,0,290,2.4
1276,9839,2025-12-07 12:08:07.193000+00:00,27.5,34.4,54.0,1016.3,0,286,1.4
1276,9839,2025-12-07 12:09:07.206000+00:00,27.5,34.2,54.0,1016.5,0,350,2.6
1276,9839,2025-12-07 12:10:07.226000+00:00,27.5,34.0,55.0,1016.4,0,327,3.2
1276,9839,2025-12-07 12:11:07.229000+00:00,27.5,34.2,54.0,1016.4,0,299,2.2
1276,9839,2025-12-07 12:12:07.244000+00:00,27.4,34.4,55.0,1016.3,0,166,1.6
1276,9839,2025-12-07 12:13:07.264000+00:00,27.4,34.5,54.0,1016.5,0,340,0.7
1276,9839,2025-12-07 12:14:07.269000+00:00,27.4,34.5,54.0,1016.5,0,320,1.1
1276,9839,2025-12-07 12:15:07.284000+00:00,27.5,34.3,54.0,1016.5,0,308,2.0
1276,9839,2025-12-07 12:16:07.283000+00:00,27.5,34.1,53.0,1016.3,0,302,1.4
1276,9839,2025-12-07 12:17:07.285000+00:00,27.4,34.1,54.0,1016.4,0,340,1.7
1276,9839,2025-12-07 12:18:07.286000+00:00,27.4,34.3,54.0,1016.3,0,318,2.2
1276,9839,2025-12-07 12:19:07.284000+00:00,27.4,34.0,54.0,1016.4,0,306,2.1
1276,9839,2025-12-07 12:20:07.285000+00:00,27.4,33.8,54.0,1016.4,0,296,2.5
1276,9839,2025-12-07 12:21:07.297000+00:00,27.4,34.0,54.0,1016.4,0,103,2.0
1276,9839,2025-12-07 12:22:07.298000+00:00,27.4,34.0,55.0,1016.4,0,90,1.3
1276,9839,2025-12-07 12:23:07.318000+00:00,27.4,33.8,54.0,1016.4,0,102,1.4
1276,9839,2025-12-07 12:24:07.326000+00:00,27.5,33.8,55.0,1016.4,0,304,0.9
1276,9839,2025-12-07 12:25:07.325000+00:00,27.4,33.5,54.0,1016.3,0,224,1.2
1276,9839,2025-12-07 12:26:07.329000+00:00,27.4,33.1,54.0,1016.4,0,345,1.2
1276,9839,2025-12-07 12:27:07.320000+00:00,27.4,32.9,54.0,1016.4,0,89,2.0
1276,9839,2025-12-07 12:28:07.328000+00:00,27.4,32.8,54.0,1016.4,0,333,0.9
1276,9839,2025-12-07 12:29:07.329000+00:00,27.4,32.8,55.0,1016.4,0,199,1.5
1276,9839,2025-12-07 12:30:07.331000+00:00,27.4,32.7,55.0,1016.2,0,348,0.3
1276,9839,2025-12-07 12:31:07.330000+00:00,27.4,32.4,55.0,1016.4,0,67,1.9
1276,9839,2025-12-07 12:32:07.329000+00:00,27.3,32.0,55.0,1016.4,0,342,1.0
1276,9839,2025-12-07 12:33:07.315000+00:00,27.3,32.4,55.0,1016.5,0,86,1.7
1276,9839,2025-12-07 12:34:07.329000+00:00,27.3,32.4,56.0,1016.5,0,295,2.5
1276,9839,2025-12-07 12:35:07.320000+00:00,27.3,32.4,56.0,1016.5,0,296,1.5
1276,9839,2025-12-07 12:36:07.330000+00:00,27.2,32.3,56.0,1016.5,0,170,0.8
1276,9839,2025-12-07 12:37:07.350000+00:00,27.2,32.4,56.0,1016.5,0,333,0.9
1276,9839,2025-12-07 12:38:07.350000+00:00,27.3,32.4,55.0,1016.5,0,347,1.1
1276,9839,2025-12-07 12:39:07.351000+00:00,27.3,31.9,55.0,1016.5,0,125,1.0
1276,9839,2025-12-07 12:40:07.368000+00:00,27.2,31.8,54.0,1016.5,0,0,1.1
1276,9839,2025-12-07 12:41:07.384000+00:00,27.2,31.8,55.0,1016.5,0,348,1.3
1276,9839,2025-12-07 12:42:07.382000+00:00,27.1,31.8,56.0,1016.5,0,299,2.5
1276,9839,2025-12-07 12:43:07.382000+00:00,27.1,31.8,56.0,1016.5,0,25,1.4
1276,9839,2025-12-07 12:44:07.391000+00:00,27.1,32.0,55.0,1016.5,0,85,0.8
1276,9839,2025-12-07 12:45:07.404000+00:00,27.1,32.0,55.0,1016.5,0,101,0.9
1276,9839,2025-12-07 12:46:07.404000+00:00,27.1,32.0,56.0,1016.5,0,0,1.1
1276,9839,2025-12-07 12:47:07.419000+00:00,27.1,31.8,56.0,1016.5,0,97,0.8
1276,9839,2025-12-07 12:48:07.423000+00:00,27.1,31.7,55.0,1016.5,0,101,1.1
1276,9839,2025-12-07 12:49:07.444000+00:00,27.2,31.6,55.0,1016.5,0,161,0.5
1276,9839,2025-12-07 12:50:07.459000+00:00,27.2,31.4,55.0,1016.5,0,107,0.6
1276,9839,2025-12-07 12:51:07.451000+00:00,27.2,31.4,56.0,1016.5,0,62,0.9
1276,9839,2025-12-07 12:52:07.446000+00:00,27.2,31.0,55.0,1016.5,0,114,1.0
1276,9839,2025-12-07 12:53:07.463000+00:00,27.1,31.0,56.0,1016.4,0,351,2.3
1276,9839,2025-12-07 12:54:07.477000+00:00,27.1,30.3,56.0,1016.5,0,336,2.0
1276,9839,2025-12-07 12:55:07.462000+00:00,27.1,30.8,57.0,1016.4,0,352,1.8
1276,9839,2025-12-07 12:56:07.465000+00:00,27.1,30.3,57.0,1016.4,0,286,2.4
1276,9839,2025-12-07 12:57:07.481000+00:00,27.0,31.3,58.0,1016.5,0,326,1.8
1276,9839,2025-12-07 12:58:07.489000+00:00,27.0,31.8,57.0,1016.4,0,0,1.5
1276,9839,2025-12-07 12:59:07.482000+00:00,27.0,31.8,58.0,1016.4,0,336,1.1
1276,9839,2025-12-07 13:00:07.482000+00:00,26.9,31.6,58.0,1016.5,0,0,0.9
1276,9839,2025-12-07 13:01:07.486000+00:00,26.9,31.3,58.0,1016.5,0,68,1.4
1276,9839,2025-12-07 13:02:07.484000+00:00,26.9,31.2,59.0,1016.5,0,292,1.4
1276,9839,2025-12-07 13:03:07.485000+00:00,26.8,31.3,59.0,1016.5,0,10,1.7
1276,9839,2025-12-07 13:04:07.483000+00:00,26.8,31.4,60.0,1016.5,0,328,2.9
1276,9839,2025-12-07 13:05:07.487000+00:00,26.8,31.4,60.0,1016.5,0,310,2.3
1276,9839,2025-12-07 13:06:07.486000+00:00,26.8,31.5,60.0,1016.4,0,299,2.3
1276,9839,2025-12-07 13:07:07.491000+00:00,26.8,31.5,60.0,1016.5,0,306,1.2
1276,9839,2025-12-07 13:08:07.489000+00:00,26.8,31.4,60.0,1016.5,0,308,2.0
1276,9839,2025-12-07 13:09:07.490000+00:00,26.8,31.2,61.0,1016.5,0,337,2.5
1276,9839,2025-12-07 13:10:07.486000+00:00,26.8,31.3,61.0,1016.5,0,284,2.9
1276,9839,2025-12-07 13:11:07.491000+00:00,26.8,31.4,61.0,1016.5,0,310,2.6
1276,9839,2025-12-07 13:12:07.492000+00:00,26.7,31.4,61.0,1016.5,0,284,3.1
1276,9839,2025-12-07 13:13:07.494000+00:00,26.7,31.5,61.0,1016.6,0,304,2.2
1276,9839,2025-12-07 13:14:07.510000+00:00,26.7,31.5,61.0,1016.6,0,288,1.7
1276,9839,2025-12-07 13:15:07.491000+00:00,26.7,31.3,61.0,1016.5,0,310,2.6
1276,9839,2025-12-07 13:16:07.500000+00:00,26.7,31.4,61.0,1016.6,0,308,1.8
1276,9839,2025-12-07 13:17:07.494000+00:00,26.7,31.4,61.0,1016.5,0,278,1.8
1276,9839,2025-12-07 13:18:07.499000+00:00,26.7,31.3,61.0,1016.5,0,298,2.1
1276,9839,2025-12-07 13:19:07.497000+00:00,26.7,31.3,61.0,1016.5,0,275,2.2
1276,9839,2025-12-07 13:20:07.503000+00:00,26.7,31.3,62.0,1016.7,0,290,0.8
1276,9839,2025-12-07 13:21:07.501000+00:00,26.7,31.0,62.0,1016.6,0,356,1.4
1276,9839,2025-12-07 13:22:07.501000+00:00,26.7,31.2,62.0,1016.6,0,329,2.4
1276,9839,2025-12-07 13:23:07.508000+00:00,26.7,31.2,62.0,1016.6,0,291,1.9
1276,9839,2025-12-07 13:24:07.494000+00:00,26.6,31.1,62.0,1016.6,0,102,1.8
1276,9839,2025-12-07 13:25:07.502000+00:00,26.6,31.1,62.0,1016.5,0,0,1.2
1276,9839,2025-12-07 13:26:07.504000+00:00,26.6,30.8,62.0,1016.6,0,294,0.8
1276,9839,2025-12-07 13:27:07.524000+00:00,26.5,30.9,62.0,1016.6,0,11,2.4
1276,9839,2025-12-07 13:28:07.526000+00:00,26.5,30.9,62.0,1016.7,0,327,2.0
1276,9839,2025-12-07 13:29:07.539000+00:00,26.5,30.6,63.0,1016.6,0,295,2.5
1276,9839,2025-12-07 13:30:07.556000+00:00,26.5,30.6,62.0,1016.6,0,299,2.1
1276,9839,2025-12-07 13:31:07.574000+00:00,26.5,30.7,63.0,1016.7,0,307,1.8
1276,9839,2025-12-07 13:32:07.568000+00:00,26.5,30.5,63.0,1016.7,0,282,2.1
1276,9839,2025-12-07 13:33:07.592000+00:00,26.4,30.5,63.0,1016.7,0,332,1.2
1276,9839,2025-12-07 13:34:07.590000+00:00,26.4,30.5,63.0,1016.7,0,329,0.7
1276,9839,2025-12-07 13:35:07.611000+00:00,26.4,30.3,63.0,1016.8,0,273,2.0
1276,9839,2025-12-07 13:36:07.605000+00:00,26.4,30.4,63.0,1016.7,0,0,1.8
1276,9839,2025-12-07 13:37:07.627000+00:00,26.4,30.6,64.0,1016.7,0,316,2.6
1276,9839,2025-12-07 13:38:07.622000+00:00,26.4,30.4,64.0,1016.8,0,334,2.4
1276,9839,2025-12-07 13:39:07.620000+00:00,26.4,30.2,64.0,1016.8,0,320,2.0
1276,9839,2025-12-07 13:40:07.628000+00:00,26.4,30.3,64.0,1016.8,0,302,1.8
1276,9839,2025-12-07 13:41:07.634000+00:00,26.3,30.2,64.0,1016.8,0,7,1.6
1276,9839,2025-12-07 13:42:07.650000+00:00,26.3,30.2,64.0,1016.8,0,48,1.1
1276,9839,2025-12-07 13:43:07.639000+00:00,26.3,30.2,64.0,1016.9,0,291,1.2
1276,9839,2025-12-07 13:44:07.648000+00:00,26.3,30.1,64.0,1016.9,0,18,1.2
1276,9839,2025-12-07 13:45:07.633000+00:00,26.3,30.3,64.0,1016.9,0,317,2.4
1276,9839,2025-12-07 13:46:07.649000+00:00,26.3,30.3,64.0,1016.9,0,298,1.9
1276,9839,2025-12-07 13:47:07.649000+00:00,26.3,29.9,64.0,1016.9,0,290,1.9
1276,9839,2025-12-07 13:48:07.652000+00:00,26.3,30.1,64.0,1017.0,0,303,1.9
1276,9839,2025-12-07 13:49:07.651000+00:00,26.3,30.1,64.0,1016.9,0,310,1.7
1276,9839,2025-12-07 13:50:07.651000+00:00,26.3,29.8,64.0,1017.0,0,298,2.5
1276,9839,2025-12-07 13:51:07.651000+00:00,26.3,29.9,64.0,1016.9,0,286,2.1
1276,9839,2025-12-07 13:52:07.650000+00:00,26.2,30.0,64.0,1016.9,0,334,1.0
1276,9839,2025-12-07 13:53:07.656000+00:00,26.2,30.0,63.0,1017.0,0,307,2.4
1276,9839,2025-12-07 13:54:07.654000+00:00,26.2,30.0,64.0,1016.9,0,323,1.9
1276,9839,2025-12-07 13:55:07.651000+00:00,26.2,30.1,64.0,1017.0,0,291,2.4
1276,9839,2025-12-07 13:56:07.651000+00:00,26.2,29.8,64.0,1017.0,0,303,2.4
1276,9839,2025-12-07 13:57:07.652000+00:00,26.2,29.8,64.0,1017.1,0,326,1.8
1276,9839,2025-12-07 13:58:07.680000+00:00,26.2,29.7,64.0,1017.0,0,229,1.7
1276,9839,2025-12-07 13:59:07.677000+00:00,26.2,29.7,64.0,1017.1,0,303,0.8
1276,9839,2025-12-07 14:00:07.680000+00:00,26.2,29.7,64.0,1017.0,0,358,1.2
1276,9839,2025-12-07 14:01:07.694000+00:00,26.2,29.8,64.0,1017.0,0,302,1.6
1276,9839,2025-12-07 14:02:07.712000+00:00,26.2,29.6,64.0,1017.0,0,334,2.3
1276,9839,2025-12-07 14:03:07.713000+00:00,26.2,29.6,64.0,1017.0,0,325,1.2
1276,9839,2025-12-07 14:04:07.727000+00:00,26.1,29.6,64.0,1017.0,0,322,1.0
1276,9839,2025-12-07 14:05:07.732000+00:00,26.1,29.5,64.0,1017.0,0,78,1.1
1276,9839,2025-12-07 14:06:07.754000+00:00,26.1,29.5,64.0,1017.0,0,13,1.2
1276,9839,2025-12-07 14:07:07.754000+00:00,26.1,29.5,64.0,1017.0,0,286,1.6
1276,9839,2025-12-07 14:08:07.754000+00:00,26.1,29.4,64.0,1017.0,0,0,0.8
1276,9839,2025-12-07 14:09:07.770000+00:00,26.1,29.6,64.0,1017.0,0,337,1.1
1276,9839,2025-12-07 14:10:07.775000+00:00,26.1,29.7,64.0,1017.1,0,112,1.1
1276,9839,2025-12-07 14:11:07.800000+00:00,26.1,29.7,64.0,1017.1,0,0,0.8
1276,9839,2025-12-07 14:12:07.805000+00:00,26.1,29.7,64.0,1017.1,0,295,1.4
1276,9839,2025-12-07 14:13:07.803000+00:00,26.2,29.5,64.0,1017.1,0,290,1.2
1276,9839,2025-12-07 14:14:07.788000+00:00,26.1,29.5,64.0,1017.1,0,104,1.2
1276,9839,2025-12-07 14:15:07.796000+00:00,26.1,29.5,64.0,1017.1,0,101,0.8
1276,9839,2025-12-07 14:16:07.804000+00:00,26.1,29.5,65.0,1017.1,0,261,1.2
1276,9839,2025-12-07 14:17:07.808000+00:00,26.1,29.4,65.0,1017.1,0,85,0.9
1276,9839,2025-12-07 14:18:07.802000+00:00,26.1,29.4,65.0,1017.2,0,339,0.9
1276,9839,2025-12-07 14:19:07.808000+00:00,26.1,29.3,65.0,1017.1,0,140,1.2
1276,9839,2025-12-07 14:20:07.808000+00:00,26.1,29.3,65.0,1017.2,0,238,1.3
1276,9839,2025-12-07 14:21:07.811000+00:00,26.1,29.3,65.0,1017.2,0,134,1.0
1276,9839,2025-12-07 14:22:07.809000+00:00,26.1,29.5,65.0,1017.2,0,115,1.1
1276,9839,2025-12-07 14:23:08.033000+00:00,26.1,29.4,65.0,1017.2,0,125,1.3
1276,9839,2025-12-07 14:24:07.840000+00:00,26.1,29.6,65.0,1017.2,0,356,1.1
1276,9839,2025-12-07 14:25:07.846000+00:00,26.1,29.4,66.0,1017.2,0,287,1.3
1276,9839,2025-12-07 14:26:07.863000+00:00,26.1,29.3,66.0,1017.2,0,107,1.3
1276,9839,2025-12-07 14:27:07.855000+00:00,26.1,29.3,66.0,1017.1,0,166,0.7
1276,9839,2025-12-07 14:28:07.863000+00:00,26.0,29.3,66.0,1017.3,0,298,0.9
1276,9839,2025-12-07 14:29:07.893000+00:00,26.0,29.0,65.0,1017.2,0,93,1.4
1276,9839,2025-12-07 14:30:07.906000+00:00,26.0,29.0,66.0,1017.3,0,0,0.8
1276,9839,2025-12-07 14:31:07.910000+00:00,26.0,28.9,66.0,1017.3,0,104,0.8
1276,9839,2025-12-07 14:32:07.911000+00:00,26.0,28.8,66.0,1017.3,0,94,1.5
1276,9839,2025-12-07 14:33:07.911000+00:00,26.0,29.0,66.0,1017.3,0,107,0.7
1276,9839,2025-12-07 14:34:07.919000+00:00,26.0,28.9,66.0,1017.3,0,74,1.6
1276,9839,2025-12-07 14:35:07.945000+00:00,26.0,28.7,66.0,1017.4,0,88,1.7
1276,9839,2025-12-07 14:36:07.943000+00:00,26.0,28.9,66.0,1017.3,0,128,1.4
1276,9839,2025-12-07 14:37:07.949000+00:00,25.9,28.9,66.0,1017.4,0,101,0.6
1276,9839,2025-12-07 14:38:07.948000+00:00,25.9,29.0,66.0,1017.4,0,104,1.2
1276,9839,2025-12-07 14:39:07.948000+00:00,25.9,28.9,66.0,1017.3,0,84,1.5
